session_name,timestamp,elapsed_time,j1,j2,j3,j4,j5,j6,x,y,z,rx,ry,rz,robot_mode,tooldo1,tooldo2,do1,do2
Session_8,2026-01-26 17:04:28.675,0.000,-87.2843,10.4314,-16.9763,9.8863,90.0591,112.1292,-78.8860,-51.3070,614.9127,81.1883,67.6359,-5.3833,6,0,0,0,0
Session_8,2026-01-26 17:04:28.747,0.072,-87.2841,10.4098,-16.9762,10.2523,90.0275,112.1278,-78.9479,-50.8076,615.2986,80.2942,67.5842,-6.2415,6,0,0,0,0
Session_8,2026-01-26 17:04:28.837,0.162,-87.2840,10.3809,-16.9762,10.4590,90.0385,112.1258,-78.9418,-50.6548,615.5010,79.8332,67.5587,-6.6567,6,0,0,0,0
Session_8,2026-01-26 17:04:28.902,0.227,-87.2840,10.1201,-16.9761,11.0207,90.0227,112.1278,-78.9128,-51.6695,615.8959,79.0584,67.5046,-7.3883,6,0,0,0,0
Session_8,2026-01-26 17:04:28.986,0.311,-87.2840,9.0998,-16.9761,12.5189,89.9409,112.1285,-78.7626,-56.9270,616.6060,77.8365,67.4090,-8.5983,6,0,0,0,0
Session_8,2026-01-26 17:04:29.054,0.379,-87.2840,7.8122,-16.9761,12.3617,90.0419,112.1306,-78.1467,-67.3280,615.1234,81.5635,67.6534,-5.0532,6,0,0,0,0
Session_8,2026-01-26 17:04:29.127,0.452,-87.2840,6.1033,-16.9762,12.2498,90.0405,112.1251,-77.5044,-80.9023,612.8973,86.3482,67.8352,-0.6261,6,0,0,0,0
Session_8,2026-01-26 17:04:29.203,0.528,-87.2840,4.0276,-16.9759,12.3589,89.8716,112.1237,-76.9521,-96.8670,609.9446,91.5647,67.8701,4.0371,6,0,0,0,0
Session_8,2026-01-26 17:04:29.286,0.611,-87.2837,2.3164,-16.9758,12.8368,90.0872,112.1313,-76.1018,-109.2594,607.5755,94.8276,67.7948,7.2747,6,0,0,0,0
Session_8,2026-01-26 17:04:29.349,0.674,-87.2835,1.3864,-16.9760,14.4168,89.9107,112.1278,-76.1045,-113.7140,607.8147,93.1113,67.8445,5.5092,6,0,0,0,0
Session_8,2026-01-26 17:04:29.434,0.759,-87.2826,0.2207,-16.9761,20.1022,89.8702,112.1196,-76.2037,-112.6219,612.2910,81.1747,67.6337,-5.5833,6,0,0,0,0
Session_8,2026-01-26 17:04:29.516,0.841,-87.2813,-0.5273,-16.9759,21.6389,89.9712,112.1210,-75.9360,-115.6274,612.5334,79.1312,67.5128,-7.3702,6,0,0,0,0
Session_8,2026-01-26 17:04:29.591,0.916,-87.2647,-1.4943,-16.9764,18.9123,90.4230,112.1210,-74.7614,-128.0511,607.4261,88.8273,67.8781,2.0719,6,0,0,0,0
Session_8,2026-01-26 17:04:29.655,0.980,-87.2645,-2.9768,-16.9757,21.0416,90.8871,112.1251,-73.8340,-135.6515,606.6436,87.1088,67.8663,0.9444,6,0,0,0,0
Session_8,2026-01-26 17:04:29.719,1.044,-87.2646,-4.3515,-16.9754,22.9697,91.1000,112.1223,-73.2366,-142.7514,605.6490,85.6399,67.8513,-0.2036,6,0,0,0,0
Session_8,2026-01-26 17:04:29.796,1.121,-87.2644,-5.4580,-16.9756,21.4529,91.2895,112.1217,-72.4747,-153.8706,601.0305,92.5998,67.8357,6.4333,6,0,0,0,0
Session_8,2026-01-26 17:04:29.886,1.211,-87.2633,-5.8980,-16.9757,17.5074,91.6411,112.1210,-71.5690,-163.8301,594.6779,103.9127,67.1201,17.2409,6,0,0,0,0
Session_8,2026-01-26 17:04:29.955,1.280,-87.2506,-5.9264,-16.9760,14.5191,91.9542,112.1223,-70.9138,-168.8190,590.3709,111.1228,66.1506,24.1849,6,0,0,0,0
Session_8,2026-01-26 17:04:30.026,1.351,-87.2145,-5.9265,-16.9759,10.3931,92.5591,112.1223,-69.7731,-175.0374,584.1405,119.8801,64.2566,32.7700,6,0,0,0,0
Session_8,2026-01-26 17:04:30.102,1.427,-86.9024,-6.1485,-16.9764,8.7760,92.6594,112.1251,-68.4848,-179.3334,580.9009,123.3937,63.2698,36.3308,6,0,0,0,0
Session_8,2026-01-26 17:04:30.183,1.508,-86.1398,-6.7853,-16.9759,8.3620,93.0391,112.1230,-65.2856,-185.3447,578.2581,125.1845,62.6003,39.0558,6,0,0,0,0
Session_8,2026-01-26 17:04:30.266,1.591,-85.1386,-7.5806,-16.9760,6.0349,92.9910,112.1237,-61.3498,-195.2237,571.7974,130.4220,60.7092,44.6217,6,0,0,0,0
Session_8,2026-01-26 17:04:30.339,1.664,-83.8841,-8.3379,-16.9755,2.9897,93.1297,112.1258,-55.9292,-205.5059,563.9102,135.8936,58.1161,50.7180,6,0,0,0,0
Session_8,2026-01-26 17:04:30.413,1.738,-82.5534,-9.0463,-16.9751,1.2394,93.3172,112.1203,-50.0273,-213.5243,558.2455,138.9549,56.2996,54.7966,6,0,0,0,0
Session_8,2026-01-26 17:04:30.503,1.828,-80.8493,-9.4453,-16.9724,-0.0769,93.1984,112.1210,-43.1417,-219.0117,554.3654,141.0482,55.0573,58.1223,6,0,0,0,0
Session_8,2026-01-26 17:04:30.586,1.910,-78.8968,-9.4493,-16.9377,-3.3426,92.8029,112.1223,-35.5198,-223.5293,548.2469,144.7941,52.6850,62.7517,6,0,0,0,0
Session_8,2026-01-26 17:04:30.660,1.985,-77.1775,-9.4523,-16.9313,-7.5655,92.6738,112.1203,-28.1446,-228.0667,539.9808,148.9013,49.3469,67.5569,6,0,0,0,0
Session_8,2026-01-26 17:04:30.722,2.047,-75.8675,-9.5404,-16.9315,-10.0353,92.4822,112.1230,-22.5594,-231.0459,534.6838,151.2137,47.2989,70.4363,6,0,0,0,0
Session_8,2026-01-26 17:04:30.792,2.117,-74.2979,-10.0641,-16.9295,-12.4461,92.1547,112.1265,-15.2776,-236.4051,527.7430,153.7533,44.9445,73.5766,6,0,0,0,0
Session_8,2026-01-26 17:04:30.857,2.182,-73.3293,-11.0023,-16.9296,-13.8016,91.8890,112.1196,-9.6835,-243.0810,521.2194,155.6339,43.0835,75.6547,6,0,0,0,0
Session_8,2026-01-26 17:04:30.920,2.245,-72.5967,-12.1606,-16.9294,-15.1762,91.4495,112.1223,-4.7600,-250.7561,513.6074,157.7103,41.0514,77.4555,6,0,0,0,0
Session_8,2026-01-26 17:04:30.989,2.313,-72.1034,-13.8989,-16.9288,-15.6480,91.4859,112.1217,0.7043,-260.8789,505.2389,159.1026,39.1156,78.8715,6,0,0,0,0
Session_8,2026-01-26 17:04:31.062,2.387,-72.0750,-16.0123,-16.9147,-14.7773,91.3232,112.1299,4.3699,-272.4512,497.7401,159.9877,38.0936,79.3354,6,0,0,0,0
Session_8,2026-01-26 17:04:31.134,2.459,-72.0748,-18.2270,-16.8387,-13.0408,91.3087,112.1230,8.0617,-283.9184,491.3971,160.2480,37.7476,79.4910,6,0,0,0,0
Session_8,2026-01-26 17:04:31.204,2.529,-72.0748,-21.0717,-16.3468,-11.8350,91.2875,112.1230,12.4772,-297.6521,481.9203,160.9473,36.7445,79.9002,6,0,0,0,0
Session_8,2026-01-26 17:04:31.286,2.611,-72.0745,-24.1267,-15.1533,-12.0012,91.3396,112.1210,16.7773,-310.7358,470.5039,162.0667,34.9308,80.5909,6,0,0,0,0
Session_8,2026-01-26 17:04:31.353,2.678,-72.0749,-26.6697,-13.7151,-12.9906,91.3575,112.1210,19.9329,-320.4262,460.4569,163.1987,33.0586,81.2345,6,0,0,0,0
Session_8,2026-01-26 17:04:31.422,2.747,-72.0745,-29.3323,-11.6992,-15.0114,91.3767,112.1182,22.7884,-329.1717,449.4497,164.5762,30.6613,81.9755,6,0,0,0,0
Session_8,2026-01-26 17:04:31.500,2.825,-72.0748,-32.4405,-8.9148,-16.2165,91.3239,112.1210,25.6197,-338.1382,440.3201,165.3879,29.3029,82.3496,6,0,0,0,0
Session_8,2026-01-26 17:04:31.572,2.897,-72.0744,-35.2423,-5.8793,-18.5463,91.4523,112.1217,27.9053,-344.6901,431.1296,166.2936,27.3612,82.8462,6,0,0,0,0
Session_8,2026-01-26 17:04:31.639,2.964,-72.0748,-37.7431,-3.2018,-21.1672,91.3705,112.1223,29.5839,-350.2078,421.3398,167.5100,25.1727,83.3440,6,0,0,0,0
Session_8,2026-01-26 17:04:31.714,3.039,-72.0748,-41.0480,0.1244,-25.0282,91.6363,112.1182,32.0917,-356.9144,406.3459,168.9907,21.5737,84.0518,6,0,0,0,0
Session_8,2026-01-26 17:04:31.797,3.121,-72.0752,-44.8527,3.8224,-27.8064,91.7352,112.1182,34.7065,-364.6169,391.5652,170.1352,18.8945,84.4853,6,0,0,0,0
Session_8,2026-01-26 17:04:31.886,3.211,-72.0762,-49.1185,8.1182,-30.3545,91.9865,112.1196,37.5047,-372.2985,376.1303,170.9512,16.4877,84.8166,6,0,0,0,0
Session_8,2026-01-26 17:04:31.968,3.293,-72.0761,-53.3101,12.6275,-34.3645,92.4239,112.1162,39.7268,-377.4437,358.4316,172.0387,12.9239,85.2227,6,0,0,0,0
Session_8,2026-01-26 17:04:32.051,3.376,-72.0796,-57.3756,16.6339,-37.2388,92.9773,112.1155,42.0318,-382.4656,341.4691,172.6805,10.0087,85.4766,6,0,0,0,0
Session_8,2026-01-26 17:04:32.133,3.457,-72.0835,-61.6611,20.3283,-37.4462,92.9814,112.1217,44.3946,-389.8413,326.6326,172.9846,9.2683,85.5184,6,0,0,0,0
Session_8,2026-01-26 17:04:32.216,3.540,-72.0836,-66.0295,23.8762,-37.8074,93.0679,112.1114,46.6587,-396.5044,309.8694,173.3614,8.1442,85.6015,6,0,0,0,0
Session_8,2026-01-26 17:04:32.298,3.623,-72.0849,-70.2082,26.7700,-38.3450,93.0185,112.1120,48.4690,-402.3275,291.1183,174.1032,6.4761,85.6861,6,0,0,0,0
Session_8,2026-01-26 17:04:32.369,3.694,-72.0850,-73.6089,28.8962,-36.7005,92.9704,112.1072,50.3778,-408.4241,278.6889,174.0071,6.8371,85.6725,6,0,0,0,0
Session_8,2026-01-26 17:04:32.453,3.778,-72.0873,-77.8286,31.7071,-34.9200,92.9629,112.1120,52.3640,-414.6515,263.1162,173.8716,7.1834,85.6478,6,0,0,0,0
Session_8,2026-01-26 17:04:32.520,3.845,-72.0885,-80.6814,33.7142,-34.6468,92.9759,112.1189,53.2457,-417.3549,251.0562,174.0772,6.6480,85.6665,6,0,0,0,0
Session_8,2026-01-26 17:04:32.594,3.918,-72.0953,-83.3638,35.4316,-34.6461,93.1318,112.1066,54.0290,-419.3258,238.4752,174.3014,5.6982,85.7175,6,0,0,0,0
Session_8,2026-01-26 17:04:32.668,3.993,-72.0958,-85.2620,36.6466,-34.8864,93.2643,112.1127,54.4780,-420.2059,229.0780,174.5285,4.7927,85.7477,6,0,0,0,0
Session_8,2026-01-26 17:04:32.728,4.053,-72.0956,-86.3776,37.2883,-34.5039,93.2877,112.1134,54.8280,-421.1933,224.2403,174.5415,4.6992,85.7508,6,0,0,0,0
Session_8,2026-01-26 17:04:32.807,4.132,-72.0957,-87.4383,37.5583,-33.7212,93.2684,112.1120,55.3018,-422.7377,219.0515,174.5624,4.6992,85.7517,6,0,0,0,0
Session_8,2026-01-26 17:04:32.881,4.206,-72.0947,-88.3421,37.5559,-32.6747,93.1709,112.1134,55.7714,-424.5493,214.3820,174.5993,4.8654,85.7435,6,0,0,0,0
Session_8,2026-01-26 17:04:32.946,4.271,-72.0950,-89.1007,37.5541,-31.9318,93.1778,112.1155,56.1982,-425.8505,210.1941,174.5993,4.8466,85.7419,6,0,0,0,0
Session_8,2026-01-26 17:04:33.021,4.346,-72.0949,-90.3471,37.5519,-30.7926,93.0611,112.1134,56.6938,-427.8437,203.1150,174.7487,4.7892,85.7434,6,0,0,0,0
Session_8,2026-01-26 17:04:33.086,4.411,-72.0955,-91.6101,37.5515,-30.7755,93.2183,112.1182,57.1011,-428.4993,193.7885,175.0741,3.5755,85.7776,6,0,0,0,0
Session_8,2026-01-26 17:04:33.161,4.486,-72.0957,-93.1799,37.5530,-28.1422,93.1311,112.1162,58.0453,-431.7702,187.0245,174.7524,4.5948,85.7479,6,0,0,0,0
Session_8,2026-01-26 17:04:33.222,4.547,-72.0954,-94.1495,37.5525,-25.8941,92.9745,112.1114,58.6585,-434.2781,183.9955,174.4130,5.8373,85.7034,6,0,0,0,0
Session_8,2026-01-26 17:04:33.293,4.618,-72.0953,-94.8227,37.5672,-26.6817,92.3071,112.1093,57.7040,-433.9514,177.4655,175.5779,4.7487,85.7341,6,0,0,0,0
Session_8,2026-01-26 17:04:33.367,4.692,-72.0940,-95.3824,37.5651,-29.7434,92.7637,112.1059,57.2478,-430.7076,167.6334,176.5221,1.2207,85.8219,6,0,0,0,0
Session_8,2026-01-26 17:04:33.436,4.761,-72.0932,-95.8502,37.5645,-30.2941,92.5735,112.1162,56.8400,-430.1762,163.1394,177.0814,0.3472,85.8137,6,0,0,0,0
Session_8,2026-01-26 17:04:33.516,4.841,-72.0892,-96.4184,37.5644,-29.1344,92.7665,112.1539,57.4965,-431.3487,160.9966,176.6797,0.8206,85.7817,6,0,0,0,0
Session_8,2026-01-26 17:04:33.589,4.914,-72.0877,-97.2394,37.5637,-29.3884,91.9405,112.1752,56.4307,-431.2719,154.3646,177.8499,0.1344,85.7504,6,0,0,0,0
Session_8,2026-01-26 17:04:33.664,4.989,-72.0874,-98.3398,37.5592,-29.8842,90.2733,112.1745,54.2348,-431.0427,145.2252,179.9979,-0.7188,85.7365,6,0,0,0,0
Session_8,2026-01-26 17:04:33.737,5.062,-72.0873,-99.5026,37.5593,-28.9909,89.8599,112.1814,53.9510,-431.7943,138.1156,-179.5176,-0.8121,85.7290,6,0,0,0,0
Session_8,2026-01-26 17:04:33.811,5.136,-72.0824,-100.3612,37.5616,-26.9220,88.8863,112.1732,53.5115,-434.1544,135.3492,-179.0737,0.6782,85.7472,6,0,0,0,0
Session_8,2026-01-26 17:04:33.874,5.199,-72.0789,-100.7285,37.5617,-26.3116,87.1360,112.1800,51.6842,-435.3134,133.7492,-177.5444,1.5640,85.7616,6,0,0,0,0
Session_8,2026-01-26 17:04:33.950,5.275,-72.0685,-100.7815,37.5634,-27.1218,85.4675,112.1443,49.5309,-434.9662,132.0596,-175.6727,1.3920,85.8532,6,0,0,0,0
Session_8,2026-01-26 17:04:34.025,5.350,-72.0558,-100.7792,37.5651,-27.7817,86.7611,112.1024,50.8665,-433.7004,130.8242,-176.6245,0.2954,85.8786,6,0,0,0,0
Session_8,2026-01-26 17:04:34.091,5.416,-72.0570,-100.7745,37.5666,-27.9176,86.8943,112.0399,50.9594,-433.4935,130.6198,-176.6991,0.1214,85.9370,6,0,0,0,0
Session_8,2026-01-26 17:04:34.155,5.480,-72.0581,-100.7745,37.5665,-27.9911,86.6430,112.0482,50.6338,-433.5014,130.5087,-176.4385,0.1478,85.9334,6,0,0,0,0
Session_8,2026-01-26 17:04:34.222,5.547,-72.0581,-100.7744,37.5666,-27.7556,86.4301,112.0496,50.4791,-433.8598,130.9353,-176.3296,0.4462,85.9367,6,0,0,0,0
Session_8,2026-01-26 17:04:34.297,5.622,-72.0579,-100.7743,37.5672,-27.2303,85.9797,112.0406,50.1611,-434.6436,131.8930,-176.1088,1.1020,85.9542,6,0,0,0,0
Session_8,2026-01-26 17:04:34.369,5.694,-72.0578,-100.7742,37.5672,-27.4068,85.8060,112.0365,49.8956,-434.5026,131.5993,-175.8816,1.0032,85.9642,6,0,0,0,0
Session_8,2026-01-26 17:04:34.445,5.770,-72.0578,-100.7743,37.5672,-28.4635,85.6357,112.0317,49.2947,-433.3152,129.7775,-175.3282,0.0865,85.9777,6,0,0,0,0
Session_8,2026-01-26 17:04:34.510,5.835,-72.0575,-100.7744,37.5671,-29.8540,85.5375,112.0379,48.6350,-431.6571,127.4058,-174.7169,-1.1660,85.9701,6,0,0,0,0
Session_8,2026-01-26 17:04:34.576,5.901,-72.0574,-100.7750,37.5663,-31.7017,85.7545,112.2610,48.1288,-429.2380,124.2844,-174.2135,-2.9392,85.7151,6,0,0,0,0
Session_8,2026-01-26 17:04:34.649,5.974,-72.0549,-100.7758,37.5650,-32.0629,87.0941,112.2061,49.5354,-428.2589,123.5766,-175.3164,-3.7853,85.7180,6,0,0,0,0
Session_8,2026-01-26 17:04:34.724,6.049,-72.0424,-100.7759,37.5649,-32.0609,87.0852,111.7852,49.6194,-428.2541,123.5795,-175.3367,-3.8145,86.1512,6,0,0,0,0
Session_8,2026-01-26 17:04:34.786,6.111,-72.0387,-100.7766,37.5647,-32.5690,87.0859,110.3645,49.4322,-427.5853,122.7415,-175.2554,-4.4062,87.5613,6,0,0,0,0
Session_8,2026-01-26 17:04:34.864,6.189,-72.0311,-100.7775,37.5641,-32.8230,87.1889,109.9168,49.4987,-427.2038,122.3123,-175.2990,-4.7183,88.0066,6,0,0,0,0
Session_8,2026-01-26 17:04:34.929,6.254,-71.9729,-100.7779,37.5640,-32.7784,87.2012,108.7866,49.9654,-427.2073,122.3805,-175.4188,-4.7722,89.1960,6,0,0,0,0
Session_8,2026-01-26 17:04:35.002,6.327,-71.8262,-100.7843,37.5599,-33.0812,86.8050,108.5175,50.4709,-426.8243,121.8501,-174.9664,-4.9653,89.6140,6,0,0,0,0
Session_8,2026-01-26 17:04:35.071,6.396,-71.3805,-100.7939,37.5542,-33.9690,86.1541,107.0604,52.6425,-425.4819,120.3768,-174.2067,-5.7645,91.5096,6,0,0,0,0
Session_8,2026-01-26 17:04:35.150,6.475,-70.5331,-100.8160,37.5529,-34.5458,85.1846,106.6463,57.5465,-424.2645,119.3804,-173.1494,-6.1051,92.7836,6,0,0,0,0
Session_8,2026-01-26 17:04:35.234,6.559,-69.5943,-100.8169,37.5538,-33.2652,83.6417,105.9391,63.3857,-425.6364,121.6054,-172.0996,-4.5373,94.5162,6,0,0,0,0
Session_8,2026-01-26 17:04:35.310,6.635,-69.1058,-100.8166,37.5545,-31.6516,80.4549,105.5587,64.2435,-428.5620,124.7796,-169.4981,-2.1893,95.5447,6,0,0,0,0
Session_8,2026-01-26 17:04:35.384,6.709,-69.0504,-100.8164,37.5549,-31.7883,78.4616,105.0540,62.3863,-429.2144,124.9975,-167.5615,-1.9054,96.1984,6,0,0,0,0
Session_8,2026-01-26 17:04:35.458,6.783,-69.0503,-100.8163,37.5553,-34.1036,81.7980,104.9036,64.9428,-424.7392,120.5520,-170.1919,-5.0188,96.1439,6,0,0,0,0
Session_8,2026-01-26 17:04:35.523,6.848,-69.0503,-100.8164,37.5552,-35.8525,83.5703,105.5010,66.0178,-421.5831,117.5309,-171.3718,-7.0700,95.4277,6,0,0,0,0
Session_8,2026-01-26 17:04:35.586,6.911,-69.0504,-100.8166,37.5549,-35.8532,82.9694,105.6301,65.3454,-421.8535,117.6118,-170.7802,-6.8918,95.3242,6,0,0,0,0
Session_8,2026-01-26 17:04:35.655,6.980,-69.0502,-100.8171,37.5540,-34.6962,81.3462,105.6109,64.1387,-424.1541,119.6807,-169.5387,-5.3512,95.4518,6,0,0,0,0
Session_8,2026-01-26 17:04:35.729,7.054,-69.0504,-100.8175,37.5537,-34.0350,80.5772,105.5862,63.6201,-425.3791,120.8714,-168.9801,-4.5161,95.5299,6,0,0,0,0
Session_8,2026-01-26 17:04:35.803,7.127,-69.0504,-100.8428,37.5519,-34.2725,80.6960,105.5978,63.6244,-424.9929,120.2768,-169.0224,-4.8004,95.5066,6,0,0,0,0
Session_8,2026-01-26 17:04:35.886,7.211,-69.0505,-100.8842,37.5515,-34.0212,81.1409,105.6425,64.2332,-425.0942,120.2878,-169.5016,-4.7078,95.4447,6,0,0,0,0
Session_8,2026-01-26 17:04:35.969,7.294,-69.0534,-100.9447,37.5492,-34.5039,81.5659,105.5141,64.4211,-424.2191,118.9921,-169.7744,-5.3689,95.5352,6,0,0,0,0
Session_8,2026-01-26 17:04:36.045,7.370,-69.0650,-101.2104,37.5206,-34.9413,81.7843,105.9988,64.2716,-423.3332,116.2079,-169.7372,-6.0456,95.0138,6,0,0,0,0
Session_8,2026-01-26 17:04:36.118,7.443,-69.0676,-101.8343,37.5235,-33.8448,81.5137,106.3374,64.3220,-424.4263,113.4260,-169.5775,-5.4537,94.7034,6,0,0,0,0
Session_8,2026-01-26 17:04:36.201,7.526,-69.0985,-102.8144,37.5464,-32.5504,81.0647,105.8340,63.9268,-425.5338,108.4636,-169.2870,-5.0995,95.2009,6,0,0,0,0
Session_8,2026-01-26 17:04:36.283,7.608,-69.2391,-102.9884,37.5520,-33.7720,81.6943,105.6871,62.8932,-423.5888,105.1868,-169.5273,-6.6330,95.1352,6,0,0,0,0
Session_8,2026-01-26 17:04:36.358,7.683,-69.3117,-102.9886,37.6517,-33.4307,82.1434,106.1561,63.0433,-423.9607,106.0483,-170.0259,-6.2470,94.5898,6,0,0,0,0
Session_8,2026-01-26 17:04:36.433,7.758,-69.3110,-102.9900,37.6459,-32.8965,82.3563,106.3834,63.5584,-424.5861,106.8154,-170.3535,-5.7611,94.3705,6,0,0,0,0
Session_8,2026-01-26 17:04:36.515,7.840,-69.3109,-103.0487,37.6319,-33.0599,82.3254,106.6855,63.4187,-424.3187,106.0763,-170.2262,-5.9279,94.0659,6,0,0,0,0
Session_8,2026-01-26 17:04:36.589,7.914,-69.3115,-103.2864,37.6329,-33.7390,84.0427,106.6319,64.8954,-422.3881,103.0441,-171.6044,-7.2998,94.0098,6,0,0,0,0
Session_8,2026-01-26 17:04:36.680,8.005,-69.3119,-103.7041,37.6412,-33.3614,84.1017,107.2327,64.9943,-422.4549,100.6047,-171.5753,-7.2593,93.4066,6,0,0,0,0
Session_8,2026-01-26 17:04:36.910,8.235,-69.4250,-104.2227,37.6456,-31.8933,84.6394,107.1201,65.3131,-423.8082,99.0487,-172.3842,-6.5211,93.4176,6,0,0,0,0
Session_8,2026-01-26 17:04:36.975,8.300,-69.5384,-104.2226,37.6461,-31.5809,85.5135,107.1297,65.6185,-423.9797,99.4510,-173.3078,-6.4763,93.2729,6,0,0,0,0
Session_8,2026-01-26 17:04:37.068,8.393,-69.8335,-104.2254,37.6456,-31.6942,86.4473,107.0274,64.4322,-423.7547,99.1723,-174.1743,-6.8714,93.0460,6,0,0,0,0
Session_8,2026-01-26 17:04:37.135,8.460,-70.0653,-104.2368,37.6452,-31.7766,86.2537,107.0274,62.4529,-423.9687,98.9723,-173.9619,-6.9051,92.8168,6,0,0,0,0
Session_8,2026-01-26 17:04:37.202,8.527,-70.4518,-104.2668,37.6449,-31.8061,86.9039,106.9842,60.3051,-424.0371,98.6583,-174.5690,-7.1558,92.4524,6,0,0,0,0
Session_8,2026-01-26 17:04:37.285,8.610,-71.2462,-104.3579,37.6438,-31.6344,88.7730,106.9725,56.6076,-424.2281,98.1711,-176.3761,-7.6248,91.6293,6,0,0,0,0
Session_8,2026-01-26 17:04:37.367,8.692,-71.9962,-104.5622,37.6438,-31.1476,90.7182,107.3145,53.4373,-424.6458,97.4276,-178.2695,-7.9118,90.5190,6,0,0,0,0
Session_8,2026-01-26 17:04:37.441,8.766,-72.3471,-104.5635,37.6434,-30.9917,91.5717,107.4497,51.8903,-424.8671,97.6825,-179.1112,-8.0167,90.0322,6,0,0,0,0
Session_8,2026-01-26 17:04:37.508,8.833,-72.3822,-104.5651,37.6420,-30.9801,91.6335,107.3206,51.7065,-424.8901,97.6854,-179.1910,-8.0288,90.1276,6,0,0,0,0
Session_8,2026-01-26 17:04:37.573,8.898,-72.3800,-104.5661,37.6411,-30.9464,91.5910,106.9972,51.6874,-424.9485,97.7262,-179.2054,-7.9904,90.4578,6,0,0,0,0
Session_8,2026-01-26 17:04:37.642,8.967,-72.3790,-104.5697,37.6365,-30.7610,91.5285,106.7590,51.7015,-425.2191,97.9720,-179.2311,-7.8061,90.7068,6,0,0,0,0
Session_8,2026-01-26 17:04:37.705,9.030,-72.3801,-104.5699,37.6360,-30.6443,91.6898,106.7844,51.9306,-425.3210,98.1586,-179.4161,-7.7415,90.6841,6,0,0,0,0
Session_8,2026-01-26 17:04:37.770,9.095,-72.3804,-104.5700,37.6358,-30.7040,91.7310,106.7885,51.9500,-425.2245,98.0641,-179.4374,-7.8107,90.6771,6,0,0,0,0
Session_8,2026-01-26 17:04:37.845,9.170,-72.3797,-104.5700,37.6360,-30.6841,91.6713,106.7823,51.8951,-425.2728,98.0945,-179.3870,-7.7743,90.6851,6,0,0,0,0
Session_8,2026-01-26 17:04:37.926,9.251,-72.3799,-104.5699,37.6363,-30.6697,91.6727,106.7761,51.9017,-425.2923,98.1190,-179.3935,-7.7606,90.6917,6,0,0,0,0
Session_8,2026-01-26 17:04:37.999,9.324,-72.3801,-104.5698,37.6368,-30.7171,91.6679,106.7741,51.8738,-425.2297,98.0466,-179.3754,-7.8040,90.6917,6,0,0,0,0
Session_8,2026-01-26 17:04:38.098,9.423,-72.3796,-104.5698,37.6369,-30.6313,91.5882,106.7693,51.8230,-425.3755,98.1804,-179.3251,-7.6989,90.7008,6,0,0,0,0
Session_8,2026-01-26 17:04:38.181,9.506,-72.3800,-104.5698,37.6369,-30.6635,91.6267,106.7699,51.8505,-425.3178,98.1305,-179.3523,-7.7408,90.6983,6,0,0,0,0
Session_8,2026-01-26 17:04:38.240,9.565,-72.3800,-104.5699,37.6367,-30.6615,91.6582,106.7734,51.8880,-425.3091,98.1337,-179.3826,-7.7481,90.6948,6,0,0,0,0
Session_8,2026-01-26 17:04:38.305,9.630,-72.3797,-104.5700,37.6366,-30.7143,91.6225,106.7686,51.8256,-425.2493,98.0476,-179.3335,-7.7886,90.6979,6,0,0,0,0
Session_8,2026-01-26 17:04:38.380,9.705,-72.3796,-104.5702,37.6365,-30.7425,91.6225,106.7727,51.8138,-425.2104,98.0007,-179.3246,-7.8159,90.6927,6,0,0,0,0
Session_8,2026-01-26 17:04:38.455,9.780,-72.3795,-104.5704,37.6364,-30.7349,91.5916,106.7713,51.7824,-425.2316,98.0100,-179.2973,-7.8000,90.6946,6,0,0,0,0
Session_8,2026-01-26 17:04:38.520,9.845,-72.3793,-104.5704,37.6366,-30.6628,91.5463,106.7720,51.7627,-425.3466,98.1238,-179.2751,-7.7177,90.6971,6,0,0,0,0
Session_8,2026-01-26 17:04:38.594,9.919,-72.3795,-104.5704,37.6368,-30.6361,91.5504,106.7699,51.7773,-425.3820,98.1667,-179.2872,-7.6932,90.7000,6,0,0,0,0
Session_8,2026-01-26 17:04:38.660,9.985,-72.3791,-104.5704,37.6368,-30.6491,91.5326,106.7658,51.7542,-425.3702,98.1459,-179.2669,-7.7005,90.7042,6,0,0,0,0
Session_8,2026-01-26 17:04:38.734,10.058,-72.3788,-104.5705,37.6368,-30.6683,91.4921,106.7535,51.7012,-425.3583,98.1132,-179.2241,-7.7075,90.7163,6,0,0,0,0
Session_8,2026-01-26 17:04:38.807,10.132,-72.3788,-104.5706,37.6368,-30.7370,91.5182,106.7349,51.7014,-425.2547,98.0043,-179.2314,-7.7811,90.7322,6,0,0,0,0
Session_8,2026-01-26 17:04:38.874,10.199,-72.3786,-104.5707,37.6367,-30.7645,91.5141,106.7287,51.6858,-425.2183,97.9598,-179.2202,-7.8064,90.7375,6,0,0,0,0
Session_8,2026-01-26 17:04:38.941,10.266,-72.3788,-104.5708,37.6367,-30.7597,91.5079,106.7143,51.6797,-425.2272,97.9665,-179.2177,-7.8003,90.7522,6,0,0,0,0
Session_8,2026-01-26 17:04:39.005,10.330,-72.3787,-104.5707,37.6367,-30.7281,91.4962,106.7212,51.6807,-425.2746,98.0164,-179.2148,-7.7666,90.7466,6,0,0,0,0
Session_8,2026-01-26 17:04:39.081,10.406,-72.3789,-104.5709,37.6367,-30.7075,91.4921,106.7143,51.6834,-425.3044,98.0479,-179.2178,-7.7460,90.7542,6,1,0,0,0
Session_8,2026-01-26 17:04:39.154,10.479,-72.3790,-104.5709,37.6367,-30.7301,91.5099,106.7116,51.6933,-425.2669,98.0122,-179.2286,-7.7729,90.7559,6,1,0,0,0
Session_8,2026-01-26 17:04:39.220,10.545,-72.3790,-104.5709,37.6367,-30.7439,91.4996,106.7109,51.6754,-425.2518,97.9902,-179.2148,-7.7830,90.7561,6,1,0,0,0
Session_8,2026-01-26 17:04:39.287,10.612,-72.3790,-104.5711,37.6366,-30.7967,91.5065,106.7075,51.6601,-425.1767,97.9051,-179.2063,-7.8359,90.7574,6,1,0,0,0
Session_8,2026-01-26 17:04:39.362,10.687,-72.3790,-104.5716,37.6364,-30.8455,91.5079,106.6978,51.6406,-425.1086,97.8234,-179.1945,-7.8837,90.7651,6,1,0,0,0
Session_8,2026-01-26 17:04:39.436,10.761,-72.3790,-104.5723,37.6362,-30.8558,91.4880,106.7027,51.6124,-425.1009,97.8002,-179.1715,-7.8887,90.7598,6,1,0,0,0
Session_8,2026-01-26 17:04:39.518,10.843,-72.3791,-104.5727,37.6357,-30.9018,91.5051,106.6930,51.6117,-425.0309,97.7227,-179.1755,-7.9387,90.7676,6,1,0,0,0
Session_8,2026-01-26 17:04:39.594,10.919,-72.3790,-104.5731,37.6350,-30.9025,91.5051,106.6965,51.6118,-425.0292,97.7163,-179.1745,-7.9403,90.7641,6,1,0,0,0
Session_8,2026-01-26 17:04:39.684,11.009,-72.3791,-104.5733,37.6348,-30.7686,91.5044,106.6999,51.6687,-425.2130,97.9258,-179.2124,-7.8123,90.7659,6,1,0,0,0
Session_8,2026-01-26 17:04:39.766,11.091,-72.3794,-104.5731,37.6351,-30.5907,91.4941,106.7061,51.7313,-425.4607,98.2101,-179.2539,-7.6386,90.7663,6,1,0,0,0
Session_8,2026-01-26 17:04:39.848,11.173,-72.3793,-104.5731,37.6350,-30.6422,91.5161,106.7033,51.7353,-425.3822,98.1284,-179.2602,-7.6944,90.7672,6,1,0,0,0
Session_8,2026-01-26 17:04:39.914,11.239,-72.3793,-104.5731,37.6350,-30.7720,91.5237,106.7040,51.6877,-425.2018,97.9230,-179.2294,-7.8207,90.7613,6,1,0,0,0
Session_8,2026-01-26 17:04:39.996,11.321,-72.3793,-104.5733,37.6349,-30.8778,91.5525,106.6985,51.6752,-425.0460,97.7552,-179.2267,-7.9305,90.7625,6,1,0,0,0
Session_8,2026-01-26 17:04:40.078,11.403,-72.3793,-104.5737,37.6342,-31.0069,91.6109,106.7027,51.6860,-424.8466,97.5472,-179.2439,-8.0719,90.7528,6,1,0,0,0
Session_8,2026-01-26 17:04:40.152,11.477,-72.3791,-104.5749,37.6328,-30.9196,91.5834,106.7013,51.6933,-424.9746,97.6693,-179.2426,-7.9830,90.7580,6,1,0,0,0
Session_8,2026-01-26 17:04:40.226,11.551,-72.3794,-104.6172,37.6327,-30.8173,91.5855,106.7157,51.7231,-425.0670,97.5202,-179.2601,-7.9261,90.7456,6,1,0,0,0
Session_8,2026-01-26 17:04:40.300,11.625,-72.3794,-104.8032,37.6333,-30.2563,91.5834,106.7157,51.8972,-425.6253,97.0451,-179.3681,-7.5661,90.7603,6,1,0,0,0
Session_8,2026-01-26 17:04:40.372,11.697,-72.3795,-104.9586,37.6344,-29.4907,91.5010,106.7184,52.0752,-426.5171,97.1277,-179.4675,-6.9573,90.7803,6,1,0,0,0
Session_8,2026-01-26 17:04:40.438,11.763,-72.3795,-104.9746,37.6353,-29.2229,91.4351,106.7102,52.1074,-426.8830,97.4422,-179.4790,-6.6965,90.7975,6,1,0,0,0
Session_8,2026-01-26 17:04:40.507,11.832,-72.3795,-104.9738,37.6692,-29.3335,91.4413,106.6903,52.0711,-426.7441,97.4122,-179.4652,-6.7711,90.8150,6,1,0,0,0
Session_8,2026-01-26 17:04:40.598,11.923,-72.3796,-104.9736,37.8052,-29.6356,91.4385,106.6786,51.9519,-426.3820,97.4962,-179.4157,-6.9293,90.8209,6,1,0,0,0
Session_8,2026-01-26 17:04:40.672,11.997,-72.3793,-104.9736,37.9734,-29.7434,91.3465,106.6779,51.8183,-426.3222,98.0238,-179.3453,-6.8450,90.8243,6,1,0,0,0
Session_8,2026-01-26 17:04:40.735,12.060,-72.3795,-104.9736,38.0601,-29.6665,91.2827,106.6738,51.7843,-426.4749,98.5079,-179.3322,-6.6701,90.8341,6,1,0,0,0
Session_8,2026-01-26 17:04:40.819,12.144,-72.3792,-104.9725,38.2057,-29.6940,91.2607,106.6663,51.7634,-426.4896,99.0797,-179.3466,-6.5498,90.8461,6,1,0,0,0
Session_8,2026-01-26 17:04:40.893,12.218,-72.3792,-104.9721,38.5334,-29.9089,90.9826,106.6649,51.3796,-426.3958,100.0984,-179.1134,-6.3617,90.8522,6,1,0,0,0
Session_8,2026-01-26 17:04:40.960,12.285,-72.3781,-104.9721,39.2349,-30.4919,90.8686,106.6299,51.0658,-425.8377,102.0794,-179.0425,-6.2160,90.8928,6,1,0,0,0
Session_8,2026-01-26 17:04:41.035,12.360,-72.3768,-104.9722,40.3265,-31.7512,90.7903,106.6106,50.5264,-424.4224,104.5721,-178.9210,-6.3548,90.9085,6,1,0,0,0
Session_8,2026-01-26 17:04:41.108,12.433,-72.3753,-104.9724,41.5208,-32.5243,90.7629,106.6065,50.2415,-423.6003,108.2523,-179.0169,-5.9438,90.9273,6,1,0,0,0
Session_8,2026-01-26 17:04:41.184,12.509,-72.3754,-104.9723,42.5661,-32.3561,90.7052,106.6031,50.2762,-423.9429,112.8435,-179.3118,-4.7648,90.9635,6,1,0,0,0
Session_8,2026-01-26 17:04:41.263,12.588,-72.3755,-104.9723,43.8412,-33.0393,90.3241,106.5852,49.5661,-423.2369,116.9607,-179.1181,-4.0891,90.9960,6,1,0,0,0
Session_8,2026-01-26 17:04:41.346,12.671,-72.3757,-104.9723,45.2751,-34.2416,90.3859,106.5633,49.1313,-421.6248,120.8302,-179.2453,-3.8852,91.0222,6,1,0,0,0
Session_8,2026-01-26 17:04:41.420,12.745,-72.3761,-104.9719,46.6348,-34.7820,90.3406,106.5365,48.8116,-420.8093,125.4687,-179.4378,-3.0869,91.0630,6,1,0,0,0
Session_8,2026-01-26 17:04:41.495,12.820,-72.3761,-104.9716,48.5504,-35.5511,90.1607,106.5070,48.1784,-419.5370,131.9321,-179.5934,-1.9367,91.1073,6,1,0,0,0
Session_8,2026-01-26 17:04:41.585,12.910,-72.3761,-104.9712,51.1991,-36.9374,89.8764,106.4273,47.0478,-417.1169,140.1896,-179.6808,-0.6456,91.1956,6,1,0,0,0
Session_8,2026-01-26 17:04:41.660,12.985,-72.3762,-104.9701,53.4337,-37.8259,89.7370,106.3607,46.2345,-415.1186,147.5301,-179.9273,0.6859,91.2620,6,1,0,0,0
Session_8,2026-01-26 17:04:41.726,13.051,-72.3768,-104.9670,55.7136,-38.7776,89.5049,106.2872,45.2054,-412.8212,154.8364,179.9228,2.0288,91.3261,6,1,0,0,0
Session_8,2026-01-26 17:04:41.792,13.117,-72.3768,-104.9432,58.0390,-39.5000,89.4349,106.2275,44.3579,-410.4350,162.7546,179.5364,3.6104,91.3634,6,1,0,0,0
Session_8,2026-01-26 17:04:41.867,13.192,-72.3769,-104.9318,61.0677,-40.8245,89.0023,106.2028,42.6118,-406.6738,172.0167,179.4716,5.3782,91.3492,6,1,0,0,0
Session_8,2026-01-26 17:04:41.949,13.274,-72.3771,-104.8934,64.3890,-43.3459,89.2200,106.1993,41.0291,-400.8243,180.0061,179.0268,6.1222,91.3296,6,1,0,0,0
Session_8,2026-01-26 17:04:42.018,13.343,-72.3772,-104.8211,67.1064,-45.0364,89.3793,106.2158,39.7342,-396.1103,187.2277,178.5611,7.1323,91.2780,6,1,0,0,0
Session_8,2026-01-26 17:04:42.084,13.409,-72.3770,-104.7963,69.2636,-44.7933,89.2749,106.2247,38.8305,-393.6810,195.6041,177.9679,9.4876,91.1682,6,1,0,0,0
Session_8,2026-01-26 17:04:42.150,13.475,-72.3773,-104.6666,71.1156,-44.7247,88.8519,106.2247,37.5291,-391.2836,203.1766,177.7806,11.5716,91.0552,6,1,0,0,0
Session_8,2026-01-26 17:04:42.228,13.553,-72.3772,-104.2043,72.6844,-45.2678,88.1591,106.2193,35.7565,-388.4779,210.6758,178.0099,13.1910,90.9602,6,1,0,0,0
Session_8,2026-01-26 17:04:42.293,13.618,-72.3787,-103.4530,73.4683,-44.9217,87.4443,106.2227,34.4066,-387.1210,219.0796,178.1349,15.1921,90.8113,6,1,0,0,0
Session_8,2026-01-26 17:04:42.359,13.684,-72.3786,-102.1206,74.1263,-45.4202,86.2866,106.2110,32.1957,-384.7917,229.1559,178.7968,16.9432,90.6897,6,1,0,0,0
Session_8,2026-01-26 17:04:42.424,13.749,-72.3786,-100.4549,74.4456,-46.5044,86.0868,106.2124,30.9689,-381.7285,238.9137,178.7123,17.8606,90.6046,6,1,0,0,0
Session_8,2026-01-26 17:04:42.489,13.814,-72.3800,-98.5040,74.4565,-47.7047,86.0827,106.2151,29.9140,-378.4535,249.1392,178.4802,18.5897,90.5267,6,1,0,0,0
Session_8,2026-01-26 17:04:42.565,13.890,-72.3800,-96.3066,74.4511,-48.6914,86.1802,106.2193,28.8139,-374.6001,261.1880,178.0090,19.7140,90.3997,6,1,0,0,0
Session_8,2026-01-26 17:04:42.648,13.973,-72.3799,-94.4680,74.4440,-48.8239,85.7950,106.2316,27.3629,-371.5677,272.6066,177.8324,21.4430,90.1926,6,1,0,0,0
Session_8,2026-01-26 17:04:42.729,14.054,-72.3799,-93.2249,74.4281,-49.1508,85.2855,106.2392,26.0047,-369.3270,279.7578,178.0248,22.4439,90.0699,6,1,0,0,0
Session_8,2026-01-26 17:04:42.811,14.136,-72.3801,-92.6565,74.4135,-49.8807,85.3466,106.2357,25.6351,-367.9233,281.7487,178.0251,22.2590,90.0958,6,1,0,0,0
Session_8,2026-01-26 17:04:42.884,14.209,-72.3821,-92.4313,74.4150,-50.0709,85.4105,106.2447,25.5295,-367.3773,282.7582,177.9485,22.2756,90.0804,6,1,0,0,0
Session_8,2026-01-26 17:04:42.957,14.282,-72.3941,-92.2778,74.4165,-50.0949,85.2319,106.2467,25.1446,-367.1264,283.6873,178.0757,22.4504,90.0480,6,1,0,0,0
Session_8,2026-01-26 17:04:43.049,14.374,-72.4113,-91.6293,74.4160,-50.9518,85.1907,106.2481,24.4580,-365.4801,285.9380,178.1826,22.2626,90.0548,6,1,0,0,0
Session_8,2026-01-26 17:04:43.114,14.439,-72.4402,-90.7526,74.4147,-52.4570,84.8982,106.2467,23.1543,-363.1275,288.2516,178.6673,21.7439,90.1015,6,1,0,0,0
Session_8,2026-01-26 17:04:43.196,14.521,-72.6954,-90.2815,74.4002,-54.1962,84.1731,106.2529,20.1368,-361.6770,287.5770,179.7712,20.7226,89.9856,6,1,0,0,0
Session_8,2026-01-26 17:04:43.270,14.594,-73.5354,-90.2904,74.1220,-54.8355,82.7085,106.2611,13.1950,-362.6201,285.6057,-178.5306,20.2480,89.2443,6,1,0,0,0
Session_8,2026-01-26 17:04:43.352,14.677,-75.5478,-90.2934,73.1661,-53.6174,79.0796,106.2735,-3.1360,-366.3465,286.0201,-175.1122,21.5111,87.2497,6,1,0,0,0
Session_8,2026-01-26 17:04:43.427,14.752,-77.6927,-90.3119,71.7911,-52.2441,78.8825,106.2687,-16.2901,-369.6162,284.7694,-174.9128,21.5464,85.1175,6,1,0,0,0
Session_8,2026-01-26 17:04:43.502,14.827,-79.6349,-90.4023,69.7475,-51.2402,77.9398,106.2975,-29.0273,-373.8773,280.3744,-173.6519,20.7324,83.3015,6,1,0,0,0
Session_8,2026-01-26 17:04:43.575,14.900,-81.2842,-90.8718,67.3663,-49.1906,78.1190,106.3250,-38.5205,-379.6717,274.1561,-173.5858,19.9194,81.7041,6,1,0,0,0
Session_8,2026-01-26 17:04:43.649,14.974,-82.7220,-91.9219,64.8876,-46.4838,78.0922,106.3456,-47.0140,-386.8336,264.8237,-173.3123,19.1430,80.3306,6,1,0,0,0
Session_8,2026-01-26 17:04:43.712,15.037,-83.5852,-92.7191,63.1005,-45.4642,78.1787,106.3442,-52.1516,-391.2472,255.5933,-172.9173,17.6214,79.6168,6,1,0,0,0
Session_8,2026-01-26 17:04:43.785,15.110,-84.2576,-93.8052,61.3658,-43.6391,78.8310,106.3559,-55.3804,-396.3765,245.8096,-173.2531,16.4872,78.9972,6,1,0,0,0
Session_8,2026-01-26 17:04:43.862,15.187,-84.5061,-95.0923,59.8073,-40.7002,79.7209,106.3566,-55.4320,-402.3868,237.1413,-174.1433,16.3275,78.7114,6,1,0,0,0
Session_8,2026-01-26 17:04:43.945,15.270,-84.5061,-96.7428,58.4985,-40.7304,78.6724,106.3518,-56.3240,-406.1617,221.0965,-172.2398,13.7558,78.9828,6,1,0,0,0
Session_8,2026-01-26 17:04:44.034,15.359,-84.5062,-98.7344,57.2806,-39.7197,79.3597,106.3483,-55.1166,-410.1764,204.4194,-172.2663,11.4548,79.0987,6,1,0,0,0
Session_8,2026-01-26 17:04:44.107,15.432,-84.5081,-100.6101,56.3236,-37.3418,79.8170,106.3525,-54.1703,-414.4581,191.9663,-172.5785,10.8914,79.1007,6,1,0,0,0
Session_8,2026-01-26 17:04:44.182,15.507,-84.5277,-102.2058,55.5646,-35.6527,79.6674,106.3374,-54.2087,-417.3866,180.8786,-172.2402,10.2925,79.1371,6,1,0,0,0
Session_8,2026-01-26 17:04:44.256,15.581,-84.6850,-103.2201,55.1058,-35.8930,79.6880,106.3305,-55.2952,-417.6121,171.3411,-171.7717,8.6412,79.0660,6,1,0,0,0
Session_8,2026-01-26 17:04:44.323,15.648,-85.0955,-104.0570,54.3924,-34.7264,79.3076,106.3291,-58.5835,-419.0375,164.7615,-171.2957,8.3785,78.6889,6,1,0,0,0
Session_8,2026-01-26 17:04:44.397,15.722,-85.9231,-104.7233,53.3042,-34.0068,79.3041,106.3312,-64.5277,-419.6446,156.9239,-171.0012,7.3859,77.8993,6,1,0,0,0
Session_8,2026-01-26 17:04:44.479,15.804,-86.9595,-105.1961,51.5772,-31.6908,79.4373,106.3236,-71.7649,-421.8548,150.7287,-171.1615,7.4594,76.8604,6,1,0,0,0
Session_8,2026-01-26 17:04:44.569,15.894,-87.6256,-105.2494,49.6892,-29.7867,80.1521,106.3291,-75.6850,-424.0223,145.9183,-171.8415,7.2257,76.1602,6,1,0,0,0
Session_8,2026-01-26 17:04:44.651,15.976,-87.6428,-105.2495,48.0757,-28.6826,80.9843,106.3264,-74.7361,-425.9263,141.0596,-172.5004,6.5044,76.1308,6,1,0,0,0
Session_8,2026-01-26 17:04:44.725,16.050,-87.6194,-105.2491,46.9069,-27.2440,81.4005,106.3229,-73.9795,-427.9684,138.7228,-172.9770,6.6472,76.1340,6,1,0,0,0
Session_8,2026-01-26 17:04:44.791,16.116,-87.6198,-105.2495,46.1292,-26.8005,81.8578,106.3147,-73.4016,-428.7213,136.1666,-173.3225,6.1976,76.1370,6,1,0,0,0
Session_8,2026-01-26 17:04:44.857,16.182,-87.6190,-105.2495,45.4431,-26.3177,82.2965,106.3113,-72.8372,-429.4594,134.0680,-173.6875,5.8794,76.1332,6,1,0,0,0
Session_8,2026-01-26 17:04:44.932,16.257,-87.6078,-105.2491,44.7548,-25.4684,83.2647,106.3085,-71.5421,-430.5648,132.5532,-174.6647,5.7636,76.1147,6,1,0,0,0
Session_8,2026-01-26 17:04:45.013,16.338,-87.6029,-105.2493,44.3825,-25.1147,84.4169,106.2955,-70.0958,-431.0118,131.4617,-175.7666,5.4222,76.1062,6,1,0,0,0
Session_8,2026-01-26 17:04:45.086,16.411,-87.5972,-105.2499,44.2078,-24.9925,84.7115,106.2893,-69.6898,-431.1858,130.8999,-176.0344,5.2883,76.1135,6,1,0,0,0
Session_8,2026-01-26 17:04:45.151,16.476,-87.5718,-105.2499,44.0877,-24.8346,85.3741,106.2756,-68.6900,-431.3904,130.6072,-176.6809,5.1384,76.1399,6,1,0,0,0
Session_8,2026-01-26 17:04:45.234,16.559,-87.5710,-105.2509,43.9817,-24.4988,85.6261,106.2639,-68.3629,-431.7698,130.7402,-176.9866,5.2869,76.1426,6,1,0,0,0
Session_8,2026-01-26 17:04:45.301,16.626,-87.5713,-105.2523,43.8888,-23.5835,85.4366,106.2625,-68.5520,-432.7744,132.0449,-177.0357,6.1277,76.1234,6,1,0,0,0
Session_8,2026-01-26 17:04:45.374,16.699,-87.5715,-105.2533,43.7462,-23.5513,85.3033,106.2550,-68.7109,-432.8537,131.4954,-176.8754,6.0578,76.1362,6,1,0,0,0
Session_8,2026-01-26 17:04:45.439,16.764,-87.5716,-105.2535,43.2527,-23.2663,85.2834,106.2570,-68.7175,-433.2859,129.8945,-176.7976,5.8631,76.1404,6,1,0,0,0
Session_8,2026-01-26 17:04:45.513,16.838,-87.5726,-105.2533,42.3744,-22.8296,85.1276,106.2495,-68.8857,-433.9548,126.9196,-176.5226,5.4825,76.1618,6,1,0,0,0
Session_8,2026-01-26 17:04:45.586,16.911,-87.5726,-105.2521,41.5735,-21.5634,85.0829,106.2399,-68.8761,-435.4577,125.7974,-176.6101,5.9422,76.1591,6,1,0,0,0
Session_8,2026-01-26 17:04:45.662,16.987,-87.5726,-105.2522,41.2043,-21.2119,84.5940,106.2399,-69.4478,-435.9134,124.8917,-176.1348,6.0617,76.1683,6,1,0,0,0
Session_8,2026-01-26 17:04:45.737,17.062,-87.5726,-105.2521,41.1866,-21.2249,84.2631,106.2323,-69.8478,-435.9162,124.8292,-175.8069,6.1239,76.1833,6,1,0,0,0
Session_8,2026-01-26 17:04:45.802,17.127,-87.5734,-105.2521,41.1866,-21.2022,84.2535,106.2385,-69.8638,-435.9397,124.8725,-175.8047,6.1488,76.1759,6,1,0,0,0
Session_8,2026-01-26 17:04:45.866,17.191,-87.5733,-105.2520,41.1873,-21.1823,84.2315,106.2337,-69.8888,-435.9617,124.9162,-175.7888,6.1745,76.1807,6,1,0,0,0
Session_8,2026-01-26 17:04:45.935,17.260,-87.5731,-105.2461,41.1980,-21.1343,84.3276,106.2323,-69.7690,-436.0110,125.0855,-175.8994,6.2098,76.1783,6,1,0,0,0
Session_8,2026-01-26 17:04:46.008,17.333,-87.5729,-105.2304,41.2114,-21.1240,84.4320,106.2316,-69.6411,-436.0265,125.2689,-176.0108,6.2184,76.1759,6,1,0,0,0
Session_8,2026-01-26 17:04:46.084,17.409,-87.5734,-105.2188,41.2245,-21.0052,84.4107,106.2309,-69.6648,-436.1573,125.6374,-176.0307,6.3621,76.1721,6,1,0,0,0
Session_8,2026-01-26 17:04:46.174,17.499,-87.5734,-105.1910,41.2433,-21.1720,84.4265,106.2302,-69.6522,-435.9975,125.6172,-176.0119,6.2421,76.1763,6,1,0,0,0
Session_8,2026-01-26 17:04:46.248,17.573,-87.5733,-105.1264,41.2920,-21.2627,84.4038,106.2337,-69.6820,-435.9388,126.1514,-175.9969,6.2704,76.1726,6,1,0,0,0
Session_8,2026-01-26 17:04:46.330,17.655,-87.5732,-104.9983,41.4705,-21.3924,84.4588,106.2275,-69.6181,-435.8526,127.6505,-176.0989,6.4245,76.1723,6,1,0,0,0
Session_8,2026-01-26 17:04:46.403,17.728,-87.5728,-104.9006,41.7973,-21.6953,84.2404,106.2302,-69.8922,-435.5401,129.2738,-175.9234,6.6024,76.1704,6,1,0,0,0
Session_8,2026-01-26 17:04:46.478,17.803,-87.5729,-104.8876,42.2503,-22.3125,84.1841,106.2350,-69.9926,-434.8024,130.1979,-175.8271,6.4732,76.1714,6,1,0,0,0
Session_8,2026-01-26 17:04:46.552,17.877,-87.5732,-104.8877,42.6203,-22.6318,84.3063,106.2337,-69.8652,-434.3726,131.1924,-175.9588,6.4875,76.1684,6,1,0,0,0
Session_8,2026-01-26 17:04:46.626,17.951,-87.5747,-104.8877,42.7856,-22.7939,84.2363,106.2302,-69.9700,-434.1618,131.6157,-175.8919,6.5100,76.1717,6,1,0,0,0
Session_8,2026-01-26 17:04:46.701,18.026,-87.5749,-104.8877,42.7883,-23.1832,84.3166,106.2302,-69.8917,-433.7486,130.8936,-175.8604,6.1164,76.1819,6,1,0,0,0
Session_8,2026-01-26 17:04:46.767,18.092,-87.5755,-104.8873,42.7918,-22.8845,84.3777,106.2261,-69.8094,-434.0590,131.4593,-176.0039,6.3895,76.1749,6,1,0,0,0
Session_8,2026-01-26 17:04:46.849,18.174,-87.5789,-104.8860,42.8734,-22.7163,84.1271,106.2282,-70.1307,-434.2195,132.1666,-175.8337,6.7007,76.1664,6,1,0,0,0
Session_8,2026-01-26 17:04:46.911,18.236,-87.5802,-104.8854,43.0060,-22.5913,83.4254,106.2296,-70.9829,-434.3376,133.0714,-175.2310,7.1442,76.1703,6,1,0,0,0
Session_8,2026-01-26 17:04:46.972,18.297,-87.5818,-104.8854,43.1971,-22.3805,82.8136,106.2289,-71.7243,-434.5162,134.3827,-174.7549,7.7002,76.1698,6,1,0,0,0
Session_8,2026-01-26 17:04:47.037,18.362,-87.5812,-104.8855,43.5127,-22.2700,82.1743,106.2357,-72.4885,-434.5475,136.0597,-174.2601,8.2878,76.1640,6,1,0,0,0
Session_8,2026-01-26 17:04:47.103,18.428,-87.5799,-104.8855,43.9218,-22.1402,81.7074,106.2275,-73.0395,-434.5461,138.1575,-173.9611,8.9342,76.1643,6,1,0,0,0
Session_8,2026-01-26 17:04:47.168,18.493,-87.5845,-104.8858,44.2936,-22.6167,81.5089,106.2234,-73.3389,-433.9367,138.8982,-173.7393,8.8880,76.1744,6,1,0,0,0
Session_8,2026-01-26 17:04:47.244,18.569,-87.5845,-104.8858,44.4609,-22.8735,81.3771,106.2296,-73.5101,-433.6228,139.1595,-173.5877,8.8394,76.1763,6,1,0,0,0
Session_8,2026-01-26 17:04:47.309,18.634,-87.5846,-104.8863,44.4585,-23.3542,81.3922,106.2268,-73.5130,-433.1458,138.2355,-173.4651,8.3706,76.1989,6,1,0,0,0
Session_8,2026-01-26 17:04:47.369,18.694,-87.5846,-104.8863,44.4586,-23.2615,81.2727,106.2261,-73.6518,-433.2421,138.4323,-173.3760,8.4928,76.1996,6,1,0,0,0
Session_8,2026-01-26 17:04:47.449,18.774,-87.5845,-104.8866,44.4575,-23.5313,81.5234,106.2412,-73.3620,-432.9644,137.8723,-173.5434,8.1644,76.1876,6,1,0,0,0
Session_8,2026-01-26 17:04:47.531,18.856,-87.5841,-104.8871,44.4551,-23.6419,81.8193,105.8787,-73.0085,-432.8444,137.5986,-173.7464,7.9339,76.5472,6,1,0,0,0
Session_8,2026-01-26 17:04:47.615,18.939,-87.5842,-104.8877,44.4545,-23.8568,81.8049,104.6084,-73.0357,-432.6266,137.1908,-173.5031,7.5880,77.8294,6,1,0,0,0
Session_8,2026-01-26 17:04:47.689,19.014,-87.5841,-104.8890,44.4493,-24.2132,81.7417,103.4521,-73.1318,-432.2650,136.5035,-173.2048,7.1174,79.0006,6,1,0,0,0
Session_8,2026-01-26 17:04:47.771,19.096,-87.5841,-104.8897,44.4468,-24.3450,81.9038,100.6581,-72.9377,-432.1237,136.2133,-173.0014,6.6160,81.7937,6,1,0,0,0
Session_8,2026-01-26 17:04:47.838,19.162,-87.5835,-104.8901,44.4461,-24.3670,82.0177,97.8209,-72.7969,-432.0979,136.1473,-172.7936,6.2242,84.6257,6,1,0,0,0
Session_8,2026-01-26 17:04:47.919,19.244,-87.5833,-104.8938,44.4392,-24.5496,82.0377,97.0498,-72.7798,-431.9080,135.7463,-172.7069,5.9327,85.3974,6,1,0,0,0
Session_8,2026-01-26 17:04:48.001,19.326,-87.5818,-104.9135,44.4098,-25.1154,82.7374,97.7591,-71.9531,-431.2867,134.3112,-173.3919,5.3191,84.6882,6,1,0,0,0
Session_8,2026-01-26 17:04:48.065,19.390,-87.5818,-104.9760,44.3564,-25.2534,82.8431,99.0747,-71.8327,-431.1171,133.3454,-173.5798,5.2019,83.3772,6,1,0,0,0
Session_8,2026-01-26 17:04:48.149,19.474,-87.5818,-105.1479,44.3284,-25.0969,83.0587,98.9401,-71.5698,-431.1875,132.1995,-173.7743,5.1107,83.5084,6,1,0,0,0
Session_8,2026-01-26 17:04:48.232,19.557,-87.5812,-105.2840,44.3257,-25.0976,83.2619,99.1207,-71.3243,-431.1003,131.1412,-173.9692,4.9605,83.3272,6,1,0,0,0
Session_8,2026-01-26 17:04:48.306,19.631,-87.5767,-105.3819,44.3034,-24.8978,83.6005,99.2773,-70.8758,-431.2550,130.6358,-174.3302,5.0012,83.1688,6,1,0,0,0
Session_8,2026-01-26 17:04:48.380,19.705,-87.5678,-105.4295,44.2847,-24.7096,83.7694,99.2834,-70.5978,-431.4377,130.5242,-174.5173,5.0949,83.1671,6,1,0,0,0
Session_8,2026-01-26 17:04:48.453,19.778,-87.5679,-105.4361,44.2828,-24.4707,83.6678,99.0205,-70.7099,-431.6942,130.9222,-174.4298,5.3133,83.4281,6,1,0,0,0
Session_8,2026-01-26 17:04:48.527,19.852,-87.5680,-105.4581,44.2560,-24.1150,83.5867,98.2624,-70.7925,-432.0695,131.3114,-174.3240,5.5544,84.1827,6,1,0,0,0
Session_8,2026-01-26 17:04:48.601,19.926,-87.5680,-105.4626,44.2026,-23.7325,83.2146,97.5613,-71.2231,-432.4990,131.8109,-173.9300,5.8553,84.8843,6,1,0,0,0
Session_8,2026-01-26 17:04:48.675,20.000,-87.5683,-105.4723,44.1233,-23.8232,82.8218,97.6019,-71.7014,-432.4363,131.2856,-173.5204,5.7331,84.8516,6,1,0,0,0
Session_8,2026-01-26 17:04:48.745,20.070,-87.5682,-105.4865,43.9804,-23.8438,83.0354,97.6595,-71.4430,-432.4382,130.4936,-173.7144,5.5352,84.7933,6,1,0,0,0
Session_8,2026-01-26 17:04:48.829,20.154,-87.5689,-105.4974,43.6195,-23.6412,82.9303,97.8037,-71.5617,-432.7445,129.2463,-173.6011,5.3974,84.6524,6,1,0,0,0
Session_8,2026-01-26 17:04:48.911,20.236,-87.5693,-105.4973,43.1170,-23.3253,82.7216,98.1532,-71.7965,-433.2091,127.6930,-173.4006,5.2810,84.3090,6,1,0,0,0
Session_8,2026-01-26 17:04:48.974,20.299,-87.5693,-105.4972,42.7443,-23.0280,82.9756,98.5048,-71.4746,-433.5975,126.5922,-173.6735,5.2094,83.9549,6,1,0,0,0
Session_8,2026-01-26 17:04:49.034,20.359,-87.5693,-105.4971,42.4879,-22.7142,83.1981,98.5096,-71.1898,-433.9762,126.0296,-173.9028,5.2342,83.9458,6,1,0,0,0
Session_8,2026-01-26 17:04:49.109,20.434,-87.5690,-105.4972,42.4418,-22.6442,83.2915,98.6353,-71.0721,-434.0565,125.9449,-174.0103,5.2571,83.8188,6,1,0,0,0
Session_8,2026-01-26 17:04:49.181,20.506,-87.5690,-105.4974,42.4414,-22.8234,83.2530,98.9559,-71.1263,-433.8661,125.6169,-173.9737,5.1189,83.5017,6,1,0,0,0
Session_8,2026-01-26 17:04:49.257,20.582,-87.5690,-105.4975,42.4399,-22.8770,83.3196,99.1084,-71.0483,-433.8061,125.5007,-174.0444,5.0698,83.3492,6,1,0,0,0
Session_8,2026-01-26 17:04:49.323,20.648,-87.5692,-105.4977,42.4391,-22.9092,83.3849,99.1090,-70.9726,-433.7684,125.4271,-174.1037,5.0268,83.3477,6,1,0,0,0
Session_8,2026-01-26 17:04:49.400,20.725,-87.5696,-105.4994,42.4370,-22.9539,83.5291,99.1049,-70.8045,-433.7130,125.3038,-174.2383,4.9559,83.3497,6,1,0,0,0
Session_8,2026-01-26 17:04:49.484,20.809,-87.5699,-105.5007,42.4246,-23.0370,83.6657,99.1516,-70.6460,-433.6184,125.0688,-174.3620,4.8434,83.3019,6,1,0,0,0
Session_8,2026-01-26 17:04:49.552,20.877,-87.5702,-105.5014,42.4108,-23.0740,83.7625,99.6199,-70.5332,-433.5758,124.9229,-174.4886,4.8223,82.8331,6,1,0,0,0
Session_8,2026-01-26 17:04:49.635,20.960,-87.5706,-105.5020,42.3982,-23.1489,83.8374,99.6185,-70.4491,-433.4927,124.7162,-174.5476,4.7229,82.8341,6,1,0,0,0
Session_8,2026-01-26 17:04:49.711,21.036,-87.5718,-105.5030,42.3728,-23.2258,83.8511,99.5972,-70.4449,-433.4106,124.4558,-174.5422,4.6167,82.8554,6,1,0,0,0
Session_8,2026-01-26 17:04:49.800,21.125,-87.5725,-105.5035,42.3348,-23.1262,84.0399,99.5615,-70.2178,-433.5163,124.4458,-174.7359,4.6422,82.8865,6,1,0,0,0
Session_8,2026-01-26 17:04:49.876,21.201,-87.5727,-105.5036,42.3080,-23.0946,84.3235,99.4901,-69.8759,-433.5426,124.3524,-175.0110,4.5938,82.9534,6,0,0,0,0
Session_8,2026-01-26 17:04:49.950,21.274,-87.5729,-105.5038,42.2650,-23.0219,84.4691,99.5615,-69.6977,-433.6225,124.2813,-175.1653,4.6051,82.8794,6,0,0,0,0
Session_8,2026-01-26 17:04:50.017,21.342,-87.5732,-105.5040,42.2229,-23.0067,84.4327,99.5739,-69.7431,-433.6470,124.1296,-175.1259,4.5854,82.8676,6,0,0,0,0
Session_8,2026-01-26 17:04:50.093,21.418,-87.6107,-105.5041,42.1933,-23.0225,84.4402,99.5430,-70.0183,-433.5885,123.9703,-175.1233,4.5365,82.8615,6,0,0,0,0
Session_8,2026-01-26 17:04:50.171,21.496,-87.6177,-105.5044,42.1393,-22.9937,84.3530,99.5657,-70.1749,-433.6235,123.7979,-175.0348,4.5279,82.8334,6,0,0,0,0
Session_8,2026-01-26 17:04:50.235,21.560,-87.6188,-105.5046,42.0737,-22.9147,84.2514,99.5313,-70.3020,-433.7229,123.6690,-174.9339,4.5546,82.8679,6,0,0,0,0
Session_8,2026-01-26 17:04:50.317,21.642,-87.6191,-105.5047,41.9853,-22.8440,84.3187,99.7174,-70.2193,-433.8105,123.4070,-175.0121,4.5422,82.6809,6,0,0,0,0
Session_8,2026-01-26 17:04:50.388,21.713,-87.6192,-105.5048,41.9417,-22.7650,84.2178,99.6542,-70.3378,-433.9073,123.3749,-174.9134,4.5884,82.7450,6,0,0,0,0
Session_8,2026-01-26 17:04:50.664,21.989,-87.6192,-105.5035,41.9212,-22.1354,84.4409,99.3267,-70.0402,-434.5829,124.4283,-175.2069,5.1256,83.0607,6,0,0,0,0
Session_8,2026-01-26 17:04:50.739,22.064,-87.6190,-105.5020,41.9261,-21.9754,84.5892,99.1914,-69.8525,-434.7482,124.7402,-175.3681,5.2550,83.1919,6,0,0,0,0
Session_8,2026-01-26 17:04:50.823,22.148,-87.6190,-105.5009,41.9323,-21.8662,84.4910,98.9896,-69.9661,-434.8681,124.9882,-175.2708,5.3689,83.3936,6,0,0,0,0
Session_8,2026-01-26 17:04:50.900,22.225,-87.6190,-105.4898,41.9492,-21.6410,84.3523,98.9806,-70.1234,-435.1167,125.5802,-175.1725,5.6399,83.4005,6,0,0,0,0
Session_8,2026-01-26 17:04:50.975,22.300,-87.6190,-105.4808,41.9701,-21.5806,84.2651,98.9642,-70.2258,-435.1859,125.8620,-175.0988,5.7413,83.4168,6,0,0,0,0
Session_8,2026-01-26 17:04:51.050,22.375,-87.6190,-105.4639,42.0663,-21.7028,84.3187,98.9463,-70.1671,-435.0480,126.1749,-175.1485,5.7225,83.4340,6,0,0,0,0
Session_8,2026-01-26 17:04:51.133,22.458,-87.6189,-105.4538,42.2898,-21.9507,84.3015,98.9484,-70.1996,-434.7496,126.7646,-175.1295,5.7111,83.4325,6,0,0,0,0
Session_8,2026-01-26 17:04:51.200,22.525,-87.6188,-105.4533,42.5721,-22.1560,84.4279,98.9532,-70.0576,-434.4686,127.5995,-175.2671,5.7685,83.4250,6,0,0,0,0
Session_8,2026-01-26 17:04:51.274,22.599,-87.6174,-105.4534,43.1068,-22.6222,84.7863,99.0981,-69.6397,-433.8414,129.0112,-175.6469,5.7915,83.2757,6,0,0,0,0
Session_8,2026-01-26 17:04:51.341,22.666,-87.6171,-105.4535,43.6563,-23.2265,84.9216,99.0562,-69.5068,-433.0606,130.2496,-175.7678,5.7129,83.3172,6,0,0,0,0
Session_8,2026-01-26 17:04:51.416,22.741,-87.6171,-105.4536,44.1057,-23.5973,84.9477,99.0417,-69.4968,-432.5450,131.4962,-175.8046,5.7853,83.3300,6,0,0,0,0
Session_8,2026-01-26 17:04:51.500,22.825,-87.6171,-105.4536,44.6265,-23.6556,84.8975,99.0170,-69.5666,-432.3254,133.6380,-175.8255,6.2480,83.3477,6,0,0,0,0
Session_8,2026-01-26 17:04:51.574,22.899,-87.6164,-105.4539,45.0068,-23.3920,84.9271,99.0864,-69.5196,-432.4626,135.7660,-175.9648,6.8839,83.2668,6,0,0,0,0
Session_8,2026-01-26 17:04:51.635,22.960,-87.6162,-105.4532,45.1309,-23.3741,84.8625,99.0692,-69.5972,-432.4378,136.3473,-175.9217,7.0337,83.2822,6,0,0,0,0
Session_8,2026-01-26 17:04:51.709,23.034,-87.6167,-105.4404,45.2620,-23.5245,84.8254,98.9442,-69.6536,-432.2441,136.7281,-175.8686,7.0241,83.4079,6,0,0,0,0
Session_8,2026-01-26 17:04:51.783,23.108,-87.6170,-105.3417,45.6505,-23.6508,84.6964,98.8131,-69.8214,-432.0150,138.9157,-175.7807,7.3911,83.5339,6,0,0,0,0
Session_8,2026-01-26 17:04:51.864,23.189,-87.6169,-105.0867,46.6580,-23.8685,84.6689,98.8756,-69.8777,-431.4466,144.7392,-175.9252,8.4320,83.4489,6,0,0,0,0
Session_8,2026-01-26 17:04:51.941,23.266,-87.6163,-104.7957,48.0711,-24.4254,84.5261,98.8756,-70.0970,-430.2290,151.9004,-175.9645,9.5873,83.4227,6,0,0,0,0
Session_8,2026-01-26 17:04:52.016,23.341,-87.6165,-104.3413,49.5899,-25.8398,84.3455,98.8612,-70.4082,-428.0212,159.0047,-175.8716,10.1659,83.4240,6,0,0,0,0
Session_8,2026-01-26 17:04:52.084,23.409,-87.6166,-103.7154,50.9735,-27.2557,83.7955,98.9271,-71.1677,-425.7508,166.7532,-175.4336,10.8420,83.3464,6,0,0,0,0
Session_8,2026-01-26 17:04:52.165,23.490,-87.6172,-102.6962,52.8430,-28.1250,83.4123,99.0829,-71.7404,-423.1956,180.3311,-175.4149,12.9080,83.1244,6,0,0,0,0
Session_8,2026-01-26 17:04:52.242,23.567,-87.6174,-101.2545,54.8169,-29.6926,83.4068,99.3006,-71.9124,-419.2627,195.7602,-175.7739,14.7487,82.8264,6,0,0,0,0
Session_8,2026-01-26 17:04:52.317,23.642,-87.6169,-99.6814,56.7643,-31.5314,83.3526,99.5615,-72.1755,-414.4284,211.1632,-176.0879,16.4336,82.4779,6,0,0,0,0
Session_8,2026-01-26 17:04:52.379,23.704,-87.6169,-98.1666,58.5174,-33.1197,84.3077,99.4263,-71.2300,-409.4461,225.4124,-177.2928,17.9233,82.5206,6,0,0,0,0
Session_8,2026-01-26 17:04:52.452,23.777,-87.6182,-95.7684,60.7590,-36.1272,84.0262,100.2056,-71.9261,-401.0962,244.4976,-177.5881,19.6119,81.5999,6,0,0,0,0
Session_8,2026-01-26 17:04:52.535,23.860,-87.6179,-92.5366,63.1125,-37.0020,83.9905,101.0866,-72.3886,-390.9780,273.2403,-178.9151,24.2627,80.2736,6,0,0,0,0
Session_8,2026-01-26 17:04:52.611,23.936,-87.6163,-89.5441,64.2962,-36.9051,84.5013,101.0790,-72.1262,-382.1890,297.4287,179.5694,28.3390,79.8318,6,0,0,0,0
Session_8,2026-01-26 17:04:52.695,24.019,-87.6135,-85.4094,64.6397,-38.8188,83.3093,101.1175,-74.0308,-370.5812,321.5261,-179.9341,31.0697,79.4669,6,0,0,0,0
Session_8,2026-01-26 17:04:52.769,24.094,-87.6095,-81.6869,64.5312,-42.0515,83.4219,101.1532,-74.3220,-359.7291,337.8030,179.8338,31.4195,79.3773,6,0,0,0,0
Session_8,2026-01-26 17:04:52.833,24.158,-87.6069,-78.4246,64.2369,-43.2257,83.7859,101.1532,-74.2697,-350.0898,354.4245,178.9949,33.0960,79.1233,6,0,0,0,0
Session_8,2026-01-26 17:04:52.901,24.226,-87.6101,-75.0852,63.4549,-44.0607,83.9767,101.1552,-74.4515,-340.6736,370.3989,178.3256,34.7346,78.8502,6,0,0,0,0
Session_8,2026-01-26 17:04:52.979,24.304,-87.6093,-70.7092,61.8006,-44.8551,85.1344,101.1353,-73.5387,-328.9195,389.5553,176.6506,36.3844,78.5615,6,0,0,0,0
Session_8,2026-01-26 17:04:53.047,24.372,-87.6205,-65.9010,59.4744,-45.3577,85.2642,101.1559,-73.9826,-315.9819,409.4281,175.9056,38.2785,78.1607,6,0,0,0,0
Session_8,2026-01-26 17:04:53.122,24.447,-87.6209,-60.0866,55.8890,-45.5589,85.4050,101.1951,-74.4483,-300.7316,431.3939,175.0841,40.2119,77.6992,6,0,0,0,0
Session_8,2026-01-26 17:04:53.188,24.513,-87.6201,-55.3105,52.2175,-45.0233,85.6336,101.2438,-74.6615,-288.8469,448.3694,174.2628,41.7482,77.2749,6,0,0,0,0
Session_8,2026-01-26 17:04:53.263,24.588,-87.6205,-50.2968,47.3442,-43.6178,85.7600,101.3015,-74.9610,-277.9994,464.8225,173.5347,43.2085,76.8261,6,0,0,0,0
Session_8,2026-01-26 17:04:53.336,24.661,-87.6214,-45.9885,42.1764,-40.1701,85.9509,101.2898,-75.0692,-269.9369,480.6959,172.3711,45.6621,76.1530,6,0,0,0,0
Session_8,2026-01-26 17:04:53.413,24.737,-87.6245,-41.9641,37.2419,-38.1583,86.2839,101.3379,-74.9917,-262.4320,492.0073,171.5550,46.6475,75.7702,6,0,0,0,0
Session_8,2026-01-26 17:04:53.488,24.813,-87.6284,-37.5361,31.9232,-35.5380,86.2592,101.3777,-75.4370,-252.8211,504.7181,170.7913,48.3010,75.1585,6,0,0,0,0
Session_8,2026-01-26 17:04:53.553,24.878,-87.6341,-34.3556,28.4292,-34.2114,86.6327,101.3928,-75.3471,-244.6455,512.8635,169.9631,49.1926,74.8037,6,0,0,0,0
Session_8,2026-01-26 17:04:53.620,24.945,-87.6508,-30.0282,23.9473,-32.2984,86.5304,101.4629,-76.0632,-231.9324,524.0366,169.1335,50.8729,74.0276,6,0,0,0,0
Session_8,2026-01-26 17:04:53.687,25.012,-87.6630,-26.3913,20.4139,-30.3037,86.6080,101.4890,-76.5183,-219.6685,533.9967,167.9357,52.8394,73.1191,6,0,0,0,0
Session_8,2026-01-26 17:04:53.764,25.089,-87.6636,-22.2349,16.5120,-27.7604,86.5812,101.5047,-77.1771,-204.3736,545.3127,166.3135,55.4722,71.7722,6,0,0,0,0
Session_8,2026-01-26 17:04:53.840,25.164,-87.6636,-18.2399,12.9961,-26.1269,86.4851,101.5164,-77.9242,-188.9193,554.1579,165.0035,57.4583,70.5927,6,0,0,0,0
Session_8,2026-01-26 17:04:53.908,25.233,-87.6635,-15.1618,10.3331,-24.1507,86.5778,101.5281,-78.3442,-175.8640,561.7952,163.1488,59.6468,69.0844,6,0,0,0,0
Session_8,2026-01-26 17:04:53.994,25.318,-87.6634,-11.0562,6.9248,-21.7667,86.2839,101.5308,-79.4433,-157.6447,570.8413,160.7645,62.5080,66.7348,6,0,0,0,0
Session_8,2026-01-26 17:04:54.071,25.396,-87.6634,-7.8581,4.5520,-21.1418,86.2969,101.5370,-80.0094,-143.3853,575.3995,159.3221,63.8043,65.4568,6,0,0,0,0
Session_8,2026-01-26 17:04:54.151,25.476,-87.6635,-5.4170,3.0060,-21.2489,87.2644,101.5377,-79.3001,-132.0338,577.8654,157.6960,64.3250,64.8776,6,0,0,0,0
Session_8,2026-01-26 17:04:54.212,25.537,-87.6635,-3.3648,1.8948,-21.1514,87.5974,101.5398,-79.3269,-121.4782,580.3422,156.2798,65.1803,63.9021,6,0,0,0,0
Session_8,2026-01-26 17:04:54.302,25.627,-87.6633,-0.7087,0.6491,-18.6788,87.0749,101.5425,-80.6711,-104.0564,587.5343,151.6062,68.6107,59.1111,6,0,0,0,0
Session_8,2026-01-26 17:04:54.368,25.693,-87.6627,0.7090,0.0401,-17.3811,86.8291,101.5432,-81.3637,-94.3649,591.0843,148.3409,70.3819,55.8183,6,0,0,0,0
Session_8,2026-01-26 17:04:54.444,25.769,-87.6620,2.0285,-0.4980,-16.3023,88.6610,101.5459,-79.5109,-85.2882,593.9706,143.6334,71.5453,53.1316,6,0,0,0,0
Session_8,2026-01-26 17:04:54.520,25.845,-87.6621,2.3912,-0.5717,-14.2397,88.0767,101.5494,-80.4384,-79.9408,597.6514,138.7589,73.3891,47.9138,6,0,0,0,0
Session_8,2026-01-26 17:04:54.597,25.922,-87.6621,2.4461,-0.5685,-11.5247,89.2248,101.5432,-79.2295,-75.4225,601.8679,130.6645,75.0992,41.2500,6,0,0,0,0
Session_8,2026-01-26 17:04:54.671,25.996,-87.6621,2.4468,-0.5684,-10.8270,90.3049,101.5473,-77.9645,-74.2921,602.9019,128.0753,75.3908,39.8114,6,0,0,0,0
Session_8,2026-01-26 17:04:54.748,26.073,-87.6623,2.4503,-0.5683,-10.7240,90.3701,101.5514,-77.8933,-74.1015,603.0579,127.7047,75.4441,39.5164,6,0,0,0,0
Session_8,2026-01-26 17:04:54.824,26.149,-87.6629,2.5980,-0.5673,-10.2537,91.0258,101.5494,-77.1761,-72.1905,603.9282,125.4757,75.7351,38.0056,6,0,0,0,0
Session_8,2026-01-26 17:04:54.901,26.226,-87.6628,3.2715,-0.5667,-10.6595,91.0670,101.5480,-77.3104,-67.6700,604.1254,124.5715,75.8863,37.1702,6,0,0,0,0
Session_8,2026-01-26 17:04:54.974,26.299,-87.6624,4.1427,-0.5669,-11.0207,91.1749,101.5542,-77.4284,-61.5635,604.5399,122.7748,76.1545,35.5331,6,0,0,0,0
Session_8,2026-01-26 17:04:55.059,26.384,-87.6624,5.2254,-0.5669,-10.9925,91.3561,101.5487,-77.5499,-53.1985,605.6041,118.6900,76.7181,31.7426,6,0,0,0,0
Session_8,2026-01-26 17:04:55.150,26.475,-87.6623,6.5371,-0.5669,-12.6357,91.5292,101.5514,-77.6428,-45.7751,604.3566,119.8820,76.5327,33.0741,6,0,0,0,0
Session_8,2026-01-26 17:04:55.217,26.542,-87.6622,7.2013,-0.5671,-13.5509,90.9544,101.5576,-78.4860,-42.2068,603.5343,120.9412,76.4563,33.5326,6,0,0,0,0
Session_8,2026-01-26 17:04:55.294,26.619,-87.6588,7.3718,-0.5677,-12.7675,91.1646,101.5542,-78.3340,-39.6300,604.7453,117.2964,76.9088,30.1983,6,0,0,0,0
Session_8,2026-01-26 17:04:55.366,26.691,-87.6558,7.3426,-0.5693,-14.0144,91.2511,101.5549,-78.1355,-41.8661,602.9698,122.0337,76.2563,34.8954,6,0,0,0,0
Session_8,2026-01-26 17:04:55.435,26.760,-87.6555,7.2898,-0.5705,-14.2300,90.8068,101.5569,-78.6425,-42.6490,602.6232,123.1087,76.1562,35.4989,6,0,0,0,0
Session_8,2026-01-26 17:04:55.502,26.827,-87.6554,7.2897,-0.5705,-14.2623,91.0107,101.5597,-78.3934,-42.6871,602.5773,123.1545,76.1138,35.7452,6,0,0,0,0
Session_8,2026-01-26 17:04:55.584,26.909,-87.6553,7.2879,-0.5709,-14.3633,90.9270,101.5617,-78.4875,-42.8686,602.4306,123.5328,76.0643,36.0293,6,0,0,0,0
Session_8,2026-01-26 17:04:55.659,26.984,-87.6545,7.2482,-0.5732,-14.8116,90.8968,101.5645,-78.4817,-43.8920,601.7530,125.1987,75.7879,37.6156,6,0,0,0,0
Session_8,2026-01-26 17:04:55.723,27.048,-87.6539,7.1042,-0.5747,-14.4793,91.1666,101.5645,-78.1308,-44.4537,602.1302,124.4856,75.8643,37.1921,6,0,0,0,0
Session_8,2026-01-26 17:04:55.798,27.123,-87.6539,7.0315,-0.5757,-14.6448,91.0149,101.5604,-78.2809,-45.2832,601.8362,125.3422,75.7472,37.8729,6,0,0,0,0
Session_8,2026-01-26 17:04:55.864,27.189,-87.6539,7.0274,-0.5856,-14.5665,90.9805,101.5659,-78.3245,-45.2362,601.9355,125.1278,75.7840,37.6302,6,0,0,0,0
Session_8,2026-01-26 17:04:55.948,27.273,-87.6538,7.0272,-0.5869,-14.5912,91.0595,101.5693,-78.2269,-45.2774,601.8981,125.1810,75.7569,37.7597,6,0,0,0,0
Session_8,2026-01-26 17:04:56.030,27.355,-87.6536,7.0271,-0.5873,-14.5844,91.1474,101.5665,-78.1207,-45.2622,601.9080,125.1364,75.7527,37.8040,6,0,0,0,0
Session_8,2026-01-26 17:04:56.112,27.437,-87.6530,7.0218,-0.5903,-14.8206,91.2428,101.5686,-77.9873,-45.6805,601.5576,125.9003,75.5966,38.6389,6,0,0,0,0
Session_8,2026-01-26 17:04:56.173,27.498,-87.6529,6.9677,-0.6428,-14.9641,91.1968,101.5659,-78.0076,-46.5472,601.2469,126.7253,75.4549,39.3927,6,0,0,0,0
Session_8,2026-01-26 17:04:56.251,27.576,-87.6528,6.7353,-0.7696,-15.0245,91.2195,101.5652,-77.8813,-48.9551,600.8292,128.0296,75.1961,40.6770,6,0,0,0,0
Session_8,2026-01-26 17:04:56.328,27.653,-87.6529,5.8738,-0.8934,-14.9641,91.2655,101.5686,-77.5395,-55.9317,600.0280,130.7359,74.5971,43.3346,6,0,0,0,0
Session_8,2026-01-26 17:04:56.411,27.736,-87.6529,4.2271,-1.0022,-14.9620,91.7626,101.5679,-76.4082,-68.8155,598.1895,135.1214,73.3252,48.0383,6,0,0,0,0
Session_8,2026-01-26 17:04:56.474,27.799,-87.6530,2.7016,-1.0641,-14.6812,91.6431,101.5693,-76.0876,-80.1768,596.6393,138.1990,72.3842,50.8621,6,0,0,0,0
Session_8,2026-01-26 17:04:56.549,27.874,-87.6532,0.3193,-1.1842,-14.0076,91.6150,101.5693,-75.4079,-97.6001,593.9639,141.9350,70.9813,54.3817,6,0,0,0,0
Session_8,2026-01-26 17:04:56.611,27.936,-87.6532,-1.5270,-1.3306,-13.1486,91.5360,101.5672,-74.9626,-110.8072,591.8612,144.0382,70.0898,56.2892,6,0,0,0,0
Session_8,2026-01-26 17:04:56.701,28.026,-87.6534,-4.2364,-1.6674,-14.0824,91.2188,101.5665,-74.4221,-133.3990,584.0029,150.2190,66.8141,61.7393,6,0,0,0,0
Session_8,2026-01-26 17:04:56.766,28.091,-87.6535,-6.4591,-2.2962,-14.0069,91.0959,101.5672,-73.8126,-151.9182,577.3848,153.5853,64.4099,64.6912,6,0,0,0,0
Session_8,2026-01-26 17:04:56.850,28.174,-87.6535,-9.2276,-3.4902,-14.2973,91.2428,101.5665,-72.6297,-176.4315,566.2472,157.4808,60.5541,68.2820,6,0,0,0,0
Session_8,2026-01-26 17:04:56.917,28.242,-87.6535,-11.4976,-4.7632,-14.0817,91.3204,101.5665,-71.7107,-196.5614,556.0721,159.9371,57.4754,70.4567,6,0,0,0,0
Session_8,2026-01-26 17:04:56.984,28.309,-87.6535,-13.4760,-5.9605,-14.4649,91.3596,101.5617,-70.9335,-214.3731,544.9542,162.1732,54.1453,72.3428,6,0,0,0,0
Session_8,2026-01-26 17:04:57.065,28.390,-87.6537,-16.4226,-7.9230,-14.6667,91.1982,101.5665,-70.0787,-240.0314,526.9995,164.9951,49.3402,74.4279,6,0,0,0,0
Session_8,2026-01-26 17:04:57.140,28.465,-87.6539,-18.9472,-9.7090,-14.5177,91.2222,101.5645,-69.1942,-260.9268,510.4766,166.7958,45.3611,75.7725,6,0,0,0,0
Session_8,2026-01-26 17:04:57.214,28.539,-87.6541,-21.2507,-11.4163,-14.6413,91.3657,101.5617,-68.2706,-279.2397,493.4549,168.2334,41.3597,76.8630,6,0,0,0,0
Session_8,2026-01-26 17:04:57.296,28.621,-87.6541,-23.8187,-13.2769,-14.3351,91.3939,101.5631,-67.4630,-298.1259,474.3704,169.5894,37.3726,77.7409,6,0,0,0,0
Session_8,2026-01-26 17:04:57.378,28.703,-87.6541,-26.5549,-15.2052,-13.1877,91.7434,101.5672,-66.2817,-316.6125,454.7501,170.3208,33.8944,78.3734,6,0,0,0,0
Session_8,2026-01-26 17:04:57.452,28.777,-87.6544,-28.9173,-16.6738,-11.7464,92.0441,101.5652,-65.3227,-331.1521,438.6357,170.7103,31.5144,78.7529,6,0,0,0,0
Session_8,2026-01-26 17:04:57.526,28.851,-87.6544,-31.3694,-18.0467,-10.7721,92.0963,101.5659,-64.6925,-344.9969,420.6137,171.4235,28.7308,79.1374,6,0,0,0,0
Session_8,2026-01-26 17:04:57.602,28.927,-87.6546,-33.7274,-19.1657,-9.5382,92.5845,101.5665,-63.6051,-357.1093,404.1161,171.5246,26.4489,79.4179,6,0,0,0,0
Session_8,2026-01-26 17:04:57.681,29.006,-87.6546,-36.4816,-20.2316,-6.8555,92.6402,101.5631,-62.9949,-370.3561,387.7663,171.7540,25.3294,79.5464,6,0,0,0,0
Session_8,2026-01-26 17:04:57.765,29.090,-87.6546,-39.5528,-21.2568,-4.5504,92.4342,101.5638,-62.6996,-383.6739,367.9543,172.3860,23.6229,79.7188,6,0,0,0,0
Session_8,2026-01-26 17:04:57.847,29.172,-87.6548,-42.3220,-22.2008,-3.4147,92.4355,101.5672,-62.2655,-394.2584,347.3504,172.9872,21.1058,79.9448,6,0,0,0,0
Session_8,2026-01-26 17:04:57.935,29.260,-87.6550,-45.3593,-23.0284,-2.4657,92.6237,101.5645,-61.6287,-404.2744,324.4745,173.4642,18.2196,80.1740,6,0,0,0,0
Session_8,2026-01-26 17:04:58.002,29.327,-87.6553,-47.6698,-23.6726,-0.8350,92.5262,101.5686,-61.4499,-411.5775,308.4720,173.8496,16.9441,80.2553,6,0,0,0,0
Session_8,2026-01-26 17:04:58.070,29.395,-87.6554,-49.7190,-24.1738,0.1456,92.4451,101.5659,-61.3203,-417.1591,293.3907,174.2703,15.4252,80.3514,6,0,0,0,0
Session_8,2026-01-26 17:04:58.135,29.460,-87.6556,-51.7549,-24.5694,0.1703,92.3573,101.5652,-61.2534,-421.4406,276.7710,174.8695,13.0880,80.4765,6,0,0,0,0
Session_8,2026-01-26 17:04:58.200,29.525,-87.6556,-54.0051,-25.0171,1.7084,92.2687,101.5659,-61.1480,-426.6300,261.1772,175.1996,11.9706,80.5272,6,0,0,0,0
Session_8,2026-01-26 17:04:58.292,29.617,-87.6556,-56.1836,-25.4679,3.1998,91.8272,101.5659,-61.5021,-431.0689,245.7769,175.8681,10.9449,80.5673,6,0,0,0,0
Session_8,2026-01-26 17:04:58.369,29.694,-87.6556,-58.0070,-25.7037,4.3712,90.9778,101.5645,-62.3980,-434.3581,233.2564,176.8826,10.2458,80.5916,6,0,0,0,0
Session_8,2026-01-26 17:04:58.443,29.768,-87.6566,-59.6876,-25.7109,6.0198,89.9046,101.5652,-63.5724,-437.6905,223.7338,177.9403,10.4224,80.5815,6,0,0,0,0
Session_8,2026-01-26 17:04:58.517,29.842,-87.6570,-61.1364,-25.7107,8.0008,88.7489,101.5665,-64.8497,-440.8316,216.6023,178.9604,11.1752,80.5526,6,0,0,0,0
Session_8,2026-01-26 17:04:58.599,29.924,-87.6579,-62.5562,-25.7106,8.6071,88.2154,101.5638,-65.4343,-442.5296,206.9364,179.6523,10.4859,80.5850,6,0,0,0,0
Session_8,2026-01-26 17:04:58.673,29.997,-87.6638,-63.7008,-25.7107,8.4540,88.0527,101.5679,-65.6530,-443.1347,197.8589,-179.9211,9.2478,80.6206,6,0,0,0,0
Session_8,2026-01-26 17:04:58.732,30.057,-87.6697,-64.4706,-25.7106,8.9882,87.6077,101.5652,-66.2007,-444.0458,192.9909,-179.4362,9.1063,80.6258,6,0,0,0,0
Session_8,2026-01-26 17:04:58.805,30.130,-87.6718,-65.2052,-25.7109,8.6098,86.5036,101.5679,-67.5556,-444.0456,186.6782,-178.1261,8.2376,80.6601,6,0,0,0,0
Session_8,2026-01-26 17:04:58.879,30.204,-87.6725,-65.9462,-25.7108,9.4221,86.2523,101.5624,-67.8233,-445.0866,182.5399,-177.8934,8.3577,80.6645,6,0,0,0,0
Session_8,2026-01-26 17:04:58.953,30.278,-87.6727,-66.6981,-25.7109,9.5416,85.4359,101.5665,-68.7992,-445.4243,177.0355,-176.9640,7.9018,80.6859,6,0,0,0,0
Session_8,2026-01-26 17:04:59.027,30.352,-87.6746,-67.3528,-25.7109,9.1633,85.2271,101.5659,-69.0777,-445.1550,171.2891,-176.5492,6.9317,80.7142,6,0,0,0,0
Session_8,2026-01-26 17:04:59.088,30.413,-87.6769,-67.8927,-25.7108,9.6467,85.2649,101.5473,-69.0284,-445.6833,168.0271,-176.5726,6.8678,80.7314,6,0,0,0,0
Session_8,2026-01-26 17:04:59.151,30.476,-87.6802,-68.4284,-25.7109,9.3212,85.5313,101.5624,-68.7452,-445.3377,163.2558,-176.6615,5.9717,80.7293,6,0,0,0,0
Session_8,2026-01-26 17:04:59.216,30.541,-87.6971,-68.7628,-25.7111,9.1660,85.3535,101.5652,-69.0988,-445.1414,160.4033,-176.3885,5.5277,80.7217,6,0,0,0,0
Session_8,2026-01-26 17:04:59.290,30.615,-87.7052,-68.8959,-25.7123,9.1365,85.2464,101.5631,-69.2933,-445.0907,159.3268,-176.2502,5.3885,80.7202,6,0,0,0,0
Session_8,2026-01-26 17:04:59.364,30.689,-87.7077,-68.9571,-25.7147,8.9580,85.1509,101.5624,-69.4362,-444.8908,158.5230,-176.1077,5.1704,80.7241,6,0,0,0,0
Session_8,2026-01-26 17:04:59.435,30.760,-87.7089,-69.3575,-25.7166,9.3377,84.5741,101.5624,-70.1276,-445.2626,156.1897,-175.5373,5.2635,80.7318,6,0,0,0,0
Session_8,2026-01-26 17:04:59.512,30.837,-87.7211,-70.2867,-25.7166,9.6913,84.6950,101.5631,-70.0696,-445.4264,149.6561,-175.5402,4.6755,80.7270,6,0,0,0,0
Session_8,2026-01-26 17:04:59.595,30.920,-87.7475,-71.2093,-25.7161,10.2386,84.8502,101.5631,-70.0756,-445.6894,143.5203,-175.6172,4.2772,80.7041,6,0,0,0,0
Session_8,2026-01-26 17:04:59.668,30.993,-87.7582,-71.7518,-25.7154,11.2260,85.0170,101.5638,-69.9234,-446.5367,141.1216,-175.8704,4.6805,80.6832,6,0,0,0,0
Session_8,2026-01-26 17:04:59.741,31.065,-87.7610,-71.8273,-25.7155,10.9836,84.8653,101.5631,-70.1397,-446.2417,140.1087,-175.6576,4.3993,80.6885,6,0,0,0,0
Session_8,2026-01-26 17:04:59.810,31.135,-87.7609,-71.8273,-25.7154,11.1745,84.1917,101.5617,-70.9439,-446.4779,140.5369,-175.0350,4.7208,80.6978,6,0,0,0,0
Session_8,2026-01-26 17:04:59.899,31.224,-87.7609,-71.8313,-25.7159,10.7549,83.7817,101.5652,-71.4563,-446.0309,139.7865,-174.5480,4.3874,80.7086,6,0,0,0,0
Session_8,2026-01-26 17:04:59.973,31.298,-87.7609,-71.8337,-25.7161,10.4885,83.5716,101.5659,-71.7212,-445.7428,139.3100,-174.2881,4.1660,80.7161,6,0,0,0,0
Session_8,2026-01-26 17:05:00.047,31.372,-87.7610,-71.8358,-25.7162,10.2242,83.3224,101.5611,-72.0336,-445.4564,138.8461,-173.9898,3.9539,80.7297,6,0,0,0,0
Session_8,2026-01-26 17:05:00.120,31.445,-87.7610,-71.8380,-25.7163,9.8843,82.7765,101.5652,-72.7054,-445.0950,138.2922,-173.3861,3.7278,80.7422,6,0,0,0,0
Session_8,2026-01-26 17:05:00.196,31.521,-87.7610,-71.8698,-25.7170,9.5300,82.9310,101.5617,-72.5362,-444.6697,137.3805,-173.4602,3.3176,80.7468,6,0,0,0,0
Session_8,2026-01-26 17:05:00.257,31.582,-87.7609,-71.9132,-25.7181,8.8715,83.0683,101.5604,-72.4008,-443.8811,135.8392,-173.4546,2.6013,80.7524,6,0,0,0,0
Session_8,2026-01-26 17:05:00.334,31.659,-87.7610,-72.2003,-25.7191,8.7149,83.6238,101.5631,-71.7462,-443.5176,133.2698,-173.9108,2.0551,80.7409,6,0,0,0,0
Session_8,2026-01-26 17:05:00.401,31.726,-87.7621,-72.4915,-25.7191,8.8811,83.4412,101.5617,-71.9730,-443.5539,131.3515,-173.7067,1.9688,80.7460,6,0,0,0,0
Session_8,2026-01-26 17:05:00.467,31.792,-87.7625,-72.8969,-25.7189,9.3501,83.2235,101.5611,-72.2261,-443.8706,129.0992,-173.5060,2.0745,80.7507,6,0,0,0,0
Session_8,2026-01-26 17:05:00.541,31.866,-87.7634,-73.6324,-25.7182,10.5613,83.3251,101.5638,-72.0747,-444.8019,125.5839,-173.7007,2.5215,80.7409,6,0,0,0,0
Session_8,2026-01-26 17:05:00.632,31.957,-87.8114,-73.9059,-25.7177,10.7968,83.4075,101.5652,-72.3447,-444.8207,123.8877,-173.7741,2.4685,80.6901,6,0,0,0,0
Session_8,2026-01-26 17:05:00.707,32.032,-87.9057,-73.9051,-25.7168,10.7501,83.8806,101.5672,-72.5084,-444.6290,123.7516,-174.2292,2.3304,80.5843,6,0,0,0,0
Session_8,2026-01-26 17:05:00.780,32.105,-88.0384,-73.9050,-25.7168,10.7014,84.3503,101.5686,-72.9739,-444.3845,123.6063,-174.6800,2.1891,80.4414,6,0,0,0,0
Session_8,2026-01-26 17:05:00.856,32.181,-88.3453,-73.9052,-25.7168,10.7268,85.0925,101.5638,-74.4562,-443.9925,123.5671,-175.4125,2.0650,80.1262,6,0,0,0,0
Session_8,2026-01-26 17:05:00.921,32.246,-88.7903,-73.9056,-25.7170,10.8428,86.1630,101.5638,-76.6047,-443.5112,123.6721,-176.4849,1.9642,79.6653,6,0,0,0,0
Session_8,2026-01-26 17:05:00.989,32.314,-89.1176,-73.9059,-25.7171,10.8366,86.8167,101.5659,-78.3455,-443.0475,123.6094,-177.1243,1.8270,79.3287,6,0,0,0,0
Session_8,2026-01-26 17:05:01.061,32.386,-89.1476,-73.9060,-25.7171,10.8772,87.0543,101.5672,-78.2890,-443.0500,123.6661,-177.3653,1.8191,79.2948,6,0,0,0,0
Session_8,2026-01-26 17:05:01.143,32.468,-89.1440,-73.9058,-25.7170,10.8929,87.0145,101.5617,-78.3096,-443.0742,123.6980,-177.3293,1.8425,79.3041,6,0,0,0,0
Session_8,2026-01-26 17:05:01.232,32.557,-89.1441,-73.9059,-25.7171,10.8730,86.8648,101.5652,-78.4916,-443.0530,123.6708,-177.1786,1.8529,79.3022,6,0,0,0,0
Session_8,2026-01-26 17:05:01.314,32.639,-89.1429,-73.9061,-25.7171,10.8332,86.9128,101.5611,-78.4250,-443.0070,123.5954,-177.2176,1.8039,79.3072,6,0,0,0,0
Session_8,2026-01-26 17:05:01.388,32.713,-89.1421,-73.9062,-25.7172,10.8263,86.8957,101.5617,-78.4394,-443.0002,123.5826,-177.1994,1.8004,79.3076,6,0,0,0,0
Session_8,2026-01-26 17:05:01.464,32.789,-89.1403,-73.9063,-25.7172,10.7625,86.8201,101.5631,-78.5184,-442.9288,123.4732,-177.1126,1.7530,79.3092,6,0,0,0,0
Session_8,2026-01-26 17:05:01.548,32.873,-89.1380,-73.9067,-25.7174,10.7378,86.8531,101.5645,-78.4614,-442.9016,123.4224,-177.1399,1.7216,79.3099,6,0,0,0,0
Session_8,2026-01-26 17:05:01.615,32.940,-89.1376,-73.9078,-25.7178,10.6918,86.8751,101.5638,-78.4322,-442.8463,123.3289,-177.1519,1.6707,79.3111,6,0,0,0,0
Session_8,2026-01-26 17:05:01.688,33.013,-89.1341,-73.9081,-25.7178,10.7330,86.9376,101.5645,-78.3287,-442.8983,123.3960,-177.2213,1.6983,79.3130,6,0,0,0,0
Session_8,2026-01-26 17:05:01.749,33.074,-89.1339,-73.9079,-25.7176,10.8497,86.9032,101.5638,-78.3668,-443.0367,123.6092,-177.2111,1.8199,79.3135,6,1,0,0,0
Session_8,2026-01-26 17:05:01.818,33.143,-89.1340,-73.9077,-25.7174,10.8888,86.8840,101.5624,-78.3899,-443.0833,123.6830,-177.2002,1.8624,79.3147,6,1,0,0,0
Session_8,2026-01-26 17:05:01.887,33.212,-89.1340,-73.9072,-25.7171,10.9170,86.9623,101.5590,-78.2949,-443.1158,123.7334,-177.2826,1.8749,79.3172,6,1,0,0,0
Session_8,2026-01-26 17:05:01.953,33.278,-89.1342,-73.9070,-25.7168,10.9211,86.9911,101.5611,-78.2610,-443.1205,123.7418,-177.3118,1.8738,79.3147,6,1,0,0,0
Session_8,2026-01-26 17:05:02.026,33.351,-89.1342,-73.9066,-25.7162,10.8909,87.0055,101.5611,-78.2440,-443.0862,123.6927,-177.3201,1.8423,79.3147,6,1,0,0,0
Session_8,2026-01-26 17:05:02.108,33.433,-89.1341,-73.9068,-25.7162,10.9032,87.0158,101.5583,-78.2311,-443.1004,123.7129,-177.3326,1.8520,79.3173,6,1,0,0,0
Session_8,2026-01-26 17:05:02.180,33.505,-89.1343,-73.9067,-25.7161,10.9019,87.0165,101.5583,-78.2313,-443.0988,123.7113,-177.3330,1.8507,79.3172,6,1,0,0,0
Session_8,2026-01-26 17:05:02.251,33.575,-89.1343,-73.9067,-25.7161,10.8998,87.0364,101.5604,-78.2073,-443.0961,123.7067,-177.3522,1.8448,79.3150,6,1,0,0,0
Session_8,2026-01-26 17:05:02.330,33.655,-89.1343,-73.9065,-25.7158,10.9252,87.0330,101.5597,-78.2109,-443.1266,123.7556,-177.3540,1.8709,79.3155,6,1,0,0,0
Session_8,2026-01-26 17:05:02.404,33.729,-89.1342,-73.9053,-25.7146,10.9623,87.0152,101.5659,-78.2310,-443.1733,123.8374,-177.3446,1.9134,79.3094,6,1,0,0,0
Session_8,2026-01-26 17:05:02.495,33.820,-89.1343,-73.8998,-25.7099,10.9987,87.0728,101.5604,-78.1611,-443.2263,123.9625,-177.4102,1.9472,79.3139,6,1,0,0,0
Session_8,2026-01-26 17:05:02.576,33.901,-89.1344,-73.8782,-25.6935,10.9774,87.1745,101.5645,-78.0386,-443.2419,124.1595,-177.5133,1.9434,79.3087,6,1,0,0,0
Session_8,2026-01-26 17:05:02.651,33.976,-89.1346,-73.8499,-25.6925,11.0062,87.2211,101.5611,-77.9827,-443.2963,124.4315,-177.5706,1.9909,79.3111,6,1,0,0,0
Session_8,2026-01-26 17:05:02.725,34.050,-89.1345,-73.7712,-25.6921,10.9293,87.3063,101.5604,-77.8798,-443.2615,124.8972,-177.6545,1.9759,79.3111,6,1,0,0,0
Session_8,2026-01-26 17:05:02.799,34.124,-89.1345,-73.6122,-25.6918,10.7913,87.6256,101.5638,-77.4937,-443.2062,125.8611,-177.9718,1.9330,79.3051,6,1,0,0,0
Session_8,2026-01-26 17:05:02.879,34.204,-89.1345,-73.4230,-25.6907,10.6911,87.4525,101.5665,-77.7028,-443.2220,127.1545,-177.8203,2.0560,79.3030,6,1,0,0,0
Session_8,2026-01-26 17:05:03.097,34.422,-89.1343,-71.8221,-25.6906,10.1850,87.2555,101.5604,-77.9352,-443.5490,138.6072,-177.8466,3.1680,79.3009,6,1,0,0,0
Session_8,2026-01-26 17:05:03.161,34.486,-89.1343,-71.2008,-25.6905,9.9797,87.2623,101.5645,-77.9267,-443.5831,143.0296,-177.9372,3.5744,79.2917,6,1,0,0,0
Session_8,2026-01-26 17:05:03.286,34.611,-89.1341,-69.6576,-25.6905,9.6130,87.2953,101.5672,-77.8843,-443.6267,154.2695,-178.2066,4.7204,79.2719,6,1,0,0,0
Session_8,2026-01-26 17:05:03.350,34.675,-89.1339,-68.8763,-25.6905,9.5615,87.3248,101.5707,-77.8465,-443.6803,160.2064,-178.3832,5.4296,79.2554,6,1,0,0,0
Session_8,2026-01-26 17:05:03.417,34.742,-89.1339,-68.0009,-25.6905,9.1393,87.4038,101.5686,-77.7563,-443.2683,166.1702,-178.5520,5.8574,79.2481,6,1,0,0,0
Session_8,2026-01-26 17:05:03.492,34.817,-89.1338,-67.0696,-25.6905,8.9806,87.4120,101.5672,-77.7495,-443.0338,173.0561,-178.7166,6.6127,79.2325,6,1,0,0,0
Session_8,2026-01-26 17:05:03.589,34.914,-89.1334,-65.7107,-25.6906,8.5343,87.5089,101.5652,-77.6405,-442.2870,182.6760,-178.9968,7.4869,79.2118,6,1,0,0,0
Session_8,2026-01-26 17:05:03.656,34.981,-89.1332,-64.9138,-25.6905,8.5467,87.4862,101.5617,-77.6705,-442.0137,188.8337,-179.1393,8.2840,79.1928,6,1,0,0,0
Session_8,2026-01-26 17:05:03.730,35.055,-89.1331,-64.0094,-25.6905,8.2528,87.6098,101.5659,-77.5306,-441.3110,195.2157,-179.3861,8.8571,79.1698,6,1,0,0,0
Session_8,2026-01-26 17:05:03.811,35.136,-89.1330,-62.9264,-25.6905,8.2308,87.6187,101.5645,-77.5292,-440.6453,203.4855,-179.6130,9.8942,79.1357,6,1,0,0,0
Session_8,2026-01-26 17:05:03.885,35.210,-89.1330,-62.0929,-25.6906,7.9548,87.5988,101.5665,-77.5657,-439.8002,209.3358,-179.7091,10.4440,79.1133,6,1,0,0,0
Session_8,2026-01-26 17:05:03.951,35.276,-89.1323,-61.4930,-25.6905,8.0145,87.7924,101.5631,-77.3321,-439.3647,214.0328,179.9649,11.0509,79.0919,6,1,0,0,0
Session_8,2026-01-26 17:05:04.033,35.358,-89.1315,-60.7507,-25.6905,7.8751,88.5182,101.5645,-76.4585,-438.5721,219.4033,179.1282,11.4957,79.0679,6,1,0,0,0
Session_8,2026-01-26 17:05:04.100,35.425,-89.1127,-60.1020,-25.6905,7.8621,88.5924,101.5652,-76.2349,-437.9439,224.3230,178.9225,12.1030,79.0590,6,1,0,0,0
Session_8,2026-01-26 17:05:04.165,35.490,-89.0640,-59.5449,-25.6905,7.7131,88.7922,101.5700,-75.6314,-437.2913,228.2655,178.6402,12.4623,79.0855,6,1,0,0,0
Session_8,2026-01-26 17:05:04.232,35.557,-88.9617,-58.9508,-25.6905,7.2448,89.7013,101.5638,-73.7670,-436.3612,231.8379,177.7258,12.4034,79.1944,6,1,0,0,0
Session_8,2026-01-26 17:05:04.300,35.625,-88.7072,-58.3793,-25.6905,7.3650,90.1620,101.5645,-71.2830,-436.0793,236.4120,177.1295,12.9880,79.4204,6,1,0,0,0
Session_8,2026-01-26 17:05:04.379,35.704,-88.0706,-57.7090,-25.6905,7.3849,90.6482,101.5652,-65.8729,-435.9762,241.5322,176.5082,13.5661,80.0283,6,1,0,0,0
Session_8,2026-01-26 17:05:04.461,35.786,-86.9997,-56.9179,-25.6906,6.5959,91.7084,101.5707,-56.5170,-435.3830,245.9513,175.4714,13.3557,81.1087,6,1,0,0,0
Session_8,2026-01-26 17:05:04.544,35.869,-85.6138,-56.2529,-25.6905,6.2471,91.8395,101.5693,-45.9054,-435.3907,250.2611,175.2767,13.6390,82.4826,6,1,0,0,0
Session_8,2026-01-26 17:05:04.604,35.929,-84.4134,-55.7936,-25.6907,5.4678,91.9576,101.5638,-36.7550,-434.9779,252.1488,175.2306,13.3025,83.7065,6,1,0,0,0
Session_8,2026-01-26 17:05:04.667,35.992,-83.1912,-55.3877,-25.6908,4.2716,92.0647,101.5714,-27.5221,-434.1249,252.7985,175.2911,12.5070,84.9599,6,1,0,0,0
Session_8,2026-01-26 17:05:04.741,36.066,-81.1570,-54.9572,-25.6909,3.2636,91.7976,101.5693,-12.6380,-433.4406,253.9921,175.6735,11.9953,87.0177,6,1,0,0,0
Session_8,2026-01-26 17:05:04.826,36.151,-79.0222,-54.9105,-25.6911,1.9693,91.8951,101.5659,3.4166,-432.4756,251.7834,175.8392,10.7545,89.2088,6,1,0,0,0
Session_8,2026-01-26 17:05:04.908,36.233,-77.0067,-54.9124,-25.6923,-0.8768,91.7111,101.5700,17.8384,-429.6740,246.2196,176.6052,8.0012,91.3132,6,1,0,0,0
Session_8,2026-01-26 17:05:04.983,36.308,-75.4589,-54.9155,-25.6930,-2.8242,91.4660,101.5665,28.6773,-427.2853,242.4731,177.2426,6.1397,92.9108,6,1,0,0,0
Session_8,2026-01-26 17:05:05.073,36.398,-73.8455,-54.9988,-25.7107,-2.6216,91.0361,101.5659,40.2809,-426.7480,242.1506,177.6427,6.3253,94.5188,6,1,0,0,0
Session_8,2026-01-26 17:05:05.148,36.473,-72.5575,-55.2618,-25.7168,-3.5822,90.1387,101.5714,48.6336,-425.4526,238.3724,178.7700,5.3004,95.8208,6,1,0,0,0
Session_8,2026-01-26 17:05:05.225,36.550,-71.6111,-55.9863,-25.7419,-4.1460,90.1504,101.5693,55.7523,-424.8426,231.8912,179.0239,4.0117,96.7908,6,1,0,0,0
Session_8,2026-01-26 17:05:05.298,36.623,-71.0091,-56.9638,-25.8237,-4.1686,89.2838,101.5679,59.5408,-425.5101,224.2915,-179.9093,3.1256,97.4064,6,1,0,0,0
Session_8,2026-01-26 17:05:05.373,36.698,-70.6527,-58.1848,-25.8713,-4.7942,89.0634,101.5714,62.0641,-425.5898,213.9559,-179.3131,1.3143,97.7745,6,1,0,0,0
Session_8,2026-01-26 17:05:05.434,36.759,-70.6285,-59.0625,-25.9372,-4.3973,89.2248,101.5748,62.7969,-426.5462,207.8842,-179.3615,0.7463,97.7968,6,1,0,0,0
Session_8,2026-01-26 17:05:05.504,36.829,-70.6309,-60.2655,-25.9463,-3.8473,88.5732,101.5686,62.5192,-428.1940,199.9289,-178.5903,0.2282,97.8040,6,1,0,0,0
Session_8,2026-01-26 17:05:05.587,36.912,-70.6307,-61.4153,-25.9466,-3.3433,88.5402,101.5720,62.8939,-429.3740,192.2772,-178.4284,-0.3981,97.8008,6,1,0,0,0
Session_8,2026-01-26 17:05:05.653,36.978,-70.6318,-62.1478,-25.9465,-4.0629,88.9742,101.5720,63.1823,-428.6338,185.5785,-178.5622,-1.9076,97.7915,6,1,0,0,0
Session_8,2026-01-26 17:05:05.728,37.053,-70.6317,-62.9921,-25.9463,-3.6461,89.3930,101.5700,63.9258,-429.2149,180.0118,-178.8867,-2.4103,97.7886,6,1,0,0,0
Session_8,2026-01-26 17:05:05.809,37.134,-70.6319,-63.7915,-25.9466,-3.4937,89.6004,101.5762,64.2832,-429.4758,174.3198,-178.9594,-3.0857,97.7752,6,1,0,0,0
Session_8,2026-01-26 17:05:05.877,37.202,-70.6318,-64.5742,-25.9465,-1.6994,89.7844,101.5700,65.3003,-431.6940,171.5315,-179.3433,-2.1318,97.7902,6,1,0,0,0
Session_8,2026-01-26 17:05:05.958,37.283,-70.6317,-65.6784,-25.9464,-0.3468,89.5921,101.5659,65.6749,-433.4616,165.5727,-179.2050,-1.8497,97.7966,6,1,0,0,0
Session_8,2026-01-26 17:05:06.021,37.346,-70.6317,-66.3856,-25.9464,0.1765,89.5708,101.5693,65.8642,-434.0785,161.1510,-179.1471,-2.0257,97.7920,6,1,0,0,0
Session_8,2026-01-26 17:05:06.083,37.408,-70.6333,-67.0797,-25.9464,1.2957,89.0476,101.5700,65.7031,-435.5689,157.8507,-178.7199,-1.5043,97.7943,6,1,0,0,0
Session_8,2026-01-26 17:05:06.150,37.475,-70.6331,-67.4284,-25.9460,2.0950,88.7112,101.5652,65.6369,-436.6080,156.6069,-178.4809,-0.9952,97.8029,6,1,0,0,0
Session_8,2026-01-26 17:05:06.229,37.554,-70.6346,-67.6181,-25.9461,2.8784,87.8082,101.5700,64.9068,-437.8646,156.5674,-177.7153,-0.2324,97.8039,6,1,0,0,0
Session_8,2026-01-26 17:05:06.300,37.625,-70.6366,-67.6261,-25.9462,2.6450,86.9458,101.5734,63.8094,-437.9403,156.1465,-176.8220,-0.2961,97.8065,6,1,0,0,0
Session_8,2026-01-26 17:05:06.370,37.695,-70.6419,-67.7194,-25.9469,2.2694,86.8250,101.5672,63.4696,-437.5374,154.7922,-176.6096,-0.7322,97.8079,6,1,0,0,0
Session_8,2026-01-26 17:05:06.460,37.785,-70.6434,-68.0743,-25.9471,2.2721,86.3944,101.5679,62.9442,-437.6470,152.1399,-176.1174,-0.9913,97.8102,6,1,0,0,0
Session_8,2026-01-26 17:05:06.542,37.867,-70.6462,-68.6934,-25.9482,2.2920,86.4816,101.5672,62.9744,-437.4803,147.4762,-176.0826,-1.5969,97.8041,6,1,0,0,0
Session_8,2026-01-26 17:05:06.617,37.942,-70.6501,-69.3838,-25.9487,2.3559,86.4473,101.5672,62.8516,-437.3450,142.3610,-175.9233,-2.2044,97.7965,6,1,0,0,0
Session_8,2026-01-26 17:05:06.684,38.009,-70.6511,-70.2549,-25.9487,2.9285,86.3024,101.5665,62.7973,-437.7419,136.7493,-175.7217,-2.4679,97.7959,6,1,0,0,0
Session_8,2026-01-26 17:05:06.759,38.083,-70.6521,-71.1223,-25.9487,3.2829,86.8510,101.5693,63.4125,-437.5116,130.7386,-176.1557,-3.0801,97.7794,6,1,0,0,0
Session_8,2026-01-26 17:05:06.824,38.149,-70.6524,-72.0019,-25.9486,4.8759,86.6265,101.5679,63.6627,-439.0507,126.7703,-176.0791,-2.3363,97.7903,6,1,0,0,0
Session_8,2026-01-26 17:05:06.891,38.216,-70.6542,-72.5811,-25.9486,5.6058,86.6615,101.5645,63.8689,-439.5533,123.6028,-176.1438,-2.1959,97.7926,6,1,0,0,0
Session_8,2026-01-26 17:05:06.973,38.298,-70.6553,-72.9869,-25.9481,6.3288,86.6553,101.5700,64.0646,-440.1568,121.7473,-176.2012,-1.8829,97.7884,6,1,0,0,0
Session_8,2026-01-26 17:05:07.056,38.380,-70.6911,-73.0251,-25.9479,6.6975,86.4892,101.5686,63.7465,-440.6840,122.0990,-176.1048,-1.5258,97.7581,6,1,0,0,0
Session_8,2026-01-26 17:05:07.131,38.456,-70.8308,-73.0253,-25.9479,6.4696,86.3786,101.5686,62.4497,-440.6058,121.7161,-175.9508,-1.7272,97.6187,6,1,0,0,0
Session_8,2026-01-26 17:05:07.202,38.527,-71.1139,-73.0254,-25.9480,6.2361,86.0161,101.5604,59.7597,-440.7672,121.3457,-175.5493,-1.8843,97.3477,6,1,0,0,0
Session_8,2026-01-26 17:05:07.285,38.610,-71.6129,-73.0257,-25.9482,5.7754,85.8856,101.5714,55.5803,-440.7526,120.5715,-175.3288,-2.3092,96.8365,6,1,0,0,0
Session_8,2026-01-26 17:05:07.359,38.684,-72.0744,-73.0258,-25.9482,5.2384,85.9639,101.5096,51.9005,-440.4848,119.6581,-175.3008,-2.8561,96.4305,6,1,0,0,0
Session_8,2026-01-26 17:05:07.423,38.748,-72.4248,-73.0262,-25.9483,4.9308,86.6547,101.1058,49.8784,-440.1484,119.0856,-175.9389,-3.3241,96.4696,6,1,0,0,0
Session_8,2026-01-26 17:05:07.499,38.824,-72.7979,-73.0267,-25.9484,4.3863,85.9879,101.3125,46.0256,-440.0088,118.2254,-175.1666,-3.7136,95.8936,6,1,0,0,0
Session_8,2026-01-26 17:05:07.573,38.898,-73.0047,-73.0409,-25.9491,3.2396,87.0646,101.3159,45.2208,-438.2752,116.1482,-175.9921,-5.0629,95.6496,6,1,0,0,0
Session_8,2026-01-26 17:05:07.648,38.973,-73.0110,-73.1790,-25.9494,2.9787,87.6599,101.4182,45.7201,-437.6044,114.6472,-176.4862,-5.5647,95.5257,6,1,0,0,0
Session_8,2026-01-26 17:05:07.722,39.047,-73.0096,-73.3558,-25.9493,3.5912,87.9462,101.4011,46.2650,-438.1639,114.2981,-176.8551,-5.1952,95.5491,6,1,0,0,0
Session_8,2026-01-26 17:05:07.796,39.121,-73.0096,-73.3873,-25.9494,3.2293,88.0053,101.3901,46.1785,-437.6356,113.4683,-176.8356,-5.5930,95.5521,6,1,0,0,0
Session_8,2026-01-26 17:05:07.870,39.195,-73.0095,-73.3880,-25.9494,3.2911,87.9806,101.3825,46.1755,-437.7260,113.5647,-176.8243,-5.5287,95.5612,6,1,0,0,0
Session_8,2026-01-26 17:05:07.944,39.269,-73.0096,-73.3882,-25.9493,3.5891,87.8687,101.4031,46.1663,-438.1614,114.0534,-176.7720,-5.2135,95.5473,6,1,0,0,0
Session_8,2026-01-26 17:05:08.027,39.352,-73.0077,-73.3882,-25.9492,3.8631,87.7258,101.4045,46.1259,-438.5725,114.5089,-176.6866,-4.9166,95.5543,6,1,0,0,0
Session_8,2026-01-26 17:05:08.111,39.436,-73.0076,-73.3886,-25.9493,3.6536,87.7883,101.4038,46.1140,-438.2736,114.1597,-176.7061,-5.1347,95.5506,6,1,0,0,0
Session_8,2026-01-26 17:05:08.182,39.507,-73.0076,-73.3885,-25.9492,3.5760,87.8762,102.7860,46.1848,-438.1397,114.0297,-176.6514,-5.1488,94.1627,6,1,0,0,0
Session_8,2026-01-26 17:05:08.248,39.573,-73.0072,-73.3885,-25.9491,3.7216,88.0486,102.6611,46.4458,-438.2701,114.2611,-176.8628,-5.0516,94.2890,6,1,0,0,0
Session_8,2026-01-26 17:05:08.316,39.641,-73.0072,-73.3884,-25.9490,3.6475,88.1131,103.2941,46.4912,-438.1493,114.1383,-176.8527,-5.1035,93.6522,6,1,0,0,0
Session_8,2026-01-26 17:05:08.388,39.713,-73.0026,-73.3884,-25.9490,3.6317,89.5276,104.2554,48.1594,-437.6200,114.0775,-178.1331,-5.4132,92.6772,6,1,0,0,0
Session_8,2026-01-26 17:05:08.454,39.779,-72.9983,-73.3882,-25.9487,3.8830,90.0151,106.3085,48.8592,-437.7753,114.4892,-178.4787,-5.2381,90.6229,6,1,0,0,0
Session_8,2026-01-26 17:05:08.528,39.853,-72.9986,-73.3882,-25.9487,4.2318,89.8167,110.3178,48.7668,-438.3029,115.0625,-178.0515,-4.7231,86.6114,6,1,0,0,0
Session_8,2026-01-26 17:05:08.602,39.927,-72.9983,-73.3883,-25.9488,4.3307,89.9423,113.1056,48.9540,-438.3868,115.2246,-177.9781,-4.5813,83.8177,6,1,0,0,0
Session_8,2026-01-26 17:05:08.668,39.993,-72.9985,-73.3882,-25.9487,4.7598,89.4370,113.2759,48.5365,-439.1233,115.9397,-177.6714,-3.9814,83.6672,6,1,0,0,0
Session_8,2026-01-26 17:05:08.736,40.061,-72.9984,-73.3881,-25.9486,5.3723,89.4294,113.2869,48.7686,-439.9113,116.9616,-177.9069,-3.4156,83.6720,6,1,0,0,0
Session_8,2026-01-26 17:05:08.810,40.135,-72.9983,-73.3882,-25.9487,5.4884,89.3539,113.2903,48.7267,-440.0856,117.1563,-177.8834,-3.2791,83.6725,6,1,0,0,0
Session_8,2026-01-26 17:05:08.883,40.208,-72.9983,-73.3883,-25.9488,5.3428,89.3607,113.2869,48.6779,-439.8976,116.9107,-177.8320,-3.4159,83.6724,6,1,0,0,0
Session_8,2026-01-26 17:05:08.950,40.275,-72.9982,-73.3892,-25.9491,4.9899,89.5132,113.2821,48.7174,-439.3904,116.3111,-177.8317,-3.8015,83.6663,6,1,0,0,0
Session_8,2026-01-26 17:05:09.022,40.347,-72.9980,-73.3908,-25.9494,4.8244,89.6045,113.2841,48.7589,-439.1431,116.0218,-177.8489,-3.9911,83.6585,6,1,0,0,0
Session_8,2026-01-26 17:05:09.083,40.408,-72.9953,-73.3910,-25.9493,5.1766,89.6670,113.2835,48.9907,-439.5710,116.6076,-178.0461,-3.6925,83.6704,6,1,0,0,0
Session_8,2026-01-26 17:05:09.149,40.474,-72.9834,-73.3923,-25.9495,5.3366,89.7013,113.2780,49.1841,-439.7516,116.8638,-178.1409,-3.5607,83.6913,6,1,0,0,0
Session_8,2026-01-26 17:05:09.222,40.547,-72.9743,-73.5379,-25.9498,5.3242,89.7604,113.2855,49.2803,-439.5876,115.7362,-178.1317,-3.7292,83.6880,6,1,0,0,0
Session_8,2026-01-26 17:05:09.304,40.629,-72.9721,-73.9066,-25.9498,5.4293,90.0790,113.2814,49.6128,-439.2949,113.1142,-178.3197,-4.0972,83.6834,6,1,0,0,0
Session_8,2026-01-26 17:05:09.379,40.704,-72.9721,-74.1118,-25.9500,5.1574,90.2273,113.2841,49.6212,-438.7085,111.1076,-178.2659,-4.5939,83.6645,6,1,0,0,0
Session_8,2026-01-26 17:05:09.462,40.787,-72.9642,-74.1190,-25.9497,5.4595,90.6599,112.9257,50.3018,-438.9336,111.5582,-178.8085,-4.5014,84.0367,6,1,0,0,0
Session_8,2026-01-26 17:05:09.535,40.860,-72.9549,-74.1192,-25.9498,5.3627,90.4058,112.8447,50.0397,-438.8900,111.3932,-178.5430,-4.4939,84.1266,6,1,0,0,0
Session_8,2026-01-26 17:05:09.600,40.925,-72.9318,-74.1193,-25.9500,4.6616,90.8418,112.8880,50.4417,-437.8008,110.2414,-178.6662,-5.3080,84.0787,6,1,0,0,0
Session_8,2026-01-26 17:05:09.674,40.999,-72.8921,-74.1210,-25.9509,4.1975,91.3445,112.9930,51.1388,-436.9721,109.4768,-178.9346,-5.9312,83.9908,6,1,0,0,0
Session_8,2026-01-26 17:05:09.755,41.080,-72.8807,-74.1222,-25.9514,4.2915,91.0835,113.0885,50.9608,-437.1770,109.6130,-178.7215,-5.7422,83.9120,6,1,0,0,0
Session_8,2026-01-26 17:05:09.822,41.147,-72.8806,-74.1292,-25.9530,4.1624,91.2682,113.1489,51.1202,-436.9309,109.3467,-178.8304,-5.9400,83.8443,6,1,0,0,0
Session_8,2026-01-26 17:05:09.905,41.230,-72.8683,-74.1389,-25.9545,4.3300,91.3719,113.4620,51.3983,-437.0934,109.5427,-178.9557,-5.8315,83.5474,6,1,0,0,0
Session_8,2026-01-26 17:05:09.971,41.296,-72.8439,-74.1396,-25.9724,4.0430,91.4729,113.5581,51.5745,-436.6223,108.9951,-178.9149,-6.1499,83.4616,6,1,0,0,0
Session_8,2026-01-26 17:05:10.051,41.376,-72.8329,-74.1412,-26.2169,3.4655,91.6006,114.4054,51.4292,-435.3472,106.9880,-178.5953,-6.9350,82.5801,6,1,0,0,0
Session_8,2026-01-26 17:05:10.117,41.442,-72.8271,-74.1413,-26.8028,3.4325,91.6205,114.3917,51.1470,-434.2040,104.3917,-178.3555,-7.5064,82.5669,6,1,0,0,0
Session_8,2026-01-26 17:05:10.191,41.516,-72.8253,-74.1412,-27.8418,3.7045,91.7764,114.4027,50.8446,-432.5390,100.3431,-178.1729,-8.2675,82.5114,6,1,0,0,0
Session_8,2026-01-26 17:05:10.263,41.588,-72.8253,-74.1397,-29.0220,4.9638,91.9988,114.3732,50.9252,-431.8865,97.2704,-178.4134,-8.2870,82.5434,6,1,0,0,0
Session_8,2026-01-26 17:05:10.338,41.663,-72.8235,-74.1371,-29.7438,8.0681,91.6905,115.2706,51.4403,-434.7747,99.1339,-179.0382,-5.9763,81.7698,6,1,0,0,0
Session_8,2026-01-26 17:05:10.414,41.739,-72.8234,-74.1369,-29.8389,7.8696,92.6978,115.7760,52.4699,-433.9686,98.4467,-179.7629,-6.6693,81.2428,6,1,0,0,0
Session_8,2026-01-26 17:05:10.486,41.811,-72.8235,-74.1342,-29.8379,7.6362,92.1863,116.3638,51.7812,-433.8427,98.0664,-179.1327,-6.6450,80.6413,6,1,0,0,0
Session_8,2026-01-26 17:05:10.560,41.885,-72.8236,-74.1198,-29.8371,7.6355,92.3579,116.7043,51.9848,-433.7990,98.1855,-179.2529,-6.7038,80.2980,6,1,0,0,0
Session_8,2026-01-26 17:05:10.634,41.959,-72.8235,-74.1180,-29.8369,7.5758,92.4802,116.8526,52.1035,-433.6782,98.1088,-179.3180,-6.8086,80.1451,6,1,0,0,0
Session_8,2026-01-26 17:05:10.699,42.024,-72.8236,-74.1180,-29.8370,7.3567,92.3476,116.7421,51.8586,-433.4312,97.7485,-179.1130,-6.9456,80.2452,6,1,0,0,0
Session_8,2026-01-26 17:05:10.775,42.100,-72.8237,-74.1162,-29.8369,7.0649,92.3044,116.7847,51.6867,-433.0555,97.2908,-178.9367,-7.1838,80.1862,6,1,0,0,0
Session_8,2026-01-26 17:05:10.849,42.174,-72.8237,-74.0879,-29.8356,6.6145,92.3476,116.8073,51.5588,-432.4637,96.7898,-178.7796,-7.5778,80.1382,6,1,0,0,0
Session_8,2026-01-26 17:05:10.923,42.248,-72.8237,-74.0642,-29.8349,6.1771,92.4424,116.6576,51.4920,-431.8604,96.2792,-178.6954,-7.9918,80.2626,6,1,0,0,0
Session_8,2026-01-26 17:05:10.989,42.313,-72.8237,-73.9966,-29.8333,5.6332,92.4335,116.6707,51.2747,-431.1943,95.9321,-178.4684,-8.4106,80.2186,6,1,0,0,0
Session_8,2026-01-26 17:05:11.054,42.379,-72.8242,-73.8820,-29.8336,5.1443,92.4142,116.6391,51.0798,-430.6531,96.0174,-178.2843,-8.7367,80.2247,6,1,0,0,0
Session_8,2026-01-26 17:05:11.120,42.444,-72.8242,-73.8776,-29.8336,4.9596,92.4451,116.5588,51.0373,-430.3889,95.7633,-178.2417,-8.9138,80.2929,6,1,0,0,0
Session_8,2026-01-26 17:05:11.195,42.520,-72.8242,-73.8781,-29.8347,4.9747,92.4026,116.4867,50.9934,-430.4224,95.7768,-178.2212,-8.8849,80.3674,6,1,0,0,0
Session_8,2026-01-26 17:05:11.256,42.581,-72.8245,-73.8781,-29.8345,4.8278,92.4589,116.2347,50.9930,-430.1972,95.5518,-178.2446,-9.0488,80.6109,6,1,0,0,0
Session_8,2026-01-26 17:05:11.326,42.651,-72.8245,-73.8782,-29.8347,4.8223,92.4712,116.2333,51.0045,-430.1847,95.5423,-178.2532,-9.0594,80.6117,6,1,0,0,0
Session_8,2026-01-26 17:05:11.408,42.733,-72.8252,-73.8783,-29.8346,4.7557,92.4657,116.2024,50.9642,-430.0936,95.4380,-178.2231,-9.1176,80.6376,6,1,0,0,0
Session_8,2026-01-26 17:05:11.490,42.815,-72.8251,-73.8785,-29.8347,4.7214,92.4692,116.1749,50.9538,-430.0436,95.3826,-178.2149,-9.1510,80.6629,6,1,0,0,0
Session_8,2026-01-26 17:05:11.565,42.890,-72.8251,-73.8791,-29.8351,4.7076,92.4541,116.1852,50.9295,-430.0282,95.3549,-178.1931,-9.1571,80.6516,6,1,0,0,0
Session_8,2026-01-26 17:05:11.639,42.964,-72.8253,-73.8799,-29.8359,4.7049,92.5001,116.1873,50.9799,-430.0058,95.3437,-178.2320,-9.1812,80.6484,6,1,0,0,0
Session_8,2026-01-26 17:05:11.699,43.024,-72.8325,-73.8803,-29.8360,4.7530,92.5138,116.1893,50.9624,-430.0743,95.4153,-178.2654,-9.1447,80.6424,6,1,0,0,0
Session_8,2026-01-26 17:05:11.771,43.096,-72.8339,-73.8811,-29.8367,4.7070,92.5413,116.1948,50.9627,-429.9988,95.3360,-178.2676,-9.1992,80.6316,6,1,0,0,0
Session_8,2026-01-26 17:05:11.835,43.160,-72.8337,-73.8815,-29.8370,4.7406,92.5653,116.2436,51.0065,-430.0365,95.3854,-178.2962,-9.1789,80.5845,6,1,0,0,0
Session_8,2026-01-26 17:05:11.909,43.234,-72.8335,-73.8822,-29.8372,4.7550,92.5378,116.2134,50.9818,-430.0650,95.4003,-178.2826,-9.1556,80.6166,6,1,0,0,0
Session_8,2026-01-26 17:05:11.991,43.316,-72.8336,-73.8828,-29.8374,4.8079,92.5777,116.1907,51.0497,-430.1244,95.4796,-178.3454,-9.1272,80.6426,6,1,0,0,0
Session_8,2026-01-26 17:05:12.072,43.397,-72.8340,-73.8843,-29.8377,4.8251,92.5866,116.1914,51.0646,-430.1434,95.4945,-178.3603,-9.1173,80.6426,6,1,0,0,0
Session_8,2026-01-26 17:05:12.139,43.464,-72.8339,-73.8844,-29.8377,4.8223,92.5832,116.1893,51.0598,-430.1407,95.4895,-178.3563,-9.1184,80.6446,6,1,0,0,0
Session_8,2026-01-26 17:05:12.217,43.542,-72.8340,-73.8845,-29.8377,4.8951,92.6017,116.1928,51.1123,-430.2361,95.6023,-178.4052,-9.0615,80.6460,6,1,0,0,0
Session_8,2026-01-26 17:05:12.287,43.612,-72.8340,-73.8847,-29.8377,4.9294,92.6237,116.1907,51.1525,-430.2763,95.6558,-178.4406,-9.0407,80.6503,6,1,0,0,0
Session_8,2026-01-26 17:05:12.371,43.696,-72.8349,-73.8857,-29.8379,4.9143,92.6697,116.1955,51.1920,-430.2383,95.6261,-178.4736,-9.0755,80.6428,6,1,0,0,0
Session_8,2026-01-26 17:05:12.445,43.770,-72.8370,-73.8862,-29.8379,4.9912,92.6923,116.1887,51.2353,-430.3395,95.7437,-178.5296,-9.0173,80.6527,6,1,0,0,0
Session_8,2026-01-26 17:05:12.531,43.856,-72.8410,-73.8865,-29.8379,5.0551,92.7122,116.1880,51.2557,-430.4252,95.8424,-178.5762,-8.9692,80.6537,6,1,0,0,0
Session_8,2026-01-26 17:05:12.613,43.938,-72.8417,-73.8869,-29.8380,5.0517,92.7418,116.1955,51.2837,-430.4099,95.8352,-178.5997,-8.9856,80.6448,6,1,0,0,0
Session_8,2026-01-26 17:05:12.673,43.998,-72.8413,-73.8871,-29.8381,5.1306,92.7301,116.1907,51.3067,-430.5237,95.9560,-178.6256,-8.9101,80.6557,6,1,0,0,0
Session_8,2026-01-26 17:05:12.747,44.072,-72.8414,-73.8872,-29.8381,5.0791,92.7328,116.1914,51.2871,-430.4506,95.8745,-178.6046,-8.9575,80.6513,6,1,0,0,0
Session_8,2026-01-26 17:05:12.814,44.139,-72.8413,-73.8874,-29.8381,5.0304,92.7081,116.1900,51.2379,-430.3908,95.7959,-178.5606,-8.9904,80.6496,6,1,0,0,0
Session_8,2026-01-26 17:05:12.883,44.208,-72.8413,-73.8873,-29.8381,5.0022,92.7020,116.1880,51.2187,-430.3535,95.7518,-178.5426,-9.0129,80.6497,6,1,0,0,0
Session_8,2026-01-26 17:05:12.964,44.289,-72.8412,-73.8874,-29.8381,4.9569,92.7095,116.1928,51.2082,-430.2874,95.6815,-178.5282,-9.0567,80.6416,6,1,0,0,0
Session_8,2026-01-26 17:05:13.033,44.358,-72.8412,-73.8875,-29.8382,4.9054,92.7164,116.1948,51.1942,-430.2125,95.6005,-178.5106,-9.1059,80.6358,6,1,0,0,0
Session_8,2026-01-26 17:05:13.106,44.430,-72.8412,-73.8887,-29.8384,4.8566,92.7315,116.1866,51.1898,-430.1370,95.5158,-178.5028,-9.1577,80.6404,6,1,0,0,0
Session_8,2026-01-26 17:05:13.178,44.503,-72.8411,-73.8891,-29.8384,4.8058,92.7205,116.1880,51.1557,-430.0689,95.4328,-178.4695,-9.1987,80.6355,6,1,0,0,0
Session_8,2026-01-26 17:05:13.254,44.579,-72.8408,-73.8890,-29.8384,4.8772,92.7116,116.1935,51.1786,-430.1722,95.5441,-178.4930,-9.1306,80.6355,6,1,0,0,0
Session_8,2026-01-26 17:05:13.314,44.639,-72.8408,-73.8890,-29.8383,4.9644,92.7116,116.1880,51.2166,-430.2947,95.6809,-178.5334,-9.0525,80.6473,6,0,0,0,0
Session_8,2026-01-26 17:05:13.394,44.719,-72.8408,-73.8889,-29.8382,4.9768,92.7177,116.1921,51.2291,-430.3101,95.7012,-178.5439,-9.0440,80.6440,6,0,0,0,0
Session_8,2026-01-26 17:05:13.476,44.801,-72.8409,-73.8889,-29.8382,5.0297,92.7706,116.1928,51.3122,-430.3657,95.7866,-178.6151,-9.0200,80.6463,6,0,0,0,0
Session_8,2026-01-26 17:05:13.551,44.876,-72.8409,-73.8888,-29.8381,5.0736,92.7809,116.1948,51.3433,-430.4239,95.8570,-178.6439,-8.9850,80.6472,6,0,0,0,0
Session_8,2026-01-26 17:05:13.624,44.949,-72.8408,-73.8886,-29.8378,5.1622,92.7740,116.1907,51.3747,-430.5507,95.9975,-178.6786,-8.9024,80.6579,6,0,0,0,0
Session_8,2026-01-26 17:05:13.697,45.022,-72.8409,-73.8881,-29.8375,5.1835,92.7912,116.1935,51.4036,-430.5758,96.0369,-178.7036,-8.8901,80.6564,6,0,0,0,0
Session_8,2026-01-26 17:05:13.766,45.091,-72.8408,-73.8876,-29.8369,5.3970,92.7692,116.1942,51.4711,-430.8825,96.3766,-178.7807,-8.6882,80.6708,6,0,0,0,0
Session_8,2026-01-26 17:05:13.832,45.157,-72.8407,-73.8870,-29.8362,5.5790,92.7754,116.1928,51.5576,-431.1346,96.6699,-178.8690,-8.5270,80.6846,6,0,0,0,0
Session_8,2026-01-26 17:05:13.914,45.239,-72.8403,-73.8863,-29.8355,6.0246,92.7356,116.1962,51.7049,-431.7648,97.3794,-179.0342,-8.1092,80.7110,6,0,0,0,0
Session_8,2026-01-26 17:05:13.997,45.322,-72.8404,-73.8860,-29.8353,6.1874,92.7177,116.1969,51.7521,-431.9949,97.6395,-179.0915,-7.9552,80.7205,6,0,0,0,0
Session_8,2026-01-26 17:05:14.064,45.389,-72.8405,-73.8857,-29.8352,6.5163,92.6628,116.1955,51.8264,-432.4637,98.1635,-179.1904,-7.6360,80.7422,6,0,0,0,0
Session_8,2026-01-26 17:05:14.137,45.462,-72.8405,-73.8839,-29.8342,7.0264,92.5310,116.1928,51.8885,-433.2039,98.9914,-179.3025,-7.1184,80.7754,6,0,0,0,0
Session_8,2026-01-26 17:05:14.211,45.536,-72.8404,-73.8558,-29.8324,7.3931,92.4582,116.1921,51.9670,-433.7557,99.7987,-179.4148,-6.7309,80.7979,6,0,0,0,0
Session_8,2026-01-26 17:05:14.274,45.599,-72.8404,-73.7242,-29.8259,7.0223,92.3772,116.1900,51.7682,-433.4436,100.2100,-179.2383,-6.9037,80.7881,6,0,0,0,0
Session_8,2026-01-26 17:05:14.350,45.675,-72.8398,-73.4732,-29.8262,5.5859,92.3195,116.1921,51.1871,-431.7853,99.7864,-178.6546,-7.9402,80.7183,6,0,0,0,0
Session_8,2026-01-26 17:05:14.416,45.741,-72.8401,-73.4338,-29.8265,4.6252,92.5200,116.1921,51.0200,-430.4268,98.5782,-178.4189,-8.8536,80.6551,6,0,0,0,0
Session_8,2026-01-26 17:05:14.481,45.805,-72.8399,-73.4337,-29.8265,5.0214,92.4287,116.1935,51.0857,-431.0105,99.1947,-178.5157,-8.4586,80.6819,6,0,0,0,0
Session_8,2026-01-26 17:05:14.549,45.874,-72.8400,-73.4337,-29.8265,5.1416,92.4541,116.1914,51.1659,-431.1683,99.3851,-178.5929,-8.3623,80.6915,6,0,0,0,0
Session_8,2026-01-26 17:05:14.621,45.946,-72.8398,-73.4336,-29.8264,5.2130,92.4431,116.1928,51.1851,-431.2710,99.4979,-178.6151,-8.2933,80.6951,6,0,0,0,0
Session_8,2026-01-26 17:05:14.693,46.018,-72.8398,-73.4336,-29.8264,5.2920,92.4513,116.1921,51.2285,-431.3772,99.6232,-178.6582,-8.2262,80.7009,6,0,0,0,0
Session_8,2026-01-26 17:05:14.777,46.102,-72.8398,-73.4332,-29.8263,5.2659,92.4678,116.1907,51.2368,-431.3360,99.5862,-178.6616,-8.2565,80.7004,6,0,0,0,0
Session_8,2026-01-26 17:05:14.851,46.176,-72.8399,-73.4325,-29.8262,5.1533,92.4966,116.1907,51.2217,-431.1711,99.4152,-178.6371,-8.3694,80.6928,6,0,0,0,0
Session_8,2026-01-26 17:05:14.916,46.241,-72.8398,-73.4322,-29.8262,5.2865,92.4884,116.1914,51.2695,-431.3586,99.6275,-178.6897,-8.2461,80.7009,6,0,0,0,0
Session_8,2026-01-26 17:05:14.981,46.305,-72.8399,-73.4303,-29.8260,5.5213,92.4870,116.1914,51.3684,-431.6850,100.0138,-178.7951,-8.0334,80.7160,6,0,0,0,0
Session_8,2026-01-26 17:05:15.048,46.373,-72.8399,-73.4290,-29.8258,6.1386,92.4067,116.1914,51.5361,-432.5582,101.0028,-179.0011,-7.4437,80.7541,6,0,0,0,0
Session_8,2026-01-26 17:05:15.123,46.448,-72.8399,-73.3808,-29.8254,6.1008,92.3868,116.1914,51.5131,-432.5660,101.3030,-178.9880,-7.4254,80.7548,6,0,0,0,0
Session_8,2026-01-26 17:05:15.196,46.521,-72.8398,-73.2457,-29.8255,5.7850,92.3353,116.1907,51.3655,-432.2979,101.8060,-178.8609,-7.5646,80.7454,6,0,0,0,0
Session_8,2026-01-26 17:05:15.271,46.596,-72.8399,-73.0480,-29.8255,5.3957,92.3428,116.1948,51.2738,-431.9715,102.6634,-178.7810,-7.7394,80.7297,6,0,0,0,0
Session_8,2026-01-26 17:05:15.337,46.662,-72.8399,-72.9035,-29.8256,4.7564,92.3586,116.1928,51.0670,-431.2380,102.7288,-178.5729,-8.1896,80.7007,6,0,0,0,0
Session_8,2026-01-26 17:05:15.404,46.729,-72.8399,-72.8885,-29.8256,4.6390,92.3806,116.1955,51.0472,-431.0838,102.6572,-178.5461,-8.2908,80.6911,6,0,0,0,0
Session_8,2026-01-26 17:05:15.478,46.803,-72.8399,-72.8883,-29.8255,4.7365,92.3504,116.1921,51.0540,-431.2296,102.8113,-178.5636,-8.1900,80.7012,6,0,0,0,0
Session_8,2026-01-26 17:05:15.560,46.884,-72.8400,-72.8854,-29.8248,4.9418,92.3463,116.1914,51.1375,-431.5182,103.1596,-178.6539,-8.0013,80.7152,6,0,0,0,0
Session_8,2026-01-26 17:05:15.633,46.958,-72.8400,-72.8417,-29.8242,4.9136,92.3476,116.1921,51.1415,-431.5253,103.4441,-178.6624,-7.9873,80.7155,6,0,0,0,0
Session_8,2026-01-26 17:05:15.707,47.032,-72.8400,-72.6376,-29.8243,4.5531,92.3298,116.1914,51.0319,-431.2437,104.3945,-178.5761,-8.1196,80.7065,6,0,0,0,0
Session_8,2026-01-26 17:05:15.790,47.115,-72.8400,-72.2360,-29.8245,4.0203,92.3064,116.1921,50.9010,-430.9160,106.5446,-178.4959,-8.2269,80.6977,6,0,0,0,0
Session_8,2026-01-26 17:05:15.866,47.191,-72.8399,-71.5687,-29.8248,2.6209,92.3023,116.1948,50.4916,-429.6064,109.3127,-178.1615,-8.8806,80.6458,6,0,0,0,0
Session_8,2026-01-26 17:05:15.939,47.264,-72.8399,-70.8340,-29.8249,2.2460,92.3579,116.1948,50.5967,-429.7178,114.1848,-178.3736,-8.5833,80.6697,6,0,0,0,0
Session_8,2026-01-26 17:05:16.013,47.338,-72.8399,-70.2143,-29.8248,3.0226,92.4197,116.1955,51.1516,-431.2601,120.0300,-179.0569,-7.3602,80.7556,6,0,0,0,0
Session_8,2026-01-26 17:05:16.086,47.411,-72.8400,-69.1996,-29.8247,2.5461,92.3950,116.1935,51.1423,-431.3335,126.8281,-179.2761,-6.8672,80.7876,6,0,0,0,0
Session_8,2026-01-26 17:05:16.151,47.476,-72.8399,-68.2273,-29.8248,2.1973,92.3415,116.1935,51.1126,-431.4556,133.5105,-179.5067,-6.2849,80.8198,6,0,0,0,0
Session_8,2026-01-26 17:05:16.226,47.551,-72.8399,-67.0460,-29.8246,2.0750,92.3470,116.1948,51.2360,-431.8334,142.1257,-179.9835,-5.3378,80.8662,6,0,0,0,0
Session_8,2026-01-26 17:05:16.290,47.615,-72.8400,-66.0906,-29.8246,2.0908,92.4211,116.1914,51.4235,-432.1380,149.2911,179.5182,-4.4997,80.9067,6,0,0,0,0
Session_8,2026-01-26 17:05:16.365,47.690,-72.8400,-64.4165,-29.8238,2.1588,92.3902,116.1928,51.4972,-432.5024,161.9227,178.7741,-2.9226,80.9551,6,0,0,0,0
Session_8,2026-01-26 17:05:16.439,47.764,-72.8401,-62.4273,-29.8241,1.5621,92.3957,116.1928,51.2442,-431.6644,175.7485,178.1542,-1.6758,80.9797,6,0,0,0,0
Session_8,2026-01-26 17:05:16.513,47.838,-72.8404,-60.4583,-29.8240,1.1852,92.5117,116.1948,51.0640,-430.6114,189.7660,177.3477,-0.2982,80.9915,6,0,0,0,0
Session_8,2026-01-26 17:05:16.586,47.911,-72.8415,-58.2575,-29.8239,1.1865,92.9059,116.1948,51.1410,-429.2698,206.1519,176.0230,1.5047,80.9902,6,0,0,0,0
Session_8,2026-01-26 17:05:16.652,47.977,-72.8463,-56.1796,-29.8239,1.0650,93.3241,116.1969,51.0306,-427.3145,221.3448,174.7845,3.0762,80.9637,6,0,0,0,0
Session_8,2026-01-26 17:05:16.717,48.042,-72.8936,-53.6489,-29.8246,1.5676,93.6111,116.1880,50.3000,-424.9478,240.9621,173.1844,5.6717,80.8360,6,0,0,0,0
Session_8,2026-01-26 17:05:16.787,48.112,-72.9508,-50.8844,-29.8246,2.0380,93.7285,116.1893,48.9132,-421.3743,262.1081,171.6327,8.5188,80.6056,6,0,0,0,0
Session_8,2026-01-26 17:05:16.860,48.185,-73.1259,-47.6473,-29.8249,2.9732,93.4277,116.1845,45.6901,-416.3965,287.3743,169.9987,12.3806,80.0687,6,0,0,0,0
Session_8,2026-01-26 17:05:16.935,48.260,-73.4125,-44.5554,-29.8248,3.8177,92.6031,116.1893,40.7394,-410.4934,311.0962,168.8719,16.2432,79.2511,6,0,0,0,0
Session_8,2026-01-26 17:05:17.132,48.457,-75.2373,-36.9721,-29.8263,7.3567,90.4566,116.1880,19.5234,-390.9668,370.7365,165.0122,26.9490,75.0889,6,0,0,0,0
Session_8,2026-01-26 17:05:17.206,48.531,-76.5886,-34.2859,-29.8250,8.2624,90.2499,116.1928,7.7283,-381.6240,390.4045,163.1253,30.1419,72.7207,6,0,0,0,0
Session_8,2026-01-26 17:05:17.267,48.592,-77.9445,-31.9103,-29.8258,8.6627,90.0158,116.1935,-3.6047,-372.2864,406.5241,161.6347,32.6155,70.4518,6,0,0,0,0
Session_8,2026-01-26 17:05:17.356,48.681,-80.0779,-28.1896,-29.8235,9.4991,90.2197,116.1969,-20.0835,-355.4661,431.3816,158.5045,36.3791,66.6707,6,0,0,0,0
Session_8,2026-01-26 17:05:17.432,48.757,-81.6476,-25.3649,-29.8193,10.1905,90.5507,116.1942,-31.4221,-341.0619,449.6196,155.7648,39.1652,63.6510,6,0,0,0,0
Session_8,2026-01-26 17:05:17.494,48.818,-82.8667,-22.9170,-29.8155,11.1587,90.2396,116.1996,-40.6525,-327.5247,465.6075,153.3668,42.0683,60.6398,6,0,0,0,0
Session_8,2026-01-26 17:05:17.563,48.888,-83.6878,-20.9879,-29.8143,11.7746,90.2451,116.1914,-46.5077,-316.3095,477.4785,151.2616,44.0982,58.3900,6,0,0,0,0
Session_8,2026-01-26 17:05:17.633,48.958,-84.2508,-19.3695,-29.8142,11.8549,90.2101,116.1990,-50.5569,-306.8904,486.2524,149.7908,45.4384,56.7589,6,0,0,0,0
Session_8,2026-01-26 17:05:17.702,49.027,-84.4020,-17.9194,-29.8144,12.4214,89.8750,116.2031,-52.6134,-298.2042,494.8882,148.1436,47.1142,55.1446,6,0,0,0,0
Session_8,2026-01-26 17:05:17.768,49.093,-84.3997,-17.0919,-29.8144,12.8204,90.0522,116.1996,-52.8852,-293.1099,499.8613,146.8452,47.9777,54.3365,6,0,0,0,0
Session_8,2026-01-26 17:05:17.833,49.158,-84.3996,-16.6676,-29.8144,13.4342,89.7240,116.1969,-53.5719,-290.1820,503.1913,146.0110,48.8749,53.4405,6,0,0,0,0
Session_8,2026-01-26 17:05:17.900,49.225,-84.3990,-16.6545,-29.8148,13.7597,89.7068,116.1996,-53.6229,-289.8423,503.8977,145.6720,49.1298,53.1694,6,0,0,0,0
Session_8,2026-01-26 17:05:17.974,49.299,-84.3990,-16.6551,-29.8154,13.6897,89.6835,116.1976,-53.6448,-289.9074,503.7545,145.7615,49.0870,53.2186,6,0,0,0,0
Session_8,2026-01-26 17:05:18.047,49.372,-84.3988,-16.6553,-29.8153,14.0755,89.6498,116.1990,-53.7160,-289.5930,504.5145,145.3813,49.3826,52.9016,6,0,0,0,0
Session_8,2026-01-26 17:05:18.130,49.455,-84.3988,-16.6555,-29.8154,14.4669,89.5152,116.2024,-53.9104,-289.2800,505.2834,145.0486,49.7161,52.5329,6,0,0,0,0
Session_8,2026-01-26 17:05:18.213,49.538,-84.3987,-16.6558,-29.8155,14.4086,89.5406,116.1990,-53.8742,-289.3287,505.1667,145.0988,49.6659,52.5945,6,0,0,0,0
Session_8,2026-01-26 17:05:18.285,49.610,-84.3988,-16.6564,-29.8156,14.4848,89.4555,116.2024,-53.9836,-289.2774,505.3134,145.0667,49.7499,52.4960,6,0,0,0,0
Session_8,2026-01-26 17:05:18.353,49.678,-84.3988,-16.6593,-29.8158,14.3543,89.6381,116.2010,-53.7503,-289.3856,505.0409,145.0994,49.5869,52.6764,6,0,0,0,0
Session_8,2026-01-26 17:05:18.428,49.753,-84.3987,-16.6650,-29.8162,14.2575,89.6622,116.2010,-53.7096,-289.4988,504.8210,145.1928,49.5028,52.7679,6,0,0,0,0
Session_8,2026-01-26 17:05:18.493,49.818,-84.3988,-16.6660,-29.8162,14.3839,89.6938,116.2017,-53.6817,-289.3945,505.0645,145.0417,49.5828,52.6792,6,0,0,0,0
Session_8,2026-01-26 17:05:18.569,49.894,-84.3988,-16.6660,-29.8162,14.4875,89.6992,116.1996,-53.6839,-289.3064,505.2677,144.9314,49.6579,52.6009,6,0,0,0,0
Session_8,2026-01-26 17:05:18.641,49.966,-84.3988,-16.6660,-29.8163,14.4319,89.6951,116.2017,-53.6841,-289.3542,505.1583,144.9905,49.6174,52.6414,6,0,0,0,0
Session_8,2026-01-26 17:05:18.713,50.038,-84.3988,-16.6665,-29.8164,14.3152,89.6986,116.1990,-53.6700,-289.4555,504.9262,145.1143,49.5318,52.7400,6,0,0,0,0
Session_8,2026-01-26 17:05:18.797,50.122,-84.3988,-16.6669,-29.8164,14.2129,89.7061,116.2010,-53.6521,-289.5433,504.7228,145.2153,49.4525,52.8221,6,0,0,0,0
Session_8,2026-01-26 17:05:18.863,50.188,-84.3987,-16.6689,-29.8165,14.1305,89.7082,116.1976,-53.6414,-289.6237,504.5508,145.3054,49.3918,52.8941,6,0,0,0,0
Session_8,2026-01-26 17:05:18.936,50.261,-84.3987,-16.6710,-29.8165,14.1820,89.7006,116.2003,-53.6533,-289.5942,504.6415,145.2559,49.4292,52.8487,6,0,0,0,0
Session_8,2026-01-26 17:05:19.002,50.327,-84.3986,-16.6715,-29.8165,14.2245,89.6704,116.2024,-53.6927,-289.5651,504.7227,145.2282,49.4698,52.8011,6,0,0,0,0
Session_8,2026-01-26 17:05:19.076,50.401,-84.3986,-16.6718,-29.8165,14.2060,89.7041,116.2003,-53.6504,-289.5782,504.6850,145.2295,49.4450,52.8317,6,0,0,0,0
Session_8,2026-01-26 17:05:19.150,50.475,-84.3986,-16.6719,-29.8165,14.2424,89.7082,116.2003,-53.6481,-289.5480,504.7560,145.1891,49.4702,52.8045,6,0,0,0,0
Session_8,2026-01-26 17:05:19.225,50.550,-84.3986,-16.6719,-29.8165,14.2321,89.7102,116.2003,-53.6448,-289.5561,504.7360,145.1986,49.4619,52.8134,6,0,0,0,0
Session_8,2026-01-26 17:05:19.314,50.639,-84.3984,-16.6717,-29.8164,14.4264,89.7130,116.1976,-53.6567,-289.3912,505.1189,144.9957,49.6051,52.6630,6,0,0,0,0
Session_8,2026-01-26 17:05:19.380,50.705,-84.3982,-16.6718,-29.8163,14.4470,89.7604,116.1996,-53.6004,-289.3686,505.1592,144.9436,49.6018,52.6626,6,0,0,0,0
Session_8,2026-01-26 17:05:19.455,50.780,-84.3979,-16.6718,-29.8164,14.3591,89.8503,116.1983,-53.4829,-289.4329,504.9863,144.9832,49.5057,52.7700,6,0,0,0,0
Session_8,2026-01-26 17:05:19.530,50.855,-84.3973,-16.6717,-29.8163,14.3941,89.8819,116.1969,-53.4446,-289.3998,505.0555,144.9288,49.5208,52.7567,6,0,0,0,0
Session_8,2026-01-26 17:05:19.603,50.928,-84.3968,-16.6717,-29.8163,14.2328,89.9437,116.1990,-53.3539,-289.5290,504.7382,145.0582,49.3788,52.9068,6,0,0,0,0
Session_8,2026-01-26 17:05:19.666,50.991,-84.3963,-16.6716,-29.8163,14.2397,89.9609,116.1996,-53.3315,-289.5211,504.7522,145.0399,49.3774,52.9075,6,0,0,0,0
Session_8,2026-01-26 17:05:19.742,51.067,-84.3957,-16.6716,-29.8163,14.1916,90.1147,116.2017,-53.1387,-289.5435,504.6579,144.9952,49.2852,53.0032,6,0,0,0,0
Session_8,2026-01-26 17:05:19.801,51.126,-84.3956,-16.6715,-29.8161,14.5246,90.3282,116.1996,-52.9081,-289.2353,505.3141,144.5219,49.4544,52.8260,6,0,0,0,0
Session_8,2026-01-26 17:05:19.866,51.191,-84.3954,-16.6712,-29.8158,14.8418,90.2747,116.1990,-52.9989,-288.9684,505.9381,144.2207,49.7068,52.5517,6,0,0,0,0
Session_8,2026-01-26 17:05:19.940,51.265,-84.3954,-16.6707,-29.8157,15.6473,90.3275,116.1990,-53.0042,-288.2549,507.5129,143.3287,50.2739,51.9137,6,0,0,0,0
Session_8,2026-01-26 17:05:20.013,51.338,-84.3956,-16.6699,-29.8150,16.3676,90.2939,116.1996,-53.1104,-287.6042,508.9164,142.5584,50.8045,51.2894,6,0,0,0,0
Session_8,2026-01-26 17:05:20.080,51.405,-84.3957,-16.6697,-29.8149,16.5749,90.4573,116.1996,-52.9321,-287.3920,509.3194,142.2358,50.8958,51.1807,6,0,0,0,0
Session_8,2026-01-26 17:05:20.141,51.466,-84.3960,-16.6668,-29.8137,17.2540,90.8562,116.1983,-52.5166,-286.6875,510.6479,141.2504,51.2445,50.7615,6,0,0,0,0
Session_8,2026-01-26 17:05:20.204,51.529,-84.3962,-16.6206,-29.8106,18.3705,91.3149,116.1996,-52.0982,-285.2635,513.0224,139.6675,51.9081,49.9231,6,0,0,0,0
Session_8,2026-01-26 17:05:20.270,51.595,-84.3962,-16.5160,-29.7831,19.4492,91.4488,116.1983,-52.1130,-283.4504,515.6767,138.1693,52.7023,48.8570,6,0,0,0,0
Session_8,2026-01-26 17:05:20.346,51.670,-84.3964,-15.6730,-29.7604,20.2828,91.2621,116.2017,-52.9391,-277.3625,521.3453,136.1571,53.9057,47.0738,6,0,0,0,0
Session_8,2026-01-26 17:05:20.416,51.741,-84.3965,-13.7071,-29.7602,19.8344,90.9544,116.1996,-54.4690,-265.5942,529.6124,134.3188,54.9910,45.2987,6,0,0,0,0
Session_8,2026-01-26 17:05:20.481,51.806,-84.3964,-11.5298,-29.7594,17.9455,90.1270,116.2038,-56.6215,-253.9287,535.8017,134.2887,55.4264,44.5135,6,0,0,0,0
Session_8,2026-01-26 17:05:20.555,51.880,-84.3964,-8.9509,-29.7596,16.2302,89.9540,116.2031,-58.2835,-239.1395,543.4995,133.1616,56.0156,43.4230,6,0,0,0,0
Session_8,2026-01-26 17:05:20.621,51.946,-84.3963,-6.5210,-29.7592,16.4067,89.8448,116.1990,-60.0230,-222.7626,553.3173,129.3649,57.5902,40.1451,6,0,0,0,0
Session_8,2026-01-26 17:05:20.688,52.013,-84.3963,-4.0884,-29.7565,17.2678,89.9162,116.1955,-61.6773,-205.0160,563.5800,124.0170,59.3370,35.6544,6,0,0,0,0
Session_8,2026-01-26 17:05:20.763,52.088,-84.3965,-1.5350,-29.7496,18.0526,89.9100,116.1990,-63.5493,-186.0164,573.2784,118.0576,60.8802,30.4792,6,0,0,0,0
Session_8,2026-01-26 17:05:20.830,52.155,-84.3964,0.7470,-29.7421,18.4364,89.6876,116.1948,-65.4776,-169.1247,580.6846,112.9347,61.9510,25.7631,6,0,0,0,0
Session_8,2026-01-26 17:05:20.899,52.224,-84.3963,3.1519,-29.7292,19.0524,89.4026,116.1948,-67.6381,-150.6423,588.0361,106.7031,62.8950,19.9566,6,0,0,0,0
Session_8,2026-01-26 17:05:20.966,52.291,-84.3962,5.6470,-29.6789,20.5506,87.7224,116.1962,-71.7459,-129.6374,596.0104,97.8786,63.7272,10.3955,6,0,0,0,0
Session_8,2026-01-26 17:05:21.033,52.358,-84.3963,7.9712,-29.4275,20.9310,82.8843,116.2299,-79.4994,-110.4961,601.6487,91.1820,63.8304,-0.4514,6,0,0,0,0
Session_8,2026-01-26 17:05:21.099,52.424,-84.3960,10.0775,-28.7528,19.8901,80.7282,116.2285,-83.7945,-93.2253,605.2913,87.3076,63.5505,-6.0808,6,0,0,0,0
Session_8,2026-01-26 17:05:21.172,52.497,-84.3959,12.1727,-27.5379,17.7841,80.0924,116.2251,-86.3007,-75.4705,608.0313,84.6980,63.2599,-9.0499,6,0,0,0,0
Session_8,2026-01-26 17:05:21.247,52.572,-84.3960,13.6294,-26.3041,14.6139,80.7406,116.2237,-86.6008,-64.4726,608.2421,85.7224,63.4002,-7.4869,6,0,0,0,0
Session_8,2026-01-26 17:05:21.313,52.638,-84.3960,14.4093,-25.3320,12.3665,81.0949,116.2216,-86.7963,-58.1350,608.0539,86.7999,63.5192,-6.1689,6,0,0,0,0
Session_8,2026-01-26 17:05:21.375,52.700,-84.3961,14.6355,-24.7189,10.6787,81.3977,116.2244,-86.5774,-56.6492,607.3046,88.6725,63.6805,-4.1888,6,0,0,0,0
Session_8,2026-01-26 17:05:21.441,52.766,-84.3960,14.6355,-24.3556,10.7021,81.6579,116.2223,-86.4269,-54.9853,607.9341,87.8131,63.6186,-4.6987,6,0,0,0,0
Session_8,2026-01-26 17:05:21.515,52.840,-84.3960,14.6358,-24.2424,11.0110,81.6154,116.2237,-86.5828,-53.9198,608.4784,86.8808,63.5376,-5.5761,6,0,0,0,0
Session_8,2026-01-26 17:05:21.588,52.913,-84.3959,14.6357,-24.2436,10.7350,81.7451,116.2271,-86.3765,-54.4252,608.1563,87.4918,63.5892,-4.8990,6,0,0,0,0
Session_8,2026-01-26 17:05:21.662,52.987,-84.3959,14.6354,-24.2447,9.8657,81.5886,116.2264,-86.4146,-55.9608,607.1292,89.4269,63.7349,-3.3213,6,0,0,0,0
Session_8,2026-01-26 17:05:21.745,53.069,-84.3959,14.6356,-24.2444,9.8465,81.6133,116.2285,-86.3817,-55.9932,607.1070,89.4687,63.7359,-3.2591,6,0,0,0,0
Session_8,2026-01-26 17:05:21.810,53.135,-84.3958,14.6355,-24.2445,9.8465,82.1606,116.2237,-85.7184,-56.0230,607.1072,89.4681,63.7429,-2.7123,6,0,0,0,0
Session_8,2026-01-26 17:05:21.893,53.218,-84.3958,14.6350,-24.2456,9.4077,84.2205,116.2257,-83.1439,-56.8546,606.5768,90.4571,63.7940,0.2348,6,0,0,0,0
Session_8,2026-01-26 17:05:21.975,53.300,-84.3958,14.6337,-24.2467,9.9474,85.6281,116.2278,-81.5281,-55.9061,607.2251,89.2462,63.7447,0.5562,6,0,0,0,0
Session_8,2026-01-26 17:05:22.048,53.373,-84.3958,14.6336,-24.2467,10.2605,85.5450,116.2244,-81.6830,-55.3562,607.5989,88.5420,63.7180,-0.1583,6,0,0,0,0
Session_8,2026-01-26 17:05:22.130,53.455,-84.3958,14.6337,-24.2466,10.8408,85.2381,116.2223,-82.1563,-54.3329,608.2832,87.2426,63.6494,-1.6301,6,0,0,0,0
Session_8,2026-01-26 17:05:22.196,53.520,-84.3958,14.6338,-24.2464,11.5569,85.6851,116.2237,-81.7399,-53.0413,609.1155,85.6418,63.5639,-2.6171,6,0,0,0,0
Session_8,2026-01-26 17:05:22.263,53.588,-84.3959,14.6338,-24.2464,11.8975,85.5869,116.2257,-81.9192,-52.4311,609.5048,84.8876,63.5073,-3.3904,6,0,0,0,0
Session_8,2026-01-26 17:05:22.336,53.661,-84.3958,14.6335,-24.2467,11.5157,85.5011,116.2216,-81.9555,-53.1229,609.0670,85.7362,63.5658,-2.7166,6,0,0,0,0
Session_8,2026-01-26 17:05:22.409,53.734,-84.3957,14.6335,-24.2467,11.3365,85.5444,116.2244,-81.8715,-53.4433,608.8605,86.1349,63.5898,-2.3161,6,0,0,0,0
Session_8,2026-01-26 17:05:22.484,53.809,-84.3958,14.6337,-24.2465,11.7533,85.4915,116.2251,-82.0093,-52.6944,609.3397,85.2087,63.5267,-3.1983,6,0,0,0,0
Session_8,2026-01-26 17:05:22.551,53.876,-84.3958,14.6337,-24.2465,11.7025,85.5711,116.2223,-81.9037,-52.7840,609.2818,85.3200,63.5400,-3.0192,6,0,0,0,0
Session_8,2026-01-26 17:05:22.615,53.940,-84.3958,14.6335,-24.2467,11.3166,85.5519,116.2237,-81.8588,-53.4790,608.8373,86.1792,63.5934,-2.2689,6,0,0,0,0
Session_8,2026-01-26 17:05:22.690,54.015,-84.3958,14.6336,-24.2465,11.7238,85.5087,116.2216,-81.9832,-52.7476,609.3060,85.2735,63.5352,-3.1233,6,0,0,0,0
Session_8,2026-01-26 17:05:22.779,54.104,-84.3958,14.6336,-24.2465,11.8707,85.5018,116.2251,-82.0175,-52.4835,609.4736,84.9486,63.5089,-3.4208,6,0,0,0,0
Session_8,2026-01-26 17:05:22.846,54.171,-84.3958,14.6336,-24.2465,11.8879,85.4935,116.2209,-82.0304,-52.4531,609.4930,84.9101,63.5100,-3.4637,6,0,0,0,0
Session_8,2026-01-26 17:05:22.929,54.254,-84.3959,14.6338,-24.2463,11.8961,85.5203,116.2251,-81.9998,-52.4347,609.5031,84.8912,63.5055,-3.4538,6,0,0,0,0
Session_8,2026-01-26 17:05:23.002,54.327,-84.3959,14.6339,-24.2463,12.1859,85.3253,116.2251,-82.2876,-51.9159,609.8307,84.2540,63.4499,-4.2188,6,0,0,0,0
Session_8,2026-01-26 17:05:23.067,54.392,-84.3959,14.6339,-24.2463,12.4352,85.1990,116.2237,-82.4851,-51.4669,610.1105,83.7074,63.4015,-4.8339,6,0,0,0,0
Session_8,2026-01-26 17:05:23.132,54.457,-84.3961,14.6358,-24.2452,12.5107,85.0019,116.2271,-82.7397,-51.3132,610.1972,83.5400,63.3740,-5.1804,6,0,0,0,0
Session_8,2026-01-26 17:05:23.206,54.531,-84.3960,14.6363,-24.2447,13.6800,85.4681,116.2264,-82.3841,-49.1652,611.4868,80.9788,63.1651,-7.0026,6,0,0,0,0
Session_8,2026-01-26 17:05:23.281,54.606,-84.3961,14.6382,-24.2438,16.4788,86.4013,116.2237,-81.7656,-43.9074,614.3969,74.9903,62.5371,-11.4035,6,0,0,0,0
Session_8,2026-01-26 17:05:23.347,54.671,-84.3964,14.6447,-24.2411,20.3364,87.8034,116.2127,-80.7992,-36.3634,617.9937,67.0786,61.4368,-17.0067,6,0,0,0,0
