session_name,timestamp,elapsed_time,j1,j2,j3,j4,j5,j6,x,y,z,rx,ry,rz,robot_mode,tooldo1,tooldo2,do1,do2
Session_4,2026-01-26 16:58:42.766,0.000,-73.3439,8.8050,-15.0575,-0.9160,80.3979,91.9123,-69.1926,-92.8159,602.6802,174.2887,82.8970,91.2246,6,0,0,0,0
Session_4,2026-01-26 16:58:42.838,0.072,-73.3440,8.1780,-15.0570,0.1607,80.2304,91.9130,-68.5170,-95.7732,603.4199,173.4134,83.3354,90.1892,6,0,0,0,0
Session_4,2026-01-26 16:58:42.912,0.146,-73.3440,7.5889,-15.0570,0.8624,80.1714,91.8993,-67.6207,-99.0154,603.6393,173.3093,83.4469,90.0287,6,0,0,0,0
Session_4,2026-01-26 16:58:42.975,0.209,-73.3440,7.1761,-15.0572,0.7890,80.3238,91.8910,-66.4982,-102.1313,602.9768,174.3666,82.9752,91.2309,6,0,0,0,0
Session_4,2026-01-26 16:58:43.049,0.283,-73.3439,6.8810,-15.0574,0.1112,80.3568,91.9391,-65.5042,-105.3162,601.6002,175.8591,82.0286,92.7372,6,0,0,0,0
Session_4,2026-01-26 16:58:43.117,0.351,-73.3437,6.8171,-15.0581,-2.7905,80.4069,92.3257,-64.0230,-110.0565,597.2325,177.5819,79.1148,94.4237,6,0,0,0,0
Session_4,2026-01-26 16:58:43.183,0.417,-73.3228,6.6587,-15.0816,-6.2835,80.9267,92.5056,-61.5343,-116.0854,591.4675,179.4770,75.4811,96.7617,6,0,0,0,0
Session_4,2026-01-26 16:58:43.250,0.484,-73.3092,5.7656,-15.0829,-7.5737,80.9287,92.4843,-59.0948,-124.1354,587.8351,-179.1432,73.3246,98.1122,6,0,0,0,0
Session_4,2026-01-26 16:58:43.324,0.558,-73.3092,4.1206,-15.0829,-7.0663,80.4433,92.6147,-56.3939,-135.1663,585.6217,-178.5080,72.2238,98.2173,6,0,0,0,0
Session_4,2026-01-26 16:58:43.397,0.631,-73.3091,2.2531,-15.0831,-7.5181,81.0928,94.4021,-51.5357,-148.6609,580.8813,176.9532,69.8783,93.9568,6,0,0,0,0
Session_4,2026-01-26 16:58:43.472,0.706,-73.3091,0.2592,-15.0828,-9.5684,82.3590,97.4954,-45.2175,-164.4404,572.4107,171.0639,65.5222,88.5090,6,0,0,0,0
Session_4,2026-01-26 16:58:43.562,0.796,-73.3093,-1.5576,-15.0824,-13.1671,82.4229,97.2057,-40.4307,-180.1400,560.8223,174.9193,60.3510,92.1336,6,0,0,0,0
Session_4,2026-01-26 16:58:43.645,0.879,-73.3089,-3.0847,-15.0832,-12.3486,82.4757,96.3645,-37.5639,-189.4748,557.9722,176.6559,59.7169,94.1033,6,0,0,0,0
Session_4,2026-01-26 16:58:43.718,0.952,-73.3090,-4.7348,-15.0832,-9.0479,82.2979,96.3130,-35.4089,-197.4078,559.2805,176.1746,61.3489,93.5549,6,0,0,0,0
Session_4,2026-01-26 16:58:43.783,1.017,-73.3089,-6.1485,-15.0835,-6.8404,82.6495,96.3171,-32.8166,-204.5801,558.9330,175.4373,62.0823,93.2128,6,0,0,0,0
Session_4,2026-01-26 16:58:43.849,1.083,-73.3083,-7.6062,-15.0830,-5.9539,82.6282,96.3316,-30.2242,-213.3076,555.7553,175.7106,61.5283,93.4288,6,0,0,0,0
Session_4,2026-01-26 16:58:43.924,1.158,-73.3070,-8.9621,-15.0834,-5.3613,82.9523,96.3350,-27.3535,-221.5081,552.1276,175.7459,60.7485,93.7427,6,0,0,0,0
Session_4,2026-01-26 16:58:43.997,1.231,-73.3068,-10.3148,-15.0844,-3.8926,82.7772,96.3371,-25.3425,-228.9447,550.0329,175.8607,60.8798,93.6896,6,0,0,0,0
Session_4,2026-01-26 16:58:44.080,1.314,-73.3061,-11.9332,-15.0853,-2.7102,82.8143,96.3329,-22.5074,-238.2344,546.1660,176.0310,60.4501,93.8729,6,0,0,0,0
Session_4,2026-01-26 16:58:44.152,1.386,-73.3053,-13.3540,-15.0856,-2.2563,82.7971,96.3384,-19.9466,-246.8332,541.4314,176.4615,59.5079,94.2290,6,0,0,0,0
Session_4,2026-01-26 16:58:44.227,1.461,-73.3013,-14.8298,-15.0865,-2.0874,82.9008,96.3364,-17.0844,-255.8842,535.6839,176.8988,58.2185,94.6969,6,0,0,0,0
Session_4,2026-01-26 16:58:44.310,1.544,-73.2954,-16.3813,-15.0864,-1.7001,83.3814,96.3316,-13.7193,-264.9979,529.7719,176.8781,57.0262,95.0928,6,0,0,0,0
Session_4,2026-01-26 16:58:44.383,1.617,-73.2957,-17.8230,-15.0865,-1.7015,83.5222,96.3364,-10.9392,-273.6753,523.3558,177.2464,55.5958,95.5134,6,0,0,0,0
Session_4,2026-01-26 16:58:44.457,1.691,-73.2958,-19.4780,-15.0901,-1.6019,83.6932,96.3336,-7.8121,-283.3807,515.9005,177.5969,54.0465,95.9407,6,0,0,0,0
Session_4,2026-01-26 16:58:44.515,1.749,-73.2959,-20.8825,-15.0900,-1.3657,83.7831,96.3343,-5.3039,-291.3629,509.6703,177.8687,52.8885,96.2306,6,0,0,0,0
Session_4,2026-01-26 16:58:44.597,1.831,-73.2962,-23.2277,-15.0900,-1.5347,83.7852,96.3322,-1.2901,-304.7355,497.6768,178.5861,50.4137,96.7960,6,0,0,0,0
Session_4,2026-01-26 16:58:44.663,1.897,-73.2963,-25.3436,-15.0900,-1.3163,83.8037,96.3343,2.1706,-316.1913,487.1391,179.0585,48.5413,97.1677,6,0,0,0,0
Session_4,2026-01-26 16:58:44.745,1.979,-73.2968,-27.9259,-15.0898,-1.0794,83.8085,96.3336,6.2249,-329.6915,473.6356,179.6159,46.2266,97.5815,6,0,0,0,0
Session_4,2026-01-26 16:58:44.818,2.052,-73.2978,-30.3368,-15.0898,-0.8871,83.6987,96.3309,9.7189,-341.8152,460.4195,-179.7831,44.0471,97.9311,6,0,0,0,0
Session_4,2026-01-26 16:58:44.885,2.119,-73.2978,-32.4248,-15.0899,-0.8370,83.6890,96.3357,12.7320,-351.8972,448.3002,-179.3596,42.0333,98.2102,6,0,0,0,0
Session_4,2026-01-26 16:58:44.951,2.185,-73.2980,-34.2201,-15.0899,-0.7896,83.7605,96.3309,15.3129,-360.2038,437.5806,-179.0882,40.2960,98.4389,6,0,0,0,0
Session_4,2026-01-26 16:58:45.017,2.251,-73.2981,-36.1904,-15.0900,-0.4868,83.7570,96.3329,17.9280,-368.9367,426.0518,-178.7796,38.6458,98.6312,6,0,0,0,0
Session_4,2026-01-26 16:58:45.090,2.324,-73.2983,-38.2842,-15.0901,-0.3969,83.8305,96.3329,20.6817,-377.8103,412.9625,-178.5021,36.6530,98.8450,6,0,0,0,0
Session_4,2026-01-26 16:58:45.165,2.399,-73.2983,-40.4053,-15.0906,-0.4024,83.8648,96.3295,23.2854,-386.3433,399.1616,-178.1810,34.5415,99.0545,6,0,0,0,0
Session_4,2026-01-26 16:58:45.231,2.464,-73.2986,-42.2124,-15.0906,-0.3001,83.8950,96.3288,25.3876,-393.2297,387.3800,-177.9407,32.8482,99.2047,6,0,0,0,0
Session_4,2026-01-26 16:58:45.305,2.539,-73.2989,-44.1558,-15.0906,-0.3845,83.8387,96.3322,27.4173,-400.2392,374.0580,-177.5785,30.8436,99.3632,6,0,0,0,0
Session_4,2026-01-26 16:58:45.380,2.614,-73.2992,-46.0075,-15.0907,-0.2184,83.8010,96.3322,29.2620,-406.5526,361.6648,-177.2944,29.1758,99.4864,6,0,0,0,0
Session_4,2026-01-26 16:58:45.441,2.675,-73.2992,-47.4668,-15.0910,-0.2870,83.8511,96.3316,30.7168,-411.1897,351.3167,-177.1273,27.6538,99.5901,6,0,0,0,0
Session_4,2026-01-26 16:58:45.514,2.748,-73.2993,-49.2339,-15.0910,0.0254,83.8483,96.3288,32.3365,-416.6024,339.4710,-176.9225,26.2104,99.6839,6,0,0,0,0
Session_4,2026-01-26 16:58:45.593,2.827,-73.2993,-51.1418,-15.0914,-0.1751,83.8600,96.3295,33.9298,-421.8635,325.3565,-176.6523,24.1159,99.8031,6,0,0,0,0
Session_4,2026-01-26 16:58:45.676,2.910,-73.2997,-53.2002,-15.0912,0.0446,83.9005,96.3309,35.5802,-427.2047,310.8432,-176.4547,22.2862,99.8950,6,0,0,0,0
Session_4,2026-01-26 16:58:45.758,2.992,-73.3002,-54.8682,-15.0913,-0.0288,84.0344,96.3350,36.8887,-431.0175,298.4046,-176.3692,20.5422,99.9695,6,0,0,0,0
Session_4,2026-01-26 16:58:45.840,3.074,-73.3355,-56.3826,-15.0915,-0.0632,84.1292,96.3309,37.6952,-434.2224,287.0849,-176.2703,18.9932,100.0028,6,0,0,0,0
Session_4,2026-01-26 16:58:45.914,3.148,-73.3360,-57.6814,-15.0917,-0.4285,84.5542,96.7058,38.8810,-436.4077,276.5853,-176.6080,17.3158,99.6702,6,0,0,0,0
Session_4,2026-01-26 16:58:45.979,3.213,-73.3358,-58.7795,-15.0922,-0.3310,84.7259,96.8623,39.6913,-438.3866,268.5152,-176.6976,16.3112,99.5431,6,0,0,0,0
Session_4,2026-01-26 16:58:46.061,3.295,-73.3360,-60.0487,-15.0923,-0.1696,84.8502,94.4893,40.4939,-440.5499,259.2461,-176.0388,15.0462,102.0338,6,0,0,0,0
Session_4,2026-01-26 16:58:46.146,3.380,-73.3677,-61.4202,-15.0927,-0.3179,85.0733,94.1782,41.0855,-442.4283,248.5188,-176.0609,13.4923,102.3511,6,0,0,0,0
Session_4,2026-01-26 16:58:46.219,3.453,-73.4523,-62.6264,-15.0946,-1.1433,85.7524,93.9516,41.5001,-443.1975,237.6303,-176.5383,11.4015,102.5275,6,0,0,0,0
Session_4,2026-01-26 16:58:46.293,3.527,-73.5098,-64.2224,-15.1050,-0.8418,86.8627,94.6507,42.9478,-444.8987,225.8912,-177.6774,10.0524,101.7739,6,0,0,0,0
Session_4,2026-01-26 16:58:46.366,3.600,-73.5109,-66.2626,-15.1123,-0.2918,88.0746,94.8209,45.0323,-446.7952,211.1869,-178.7867,8.4654,101.6177,6,0,0,0,0
Session_4,2026-01-26 16:58:46.441,3.675,-73.5553,-68.4772,-15.1149,-0.6331,88.7311,94.7179,45.7604,-447.6584,193.4278,-179.2119,5.8595,101.7031,6,0,0,0,0
Session_4,2026-01-26 16:58:46.514,3.748,-73.9448,-70.5032,-15.1151,-0.4820,89.6910,94.7536,44.0801,-448.4899,178.0348,179.9843,3.9119,101.2905,6,0,0,0,0
Session_4,2026-01-26 16:58:46.595,3.829,-75.0767,-71.8947,-15.1146,-0.5033,92.7679,95.0434,38.8566,-448.4610,167.3119,177.0243,2.2345,99.8819,6,0,0,0,0
Session_4,2026-01-26 16:58:46.678,3.912,-76.4062,-72.4540,-15.1155,-1.1412,94.7667,95.0695,30.6175,-447.9481,161.9937,175.1383,0.8635,98.5413,6,0,0,0,0
Session_4,2026-01-26 16:58:46.750,3.984,-77.2525,-72.6842,-15.1171,-2.2343,95.4142,94.9713,24.4690,-446.8891,158.3389,174.6091,-0.5041,97.7982,6,0,0,0,0
Session_4,2026-01-26 16:58:46.843,4.077,-77.4089,-73.4733,-15.1268,-3.2121,97.8456,95.1890,25.8124,-444.9912,150.8633,172.3486,-2.5123,97.4459,6,0,0,0,0
Session_4,2026-01-26 16:58:46.908,4.142,-77.4035,-74.6308,-15.1373,-3.6866,100.2482,95.5955,28.4485,-443.4034,141.5866,170.1319,-4.4327,97.0740,6,0,0,0,0
Session_4,2026-01-26 16:58:46.981,4.215,-77.4034,-75.7391,-15.1371,-3.0597,100.7124,95.6566,29.0548,-443.5720,134.2503,169.7210,-4.9672,97.0179,6,0,0,0,0
Session_4,2026-01-26 16:58:47.057,4.291,-77.4039,-76.6185,-15.1373,-3.6440,101.1861,95.9203,29.3172,-442.1785,126.6569,169.4213,-6.5185,96.7508,6,0,0,0,0
Session_4,2026-01-26 16:58:47.139,4.373,-77.4038,-77.3231,-15.1362,-4.4419,102.4303,97.0855,30.4170,-440.3231,120.2956,168.5002,-8.3721,95.6027,6,0,0,0,0
Session_4,2026-01-26 16:58:47.213,4.447,-77.4030,-77.3727,-15.1251,-6.0857,104.1923,98.6105,31.9581,-437.6542,117.8453,167.2250,-10.5950,94.1054,6,0,0,0,0
Session_4,2026-01-26 16:58:47.285,4.519,-77.3863,-77.0810,-15.1045,-7.0910,105.4536,98.5961,33.2867,-436.2401,118.9614,166.0706,-11.4606,94.1608,6,0,0,0,0
Session_4,2026-01-26 16:58:47.360,4.594,-77.3625,-75.9981,-15.1040,-8.3736,104.7285,97.9946,32.4055,-435.3684,124.9250,166.7038,-11.4146,94.7503,6,0,0,0,0
Session_4,2026-01-26 16:58:47.443,4.677,-77.3582,-73.9661,-15.1029,-8.4375,104.6626,97.6156,32.5962,-436.4235,140.1476,166.4344,-9.3663,95.1756,6,0,0,0,0
Session_4,2026-01-26 16:58:47.517,4.751,-77.3584,-71.8122,-15.1030,-9.4098,104.6963,97.6382,32.4861,-435.7585,154.8594,166.2490,-8.2044,95.1779,6,0,0,0,0
Session_4,2026-01-26 16:58:47.598,4.832,-77.3584,-69.1250,-15.1031,-11.2768,104.8206,97.7158,32.0958,-433.3528,172.0701,166.0277,-7.4261,95.1205,6,0,0,0,0
Session_4,2026-01-26 16:58:47.680,4.914,-77.3579,-66.5144,-15.1035,-12.8849,104.9476,97.7234,31.6270,-430.5674,188.9739,165.7702,-6.4509,95.1337,6,0,0,0,0
Session_4,2026-01-26 16:58:47.763,4.997,-77.3577,-64.0110,-15.1036,-13.8119,104.7965,97.8181,30.8864,-428.0651,205.9707,165.7214,-4.8918,95.0572,6,0,0,0,0
Session_4,2026-01-26 16:58:47.837,5.071,-77.3575,-61.7051,-15.1041,-15.2655,104.8624,97.9321,30.1428,-424.3908,220.5120,165.5511,-4.0846,94.9577,6,0,0,0,0
Session_4,2026-01-26 16:58:47.911,5.145,-77.3573,-59.7882,-15.1046,-15.8814,104.8686,97.9308,29.5345,-421.6407,233.4731,165.3708,-2.7963,94.9699,6,0,0,0,0
Session_4,2026-01-26 16:58:47.993,5.227,-77.3578,-57.8031,-15.1044,-16.8537,104.6688,98.0901,28.4849,-418.0492,246.1185,165.4384,-1.8057,94.8136,6,0,0,0,0
Session_4,2026-01-26 16:58:48.075,5.309,-77.3502,-55.7835,-15.1047,-18.6905,104.5905,98.1161,27.3153,-413.0037,257.3507,165.4918,-1.6207,94.7939,6,0,0,0,0
Session_4,2026-01-26 16:58:48.148,5.382,-77.3326,-53.7509,-15.1057,-20.0686,104.1676,98.2191,25.8461,-408.1621,269.1877,165.8231,-0.9408,94.6988,6,0,0,0,0
Session_4,2026-01-26 16:58:48.230,5.464,-77.1217,-52.2420,-15.1115,-20.0294,103.2825,98.2555,25.7022,-405.5436,279.5785,166.4845,0.7008,94.8445,6,0,0,0,0
Session_4,2026-01-26 16:58:48.290,5.524,-76.7263,-52.0829,-15.1478,-19.1402,102.4352,97.9994,27.6753,-406.2252,281.9270,167.1888,1.8781,95.4589,6,0,0,0,0
Session_4,2026-01-26 16:58:48.365,5.599,-76.1055,-52.7697,-15.5587,-17.5603,101.2301,97.5016,31.4252,-409.2296,277.8822,168.3369,2.6206,96.5296,6,0,0,0,0
Session_4,2026-01-26 16:58:48.447,5.681,-75.7279,-54.2431,-16.7728,-15.4317,101.0399,96.9818,35.1105,-413.8207,265.8661,168.6160,2.1933,97.4151,6,0,0,0,0
Session_4,2026-01-26 16:58:48.511,5.745,-75.7352,-55.3885,-18.0813,-14.5644,100.7137,96.6914,35.3016,-416.3606,253.2929,169.1325,0.7116,97.6901,6,0,0,0,0
Session_4,2026-01-26 16:58:48.595,5.829,-75.7649,-57.0588,-20.7766,-11.9023,100.0120,96.3549,35.2854,-420.5710,233.7108,170.0197,-0.8419,97.9767,6,0,0,0,0
Session_4,2026-01-26 16:58:48.677,5.911,-75.7650,-58.3574,-23.2908,-7.7790,99.4736,96.3638,35.7799,-425.1417,220.0546,170.5210,-0.4759,97.9581,6,0,0,0,0
Session_4,2026-01-26 16:58:48.759,5.993,-75.7681,-59.5095,-25.8604,-5.2721,99.3871,96.1146,36.0701,-426.7984,204.3165,170.7328,-1.6339,98.1971,6,0,0,0,0
Session_4,2026-01-26 16:58:48.831,6.065,-75.7709,-60.5133,-28.4643,-1.5951,99.0163,96.0363,36.1678,-429.0759,191.4377,171.0923,-1.5138,98.2655,6,0,0,0,0
Session_4,2026-01-26 16:58:48.896,6.130,-75.7885,-61.3793,-30.4555,1.9171,98.2569,96.1022,35.6737,-431.3662,181.9754,171.7806,-0.7929,98.1721,6,0,0,0,0
Session_4,2026-01-26 16:58:48.972,6.206,-75.9523,-62.5102,-33.3735,3.6681,98.6394,95.9470,34.4396,-429.5730,163.4745,171.6337,-3.0957,98.1597,6,0,0,0,0
Session_4,2026-01-26 16:58:49.046,6.280,-76.0056,-63.4452,-35.8516,7.5799,98.3613,96.3487,33.9024,-430.4317,152.0891,171.8773,-2.6279,97.7068,6,0,0,0,0
Session_4,2026-01-26 16:58:49.120,6.354,-76.0055,-64.1429,-38.1748,11.7320,98.0708,96.7985,33.7664,-431.3228,143.6549,172.0538,-1.5339,97.2613,6,0,0,0,0
Session_4,2026-01-26 16:58:49.186,6.420,-76.0078,-64.4729,-39.8774,12.3988,98.0818,96.7937,33.1496,-428.8657,134.7816,172.2030,-2.8911,97.2577,6,0,0,0,0
Session_4,2026-01-26 16:58:49.260,6.494,-76.0063,-64.6279,-41.4131,14.1628,98.1992,97.0580,33.0744,-427.9335,129.9109,172.0908,-2.8683,96.9994,6,0,0,0,0
Session_4,2026-01-26 16:58:49.341,6.575,-76.0038,-64.7352,-42.7714,16.6663,97.7440,97.4123,32.6249,-428.3149,127.3952,172.4274,-1.8295,96.6481,6,0,0,0,0
Session_4,2026-01-26 16:58:49.415,6.649,-76.0039,-64.7390,-43.9708,19.1389,97.0107,97.7536,31.8877,-429.0092,126.3081,172.9953,-0.5183,96.3005,6,0,0,0,0
Session_4,2026-01-26 16:58:49.490,6.724,-76.0037,-64.7424,-44.7994,20.3831,96.8788,98.0667,31.6704,-428.7875,124.8159,173.0714,-0.1299,95.9880,6,0,0,0,0
Session_4,2026-01-26 16:58:49.665,6.899,-76.0023,-65.3497,-47.1990,23.4970,96.9118,98.0928,31.2253,-426.7938,115.3592,173.0238,-0.0317,95.9641,6,0,0,0,0
Session_4,2026-01-26 16:58:49.727,6.961,-76.0009,-65.6752,-47.6358,24.3127,97.3375,98.1519,31.6547,-426.3560,112.5809,172.5950,-0.0458,95.9145,6,0,0,0,0
Session_4,2026-01-26 16:58:49.827,7.061,-75.9844,-66.5026,-47.7383,26.5533,97.8600,98.4210,32.7661,-427.7133,110.1476,171.8882,1.1403,95.6726,6,0,0,0,0
Session_4,2026-01-26 16:58:49.902,7.136,-75.9845,-66.6643,-47.7383,27.8352,97.3862,98.5721,32.5219,-429.0893,111.2106,172.1878,2.2969,95.5082,6,0,0,0,0
Session_4,2026-01-26 16:58:49.976,7.210,-75.9838,-66.6647,-47.7385,28.4429,97.6321,98.9429,32.9727,-429.6539,112.3620,171.8369,2.8084,95.1425,6,0,0,0,0
Session_4,2026-01-26 16:58:50.041,7.275,-75.9837,-66.7038,-47.7390,28.9510,97.7357,99.4002,33.2161,-430.1129,113.0253,171.6367,3.1890,94.6878,6,0,0,0,0
Session_4,2026-01-26 16:58:50.131,7.365,-75.9827,-66.8145,-47.7392,29.3328,98.0708,99.3947,33.6860,-430.3028,112.9664,171.2629,3.4031,94.6999,6,0,0,0,0
Session_4,2026-01-26 16:58:50.191,7.425,-75.9828,-66.9036,-47.7397,29.2511,98.1992,99.3782,33.7940,-430.0998,112.1727,171.1651,3.2158,94.7209,6,0,0,0,0
Session_4,2026-01-26 16:58:50.266,7.500,-75.9787,-67.1554,-47.7396,29.1996,98.3833,99.3892,33.9679,-429.7584,110.2401,171.0323,2.8852,94.7215,6,0,0,0,0
Session_4,2026-01-26 16:58:50.346,7.580,-75.9772,-67.7658,-47.7393,29.2600,98.9250,99.4235,34.4757,-429.0666,105.9250,170.5859,2.2499,94.7071,6,0,0,0,0
Session_4,2026-01-26 16:58:50.428,7.662,-75.9758,-68.3320,-47.7385,29.5203,99.5993,99.3906,35.1900,-428.5522,102.3427,169.9718,1.8457,94.7614,6,0,0,0,0
Session_4,2026-01-26 16:58:50.503,7.737,-75.9719,-68.3390,-47.7331,29.8416,99.6124,99.4201,35.3202,-428.8879,102.9060,169.9064,2.1539,94.7348,6,0,0,0,0
Session_4,2026-01-26 16:58:50.582,7.816,-75.9629,-68.3397,-47.7335,29.7565,99.7572,99.4366,35.5322,-428.7479,102.7725,169.7769,2.0426,94.7323,6,0,0,0,0
Session_4,2026-01-26 16:58:50.646,7.880,-75.9631,-68.3396,-47.7334,29.7414,99.7538,99.4153,35.5227,-428.7336,102.7453,169.7835,2.0322,94.7530,6,0,0,0,0
Session_4,2026-01-26 16:58:50.717,7.951,-75.9632,-68.3395,-47.7333,29.7269,99.7215,99.4139,35.4815,-428.7285,102.7136,169.8176,2.0237,94.7535,6,0,0,0,0
Session_4,2026-01-26 16:58:50.782,8.016,-75.9628,-68.3395,-47.7333,29.5889,99.7895,99.4338,35.5265,-428.5626,102.4738,169.7723,1.8729,94.7369,6,0,0,0,0
Session_4,2026-01-26 16:58:50.848,8.082,-75.9627,-68.3388,-47.7310,29.6020,99.8019,99.3610,35.5462,-428.5785,102.5157,169.7599,1.8997,94.8090,6,0,0,0,0
Session_4,2026-01-26 16:58:50.922,8.156,-75.9628,-68.2529,-47.6993,29.4083,99.6968,99.2828,35.4136,-428.5684,102.9134,169.8781,1.8553,94.8834,6,0,0,0,0
Session_4,2026-01-26 16:58:50.996,8.230,-75.9606,-67.9771,-47.6851,29.1721,99.7215,99.2718,35.4766,-428.6292,104.5905,169.8455,1.9064,94.8969,6,0,0,0,0
Session_4,2026-01-26 16:58:51.063,8.297,-75.9604,-67.5924,-47.6851,29.0025,99.7016,99.2450,35.5066,-428.8436,107.1255,169.8320,2.1266,94.9216,6,0,0,0,0
Session_4,2026-01-26 16:58:51.136,8.370,-75.9375,-67.2018,-47.6850,28.8748,99.9021,99.2168,35.9707,-429.0108,109.8285,169.5937,2.3597,94.9764,6,0,0,0,0
Session_4,2026-01-26 16:58:51.225,8.459,-75.9249,-67.1800,-47.6855,28.2939,100.0470,99.2546,36.0847,-428.3710,108.9516,169.5381,1.7775,94.9592,6,0,0,0,0
Session_4,2026-01-26 16:58:51.300,8.534,-75.9081,-67.1798,-47.6855,28.2280,100.4617,99.2429,36.6718,-428.1653,108.9213,169.1399,1.6492,95.0001,6,0,0,0,0
Session_4,2026-01-26 16:58:51.374,8.608,-75.8403,-67.1800,-47.6856,28.2040,100.5194,99.2800,37.2387,-428.0783,108.8881,169.0858,1.6091,95.0334,6,0,0,0,0
Session_4,2026-01-26 16:58:51.456,8.690,-75.7571,-67.1839,-47.6861,28.0714,100.5510,99.2780,37.8600,-427.8693,108.6219,169.0764,1.4693,95.1201,6,0,0,0,0
Session_4,2026-01-26 16:58:51.522,8.756,-75.6919,-67.1864,-47.6864,28.0296,100.5036,99.3047,38.2799,-427.7931,108.5154,169.1296,1.4276,95.1577,6,0,0,0,0
Session_4,2026-01-26 16:58:51.597,8.831,-75.6604,-67.1873,-47.6864,28.1319,100.4686,99.4215,38.5024,-427.8900,108.6877,169.1449,1.5113,95.0731,6,0,0,0,0
Session_4,2026-01-26 16:58:51.664,8.898,-75.6578,-67.2007,-47.6868,28.0364,100.3883,99.5560,38.3996,-427.7983,108.3951,169.2385,1.3913,94.9414,6,0,0,0,0
Session_4,2026-01-26 16:58:51.738,8.972,-75.6577,-67.2131,-47.6875,27.8799,100.0264,99.6124,37.9375,-427.7292,107.9367,169.6216,1.2728,94.8758,6,0,0,0,0
Session_4,2026-01-26 16:58:51.802,9.036,-75.6577,-67.2167,-47.6874,27.9183,99.7971,99.6501,37.6816,-427.8372,107.9325,169.8409,1.3382,94.8316,6,0,0,0,0
Session_4,2026-01-26 16:58:51.868,9.102,-75.6576,-67.2167,-47.6874,27.9252,99.8740,99.7428,37.7736,-427.8210,107.9614,169.7619,1.3159,94.7428,6,0,0,0,0
Session_4,2026-01-26 16:58:51.932,9.166,-75.6577,-67.2167,-47.6874,28.0014,99.7929,99.8609,37.7001,-427.9271,108.0834,169.8262,1.3837,94.6236,6,0,0,0,0
Session_4,2026-01-26 16:58:51.999,9.233,-75.6576,-67.2191,-47.6874,28.0694,99.6968,99.9989,37.6077,-428.0264,108.1703,169.9063,1.4404,94.4847,6,0,0,0,0
Session_4,2026-01-26 16:58:52.063,9.297,-75.6575,-67.2191,-47.6874,28.0598,99.7799,99.9838,37.7011,-427.9907,108.1698,169.8265,1.4194,94.5021,6,0,0,0,0
Session_4,2026-01-26 16:58:52.138,9.372,-75.6575,-67.2191,-47.6874,28.0783,99.9364,99.9694,37.8870,-427.9623,108.2358,169.6697,1.4135,94.5211,6,0,0,0,0
Session_4,2026-01-26 16:58:52.213,9.447,-75.6575,-67.2191,-47.6873,28.0680,100.1452,99.9564,38.1253,-427.8874,108.2616,169.4663,1.3703,94.5405,6,0,0,0,0
Session_4,2026-01-26 16:58:52.287,9.521,-75.6576,-67.2191,-47.6873,28.0591,100.0848,99.9838,38.0524,-427.8965,108.2326,169.5266,1.3668,94.5115,6,0,0,0,0
Session_4,2026-01-26 16:58:52.361,9.595,-75.6578,-67.2189,-47.6872,28.0694,99.8225,99.9879,37.7509,-427.9886,108.1980,169.7828,1.4212,94.4990,6,0,0,0,0
Session_4,2026-01-26 16:58:52.434,9.668,-75.6578,-67.2187,-47.6870,28.4182,98.9642,99.9921,36.8530,-428.6223,108.6691,170.5674,1.9113,94.4679,6,1,0,0,0
Session_4,2026-01-26 16:58:52.496,9.730,-75.6578,-67.2186,-47.6868,28.6317,98.6668,99.9921,36.5660,-428.9390,109.0071,170.8233,2.1728,94.4582,6,1,0,0,0
Session_4,2026-01-26 16:58:52.559,9.793,-75.6577,-67.2187,-47.6869,28.5191,98.9188,99.9934,36.8286,-428.7428,108.8463,170.5947,2.0184,94.4647,6,1,0,0,0
Session_4,2026-01-26 16:58:52.631,9.865,-75.6576,-67.2187,-47.6868,28.5411,99.0294,99.9728,36.9633,-428.7317,108.9074,170.4828,2.0245,94.4882,6,1,0,0,0
Session_4,2026-01-26 16:58:52.707,9.941,-75.6575,-67.2189,-47.6869,28.5754,99.1393,99.9619,37.1004,-428.7335,108.9900,170.3693,2.0412,94.5021,6,1,0,0,0
Session_4,2026-01-26 16:58:52.788,10.022,-75.6550,-67.2197,-47.6871,28.5851,99.3054,99.9577,37.3132,-428.6896,109.0333,170.2045,2.0221,94.5134,6,1,0,0,0
Session_4,2026-01-26 16:58:52.864,10.098,-75.6520,-67.2208,-47.6871,28.5830,99.4476,99.9474,37.4991,-428.6404,109.0491,170.0655,1.9965,94.5308,6,1,0,0,0
Session_4,2026-01-26 16:58:52.929,10.163,-75.6191,-67.2229,-47.6871,28.5761,99.4283,99.9646,37.7209,-428.6154,109.0170,170.0854,1.9879,94.5463,6,1,0,0,0
Session_4,2026-01-26 16:58:53.010,10.244,-75.5813,-67.2332,-47.6871,28.5713,99.3514,99.9715,37.9107,-428.5995,108.9166,170.1634,1.9850,94.5751,6,1,0,0,0
Session_4,2026-01-26 16:58:53.079,10.313,-75.5739,-67.2526,-47.6872,28.6043,99.3885,99.9241,38.0134,-428.5991,108.8407,170.1262,2.0001,94.6303,6,1,0,0,0
Session_4,2026-01-26 16:58:53.149,10.383,-75.5594,-67.2637,-47.6872,28.5706,99.4510,99.8898,38.1820,-428.5242,108.7088,170.0735,1.9513,94.6807,6,1,0,0,0
Session_4,2026-01-26 16:58:53.224,10.458,-75.5333,-67.2835,-47.6872,28.5466,99.4503,99.8863,38.3649,-428.4629,108.5179,170.0817,1.9088,94.7104,6,1,0,0,0
Session_4,2026-01-26 16:58:53.313,10.547,-75.4801,-67.3517,-47.6873,28.5542,99.4510,99.9138,38.7485,-428.3690,108.0263,170.0905,1.8441,94.7368,6,1,0,0,0
Session_4,2026-01-26 16:58:53.395,10.629,-75.3310,-67.4098,-47.6873,28.5693,99.4956,99.9062,39.9044,-428.2121,107.6326,170.0541,1.7955,94.8950,6,1,0,0,0
Session_4,2026-01-26 16:58:53.478,10.712,-75.0411,-67.4275,-47.6874,28.6420,99.3439,99.8932,41.9114,-428.1125,107.6046,170.1945,1.8777,95.1930,6,1,0,0,0
Session_4,2026-01-26 16:58:53.551,10.785,-74.6762,-67.4293,-47.6874,28.7086,98.9642,99.8204,44.2186,-428.0294,107.6401,170.5597,2.0177,95.6185,6,1,0,0,0
Session_4,2026-01-26 16:58:53.636,10.870,-74.4991,-67.4397,-47.6874,28.6194,98.5384,99.8575,45.0217,-427.9280,107.3203,170.9944,1.9853,95.7478,6,1,0,0,0
Session_4,2026-01-26 16:58:53.713,10.947,-74.5002,-67.4473,-47.6875,28.3777,97.0319,99.9399,43.1998,-428.1638,106.5743,172.5169,1.9840,95.6295,6,1,0,0,0
Session_4,2026-01-26 16:58:53.781,11.015,-74.5010,-67.4473,-47.6875,28.6297,96.5540,99.9454,42.7143,-428.5891,106.9675,172.9437,2.3135,95.6111,6,1,0,0,0
Session_4,2026-01-26 16:58:53.843,11.077,-74.5007,-67.4478,-47.6876,28.4862,97.0766,100.0010,43.2795,-428.2638,106.7755,172.4522,2.0747,95.5687,6,1,0,0,0
Session_4,2026-01-26 16:58:53.918,11.152,-74.5008,-67.4479,-47.6876,28.4649,97.1054,99.9873,43.3058,-428.2318,106.7403,172.4280,2.0505,95.5830,6,1,0,0,0
Session_4,2026-01-26 16:58:53.992,11.226,-74.5008,-67.4487,-47.6878,28.4106,97.0196,99.9213,43.1899,-428.2014,106.6214,172.5243,2.0194,95.6467,6,1,0,0,0
Session_4,2026-01-26 16:58:54.054,11.288,-74.5009,-67.4493,-47.6880,28.3777,97.0450,99.9385,43.2087,-428.1571,106.5599,172.5045,1.9796,95.6304,6,1,0,0,0
Session_4,2026-01-26 16:58:54.131,11.365,-74.5009,-67.4493,-47.6880,28.3365,97.0326,99.9467,43.1823,-428.1174,106.4826,172.5234,1.9400,95.6222,6,1,0,0,0
Session_4,2026-01-26 16:58:54.206,11.440,-74.5010,-67.4500,-47.6883,28.3049,96.9365,99.9447,43.0604,-428.1142,106.4044,172.6237,1.9247,95.6222,6,1,0,0,0
Session_4,2026-01-26 16:58:54.279,11.513,-74.5011,-67.4507,-47.6885,28.3001,96.7600,99.9605,42.8540,-428.1660,106.3638,172.7979,1.9473,95.6026,6,1,0,0,0
Session_4,2026-01-26 16:58:54.354,11.588,-74.5010,-67.4522,-47.6889,28.2870,96.7978,99.9632,42.8935,-428.1372,106.3321,172.7632,1.9257,95.6008,6,1,0,0,0
Session_4,2026-01-26 16:58:54.435,11.669,-74.5011,-67.5781,-47.6891,28.3097,96.7044,99.9790,42.7566,-428.0662,105.4277,172.8724,1.8379,95.5837,6,1,0,0,0
Session_4,2026-01-26 16:58:54.502,11.736,-74.5016,-67.9204,-47.6891,28.2671,96.7326,99.9454,42.6756,-427.6599,102.8228,172.9118,1.4580,95.6191,6,1,0,0,0
Session_4,2026-01-26 16:58:54.567,11.801,-74.5016,-68.3612,-47.6888,28.7856,96.8445,99.8211,42.8301,-427.7125,100.5241,172.7915,1.5313,95.7445,6,1,0,0,0
Session_4,2026-01-26 16:58:54.632,11.866,-74.5014,-68.4803,-47.6889,28.6915,96.7985,99.8149,42.7132,-427.4949,99.4658,172.8731,1.3296,95.7507,6,1,0,0,0
Session_4,2026-01-26 16:58:54.697,11.931,-74.5015,-68.4811,-47.6889,28.6592,96.5465,99.7126,42.4105,-427.5418,99.3662,173.1293,1.3519,95.8471,6,1,0,0,0
Session_4,2026-01-26 16:58:54.779,12.013,-74.5015,-68.4814,-47.6890,28.5480,96.3000,99.6590,42.0910,-427.5010,99.1287,173.3920,1.2894,95.8959,6,1,0,0,0
Session_4,2026-01-26 16:58:54.854,12.088,-74.5013,-68.4880,-47.6892,28.5171,96.3879,99.6632,42.1831,-427.4303,99.0345,173.3117,1.2370,95.8939,6,1,0,0,0
Session_4,2026-01-26 16:58:54.920,12.154,-74.5011,-68.5025,-47.6897,28.5851,96.4160,99.6865,42.2325,-427.4780,99.0520,173.2746,1.2818,95.8712,6,1,0,0,0
Session_4,2026-01-26 16:58:54.986,12.220,-74.5011,-68.5574,-47.6899,28.6750,96.5231,99.6790,42.3672,-427.4790,98.8231,173.1634,1.2991,95.8807,6,1,0,0,0
Session_4,2026-01-26 16:58:55.061,12.295,-74.5007,-68.7109,-47.6900,28.9730,96.7374,99.6645,42.6601,-427.5598,98.2587,172.9285,1.4075,95.8992,6,1,0,0,0
Session_4,2026-01-26 16:58:55.142,12.376,-74.5004,-68.9539,-47.6897,29.4653,96.9159,99.6220,42.9405,-427.7576,97.3841,172.7122,1.6293,95.9444,6,1,0,0,0
Session_4,2026-01-26 16:58:55.218,12.452,-74.5002,-69.0556,-47.6893,29.6542,96.9592,99.6233,43.0163,-427.8307,96.9843,172.6550,1.7083,95.9437,6,1,0,0,0
Session_4,2026-01-26 16:58:55.293,12.527,-74.4985,-69.0556,-47.6889,29.6006,96.9365,99.6192,42.9871,-427.7804,96.8855,172.6862,1.6602,95.9493,6,1,0,0,0
Session_4,2026-01-26 16:58:55.367,12.601,-74.4965,-69.0557,-47.6888,29.5594,96.9269,99.5451,42.9786,-427.7378,96.8084,172.7046,1.6306,96.0248,6,1,0,0,0
Session_4,2026-01-26 16:58:55.441,12.675,-74.4960,-69.0560,-47.6888,29.5415,96.9269,99.5306,42.9768,-427.7179,96.7739,172.7080,1.6145,96.0397,6,1,0,0,0
Session_4,2026-01-26 16:58:55.514,12.748,-74.4960,-69.0564,-47.6888,29.5436,96.9118,99.5313,42.9601,-427.7246,96.7727,172.7226,1.6186,96.0388,6,1,0,0,0
Session_4,2026-01-26 16:58:55.579,12.813,-74.4960,-69.0564,-47.6888,29.5271,96.9180,99.5533,42.9624,-427.7049,96.7435,172.7186,1.5985,96.0172,6,1,0,0,0
Session_4,2026-01-26 16:58:55.655,12.889,-74.4960,-69.0563,-47.6886,29.5079,96.9248,99.5409,42.9650,-427.6824,96.7111,172.7153,1.5803,96.0297,6,1,0,0,0
Session_4,2026-01-26 16:58:55.729,12.963,-74.4960,-69.0562,-47.6882,29.4949,96.9200,99.5382,42.9558,-427.6710,96.6891,172.7222,1.5690,96.0324,6,1,0,0,0
Session_4,2026-01-26 16:58:55.805,13.039,-74.4961,-69.0560,-47.6878,29.4866,96.9303,99.5519,42.9649,-427.6599,96.6786,172.7130,1.5580,96.0189,6,1,0,0,0
Session_4,2026-01-26 16:58:55.870,13.104,-74.4961,-69.0557,-47.6873,29.4784,96.9221,99.5773,42.9530,-427.6552,96.6666,172.7216,1.5488,95.9935,6,1,0,0,0
Session_4,2026-01-26 16:58:55.937,13.171,-74.4962,-69.0551,-47.6866,29.4743,96.9207,99.5794,42.9502,-427.6537,96.6667,172.7234,1.5460,95.9914,6,1,0,0,0
Session_4,2026-01-26 16:58:56.011,13.245,-74.4964,-69.0540,-47.6862,29.5113,96.9049,99.5760,42.9417,-427.7013,96.7421,172.7326,1.5872,95.9940,6,1,0,0,0
Session_4,2026-01-26 16:58:56.076,13.310,-74.4970,-69.0509,-47.6858,29.5196,96.9207,99.6069,42.9595,-427.7099,96.7839,172.7143,1.5922,95.9631,6,1,0,0,0
Session_4,2026-01-26 16:58:56.150,13.384,-74.4975,-69.0482,-47.6850,29.5100,96.9344,99.5986,42.9702,-427.7001,96.7913,172.7020,1.5849,95.9711,6,1,0,0,0
Session_4,2026-01-26 16:58:56.219,13.453,-74.4975,-69.0482,-47.6850,29.5326,96.9186,99.5904,42.9588,-427.7297,96.8303,172.7141,1.6109,95.9788,6,1,0,0,0
Session_4,2026-01-26 16:58:56.299,13.533,-74.4974,-69.0485,-47.6852,29.5422,96.9125,99.5835,42.9550,-427.7414,96.8441,172.7188,1.6218,95.9856,6,1,0,0,0
Session_4,2026-01-26 16:58:56.365,13.599,-74.4973,-69.0490,-47.6854,29.5656,96.9008,99.5595,42.9489,-427.7692,96.8806,172.7272,1.6492,96.0092,6,1,0,0,0
Session_4,2026-01-26 16:58:56.440,13.674,-74.4972,-69.0499,-47.6859,29.5821,96.9022,99.5492,42.9554,-427.7840,96.9011,172.7237,1.6650,96.0194,6,1,0,0,0
Session_4,2026-01-26 16:58:56.512,13.746,-74.4971,-69.0513,-47.6864,29.5621,96.8939,99.5609,42.9402,-427.7627,96.8519,172.7351,1.6435,96.0079,6,1,0,0,0
Session_4,2026-01-26 16:58:56.595,13.829,-74.4971,-69.0534,-47.6867,29.5656,96.8939,99.5492,42.9402,-427.7631,96.8410,172.7353,1.6459,96.0195,6,1,0,0,0
Session_4,2026-01-26 16:58:56.661,13.895,-74.4970,-69.0542,-47.6868,29.5395,96.8912,99.5615,42.9298,-427.7348,96.7868,172.7421,1.6182,96.0074,6,1,0,0,0
Session_4,2026-01-26 16:58:56.737,13.971,-74.4968,-69.0552,-47.6867,29.5134,96.9063,99.5471,42.9403,-427.7006,96.7344,172.7320,1.5908,96.0223,6,1,0,0,0
Session_4,2026-01-26 16:58:56.811,14.045,-74.4970,-69.0525,-47.6861,29.5395,96.9324,99.4949,42.9785,-427.7248,96.8085,172.7029,1.6222,96.0743,6,1,0,0,0
Session_4,2026-01-26 16:58:56.884,14.118,-74.4975,-69.0285,-47.6731,29.5409,96.9118,99.4682,42.9672,-427.7907,97.0413,172.7177,1.6668,96.0998,6,1,0,0,0
Session_4,2026-01-26 16:58:56.951,14.185,-74.4979,-68.9099,-47.5971,29.3616,96.6055,99.5025,42.6411,-428.0076,97.8772,173.0161,1.7279,96.0589,6,1,0,0,0
Session_4,2026-01-26 16:58:57.020,14.254,-74.4990,-68.5573,-47.5020,28.7711,95.8784,99.6069,41.7816,-428.2201,99.7259,173.7532,1.6948,95.9409,6,1,0,0,0
Session_4,2026-01-26 16:58:57.106,14.340,-74.5001,-67.7024,-47.4963,28.4683,95.6113,99.6453,41.6261,-428.8965,105.4949,173.9221,2.2852,95.8935,6,1,0,0,0
Session_4,2026-01-26 16:58:57.179,14.413,-74.5108,-67.1166,-47.4963,27.7906,95.5275,99.6886,41.4078,-428.7824,108.5847,174.0184,2.2040,95.8389,6,1,0,0,0
Session_4,2026-01-26 16:58:57.255,14.489,-74.5116,-66.5055,-47.4965,26.2772,95.5460,99.9330,41.1281,-427.7129,110.3540,174.1459,1.2863,95.5998,6,1,0,0,0
Session_4,2026-01-26 16:58:57.320,14.554,-74.5318,-65.8264,-47.4965,25.2995,95.5522,99.9570,40.8555,-427.2578,113.6008,174.1907,0.9885,95.5569,6,1,0,0,0
Session_4,2026-01-26 16:58:57.395,14.629,-74.5674,-64.8710,-47.4966,24.7838,95.6435,100.0717,40.7551,-427.4674,119.7292,174.0223,1.3939,95.4072,6,1,0,0,0
Session_4,2026-01-26 16:58:57.476,14.710,-74.6632,-63.5999,-47.4968,23.4043,95.7328,100.7103,39.9774,-426.8969,126.6160,173.9397,1.2042,94.6784,6,1,0,0,0
Session_4,2026-01-26 16:58:57.558,14.792,-74.8682,-62.4391,-47.4973,22.2610,95.7246,101.2431,38.2875,-426.4779,133.0928,173.9335,1.1662,93.9431,6,1,0,0,0
Session_4,2026-01-26 16:58:57.630,14.864,-75.2217,-61.3796,-47.4972,21.3684,95.7191,101.5899,35.5289,-426.2496,139.2685,173.8986,1.2941,93.2440,6,1,0,0,0
Session_4,2026-01-26 16:58:57.705,14.939,-75.7456,-60.4265,-47.4976,20.4099,95.5859,101.8343,31.3029,-425.9228,144.5138,174.0247,1.2896,92.4741,6,1,0,0,0
Session_4,2026-01-26 16:58:57.781,15.015,-76.5924,-59.6808,-47.4976,20.1187,95.5227,101.8639,24.9095,-426.2697,149.4492,173.9928,1.7444,91.5940,6,1,0,0,0
Session_4,2026-01-26 16:58:57.856,15.090,-77.6132,-59.1817,-47.4981,19.9052,95.1100,101.9318,16.8005,-426.6428,152.6733,174.3354,2.1012,90.4949,6,1,0,0,0
Session_4,2026-01-26 16:58:57.930,15.164,-78.6099,-58.8649,-47.4980,19.6092,95.3806,102.0657,9.6451,-426.5463,154.4851,174.0618,2.0520,89.3705,6,1,0,0,0
Session_4,2026-01-26 16:58:57.997,15.231,-79.3654,-58.6556,-47.4979,19.3922,95.3661,102.0802,3.9649,-426.4405,155.6217,174.0770,2.0462,88.6004,6,1,0,0,0
Session_4,2026-01-26 16:58:58.078,15.312,-80.2259,-58.4763,-47.4975,18.8972,95.5302,102.0877,-2.3329,-425.9049,156.0517,173.9822,1.7028,87.7381,6,1,0,0,0
Session_4,2026-01-26 16:58:58.159,15.393,-80.8705,-58.2542,-47.4973,18.3685,95.7143,102.1104,-6.9936,-425.2646,156.7373,173.8657,1.3624,87.0767,6,1,0,0,0
Session_4,2026-01-26 16:58:58.234,15.468,-81.3562,-57.8028,-47.4972,17.9551,95.8056,102.1358,-10.5509,-424.7695,159.2953,173.7679,1.3778,86.5676,6,1,0,0,0
Session_4,2026-01-26 16:58:58.297,15.531,-81.7076,-57.2895,-47.4973,17.8851,95.6710,102.1282,-13.3223,-424.6798,162.8992,173.8068,1.8402,86.2181,6,1,0,0,0
Session_4,2026-01-26 16:58:58.365,15.599,-82.2748,-56.4461,-47.4972,17.9290,95.4533,102.0767,-17.7809,-424.6001,169.1128,173.8360,2.7590,85.6898,6,1,0,0,0
Session_4,2026-01-26 16:58:58.439,15.673,-82.8088,-55.7471,-47.4975,17.8288,95.2419,101.9442,-22.0138,-424.2656,174.0047,173.9254,3.4022,85.2764,6,1,0,0,0
Session_4,2026-01-26 16:58:58.511,15.745,-83.3823,-55.2987,-47.4975,17.7690,95.2267,101.9511,-26.2939,-423.8828,177.1646,173.8593,3.7850,84.6907,6,1,0,0,0
Session_4,2026-01-26 16:58:58.580,15.814,-84.0213,-55.1983,-47.4975,17.9283,95.1196,101.9579,-31.1329,-423.7216,178.1823,173.9096,4.0603,84.0388,6,1,0,0,0
Session_4,2026-01-26 16:58:58.660,15.894,-84.7744,-55.1991,-47.4979,18.0244,94.6967,101.8762,-37.1994,-423.4257,178.3104,174.3091,4.2485,83.3567,6,1,0,0,0
Session_4,2026-01-26 16:58:58.734,15.968,-85.5632,-55.1991,-47.4979,18.2579,94.5305,101.6991,-43.2067,-423.1318,178.7307,174.4372,4.5282,82.7377,6,1,0,0,0
Session_4,2026-01-26 16:58:58.801,16.035,-86.3230,-55.2009,-47.4981,18.5044,93.9159,101.5233,-49.5389,-422.8279,179.1239,175.0033,4.9070,82.1381,6,1,0,0,0
Session_4,2026-01-26 16:58:58.876,16.110,-87.0630,-55.2030,-47.4981,19.0949,93.7251,101.0392,-55.1957,-422.7662,180.2041,175.1186,5.5629,81.8686,6,1,0,0,0
Session_4,2026-01-26 16:58:58.947,16.181,-87.7440,-55.2118,-47.4983,19.4836,93.1922,100.2015,-60.8454,-422.5008,180.8344,175.6562,6.1012,82.0119,6,1,0,0,0
Session_4,2026-01-26 16:58:59.028,16.262,-88.2207,-55.2147,-47.4984,20.0068,92.0750,98.4677,-65.6950,-422.5463,181.7437,176.8692,6.9084,83.2549,6,1,0,0,0
Session_4,2026-01-26 16:58:59.111,16.345,-88.5219,-55.2177,-47.4985,20.3069,91.7022,97.3608,-68.3598,-422.5015,182.2787,177.3346,7.3098,84.0599,6,1,0,0,0
Session_4,2026-01-26 16:58:59.179,16.413,-88.7465,-55.2613,-47.4988,20.4387,91.0609,96.7662,-70.7901,-422.3898,182.1899,178.0369,7.4999,84.4298,6,1,0,0,0
Session_4,2026-01-26 16:58:59.248,16.482,-88.9244,-55.4343,-47.4987,20.4545,90.7450,96.3110,-72.4826,-422.2409,180.9437,178.4282,7.3937,84.7121,6,1,0,0,0
Session_4,2026-01-26 16:58:59.313,16.547,-89.0477,-55.6952,-47.4985,20.3645,90.5033,95.8804,-73.6849,-422.0685,178.8544,178.7610,7.0814,85.0267,6,1,0,0,0
Session_4,2026-01-26 16:58:59.390,16.624,-89.0935,-55.8441,-47.4977,20.2615,89.1355,95.4884,-75.6821,-421.9684,177.5740,-179.8046,6.9705,85.3778,6,1,0,0,0
Session_4,2026-01-26 16:58:59.473,16.707,-89.1280,-55.8436,-47.4654,20.3391,87.7485,95.2370,-77.6160,-422.0723,177.9195,-178.4026,7.2061,85.5972,6,1,0,0,0
Session_4,2026-01-26 16:58:59.540,16.774,-89.2097,-55.8438,-47.3259,20.0301,87.7451,95.3091,-78.2228,-421.8828,177.9760,-178.3923,7.0395,85.4449,6,1,0,0,0
Session_4,2026-01-26 16:58:59.624,16.858,-89.5399,-55.8448,-46.6897,19.8180,87.2795,95.3627,-81.2107,-422.2397,180.5302,-177.9754,7.5056,85.0570,6,1,0,0,0
Session_4,2026-01-26 16:58:59.686,16.920,-89.8420,-55.8462,-45.9919,19.7157,86.8970,95.2446,-83.8968,-422.7921,183.5834,-177.6341,8.1279,84.8678,6,1,0,0,0
Session_4,2026-01-26 16:58:59.758,16.992,-90.3419,-55.9106,-44.7837,19.1711,86.8833,95.2027,-87.6067,-423.3551,187.6900,-177.6699,8.7242,84.4021,6,1,0,0,0
Session_4,2026-01-26 16:58:59.830,17.064,-90.7990,-56.1645,-43.7166,18.4021,86.9128,95.0510,-90.9585,-423.5583,189.3124,-177.6800,8.7593,84.0977,6,1,0,0,0
Session_4,2026-01-26 16:58:59.919,17.153,-91.2822,-56.9634,-42.1460,17.2300,87.1841,95.0105,-94.2308,-424.2153,188.4536,-177.9084,8.3352,83.6598,6,1,0,0,0
Session_4,2026-01-26 16:59:00.004,17.238,-91.3277,-57.6761,-40.7065,16.2522,87.5150,95.1560,-94.1976,-425.4903,187.9822,-178.2365,8.0609,83.4696,6,1,0,0,0
Session_4,2026-01-26 16:59:00.087,17.321,-91.3284,-58.0894,-39.4506,15.6315,87.2246,95.3249,-94.5841,-426.7410,189.5979,-177.9921,8.3138,83.2962,6,1,0,0,0
Session_4,2026-01-26 16:59:00.160,17.394,-91.3375,-58.4901,-38.5201,15.6507,86.6801,95.1698,-95.3435,-428.1045,191.0304,-177.4773,8.9042,83.4383,6,1,0,0,0
Session_4,2026-01-26 16:59:00.247,17.481,-91.3573,-59.3051,-37.5890,15.7420,86.4494,94.9500,-95.8092,-429.6825,189.4664,-177.2313,9.1210,83.6387,6,1,0,0,0
Session_4,2026-01-26 16:59:00.321,17.555,-91.3574,-60.1033,-37.0081,15.9933,85.8403,94.4838,-96.5768,-430.9426,186.7053,-176.5517,9.1795,84.1125,6,1,0,0,0
Session_4,2026-01-26 16:59:00.395,17.629,-91.3580,-61.1414,-36.5776,16.1856,85.6659,94.1158,-96.8180,-432.0085,181.2553,-176.2879,8.7555,84.4895,6,1,0,0,0
Session_4,2026-01-26 16:59:00.473,17.707,-91.3580,-62.5660,-36.3881,16.5598,85.7723,93.6179,-96.7108,-432.9102,172.0406,-176.2625,7.8570,84.9996,6,1,0,0,0
Session_4,2026-01-26 16:59:00.539,17.773,-91.3580,-63.7524,-36.3617,17.1057,86.0065,93.3254,-96.4418,-433.5506,164.1668,-176.4200,7.2114,85.2982,6,1,0,0,0
Session_4,2026-01-26 16:59:00.598,17.832,-91.3578,-64.6225,-36.3595,17.3811,86.4583,92.3325,-95.8995,-433.7834,158.0435,-176.7223,6.5378,86.2988,6,1,0,0,0
Session_4,2026-01-26 16:59:00.665,17.899,-91.3576,-65.2593,-36.3597,17.6186,86.7638,90.6283,-95.5309,-433.9312,153.6221,-176.8300,6.0347,88.0117,6,1,0,0,0
Session_4,2026-01-26 16:59:00.739,17.973,-91.3571,-65.7217,-36.3591,18.6541,87.0007,89.6402,-95.2628,-434.8881,152.0374,-176.9594,6.5543,89.0046,6,1,0,0,0
Session_4,2026-01-26 16:59:00.812,18.046,-91.3558,-66.3146,-36.3591,19.1629,87.8501,89.0662,-94.2323,-435.2755,148.4283,-177.7443,6.4532,89.5834,6,1,0,0,0
Session_4,2026-01-26 16:59:00.881,18.115,-91.3484,-66.8776,-36.3593,18.9638,88.8320,88.7716,-92.9772,-434.9284,143.7226,-178.7091,5.7005,89.8858,6,1,0,0,0
Session_4,2026-01-26 16:59:00.951,18.185,-91.3404,-67.0442,-36.3592,19.1560,89.4706,88.0959,-92.1455,-435.0951,142.8016,-179.2791,5.7319,90.5731,6,1,0,0,0
Session_4,2026-01-26 16:59:01.025,18.259,-91.3324,-67.0442,-36.3586,19.6820,89.5743,87.6057,-91.9716,-435.6491,143.7921,-179.3113,6.2559,91.0762,6,1,0,0,0
Session_4,2026-01-26 16:59:01.109,18.343,-91.3099,-67.0718,-36.3597,19.6298,89.9842,86.7274,-91.3016,-435.6317,143.4759,-179.6290,6.1872,91.9818,6,1,0,0,0
Session_4,2026-01-26 16:59:01.185,18.419,-91.2627,-67.1182,-36.3598,19.6339,90.5019,86.4123,-90.3143,-435.7066,143.1314,179.8858,6.1752,92.3459,6,1,0,0,0
Session_4,2026-01-26 16:59:01.245,18.479,-91.1801,-67.1189,-36.3598,19.5962,90.8020,86.2372,-89.3214,-435.8047,143.0591,179.6027,6.1568,92.6042,6,1,0,0,0
Session_4,2026-01-26 16:59:01.324,18.558,-91.0005,-67.1195,-36.3602,18.9445,90.9620,86.3697,-87.7496,-435.4144,141.8333,179.3870,5.5147,92.6461,6,1,0,0,0
Session_4,2026-01-26 16:59:01.401,18.635,-90.8106,-67.1217,-36.3613,18.2318,91.0155,86.6293,-86.2298,-434.9520,140.4845,179.2660,4.8003,92.5715,6,1,0,0,0
Session_4,2026-01-26 16:59:01.470,18.704,-90.6794,-67.1227,-36.3613,18.2510,90.9235,87.0282,-85.3455,-435.1671,140.5107,179.3254,4.8085,92.3026,6,1,0,0,0
Session_4,2026-01-26 16:59:01.544,18.778,-90.6378,-67.2044,-36.3611,17.9173,90.4326,87.4443,-85.6207,-434.8304,139.2642,179.7623,4.3668,91.9253,6,1,0,0,0
Session_4,2026-01-26 16:59:01.614,18.848,-90.6383,-67.5228,-36.3588,17.5719,89.7830,87.5549,-86.4069,-434.2971,136.2166,-179.6256,3.6777,91.8118,6,1,0,0,0
Session_4,2026-01-26 16:59:01.680,18.914,-90.6450,-67.8310,-36.3429,17.3680,89.6354,87.4374,-86.6325,-433.9250,133.5757,-179.4928,3.1746,91.9215,6,1,0,0,0
Session_4,2026-01-26 16:59:01.755,18.989,-90.6449,-67.8734,-36.1053,17.8445,89.7137,87.3324,-86.5476,-434.8518,135.2065,-179.5338,3.8483,92.0287,6,1,0,0,0
Session_4,2026-01-26 16:59:01.831,19.065,-90.6445,-67.8758,-35.3985,17.7354,89.5200,87.2328,-86.7918,-435.9599,138.2114,-179.3048,4.4327,92.1309,6,1,0,0,0
Session_4,2026-01-26 16:59:01.914,19.148,-90.6442,-67.9203,-34.4374,17.6042,89.6663,87.0687,-86.6285,-437.4176,142.0298,-179.3977,5.2226,92.2992,6,1,0,0,0
Session_4,2026-01-26 16:59:01.981,19.215,-90.6438,-68.1075,-33.7690,17.1387,89.5262,87.1202,-86.8009,-437.9457,142.8011,-179.2617,5.2316,92.2480,6,1,0,0,0
Session_4,2026-01-26 16:59:02.052,19.286,-90.6440,-68.5532,-33.0421,15.7537,88.9378,87.5391,-87.5112,-437.4648,140.1648,-178.7599,4.1090,91.8228,6,1,0,0,0
Session_4,2026-01-26 16:59:02.131,19.365,-90.6430,-68.7488,-32.2138,14.0714,88.9728,87.9462,-87.4545,-436.8943,139.3687,-178.8619,3.0700,91.4134,6,1,0,0,0
Session_4,2026-01-26 16:59:02.195,19.429,-90.6365,-68.7487,-31.6037,13.4610,88.8533,88.1344,-87.5532,-437.2173,141.0461,-178.7526,3.0697,91.2314,6,1,0,0,0
Session_4,2026-01-26 16:59:02.266,19.500,-90.6360,-68.7485,-30.9086,12.5546,88.9151,88.4592,-87.4757,-437.3198,142.5718,-178.8375,2.8673,90.9065,6,1,0,0,0
Session_4,2026-01-26 16:59:02.328,19.562,-90.5925,-68.7489,-30.4931,11.9009,89.4878,88.5965,-86.4479,-437.3160,143.2709,-179.4227,2.6457,90.8125,6,1,0,0,0
Session_4,2026-01-26 16:59:02.409,19.643,-90.4760,-68.7488,-30.4002,12.4386,89.7583,88.3459,-85.2367,-438.2412,144.6749,-179.6633,3.2812,91.1808,6,1,0,0,0
Session_4,2026-01-26 16:59:02.484,19.718,-90.4564,-68.7498,-30.4029,12.4866,90.0954,88.2587,-84.6781,-438.3225,144.7425,-179.9940,3.3354,91.2879,6,1,0,0,0
Session_4,2026-01-26 16:59:02.559,19.793,-90.4411,-68.7702,-30.4054,12.9680,90.0934,88.2820,-84.5682,-438.8638,145.4572,-179.9795,3.7934,91.2806,6,1,0,0,0
Session_4,2026-01-26 16:59:02.628,19.862,-90.3851,-68.8642,-30.4055,13.3292,89.9609,88.2779,-84.3021,-439.3062,145.4010,-179.8387,4.0565,91.3413,6,1,0,0,0
Session_4,2026-01-26 16:59:02.712,19.946,-90.3375,-69.4993,-30.4046,13.5180,90.1126,88.2642,-83.7524,-439.3402,140.8766,179.9971,3.6158,91.4018,6,1,0,0,0
Session_4,2026-01-26 16:59:02.797,20.031,-90.3376,-70.2745,-30.4032,13.7041,90.2815,88.2518,-83.5476,-439.1830,135.2749,179.8110,3.0336,91.4130,6,1,0,0,0
Session_4,2026-01-26 16:59:02.878,20.112,-90.3342,-70.3412,-30.3902,14.2397,90.0817,88.0664,-83.7672,-439.7679,135.8006,-179.9632,3.5090,91.6031,6,1,0,0,0
Session_4,2026-01-26 16:59:02.962,20.196,-90.3339,-70.3420,-30.3839,13.9815,89.8606,87.9339,-84.0319,-439.4908,135.3508,-179.7432,3.2484,91.7355,6,1,0,0,0
Session_4,2026-01-26 16:59:03.038,20.272,-90.3339,-70.3420,-30.3839,13.9725,89.8297,87.8522,-84.0694,-439.4807,135.3348,-179.7080,3.2380,91.8173,6,1,0,0,0
Session_4,2026-01-26 16:59:03.114,20.348,-90.3340,-70.3421,-30.3839,13.7796,89.9135,87.8439,-83.9669,-439.2661,134.9814,-179.7986,3.0482,91.8251,6,1,0,0,0
Session_4,2026-01-26 16:59:03.180,20.414,-90.3340,-70.3420,-30.3839,13.7302,89.9773,87.8439,-83.8889,-439.2114,134.8917,-179.8642,3.0013,91.8251,6,1,0,0,0
Session_4,2026-01-26 16:59:03.248,20.482,-90.3339,-70.3422,-30.3841,13.6636,89.9464,87.9009,-83.9258,-439.1361,134.7677,-179.8388,2.9333,91.7679,6,1,0,0,0
Session_4,2026-01-26 16:59:03.314,20.548,-90.3338,-70.3425,-30.3844,13.6443,90.0151,87.9050,-83.8414,-439.1147,134.7296,-179.9084,2.9161,91.7639,6,1,0,0,0
Session_4,2026-01-26 16:59:03.390,20.624,-90.3341,-70.3435,-30.3852,13.6642,89.9382,87.8783,-83.9373,-439.1341,134.7540,-179.8295,2.9312,91.7904,6,1,0,0,0
Session_4,2026-01-26 16:59:03.474,20.708,-90.3340,-70.3437,-30.3852,13.7418,90.0000,87.8405,-83.8618,-439.2215,134.8940,-179.8864,3.0108,91.8285,6,1,0,0,0
Session_4,2026-01-26 16:59:03.565,20.799,-90.3339,-70.3446,-30.3859,13.6450,90.0529,87.8721,-83.7961,-439.1121,134.7079,-179.9445,2.9145,91.7968,6,1,0,0,0
Session_4,2026-01-26 16:59:03.634,20.868,-90.3339,-70.3449,-30.3861,13.6684,90.0350,87.8844,-83.8182,-439.1375,134.7470,-179.9265,2.9367,91.7844,6,1,0,0,0
Session_4,2026-01-26 16:59:03.702,20.936,-90.3339,-70.3457,-30.3869,13.7109,90.0742,87.8831,-83.7707,-439.1838,134.8144,-179.9640,2.9790,91.7859,6,1,0,0,0
Session_4,2026-01-26 16:59:03.776,21.010,-90.3340,-70.3483,-30.3919,13.6958,90.0872,87.8687,-83.7555,-439.1573,134.7448,-179.9771,2.9569,91.8002,6,1,0,0,0
Session_4,2026-01-26 16:59:03.852,21.086,-90.3340,-70.4074,-30.3934,13.7604,90.1181,87.8735,-83.7181,-439.1957,134.4013,179.9919,2.9619,91.7954,6,1,0,0,0
Session_4,2026-01-26 16:59:03.925,21.159,-90.3338,-70.4844,-30.3948,13.6636,90.1538,87.8824,-83.6729,-439.0432,133.6284,179.9493,2.7881,91.7863,6,1,0,0,0
Session_4,2026-01-26 16:59:03.995,21.229,-90.3339,-70.5936,-30.3952,13.6807,90.0501,87.8535,-83.7990,-439.0002,132.8201,-179.9492,2.6920,91.8149,6,1,0,0,0
Session_4,2026-01-26 16:59:04.062,21.296,-90.3341,-70.7388,-30.3950,13.8023,89.9478,87.7938,-83.9251,-439.0535,131.9281,-179.8450,2.6645,91.8745,6,1,0,0,0
Session_4,2026-01-26 16:59:04.246,21.480,-90.3341,-71.3426,-30.3937,13.9272,90.1360,87.8494,-83.6953,-438.8253,127.5292,179.9464,2.1944,91.8181,6,1,0,0,0
Session_4,2026-01-26 16:59:04.343,21.577,-90.3342,-71.3470,-30.3935,14.2493,90.0426,87.8281,-83.8112,-439.1891,128.0797,-179.9474,2.5085,91.8398,6,1,0,0,0
Session_4,2026-01-26 16:59:04.423,21.657,-90.3342,-71.3489,-30.3937,14.2486,90.0542,87.8014,-83.7973,-439.1869,128.0634,-179.9580,2.5063,91.8665,6,1,0,0,0
Session_4,2026-01-26 16:59:04.518,21.752,-90.3342,-71.3496,-30.3936,14.1470,90.1428,87.8185,-83.6893,-439.0716,127.8742,179.9488,2.4074,91.8492,6,1,0,0,0
Session_4,2026-01-26 16:59:04.583,21.817,-90.3341,-71.3496,-30.3936,14.0948,90.2699,87.8034,-83.5342,-439.0132,127.7804,179.8205,2.3602,91.8643,6,1,0,0,0
Session_4,2026-01-26 16:59:04.645,21.879,-90.3342,-71.3495,-30.3936,14.0385,90.2959,87.8000,-83.5027,-438.9491,127.6790,179.7924,2.3050,91.8676,6,1,0,0,0
Session_4,2026-01-26 16:59:04.719,21.953,-90.3341,-71.3495,-30.3935,14.0810,90.4003,87.7560,-83.3757,-438.9987,127.7577,179.6916,2.3519,91.9117,6,1,0,0,0
Session_4,2026-01-26 16:59:04.793,22.027,-90.3341,-71.3495,-30.3935,14.1051,90.4106,87.7471,-83.3633,-439.0261,127.8010,179.6826,2.3764,91.9207,6,1,0,0,0
Session_4,2026-01-26 16:59:04.868,22.102,-90.3342,-71.3495,-30.3935,14.0858,90.4024,87.7567,-83.3737,-439.0041,127.7661,179.6897,2.3568,91.9109,6,1,0,0,0
Session_4,2026-01-26 16:59:04.934,22.168,-90.3343,-71.3495,-30.3934,14.2870,90.3447,87.7279,-83.4458,-439.2324,128.1312,179.7565,2.5558,91.9401,6,1,0,0,0
Session_4,2026-01-26 16:59:04.999,22.233,-90.3344,-71.3495,-30.3934,14.2609,90.3893,87.7265,-83.3922,-439.2030,128.0841,179.7109,2.5315,91.9413,6,1,0,0,0
Session_4,2026-01-26 16:59:05.065,22.299,-90.3343,-71.3495,-30.3934,14.2142,90.6585,87.6949,-83.0648,-439.1520,128.0026,179.4415,2.4959,91.9728,6,1,0,0,0
Session_4,2026-01-26 16:59:05.139,22.373,-90.3343,-71.3495,-30.3934,14.0824,90.9792,87.6187,-82.6749,-439.0039,127.7686,179.1189,2.3781,92.0487,6,1,0,0,0
Session_4,2026-01-26 16:59:05.220,22.454,-90.3345,-71.3495,-30.3934,14.1628,90.8878,87.6304,-82.7883,-439.0945,127.9128,179.2130,2.4545,92.0370,6,1,0,0,0
Session_4,2026-01-26 16:59:05.305,22.539,-90.3344,-71.3493,-30.3931,14.3612,90.8199,87.7238,-82.8706,-439.3199,128.2743,179.2849,2.6493,91.9441,6,1,0,0,0
Session_4,2026-01-26 16:59:05.378,22.612,-90.3345,-71.3491,-30.3926,14.4333,90.6097,87.7299,-83.1272,-439.4009,128.4059,179.4974,2.7136,91.9380,6,1,0,0,0
Session_4,2026-01-26 16:59:05.453,22.687,-90.3344,-71.3487,-30.3919,14.4388,90.4175,87.7251,-83.3598,-439.4073,128.4198,179.6900,2.7126,91.9429,6,1,0,0,0
Session_4,2026-01-26 16:59:05.527,22.761,-90.3344,-71.3486,-30.3916,14.4587,90.4477,87.7142,-83.3230,-439.4306,128.4584,179.6612,2.7341,91.9540,6,1,0,0,0
Session_4,2026-01-26 16:59:05.601,22.835,-90.3347,-71.3486,-30.3914,14.4367,90.4463,87.7032,-83.3270,-439.4058,128.4196,179.6622,2.7125,91.9646,6,1,0,0,0
Session_4,2026-01-26 16:59:05.663,22.897,-90.3346,-71.3487,-30.3913,14.4154,90.5088,87.6812,-83.2504,-439.3823,128.3816,179.5999,2.6939,91.9866,6,1,0,0,0
Session_4,2026-01-26 16:59:05.734,22.968,-90.3347,-71.3486,-30.3914,14.3736,90.6434,87.6407,-83.0874,-439.3357,128.3071,179.4656,2.6578,92.0270,6,1,0,0,0
Session_4,2026-01-26 16:59:05.796,23.030,-90.3345,-71.3478,-30.3903,14.5569,90.3605,87.6400,-83.4304,-439.5433,128.6487,179.7560,2.8313,92.0283,6,0,0,0,0
Session_4,2026-01-26 16:59:05.868,23.102,-90.3349,-71.3476,-30.3899,14.7821,89.3195,87.7533,-84.6977,-439.7883,129.0662,-179.2006,3.0156,91.9147,6,0,0,0,0
Session_4,2026-01-26 16:59:05.950,23.184,-90.3348,-71.3455,-30.3699,14.9064,89.4074,87.7299,-84.5911,-439.9628,129.3992,-179.2814,3.1650,91.9386,6,0,0,0,0
Session_4,2026-01-26 16:59:06.015,23.249,-90.3350,-71.3444,-30.3265,14.9119,89.4610,87.6881,-84.5278,-440.0426,129.6150,-179.3306,3.2166,91.9805,6,0,0,0,0
Session_4,2026-01-26 16:59:06.081,23.315,-90.3350,-71.3389,-30.2827,14.9174,89.4974,87.6551,-84.4847,-440.1256,129.8669,-179.3628,3.2724,92.0136,6,0,0,0,0
Session_4,2026-01-26 16:59:06.156,23.390,-90.3351,-71.3378,-30.1963,14.8535,89.5605,87.6057,-84.4091,-440.2001,130.1526,-179.4221,3.2982,92.0631,6,0,0,0,0
Session_4,2026-01-26 16:59:06.229,23.463,-90.3353,-71.3349,-30.1213,14.7684,89.6471,87.5521,-84.3061,-440.2328,130.3610,-179.5058,3.2941,92.1166,6,0,0,0,0
Session_4,2026-01-26 16:59:06.296,23.530,-90.3362,-71.2876,-30.0206,14.5850,89.7473,87.5095,-84.1912,-440.2245,130.8481,-179.6050,3.2627,92.1583,6,0,0,0,0
Session_4,2026-01-26 16:59:06.371,23.605,-90.3373,-70.9217,-29.8462,13.9725,89.9464,87.4574,-83.9573,-440.0421,133.3387,-179.8042,3.1992,92.2093,6,0,0,0,0
Session_4,2026-01-26 16:59:06.444,23.678,-90.3371,-70.1541,-29.6784,13.6299,90.1703,87.4086,-83.6853,-440.3214,139.3835,-179.9982,3.8013,92.2600,6,0,0,0,0
Session_4,2026-01-26 16:59:06.525,23.759,-90.3450,-69.1293,-29.6381,13.1918,89.9485,87.3338,-84.0148,-440.2922,146.6440,-179.7423,4.4172,92.3292,6,0,0,0,0
Session_4,2026-01-26 16:59:06.600,23.834,-90.3487,-68.3745,-29.6379,12.5079,90.0110,87.3976,-83.9648,-439.7687,151.1818,-179.8064,4.4913,92.2617,6,0,0,0,0
Session_4,2026-01-26 16:59:06.666,23.900,-90.3487,-67.5541,-29.6379,11.6661,90.2307,87.5137,-83.6934,-439.0352,155.9220,179.9640,4.4798,92.1453,6,0,0,0,0
Session_4,2026-01-26 16:59:06.742,23.976,-90.3488,-66.2596,-29.6380,10.9767,90.1950,87.5322,-83.7336,-438.4146,164.5651,-179.9756,5.0828,92.1288,6,0,0,0,0
Session_4,2026-01-26 16:59:06.816,24.050,-90.3492,-64.5849,-29.6378,10.3148,90.2493,87.6084,-83.6658,-437.5782,176.1444,-179.9939,6.0972,92.0560,6,0,0,0,0
Session_4,2026-01-26 16:59:06.878,24.112,-90.3495,-63.0940,-29.6378,9.7675,90.2259,87.7210,-83.6905,-436.6089,186.4975,-179.9445,7.0392,91.9468,6,0,0,0,0
Session_4,2026-01-26 16:59:06.956,24.190,-90.3502,-60.5709,-29.6378,8.7870,90.4058,88.0060,-83.4640,-434.3456,203.8263,179.8952,8.5872,91.6664,6,0,0,0,0
Session_4,2026-01-26 16:59:07.024,24.258,-90.3531,-58.1229,-29.6378,7.6719,90.3625,88.2793,-83.5199,-431.3218,220.1852,179.9382,9.9176,91.3937,6,0,0,0,0
Session_4,2026-01-26 16:59:07.087,24.321,-90.3606,-55.6183,-29.6377,6.6213,90.4807,88.5031,-83.4101,-427.6308,236.9302,179.8204,11.3739,91.1662,6,0,0,0,0
Session_4,2026-01-26 16:59:07.162,24.396,-90.3612,-52.4607,-29.6374,5.2055,90.8720,88.6040,-82.9038,-421.9591,257.5782,179.4532,13.1246,91.0721,6,0,0,0,0
Session_4,2026-01-26 16:59:07.228,24.462,-90.3615,-49.4993,-29.6376,4.3053,91.2621,88.5931,-82.3953,-415.9985,277.4666,179.1197,15.1947,91.0961,6,0,0,0,0
Session_4,2026-01-26 16:59:07.313,24.547,-90.3615,-45.7846,-29.6374,2.8935,92.3669,88.5999,-80.9991,-406.9955,301.3582,178.0742,17.5239,91.1055,6,0,0,0,0
Session_4,2026-01-26 16:59:07.380,24.614,-90.3618,-42.8999,-29.6375,1.0526,92.5111,88.8876,-80.7735,-398.6011,317.8983,177.8616,18.5604,90.8105,6,0,0,0,0
Session_4,2026-01-26 16:59:07.445,24.679,-90.3622,-39.8072,-29.6375,-0.9750,92.6738,89.3552,-80.5168,-388.7365,335.0066,177.5555,19.6091,90.3215,6,0,0,0,0
Session_4,2026-01-26 16:59:07.519,24.753,-90.3621,-36.4912,-29.6376,-2.6463,92.8077,89.7446,-80.2826,-377.4912,353.7525,177.2914,21.2372,89.9117,6,0,0,0,0
Session_4,2026-01-26 16:59:07.584,24.818,-90.3618,-33.3464,-29.6375,-4.2929,92.8228,90.2101,-80.1896,-365.9092,370.7483,177.0893,22.7126,89.4107,6,0,0,0,0
Session_4,2026-01-26 16:59:07.659,24.893,-90.3618,-30.0375,-29.6374,-6.5966,93.2677,90.8624,-79.5667,-352.6028,386.7235,176.3543,23.6765,88.6980,6,0,0,0,0
Session_4,2026-01-26 16:59:07.732,24.966,-90.3619,-26.5650,-29.6374,-9.0493,93.5005,91.5003,-79.1915,-337.7554,402.5312,175.8110,24.6476,87.9904,6,0,0,0,0
Session_4,2026-01-26 16:59:07.799,25.033,-90.3617,-23.6672,-29.6373,-10.4226,93.8548,91.7544,-78.6805,-324.9310,416.4418,175.2840,26.1418,87.6883,6,0,0,0,0
Session_4,2026-01-26 16:59:07.873,25.107,-90.3613,-20.1656,-29.6374,-11.7286,94.1570,92.0586,-78.2104,-308.7093,433.0901,174.7344,28.2993,87.3067,6,0,0,0,0
Session_4,2026-01-26 16:59:07.946,25.180,-90.3606,-16.8043,-29.6372,-12.6391,94.3341,92.4314,-77.8894,-292.3598,448.8286,174.2212,30.7051,86.8193,6,0,0,0,0
Session_4,2026-01-26 16:59:08.020,25.254,-90.3605,-13.3123,-29.6367,-13.6066,94.2826,93.0590,-77.8387,-274.5232,464.0686,173.7157,33.1626,85.9948,6,0,0,0,0
Session_4,2026-01-26 16:59:08.102,25.336,-90.3604,-9.1768,-29.6365,-14.6111,94.5415,94.3169,-77.3855,-252.3397,480.9979,172.2984,36.1149,84.3100,6,0,0,0,0
Session_4,2026-01-26 16:59:08.175,25.409,-90.3604,-5.9887,-29.6360,-14.5287,95.4609,94.5051,-76.1611,-234.3134,494.8210,170.8452,39.2729,83.8427,6,0,0,0,0
Session_4,2026-01-26 16:59:08.258,25.492,-90.3606,-2.9926,-29.6339,-14.5926,95.6408,94.3568,-75.8345,-216.7651,506.5305,170.4007,42.2025,83.7819,6,0,0,0,0
Session_4,2026-01-26 16:59:08.332,25.566,-90.3607,-0.5796,-29.6321,-14.9455,95.1299,94.3101,-76.3613,-202.3725,514.5983,170.6550,44.2992,83.6359,6,0,0,0,0
Session_4,2026-01-26 16:59:08.406,25.640,-90.3606,1.9531,-29.6309,-15.6356,95.2178,94.4646,-76.1581,-187.0472,521.7921,170.1320,46.0997,83.2206,6,0,0,0,0
Session_4,2026-01-26 16:59:08.471,25.705,-90.3605,4.0533,-29.6305,-16.5756,95.4046,94.6822,-75.8524,-174.3207,526.4901,169.5260,47.1994,82.7700,6,0,0,0,0
Session_4,2026-01-26 16:59:08.546,25.780,-90.3606,6.6210,-29.6304,-17.5726,95.9155,94.8175,-75.1361,-158.4859,531.9457,168.5900,48.6912,82.3694,6,0,0,0,0
Session_4,2026-01-26 16:59:08.620,25.854,-90.3605,8.7090,-29.6303,-17.9633,96.6577,95.3538,-74.1574,-145.1903,536.7571,166.9005,50.1947,81.3158,6,0,0,0,0
Session_4,2026-01-26 16:59:08.710,25.944,-90.3607,10.6612,-29.6293,-17.6619,97.0491,96.4751,-73.6046,-132.1944,542.1490,164.5864,52.1042,79.1408,6,0,0,0,0
Session_4,2026-01-26 16:59:08.801,26.035,-90.3608,12.0449,-29.6288,-17.8720,96.7209,97.3238,-73.9437,-123.2437,544.7957,163.4520,53.0598,77.4785,6,0,0,0,0
Session_4,2026-01-26 16:59:08.883,26.117,-90.3608,12.8551,-29.6279,-17.6797,96.7209,97.8161,-73.9088,-117.7129,546.8925,162.4456,53.8943,76.3896,6,0,0,0,0
Session_4,2026-01-26 16:59:08.964,26.198,-90.3608,13.3902,-29.6278,-17.5507,96.7992,98.0976,-73.7914,-114.0318,548.2419,161.7352,54.4431,75.7216,6,0,0,0,0
Session_4,2026-01-26 16:59:09.039,26.273,-90.3609,13.6015,-29.6251,-17.0473,96.9152,98.2329,-73.6403,-112.1876,549.6720,161.1423,55.0799,75.2601,6,0,0,0,0
Session_4,2026-01-26 16:59:09.114,26.348,-90.3609,13.6188,-29.5634,-15.9075,97.1315,98.3867,-73.3717,-110.8695,552.1277,160.1825,56.1783,74.5683,6,0,0,0,0
Session_4,2026-01-26 16:59:09.194,26.428,-90.3609,13.6186,-29.3195,-15.2374,97.2077,98.6064,-73.2707,-109.4037,554.0975,159.3590,56.9727,73.8325,6,0,0,0,0
Session_4,2026-01-26 16:59:09.269,26.503,-90.3609,13.6177,-28.7185,-15.4365,97.1411,98.5886,-73.3384,-107.4381,555.3143,159.2428,57.3740,73.6867,6,0,0,0,0
Session_4,2026-01-26 16:59:09.337,26.571,-90.3609,13.6167,-28.0797,-15.5271,97.0031,98.4499,-73.4907,-105.2351,556.8140,159.2916,57.9683,73.6781,6,0,0,0,0
Session_4,2026-01-26 16:59:09.426,26.660,-90.3609,13.6122,-27.0837,-15.7324,96.5863,98.2569,-73.9715,-101.8742,558.9641,159.5498,58.8486,73.6303,6,0,0,0,0
Session_4,2026-01-26 16:59:09.499,26.733,-90.3608,13.6062,-26.3985,-16.0606,96.3734,98.2185,-74.2145,-99.7349,560.0555,159.6140,59.2278,73.5178,6,0,0,0,0
Session_4,2026-01-26 16:59:09.565,26.799,-90.3608,13.6061,-26.0931,-16.3676,96.2979,98.2020,-74.3003,-98.9129,560.2343,159.7093,59.2421,73.5415,6,0,0,0,0
Session_4,2026-01-26 16:59:09.641,26.875,-90.3608,13.6061,-26.0296,-16.7095,96.3824,98.2397,-74.1990,-98.9972,559.7464,159.7236,58.9501,73.6094,6,0,0,0,0
Session_4,2026-01-26 16:59:09.715,26.949,-90.3608,13.6062,-26.0295,-16.5516,96.6563,98.2473,-73.8676,-98.8142,560.0668,159.3785,59.0627,73.5495,6,0,0,0,0
Session_4,2026-01-26 16:59:09.797,27.031,-90.3608,13.6065,-26.0292,-16.1485,96.6776,98.2370,-73.8395,-98.4197,560.8371,159.1555,59.4511,73.3814,6,0,0,0,0
Session_4,2026-01-26 16:59:09.871,27.105,-90.3607,13.6064,-26.0293,-16.2859,96.6872,98.2349,-73.8287,-98.5525,560.5762,159.2255,59.3186,73.4511,6,0,0,0,0
Session_4,2026-01-26 16:59:09.946,27.180,-90.3607,13.6065,-26.0292,-16.3827,96.6728,98.2363,-73.8466,-98.6473,560.3911,159.2891,59.2271,73.4925,6,0,0,0,0
Session_4,2026-01-26 16:59:10.027,27.261,-90.3607,13.6065,-26.0292,-16.5207,96.7161,98.2466,-73.7954,-98.7749,560.1309,159.3086,59.0851,73.5421,6,0,0,0,0
Session_4,2026-01-26 16:59:10.110,27.344,-90.3608,13.6064,-26.0292,-16.4829,96.7065,98.2494,-73.8068,-98.7404,560.2021,159.2926,59.1216,73.5187,6,0,0,0,0
Session_4,2026-01-26 16:59:10.177,27.411,-90.3608,13.6061,-26.0292,-16.4685,96.7044,98.2411,-73.8092,-98.7287,560.2289,159.2997,59.1384,73.5269,6,0,0,0,0
Session_4,2026-01-26 16:59:10.258,27.492,-90.3608,13.5947,-26.0296,-16.5736,96.5286,98.1683,-74.0222,-98.9292,559.9962,159.6357,59.0752,73.6964,6,0,0,0,0
Session_4,2026-01-26 16:59:10.332,27.566,-90.3608,13.5368,-26.0297,-16.6306,96.1867,98.0235,-74.4376,-99.4210,559.7639,160.2347,59.0594,73.9813,6,0,0,0,0
Session_4,2026-01-26 16:59:10.407,27.641,-90.3608,13.2379,-26.0296,-16.5852,95.6518,97.9651,-75.0960,-101.4885,559.2918,160.9469,58.9048,74.1533,6,0,0,0,0
Session_4,2026-01-26 16:59:10.480,27.714,-90.3608,12.5796,-26.0295,-16.3655,95.2700,98.0159,-75.5845,-105.8412,558.4958,161.4426,58.5160,74.2199,6,0,0,0,0
Session_4,2026-01-26 16:59:10.562,27.796,-90.3609,11.4924,-26.0295,-16.2186,94.3588,98.2796,-76.7325,-113.2261,556.6453,162.3529,57.6507,74.0732,6,0,0,0,0
Session_4,2026-01-26 16:59:10.637,27.870,-90.3607,10.2516,-26.0302,-16.2323,93.5129,98.4835,-77.8095,-121.7435,554.0250,163.4507,56.4991,74.1667,6,0,0,0,0
Session_4,2026-01-26 16:59:10.711,27.945,-90.3607,8.6134,-26.0302,-15.9556,93.3048,98.5755,-78.1298,-132.5980,550.9123,164.1532,55.1898,74.5233,6,0,0,0,0
Session_4,2026-01-26 16:59:10.785,28.019,-90.3608,7.1048,-26.0302,-15.6315,93.1606,98.6428,-78.3667,-142.4669,547.9174,164.7244,54.0483,74.8319,6,0,0,0,0
Session_4,2026-01-26 16:59:10.850,28.084,-90.3606,5.6628,-26.0315,-14.9373,92.5104,98.8103,-79.2115,-151.5796,545.5687,165.4361,53.3764,74.7768,6,0,0,0,0
Session_4,2026-01-26 16:59:10.916,28.150,-90.3606,4.2188,-26.0316,-14.1099,91.7043,98.8021,-80.2451,-160.5592,543.2659,166.4657,52.9017,74.9500,6,0,0,0,0
Session_4,2026-01-26 16:59:10.982,28.216,-90.3606,2.3583,-26.0317,-13.4246,90.8817,98.6888,-81.3166,-172.3063,539.2178,167.8662,51.9106,75.4660,6,0,0,0,0
Session_4,2026-01-26 16:59:11.047,28.281,-90.3606,0.3522,-26.0318,-13.1712,90.4216,98.6208,-81.9556,-185.1404,533.4548,169.0556,50.2903,76.0708,6,0,0,0,0
Session_4,2026-01-26 16:59:11.115,28.349,-90.3606,-1.5938,-26.0318,-12.7901,90.0611,98.5803,-82.4695,-197.3281,527.7248,170.0036,48.8279,76.5406,6,0,0,0,0
Session_4,2026-01-26 16:59:11.187,28.421,-90.3607,-3.9830,-26.0319,-12.3685,89.2838,98.5487,-83.5054,-212.0578,520.0447,171.4390,47.0287,77.0440,6,0,0,0,0
Session_4,2026-01-26 16:59:11.261,28.495,-90.3608,-6.4966,-26.0320,-12.1845,88.3054,98.3208,-84.7886,-227.3169,510.7849,173.3289,44.9241,77.8508,6,0,0,0,0
Session_4,2026-01-26 16:59:11.326,28.560,-90.3609,-8.7595,-26.0322,-11.8295,87.3454,98.2418,-86.0363,-240.6326,502.3009,174.8732,43.2002,78.3103,6,0,0,0,0
Session_4,2026-01-26 16:59:11.397,28.631,-90.3611,-11.2865,-26.0331,-11.1168,86.8208,98.0907,-86.7636,-255.0592,492.8747,175.9960,41.5051,78.8237,6,0,0,0,0
Session_4,2026-01-26 16:59:11.462,28.696,-90.3612,-13.9053,-26.0326,-10.2914,86.5771,98.1010,-87.1510,-269.5995,482.6280,176.6645,39.7769,79.0923,6,0,0,0,0
Session_4,2026-01-26 16:59:11.529,28.763,-90.3612,-16.3752,-26.0327,-9.2567,86.4480,98.1525,-87.3910,-282.8927,472.9074,177.0858,38.3809,79.2367,6,0,0,0,0
Session_4,2026-01-26 16:59:11.604,28.838,-90.3613,-19.3338,-26.0330,-7.7028,86.3361,98.1848,-87.6240,-298.2940,461.1951,177.4894,37.0131,79.3896,6,0,0,0,0
Session_4,2026-01-26 16:59:11.677,28.911,-90.3610,-22.0688,-26.0342,-6.4318,86.1184,98.2123,-87.9728,-312.0515,449.3250,178.0049,35.6008,79.5444,6,0,0,0,0
Session_4,2026-01-26 16:59:11.752,28.986,-90.3613,-24.8575,-26.0341,-5.5447,85.6062,98.1869,-88.6791,-325.5199,435.7138,178.9284,33.8017,79.8005,6,0,0,0,0
Session_4,2026-01-26 16:59:11.827,29.061,-90.3612,-27.3893,-26.0361,-4.5202,84.8811,97.9850,-89.6288,-337.2214,423.2861,-179.9211,32.4174,80.2054,6,0,0,0,0
Session_4,2026-01-26 16:59:11.910,29.144,-90.3613,-30.3599,-26.0371,-3.2787,84.4917,97.7797,-90.1820,-350.3366,408.1119,-179.0832,30.7613,80.6175,6,0,0,0,0
Session_4,2026-01-26 16:59:11.977,29.211,-90.3612,-32.8255,-26.0389,-2.0393,84.5137,97.6403,-90.2206,-360.7392,395.4146,-178.8047,29.5424,80.8889,6,0,0,0,0
Session_4,2026-01-26 16:59:12.046,29.280,-90.3616,-35.2909,-26.0391,-0.8597,84.4787,97.5146,-90.3275,-370.6201,382.1638,-178.4803,28.2728,81.1387,6,0,0,0,0
Session_4,2026-01-26 16:59:12.134,29.368,-90.3616,-38.4664,-26.0395,0.7079,84.4450,97.2304,-90.4438,-382.5902,364.5790,-178.0381,26.6769,81.5795,6,0,0,0,0
Session_4,2026-01-26 16:59:12.225,29.459,-90.3615,-41.4222,-26.0393,1.8073,84.2445,97.0560,-90.7499,-392.7826,346.8869,-177.4712,24.8562,81.8974,6,0,0,0,0
Session_4,2026-01-26 16:59:12.307,29.541,-90.3620,-44.1837,-26.0391,2.7445,84.1875,96.6261,-90.8773,-401.5030,329.6887,-176.9650,23.0335,82.4721,6,0,0,0,0
Session_4,2026-01-26 16:59:12.389,29.623,-90.3619,-46.6137,-26.0391,3.7189,84.2267,95.9306,-90.8737,-408.6149,314.5100,-176.5342,21.5442,83.2928,6,0,0,0,0
Session_4,2026-01-26 16:59:12.455,29.689,-90.3622,-48.5209,-26.0391,4.2476,84.3386,95.4506,-90.7727,-413.6541,301.8876,-176.3078,20.1323,83.8598,6,0,0,0,0
Session_4,2026-01-26 16:59:12.530,29.764,-90.3628,-50.5027,-26.0393,5.1526,84.3455,95.2508,-90.8005,-418.6733,289.3362,-176.1311,19.0468,84.1085,6,0,0,0,0
Session_4,2026-01-26 16:59:12.605,29.839,-90.3655,-52.6758,-26.0394,6.8218,84.4100,94.9212,-90.7774,-424.1276,276.7504,-176.0341,18.5168,84.4687,6,0,0,0,0
Session_4,2026-01-26 16:59:12.677,29.911,-90.3811,-54.9039,-26.0394,7.8175,84.5206,94.8045,-90.7894,-428.5817,263.0461,-176.0027,17.3889,84.6068,6,0,0,0,0
Session_4,2026-01-26 16:59:12.754,29.988,-90.3951,-56.9446,-26.0392,8.3627,84.6558,94.7379,-90.7564,-432.3303,247.8992,-175.9726,15.7662,84.7029,6,0,0,0,0
Session_4,2026-01-26 16:59:12.828,30.062,-90.3986,-58.8763,-26.0391,9.2800,84.7842,94.6747,-90.6503,-435.5577,235.0809,-175.9945,14.7406,84.7873,6,0,0,0,0
Session_4,2026-01-26 16:59:12.900,30.134,-90.4168,-60.4937,-26.0389,10.2358,85.0919,94.6918,-90.4353,-438.0766,224.6149,-176.2486,14.0576,84.7640,6,0,0,0,0
Session_4,2026-01-26 16:59:12.962,30.196,-90.4621,-61.6542,-26.0392,10.4535,85.5814,94.9411,-90.2004,-439.3061,216.1010,-176.7136,13.0923,84.4797,6,0,0,0,0
Session_4,2026-01-26 16:59:13.042,30.276,-90.6534,-63.1031,-26.0389,11.1518,85.9618,94.7983,-91.2263,-440.7397,206.3023,-176.9942,12.3047,84.4475,6,0,0,0,0
Session_4,2026-01-26 16:59:13.116,30.350,-91.0825,-64.2614,-26.0389,11.5494,86.1843,94.2490,-94.2759,-441.1310,198.1268,-177.0380,11.5004,84.5909,6,0,0,0,0
Session_4,2026-01-26 16:59:13.197,30.431,-91.6224,-65.2719,-26.0393,11.2534,86.6114,93.9324,-97.9190,-440.4933,189.7014,-177.3074,10.1509,84.3895,6,0,0,0,0
Session_4,2026-01-26 16:59:13.262,30.496,-91.9447,-66.1859,-26.0389,11.9902,87.1463,93.2822,-99.7815,-440.9661,184.0244,-177.7151,9.9126,84.7275,6,0,0,0,0
Session_4,2026-01-26 16:59:13.336,30.570,-92.1584,-67.1894,-26.0390,12.2024,87.0872,93.1043,-101.5142,-441.0450,176.6562,-177.5811,9.1184,84.7016,6,0,0,0,0
Session_4,2026-01-26 16:59:13.396,30.630,-92.1807,-68.0423,-26.0386,12.4242,87.1037,92.4486,-101.6784,-441.3379,170.4634,-177.4650,8.4592,85.3470,6,0,0,0,0
Session_4,2026-01-26 16:59:13.477,30.711,-92.1743,-69.0043,-26.0383,12.5107,87.3976,92.2515,-101.2778,-441.4751,163.1431,-177.6944,7.5645,85.5568,6,0,0,0,0
Session_4,2026-01-26 16:59:13.544,30.778,-92.1710,-69.5441,-26.0336,12.8938,87.1422,91.8835,-101.5744,-441.8109,159.7154,-177.3853,7.4061,85.9321,6,0,0,0,0
Session_4,2026-01-26 16:59:13.617,30.851,-92.1499,-69.9649,-26.0327,12.8382,87.5013,91.8636,-100.9731,-441.7607,156.3229,-177.7260,6.9182,85.9747,6,0,0,0,0
Session_4,2026-01-26 16:59:13.691,30.925,-92.0523,-70.1324,-26.0325,12.9824,87.9600,92.0901,-99.6691,-442.0705,155.2729,-178.2110,6.8873,85.8437,6,0,0,0,0
Session_4,2026-01-26 16:59:13.773,31.007,-91.8781,-70.1333,-26.0314,13.9602,88.4702,92.1959,-97.7384,-443.3516,157.1133,-178.7718,7.8484,85.9060,6,0,0,0,0
Session_4,2026-01-26 16:59:13.855,31.089,-91.7431,-70.1625,-26.0324,13.8139,88.8293,92.5825,-96.2535,-443.4486,156.5912,-179.1758,7.6640,85.6517,6,0,0,0,0
Session_4,2026-01-26 16:59:13.928,31.162,-91.5490,-70.2433,-26.0326,14.4079,89.7137,92.5694,-93.6936,-444.3609,157.0828,179.9190,8.1366,85.8554,6,0,0,0,0
Session_4,2026-01-26 16:59:14.011,31.245,-90.9896,-70.2688,-26.0321,15.9830,89.7617,92.3332,-89.3174,-446.7106,159.9244,179.8401,9.6837,86.6435,6,0,0,0,0
Session_4,2026-01-26 16:59:14.093,31.327,-90.0812,-70.3333,-26.0340,15.5299,89.9032,92.4149,-82.0519,-447.6503,158.5331,179.7073,9.1584,87.4727,6,0,0,0,0
Session_4,2026-01-26 16:59:14.163,31.397,-89.5631,-70.3989,-26.0340,15.1289,89.3216,91.6047,-78.7088,-447.9996,157.2520,-179.5673,8.7116,88.8136,6,0,0,0,0
Session_4,2026-01-26 16:59:14.241,31.475,-89.4258,-70.3987,-26.0336,14.0900,88.2621,90.9194,-78.9300,-447.2098,155.2899,-178.3859,7.6846,89.6469,6,0,0,0,0
Session_4,2026-01-26 16:59:14.323,31.557,-89.4306,-70.4105,-26.0380,11.8996,87.7107,90.7780,-79.6577,-445.0020,151.0623,-177.7851,5.4817,89.7885,6,0,0,0,0
Session_4,2026-01-26 16:59:14.397,31.631,-89.4336,-70.4408,-26.0410,12.0142,87.5590,90.9311,-79.8638,-445.1063,151.0352,-177.6494,5.5713,89.6318,6,0,0,0,0
Session_4,2026-01-26 16:59:14.460,31.694,-89.4386,-70.4476,-26.0412,11.9318,86.9499,90.9318,-80.6417,-445.0157,150.8629,-177.0390,5.4919,89.6266,6,0,0,0,0
Session_4,2026-01-26 16:59:14.538,31.772,-89.4732,-70.6861,-26.0413,11.9421,86.8490,90.7697,-81.0333,-444.9146,149.0394,-176.9194,5.2566,89.7550,6,0,0,0,0
Session_4,2026-01-26 16:59:14.611,31.845,-89.4763,-71.2413,-26.0405,12.1468,86.8682,90.7498,-81.0332,-444.9508,145.1183,-176.9322,4.9055,89.7723,6,0,0,0,0
Session_4,2026-01-26 16:59:14.686,31.920,-89.4768,-71.8468,-26.0395,12.1941,87.3564,90.8514,-80.4478,-444.7623,140.4877,-177.4208,4.3466,89.6702,6,0,0,0,0
Session_4,2026-01-26 16:59:14.760,31.994,-89.4765,-71.9304,-26.0165,12.6830,87.6489,90.8302,-80.0860,-445.2811,140.8367,-177.7179,4.7697,89.6912,6,0,0,0,0
Session_4,2026-01-26 16:59:14.834,32.068,-89.4771,-71.9306,-25.9919,12.7352,87.2623,90.8933,-80.5586,-445.3735,141.0663,-177.3378,4.8548,89.6273,6,0,0,0,0
Session_4,2026-01-26 16:59:14.907,32.141,-89.4794,-71.9331,-25.9927,12.2250,87.0543,90.8542,-80.8334,-444.8247,140.1097,-177.1187,4.3426,89.6651,6,0,0,0,0
Session_4,2026-01-26 16:59:14.981,32.215,-89.4934,-71.9350,-25.9927,12.3328,87.0268,90.9558,-80.9739,-444.9202,140.2964,-177.1008,4.4541,89.5492,6,0,0,0,0
Session_4,2026-01-26 16:59:15.056,32.290,-89.5130,-71.9352,-25.9928,12.2031,87.1978,91.0952,-80.9201,-444.7519,140.0443,-177.2801,4.3278,89.3900,6,0,0,0,0
Session_4,2026-01-26 16:59:15.138,32.372,-89.5146,-71.9352,-25.9928,12.1028,87.3907,91.1316,-80.6996,-444.6403,139.8479,-177.4738,4.2255,89.3519,6,0,0,0,0
Session_4,2026-01-26 16:59:15.213,32.447,-89.5153,-71.9352,-25.9928,12.0753,87.6132,91.3445,-80.4358,-444.6081,139.7851,-177.7113,4.2021,89.1378,6,0,0,0,0
Session_4,2026-01-26 16:59:15.286,32.520,-89.5151,-71.9352,-25.9928,12.1056,87.7045,91.4742,-80.3233,-444.6404,139.8362,-177.8129,4.2351,89.0079,6,0,0,0,0
Session_4,2026-01-26 16:59:15.360,32.594,-89.5159,-71.9352,-25.9928,11.9373,87.5947,91.5175,-80.4643,-444.4578,139.5315,-177.7018,4.0715,88.9641,6,0,0,0,0
Session_4,2026-01-26 16:59:15.442,32.676,-89.5197,-71.9356,-25.9929,11.9469,87.4725,91.4770,-80.6421,-444.4634,139.5525,-177.5770,4.0822,89.0010,6,0,0,0,0
Session_4,2026-01-26 16:59:15.507,32.741,-89.5428,-71.9360,-25.9931,11.7664,87.5459,91.5807,-80.7340,-444.2334,139.2122,-177.6528,3.9035,88.8743,6,0,0,0,0
Session_4,2026-01-26 16:59:15.579,32.813,-89.5455,-71.9362,-25.9931,11.7897,87.6187,91.5985,-80.6661,-444.2546,139.2498,-177.7274,3.9253,88.8536,6,0,0,0,0
Session_4,2026-01-26 16:59:15.649,32.883,-89.5566,-71.9517,-25.9951,11.6544,87.5178,91.6088,-80.8758,-444.0817,138.8772,-177.6229,3.7759,88.8326,6,0,0,0,0
Session_4,2026-01-26 16:59:15.714,32.948,-89.5987,-71.9615,-25.9951,11.7890,87.5212,91.6370,-81.1972,-444.1648,139.0486,-177.6318,3.9017,88.7620,6,0,0,0,0
Session_4,2026-01-26 16:59:15.780,33.014,-89.6309,-71.9615,-25.9950,11.9531,87.5871,91.8031,-81.3654,-444.2977,139.3480,-177.7142,4.0706,88.5630,6,0,0,0,0
Session_4,2026-01-26 16:59:15.855,33.089,-89.6838,-71.9806,-25.9967,11.4120,87.6743,91.7352,-81.6732,-443.6180,138.1928,-177.7794,3.5035,88.5792,6,0,0,0,0
Session_4,2026-01-26 16:59:15.944,33.178,-89.7588,-71.9878,-25.9976,11.3914,87.5363,91.8059,-82.4210,-443.4836,138.1023,-177.6449,3.4819,88.4337,6,0,0,0,0
Session_4,2026-01-26 16:59:16.026,33.260,-89.8093,-71.9905,-25.9981,11.3413,87.7505,92.1183,-82.5527,-443.3532,137.9775,-177.8761,3.4336,88.0702,6,0,0,0,0
Session_4,2026-01-26 16:59:16.109,33.343,-89.8111,-72.0179,-26.0003,11.3379,88.0334,92.2900,-82.2236,-443.3299,137.7358,-178.1677,3.3956,87.8963,6,0,0,0,0
Session_4,2026-01-26 16:59:16.183,33.417,-89.8111,-72.0495,-26.0009,11.3708,88.3205,92.4335,-81.8760,-443.3497,137.5381,-178.4631,3.3887,87.7522,6,0,0,0,0
Session_4,2026-01-26 16:59:16.258,33.492,-89.8116,-72.0973,-26.0033,11.3825,88.4049,92.4884,-81.7776,-443.3351,137.1763,-178.5490,3.3481,87.6967,6,0,0,0,0
Session_4,2026-01-26 16:59:16.340,33.574,-89.8147,-72.1879,-26.0128,11.2033,88.3912,92.4493,-81.8186,-443.0716,136.1051,-178.5210,3.0686,87.7335,6,0,0,0,0
Session_4,2026-01-26 16:59:16.414,33.648,-89.8169,-72.3035,-26.0130,11.3894,88.3939,92.3978,-81.8321,-443.2168,135.5505,-178.5240,3.1374,87.7827,6,0,0,0,0
Session_4,2026-01-26 16:59:16.488,33.722,-89.8232,-72.3419,-26.0129,11.5253,88.3321,92.3298,-81.9551,-443.3396,135.5037,-178.4625,3.2357,87.8443,6,0,0,0,0
Session_4,2026-01-26 16:59:16.570,33.804,-89.8980,-72.3585,-26.0131,11.6400,88.0671,92.2186,-82.8551,-443.3509,135.5947,-178.1951,3.3408,87.8809,6,0,0,0,0
Session_4,2026-01-26 16:59:16.652,33.886,-90.1261,-72.3979,-26.0132,11.5762,88.1062,92.2810,-84.5718,-442.9260,135.1708,-178.2338,3.2379,87.5905,6,0,0,0,0
Session_4,2026-01-26 16:59:16.726,33.960,-90.5488,-72.6415,-26.0130,11.5068,88.4166,92.4575,-87.4586,-442.0851,133.1503,-178.5404,2.9176,86.9915,6,0,0,0,0
Session_4,2026-01-26 16:59:16.800,34.034,-90.9557,-73.0780,-26.0122,11.6009,89.2694,92.5605,-89.5594,-441.3222,129.9311,-179.3824,2.5409,86.4815,6,0,0,0,0
Session_4,2026-01-26 16:59:16.881,34.115,-91.0890,-73.2143,-26.0090,12.3576,90.0158,92.5392,-89.6956,-441.9024,130.2628,179.8452,3.1305,86.3680,6,0,0,0,0
Session_4,2026-01-26 16:59:16.951,34.185,-91.0871,-73.2146,-26.0079,12.3603,90.2541,92.5275,-89.3921,-441.9153,130.2711,179.6077,3.1235,86.3816,6,0,0,0,0
Session_4,2026-01-26 16:59:17.023,34.257,-91.0874,-73.2146,-26.0080,12.4358,90.2472,92.3936,-89.4044,-441.9987,130.4086,179.6187,3.2001,86.5152,6,0,0,0,0
Session_4,2026-01-26 16:59:17.105,34.339,-91.0876,-73.2143,-26.0071,12.5093,90.3344,92.2982,-89.3020,-442.0835,130.5502,179.5339,3.2719,86.6104,6,0,0,0,0
Session_4,2026-01-26 16:59:17.179,34.413,-91.0876,-73.2064,-25.9911,12.5560,90.4271,92.2920,-89.1910,-442.1670,130.7706,179.4388,3.3387,86.6165,6,0,0,0,0
Session_4,2026-01-26 16:59:17.245,34.479,-91.0876,-73.2023,-25.9889,12.6322,90.4697,92.2913,-89.1407,-442.2583,130.9528,179.3930,3.4195,86.6171,6,0,0,0,0
Session_4,2026-01-26 16:59:17.313,34.547,-91.0876,-73.1845,-25.9861,12.6597,90.4745,92.2865,-89.1361,-442.3036,131.1537,179.3865,3.4674,86.6217,6,0,0,0,0
Session_4,2026-01-26 16:59:17.385,34.619,-91.0876,-73.1695,-25.9826,12.7263,90.3722,92.2797,-89.2617,-442.3890,131.4074,179.4858,3.5565,86.6284,6,0,0,0,0
Session_4,2026-01-26 16:59:17.468,34.702,-91.0877,-73.1552,-25.9546,12.6267,90.1641,92.2948,-89.5136,-442.3261,131.4629,179.6950,3.5075,86.6132,6,0,0,0,0
Session_4,2026-01-26 16:59:17.533,34.767,-91.0881,-73.1163,-25.8684,12.5347,90.1126,92.2948,-89.5801,-442.3786,131.9914,179.7451,3.5427,86.6128,6,0,0,0,0
Session_4,2026-01-26 16:59:17.624,34.858,-91.0890,-73.0464,-25.7027,12.5018,90.1978,92.2831,-89.4885,-442.6360,133.2345,179.6527,3.7418,86.6231,6,0,0,0,0
Session_4,2026-01-26 16:59:17.690,34.924,-91.0890,-73.0466,-25.6590,12.5059,90.3303,92.2721,-89.3293,-442.7096,133.4421,179.5191,3.7842,86.6340,6,0,0,0,0
Session_4,2026-01-26 16:59:17.772,35.006,-91.0890,-73.0478,-25.6593,12.4866,90.3845,92.2467,-89.2634,-442.6885,133.3963,179.4674,3.7615,86.6595,6,0,0,0,0
Session_4,2026-01-26 16:59:17.855,35.089,-91.0890,-73.0507,-25.6597,12.4207,90.4875,92.2989,-89.1369,-442.6165,133.2520,179.3638,3.6878,86.6074,6,0,0,0,0
Session_4,2026-01-26 16:59:17.928,35.162,-91.0890,-73.0519,-25.6597,12.4784,90.5514,92.3044,-89.0606,-442.6805,133.3490,179.2974,3.7415,86.6018,6,0,0,0,0
Session_4,2026-01-26 16:59:18.010,35.244,-91.0886,-73.0544,-25.6599,12.4551,90.6791,92.4019,-88.9018,-442.6568,133.2878,179.1645,3.7090,86.5047,6,0,0,0,0
Session_4,2026-01-26 16:59:18.084,35.318,-91.0884,-73.0552,-25.6600,12.3672,90.8219,92.4410,-88.7259,-442.5631,133.1219,179.0231,3.6137,86.4659,6,0,0,0,0
Session_4,2026-01-26 16:59:18.157,35.391,-91.0884,-73.0593,-25.6600,12.4461,90.8164,92.4664,-88.7338,-442.6473,133.2350,179.0238,3.6882,86.4403,6,0,0,0,0
Session_4,2026-01-26 16:59:18.218,35.452,-91.0884,-73.0621,-25.6603,12.4297,90.8171,92.4877,-88.7323,-442.6274,133.1821,179.0225,3.6683,86.4191,6,0,0,0,0
Session_4,2026-01-26 16:59:18.290,35.524,-91.0879,-73.0757,-25.6608,12.5780,91.0547,92.4541,-88.4432,-442.7872,133.3517,178.7816,3.7928,86.4531,6,0,0,0,0
Session_4,2026-01-26 16:59:18.363,35.597,-91.0879,-73.1490,-25.6624,12.6988,91.0176,92.4348,-88.4904,-442.8748,132.9974,178.8179,3.8407,86.4721,6,0,0,0,0
Session_4,2026-01-26 16:59:18.427,35.661,-91.0879,-73.2094,-25.6626,12.5512,91.0018,92.5138,-88.5060,-442.6783,132.2561,178.8376,3.6317,86.3936,6,0,0,0,0
Session_4,2026-01-26 16:59:18.496,35.730,-91.0879,-73.2313,-25.6636,12.6926,90.9091,92.5550,-88.6208,-442.8172,132.3399,178.9223,3.7535,86.3519,6,0,0,0,0
Session_4,2026-01-26 16:59:18.570,35.804,-91.0881,-73.2430,-25.6646,12.6878,90.7594,92.5825,-88.8031,-442.8003,132.2334,179.0708,3.7423,86.3242,6,0,0,0,0
Session_4,2026-01-26 16:59:18.643,35.877,-91.0881,-73.2579,-25.6660,12.6734,90.7924,92.6566,-88.7630,-442.7743,132.0846,179.0345,3.7087,86.2500,6,0,0,0,0
Session_4,2026-01-26 16:59:18.784,36.018,-91.0879,-73.4737,-25.6670,12.6865,90.8727,92.7754,-88.6620,-442.6613,130.4319,178.9564,3.4993,86.1318,6,0,0,0,0
Session_4,2026-01-26 16:59:18.891,36.125,-91.0879,-73.5471,-25.6670,12.8725,90.8226,92.7287,-88.7258,-442.8202,130.2034,179.0040,3.6151,86.1782,6,0,0,0,0
Session_4,2026-01-26 16:59:18.984,36.218,-91.0878,-73.5518,-25.6670,12.8025,90.8411,92.7239,-88.7010,-442.7409,130.0391,178.9893,3.5397,86.1834,6,0,0,0,0
Session_4,2026-01-26 16:59:19.060,36.294,-91.0878,-73.5651,-25.6670,12.7833,90.8302,92.7164,-88.7138,-442.7112,129.8999,179.0023,3.5078,86.1910,6,0,0,0,0
Session_4,2026-01-26 16:59:19.131,36.365,-91.0878,-73.5873,-25.6670,12.8032,90.8192,92.7061,-88.7273,-442.7192,129.7640,179.0140,3.5062,86.2013,6,0,0,0,0
Session_4,2026-01-26 16:59:19.210,36.444,-91.0878,-73.6273,-25.6671,12.8643,90.8171,92.6759,-88.7304,-442.7616,129.5658,179.0169,3.5279,86.2316,6,0,0,0,0
Session_4,2026-01-26 16:59:19.294,36.528,-91.0878,-73.6428,-25.6672,12.8691,90.8096,92.6422,-88.7395,-442.7568,129.4534,179.0271,3.5179,86.2653,6,0,0,0,0
Session_4,2026-01-26 16:59:19.367,36.601,-91.0873,-73.6491,-25.6676,12.8259,90.7759,92.6388,-88.7759,-442.7047,129.3234,179.0632,3.4698,86.2693,6,0,0,0,0
Session_4,2026-01-26 16:59:19.435,36.669,-91.0872,-73.6545,-25.6679,12.7483,90.7718,92.6347,-88.7777,-442.6154,129.1381,179.0714,3.3868,86.2738,6,0,0,0,0
Session_4,2026-01-26 16:59:19.515,36.749,-91.0856,-73.6637,-25.6686,12.7174,90.8295,92.6168,-88.6947,-442.5780,129.0078,179.0167,3.3437,86.2934,6,0,0,0,0
Session_4,2026-01-26 16:59:19.588,36.822,-91.0853,-73.7170,-25.6690,12.7386,90.8514,92.6079,-88.6657,-442.5680,128.6319,178.9967,3.3104,86.3028,6,0,0,0,0
Session_4,2026-01-26 16:59:19.662,36.896,-91.0849,-73.7977,-25.6691,12.7613,90.7539,92.6093,-88.7897,-442.5273,128.0520,179.1047,3.2480,86.3025,6,0,0,0,0
Session_4,2026-01-26 16:59:19.738,36.972,-91.0844,-73.8260,-25.6693,12.8897,90.5685,92.5735,-89.0037,-442.6598,128.0579,179.2794,3.3655,86.3377,6,0,0,0,0
Session_4,2026-01-26 16:59:19.821,37.055,-91.0828,-73.8480,-25.6704,12.8876,90.5576,92.5598,-89.0046,-442.6437,127.8780,179.2924,3.3410,86.3531,6,0,0,0,0
Session_4,2026-01-26 16:59:19.904,37.138,-91.0797,-73.9016,-25.6738,12.8698,90.5411,92.4932,-88.9993,-442.5879,127.4144,179.3160,3.2678,86.4231,6,0,0,0,0
Session_4,2026-01-26 16:59:19.969,37.203,-91.0783,-74.0188,-25.6788,12.8732,90.5143,92.4802,-89.0193,-442.5072,126.4886,179.3486,3.1504,86.4379,6,0,0,0,0
Session_4,2026-01-26 16:59:20.044,37.278,-91.0763,-74.2302,-25.6791,13.0984,90.5109,92.4431,-89.0098,-442.6154,125.2599,179.3535,3.1644,86.4770,6,0,0,0,0
Session_4,2026-01-26 16:59:20.112,37.346,-91.0757,-74.4734,-25.6785,13.6306,90.4580,92.3614,-89.0778,-443.0343,124.3498,179.3989,3.4569,86.5587,6,0,0,0,0
Session_4,2026-01-26 16:59:20.192,37.426,-91.0754,-74.5616,-25.6765,13.7823,90.3090,92.4136,-89.2575,-443.1390,123.9520,179.5418,3.5281,86.5065,6,0,0,0,0
Session_4,2026-01-26 16:59:20.267,37.501,-91.0697,-74.5616,-25.6764,13.7226,90.3227,92.3806,-89.1957,-443.0823,123.8423,179.5326,3.4681,86.5454,6,0,0,0,0
Session_4,2026-01-26 16:59:20.356,37.590,-91.0691,-74.5616,-25.6760,13.6581,90.3049,92.3813,-89.2118,-443.0122,123.7265,179.5531,3.4049,86.5454,6,0,0,0,0
Session_4,2026-01-26 16:59:20.431,37.665,-91.0692,-74.5614,-25.6757,13.6491,90.2994,92.3456,-89.2185,-443.0027,123.7123,179.5611,3.3969,86.5812,6,0,0,0,0
Session_4,2026-01-26 16:59:20.497,37.731,-91.0691,-74.5614,-25.6757,13.6114,90.3200,92.3531,-89.1924,-442.9615,123.6435,179.5416,3.3583,86.5737,6,0,0,0,0
Session_4,2026-01-26 16:59:20.564,37.798,-91.0691,-74.5614,-25.6755,13.5894,90.3550,92.3669,-89.1497,-442.9382,123.6044,179.5067,3.3350,86.5600,6,0,0,0,0
Session_4,2026-01-26 16:59:20.628,37.862,-91.0691,-74.5612,-25.6745,13.5846,90.4930,92.2975,-88.9820,-442.9378,123.6034,179.3730,3.3265,86.6296,6,0,0,0,0
Session_4,2026-01-26 16:59:20.694,37.928,-91.0688,-74.5609,-25.6739,13.6196,90.3921,92.3023,-89.1030,-442.9760,123.6716,179.4721,3.3664,86.6249,6,1,0,0,0
Session_4,2026-01-26 16:59:20.762,37.996,-91.0680,-74.5606,-25.6734,13.6272,90.2238,92.3051,-89.3006,-442.9828,123.6883,179.6397,3.3814,86.6229,6,1,0,0,0
Session_4,2026-01-26 16:59:20.837,38.071,-91.0676,-74.5607,-25.6733,13.6230,90.1229,92.3071,-89.4197,-442.9767,123.6803,179.7406,3.3813,86.6213,6,1,0,0,0
Session_4,2026-01-26 16:59:20.910,38.144,-91.0676,-74.5608,-25.6734,13.5949,90.1243,92.2701,-89.4176,-442.9454,123.6279,179.7426,3.3532,86.6585,6,1,0,0,0
Session_4,2026-01-26 16:59:20.977,38.211,-91.0676,-74.5608,-25.6734,13.5736,90.1195,92.2254,-89.4229,-442.9218,123.5889,179.7508,3.3323,86.7033,6,1,0,0,0
Session_4,2026-01-26 16:59:21.042,38.276,-91.0675,-74.5609,-25.6735,13.5523,90.1971,92.1458,-89.3279,-442.8998,123.5489,179.6787,3.3083,86.7831,6,1,0,0,0
Session_4,2026-01-26 16:59:21.117,38.351,-91.0675,-74.5609,-25.6735,13.5544,90.2019,92.1066,-89.3221,-442.9022,123.5525,179.6761,3.3103,86.8224,6,1,0,0,0
Session_4,2026-01-26 16:59:21.189,38.423,-91.0674,-74.5610,-25.6735,13.5496,90.2026,92.0723,-89.3201,-442.8969,123.5430,179.6776,3.3056,86.8569,6,1,0,0,0
Session_4,2026-01-26 16:59:21.266,38.500,-91.0635,-74.5612,-25.6737,13.5379,90.1950,92.0661,-89.2991,-442.8894,123.5193,179.6859,3.2938,86.8670,6,1,0,0,0
Session_4,2026-01-26 16:59:21.340,38.574,-91.0496,-74.5615,-25.6740,13.5372,90.1929,92.0181,-89.1940,-442.9096,123.5140,179.6908,3.2929,86.9290,6,1,0,0,0
Session_4,2026-01-26 16:59:21.413,38.647,-91.0430,-74.5622,-25.6743,13.5516,90.1820,92.0201,-89.1570,-442.9345,123.5334,179.7012,3.3066,86.9335,6,1,0,0,0
Session_4,2026-01-26 16:59:21.478,38.712,-91.0277,-74.5623,-25.6744,13.5551,90.1483,92.0187,-89.0795,-442.9613,123.5392,179.7348,3.3112,86.9502,6,1,0,0,0
Session_4,2026-01-26 16:59:21.553,38.787,-91.0277,-74.5622,-25.6744,13.5743,90.1545,91.9288,-89.0723,-442.9826,123.5741,179.7331,3.3305,87.0402,6,1,0,0,0
Session_4,2026-01-26 16:59:21.626,38.860,-91.0278,-74.5621,-25.6743,13.5764,90.1909,91.8443,-89.0292,-442.9858,123.5800,179.7016,3.3321,87.1247,6,1,0,0,0
Session_4,2026-01-26 16:59:21.709,38.943,-91.0281,-74.5618,-25.6741,13.5654,90.1634,91.7846,-89.0641,-442.9732,123.5629,179.7328,3.3228,87.1843,6,1,0,0,0
Session_4,2026-01-26 16:59:21.784,39.018,-91.0285,-74.5604,-25.6734,13.5942,90.2108,91.7818,-89.0105,-443.0077,123.6295,179.6847,3.3522,87.1866,6,1,0,0,0
Session_4,2026-01-26 16:59:21.857,39.091,-91.0297,-74.5481,-25.6536,13.7267,90.2815,91.6816,-88.9373,-443.1944,124.0593,179.6150,3.5153,87.2856,6,1,0,0,0
Session_4,2026-01-26 16:59:21.932,39.166,-91.0303,-74.4705,-25.5671,13.4301,90.2005,91.5601,-89.0380,-443.0574,124.5136,179.7071,3.3858,87.4069,6,1,0,0,0
Session_4,2026-01-26 16:59:22.014,39.248,-91.0316,-74.1554,-25.3502,12.4036,90.3179,91.6074,-88.8952,-442.4781,126.0761,179.6008,2.8880,87.3589,6,1,0,0,0
Session_4,2026-01-26 16:59:22.088,39.322,-91.0317,-73.5646,-25.2581,12.3534,90.1366,91.5539,-89.1238,-442.9397,130.9867,179.7675,3.5258,87.4115,6,1,0,0,0
Session_4,2026-01-26 16:59:22.152,39.386,-91.0332,-72.8796,-25.2580,12.2662,89.9416,91.4948,-89.3773,-443.2160,136.1416,179.9505,4.1287,87.4681,6,1,0,0,0
Session_4,2026-01-26 16:59:22.226,39.460,-91.0341,-72.1556,-25.2580,11.3228,90.0021,91.6081,-89.2990,-442.5337,140.0182,179.8881,3.9076,87.3540,6,1,0,0,0
Session_4,2026-01-26 16:59:22.309,39.543,-91.0340,-71.3210,-25.2580,10.5737,90.3378,91.6940,-88.8823,-442.0555,145.1044,179.5441,3.9829,87.2679,6,1,0,0,0
Session_4,2026-01-26 16:59:22.384,39.618,-91.0339,-70.2650,-25.2571,10.0607,90.3502,91.8121,-88.8615,-441.8078,152.3341,179.5062,4.5252,87.1484,6,1,0,0,0
Session_4,2026-01-26 16:59:22.467,39.701,-91.0331,-68.8489,-25.2567,9.1825,90.4037,91.9878,-88.7777,-441.0817,161.6537,179.4199,5.0598,86.9713,6,1,0,0,0
Session_4,2026-01-26 16:59:22.542,39.776,-91.0324,-67.3224,-25.2566,8.2906,90.3907,92.1513,-88.7707,-440.1132,171.7667,179.3945,5.6929,86.8057,6,1,0,0,0
Session_4,2026-01-26 16:59:22.610,39.844,-91.0324,-65.9524,-25.2566,7.4329,90.3468,92.3222,-88.8029,-438.9712,180.7019,179.4003,6.2048,86.6317,6,1,0,0,0
Session_4,2026-01-26 16:59:22.681,39.915,-91.0323,-64.1951,-25.2565,6.2361,90.3708,92.5172,-88.7396,-437.1211,191.9243,179.3302,6.7616,86.4329,6,1,0,0,0
Session_4,2026-01-26 16:59:22.755,39.989,-91.0320,-62.4325,-25.2566,5.0880,90.4669,92.5715,-88.5825,-434.9959,203.2070,179.1998,7.3705,86.3752,6,1,0,0,0
Session_4,2026-01-26 16:59:22.838,40.072,-91.0318,-60.3958,-25.2566,4.0855,90.5033,92.6230,-88.4909,-432.4440,216.7624,179.1085,8.4012,86.3169,6,1,0,0,0
Session_4,2026-01-26 16:59:22.903,40.137,-91.0317,-58.8479,-25.2567,2.9759,90.7162,92.8159,-88.1863,-429.8902,226.3185,178.8454,8.8253,86.1188,6,1,0,0,0
Session_4,2026-01-26 16:59:22.985,40.219,-91.0313,-56.8607,-25.2566,1.3239,90.8432,93.2602,-87.9597,-426.0493,238.0269,178.6302,9.1435,85.6669,6,1,0,0,0
Session_4,2026-01-26 16:59:23.067,40.301,-91.0311,-55.0443,-25.2567,0.3962,90.9929,93.4854,-87.7171,-422.7231,249.7323,178.3890,10.0161,85.4300,6,1,0,0,0
Session_4,2026-01-26 16:59:23.133,40.367,-91.0309,-53.4953,-25.2566,0.0536,91.2868,93.0377,-87.3097,-420.0019,260.5014,178.1086,11.2174,85.8730,6,1,0,0,0
Session_4,2026-01-26 16:59:23.208,40.442,-91.0310,-51.7388,-25.2567,-0.2135,91.5601,92.4410,-86.9194,-416.6767,272.8531,177.8877,12.7128,86.4675,6,1,0,0,0
Session_4,2026-01-26 16:59:23.275,40.509,-91.0309,-49.9518,-25.2566,0.0467,91.4104,92.5035,-87.0398,-413.3036,286.3607,177.9284,14.7622,86.3808,6,1,0,0,0
Session_4,2026-01-26 16:59:23.349,40.583,-91.0311,-47.9442,-25.2566,0.6606,90.8817,93.3865,-87.6083,-409.1895,302.0584,178.0559,17.3761,85.4206,6,1,0,0,0
Session_4,2026-01-26 16:59:23.422,40.656,-91.0311,-46.1118,-25.2566,1.3616,90.5438,93.1991,-87.9424,-404.9837,316.5661,178.2941,19.9304,85.5659,6,1,0,0,0
Session_4,2026-01-26 16:59:23.496,40.730,-91.0315,-44.3119,-25.2566,1.3644,91.0567,93.1744,-87.2338,-400.0381,329.2736,177.6771,21.7023,85.5523,6,1,0,0,0
Session_4,2026-01-26 16:59:23.571,40.805,-91.0318,-42.2937,-25.2565,1.1556,91.2071,93.1716,-86.9435,-393.9297,342.8771,177.4107,23.5002,85.5102,6,1,0,0,0
Session_4,2026-01-26 16:59:23.652,40.886,-91.0318,-40.3100,-25.2565,1.1577,91.5443,93.1689,-86.4200,-387.5468,356.4723,176.9432,25.4639,85.4592,6,1,0,0,0
Session_4,2026-01-26 16:59:23.715,40.949,-91.0327,-38.8286,-25.2566,1.1522,91.7468,93.1641,-86.0885,-382.4713,366.4606,176.6424,26.9261,85.4197,6,1,0,0,0
Session_4,2026-01-26 16:59:23.784,41.018,-91.0326,-37.0461,-25.2566,1.0080,91.8945,93.1599,-85.7924,-375.9960,378.0043,176.3821,28.5533,85.3713,6,1,0,0,0
Session_4,2026-01-26 16:59:23.855,41.089,-91.0327,-35.5482,-25.2566,0.9338,91.8951,93.1668,-85.6891,-370.2932,387.6406,176.2744,29.9737,85.3130,6,1,0,0,0
Session_4,2026-01-26 16:59:23.932,41.166,-91.0326,-33.6163,-25.2566,0.6626,91.8498,93.1647,-85.6040,-362.5580,399.4664,176.1965,31.6336,85.2516,6,1,0,0,0
Session_4,2026-01-26 16:59:24.009,41.243,-91.0577,-31.7086,-25.2566,0.1813,91.7269,93.1586,-85.7640,-354.5023,410.4217,176.2126,33.0641,85.1743,6,1,0,0,0
Session_4,2026-01-26 16:59:24.077,41.311,-91.0546,-30.2260,-25.2566,-0.3516,91.8073,93.1593,-85.5281,-348.0425,418.4135,176.0569,34.0073,85.1354,6,1,0,0,0
Session_4,2026-01-26 16:59:24.153,41.387,-91.0546,-28.4770,-25.2570,-0.9970,91.9315,93.1565,-85.2332,-340.1791,427.5858,175.8455,35.1013,85.0884,6,1,0,0,0
Session_4,2026-01-26 16:59:24.226,41.460,-91.0546,-27.2340,-25.2570,-1.8388,92.2000,93.1641,-84.8019,-334.4565,433.1457,175.5397,35.4863,85.0615,6,1,0,0,0
Session_4,2026-01-26 16:59:24.307,41.541,-91.0544,-26.1463,-25.2571,-3.4682,92.4815,93.1572,-84.3665,-329.3961,436.0012,175.3090,34.9307,85.0973,6,1,0,0,0
Session_4,2026-01-26 16:59:24.386,41.620,-91.0537,-25.3526,-25.2572,-4.6534,92.5976,93.1586,-84.1529,-325.6501,438.0290,175.2244,34.5337,85.1152,6,1,0,0,0
Session_4,2026-01-26 16:59:24.461,41.695,-91.0508,-24.8059,-25.2578,-5.2982,92.4829,93.1551,-84.2275,-323.0498,439.7510,175.3489,34.4418,85.1261,6,1,0,0,0
Session_4,2026-01-26 16:59:24.542,41.776,-91.0474,-24.4867,-25.2579,-5.1649,92.4747,93.1641,-84.1904,-321.5184,441.8389,175.3141,34.8928,85.0977,6,1,0,0,0
Session_4,2026-01-26 16:59:24.609,41.843,-91.0427,-24.4803,-25.2582,-5.3929,92.4541,93.1565,-84.1884,-321.4992,441.3851,175.3580,34.6731,85.1218,6,1,0,0,0
Session_4,2026-01-26 16:59:24.683,41.917,-91.0384,-24.4807,-25.2592,-6.2073,92.5488,93.1586,-84.0498,-321.5069,439.6408,175.3280,33.8538,85.1611,6,1,0,0,0
Session_4,2026-01-26 16:59:24.757,41.991,-91.0086,-24.4812,-25.2599,-6.5870,92.5042,93.1558,-83.9362,-321.5455,438.8208,175.4045,33.4764,85.2108,6,1,0,0,0
Session_4,2026-01-26 16:59:24.838,42.072,-90.6731,-24.4835,-25.2656,-6.8369,92.4465,93.1558,-82.1223,-322.0441,438.2466,175.4823,33.2223,85.5571,6,1,0,0,0
Session_4,2026-01-26 16:59:24.914,42.148,-89.9164,-24.4941,-25.2718,-7.0532,92.4795,93.1558,-77.8217,-323.1512,437.6992,175.4677,32.9878,86.3240,6,1,0,0,0
Session_4,2026-01-26 16:59:24.975,42.209,-89.0392,-24.5064,-25.2745,-7.2661,92.3236,93.1634,-73.0537,-324.3639,437.1564,175.6358,32.7685,87.2010,6,1,0,0,0
Session_4,2026-01-26 16:59:25.053,42.287,-87.6660,-24.5318,-25.2766,-7.2359,92.3998,93.1551,-65.1618,-326.1418,437.0717,175.5650,32.7675,88.5843,6,1,0,0,0
Session_4,2026-01-26 16:59:25.137,42.371,-86.0198,-24.5716,-25.2791,-7.2105,92.2206,93.1579,-55.9687,-328.0929,436.8836,175.7430,32.7604,90.2270,6,1,0,0,0
Session_4,2026-01-26 16:59:25.198,42.432,-84.8005,-24.5938,-25.2804,-7.1631,91.9988,93.1593,-49.2316,-329.3493,436.8456,175.9612,32.7962,91.4427,6,1,0,0,0
Session_4,2026-01-26 16:59:25.277,42.511,-82.7891,-24.6122,-25.2912,-7.2620,91.9810,93.1593,-37.6505,-330.9765,436.4835,175.9889,32.6694,93.4594,6,1,0,0,0
Session_4,2026-01-26 16:59:25.358,42.592,-81.0677,-24.6375,-25.2963,-7.6362,91.8890,93.1572,-27.7851,-332.0786,435.5151,176.1132,32.2708,95.1996,6,1,0,0,0
Session_4,2026-01-26 16:59:25.440,42.674,-79.3529,-24.6537,-25.3120,-8.1779,91.8148,93.1586,-17.9136,-332.8330,434.1966,176.2301,31.7025,96.9357,6,1,0,0,0
Session_4,2026-01-26 16:59:25.514,42.748,-77.8172,-24.6657,-25.3331,-8.6826,91.8162,93.1524,-8.9779,-333.2291,432.9599,176.2731,31.1661,98.4998,6,1,0,0,0
Session_4,2026-01-26 16:59:25.579,42.813,-76.6807,-24.6686,-25.3334,-9.6254,92.1073,93.1593,-2.0513,-333.1422,430.9401,176.0494,30.2057,99.6655,6,1,0,0,0
Session_4,2026-01-26 16:59:25.646,42.880,-75.6540,-24.6692,-25.3334,-11.1758,92.3147,93.1517,4.0913,-332.7859,427.6404,175.9595,28.6468,100.7571,6,1,0,0,0
Session_4,2026-01-26 16:59:25.710,42.944,-74.8512,-24.7280,-25.3335,-11.9998,92.6333,93.1517,9.1450,-332.6648,425.5704,175.7045,27.7482,101.5908,6,1,0,0,0
Session_4,2026-01-26 16:59:25.793,43.027,-74.0941,-24.9030,-25.3333,-11.5329,92.5578,93.1517,13.7012,-333.4140,425.5704,175.7592,28.0439,102.3380,6,1,0,0,0
Session_4,2026-01-26 16:59:25.855,43.089,-73.8243,-25.1073,-25.3334,-11.8096,92.6546,93.1538,15.6219,-334.1348,423.8285,175.6955,27.5583,102.6217,6,1,0,0,0
Session_4,2026-01-26 16:59:25.925,43.159,-73.8095,-25.4009,-25.3335,-12.1282,92.4760,93.1538,15.8461,-335.3822,421.4729,175.9159,26.9569,102.6551,6,1,0,0,0
Session_4,2026-01-26 16:59:26.000,43.234,-73.8092,-25.4588,-25.3336,-12.5038,92.6065,93.1558,16.0411,-335.4812,420.3526,175.8148,26.5168,102.6671,6,1,0,0,0
Session_4,2026-01-26 16:59:26.060,43.294,-73.8093,-25.4587,-25.3336,-12.5917,92.5735,93.1517,15.9954,-335.4681,420.1652,175.8557,26.4313,102.6742,6,1,0,0,0
Session_4,2026-01-26 16:59:26.140,43.374,-73.8093,-25.4587,-25.3336,-12.7242,92.5529,93.1496,15.9609,-335.4381,419.8832,175.8863,26.3003,102.6805,6,1,0,0,0
Session_4,2026-01-26 16:59:26.215,43.449,-73.8092,-25.4588,-25.3336,-12.7524,92.5639,93.1503,15.9715,-335.4262,419.8239,175.8770,26.2715,102.6806,6,1,0,0,0
Session_4,2026-01-26 16:59:26.306,43.540,-73.8088,-25.4611,-25.3345,-13.0243,92.6120,93.1551,16.0096,-335.3404,419.2334,175.8455,25.9939,102.6842,6,1,0,0,0
Session_4,2026-01-26 16:59:26.388,43.622,-73.8086,-25.5107,-25.3386,-13.4507,92.6408,93.1558,16.0685,-335.4050,418.1185,175.8476,25.5461,102.7038,6,1,0,0,0
Session_4,2026-01-26 16:59:26.462,43.696,-73.8086,-25.6912,-25.3844,-14.0220,92.6573,93.1531,16.2728,-336.0455,415.6015,175.8873,24.7162,102.7237,6,1,0,0,0
Session_4,2026-01-26 16:59:26.527,43.761,-73.8086,-26.2460,-25.4310,-13.7789,92.5907,93.1524,16.9106,-338.5315,412.7290,175.9778,24.3622,102.7340,6,1,0,0,0
Session_4,2026-01-26 16:59:26.609,43.843,-73.8086,-27.7372,-25.4556,-13.8586,92.6120,93.1620,18.6992,-344.5996,403.7895,176.0569,22.7677,102.7654,6,1,0,0,0
Session_4,2026-01-26 16:59:26.682,43.916,-73.8086,-29.6606,-25.4622,-13.0518,92.3985,93.1970,20.7430,-352.5663,394.0146,176.3281,21.6561,102.7543,6,1,0,0,0
Session_4,2026-01-26 16:59:26.752,43.986,-73.8088,-31.7297,-25.4629,-12.9240,92.4445,93.3522,23.0557,-360.3352,381.6955,176.3504,19.7051,102.6334,6,1,0,0,0
Session_4,2026-01-26 16:59:26.824,44.058,-73.8090,-33.9787,-25.4696,-12.4784,91.8457,92.7500,24.7311,-368.7113,368.5548,177.2603,17.9633,103.3015,6,1,0,0,0
Session_4,2026-01-26 16:59:26.899,44.133,-73.8093,-36.7518,-25.4854,-12.0760,91.8416,93.3659,27.4305,-378.0338,351.5948,177.2179,15.5510,102.6985,6,1,0,0,0
Session_4,2026-01-26 16:59:26.973,44.207,-73.8092,-40.0384,-25.5077,-11.5459,92.7830,94.4797,31.4538,-387.7959,331.0326,176.2021,12.6507,101.6049,6,1,0,0,0
Session_4,2026-01-26 16:59:27.061,44.295,-73.8104,-44.4650,-25.5221,-9.8678,92.8674,96.9852,35.2213,-400.4345,304.3050,175.9100,9.7207,99.1110,6,1,0,0,0
Session_4,2026-01-26 16:59:27.126,44.360,-73.8140,-47.6201,-25.5223,-8.3290,92.7809,99.3604,37.4760,-408.6675,285.3209,175.8621,7.9624,96.7449,6,1,0,0,0
Session_4,2026-01-26 16:59:27.202,44.436,-73.8148,-51.2193,-25.5223,-6.5939,93.1744,101.4890,40.3046,-416.7230,263.0705,175.5595,5.8990,94.6522,6,1,0,0,0
Session_4,2026-01-26 16:59:27.276,44.510,-73.8212,-54.3235,-25.5224,-5.7397,93.5850,101.9895,42.3018,-421.9875,242.2492,175.5768,3.5741,94.1894,6,1,0,0,0
Session_4,2026-01-26 16:59:27.343,44.577,-73.8245,-56.9808,-25.5240,-4.9178,93.9359,101.9806,43.8166,-425.7716,224.3368,175.6157,1.7052,94.2182,6,1,0,0,0
Session_4,2026-01-26 16:59:27.425,44.659,-73.8472,-59.5826,-25.5251,-3.9537,93.6584,101.8350,44.2724,-429.1507,206.8408,176.2270,0.1689,94.3422,6,1,0,0,0
Session_4,2026-01-26 16:59:27.507,44.741,-73.8989,-62.1090,-25.5280,-2.8503,93.5767,102.3589,44.5638,-431.8988,189.9887,176.6100,-1.2410,93.7637,6,1,0,0,0
Session_4,2026-01-26 16:59:27.589,44.823,-74.0014,-64.7342,-25.5508,-1.5223,93.5266,103.0284,44.3840,-434.2668,172.5533,176.9710,-2.5555,92.9821,6,1,0,0,0
Session_4,2026-01-26 16:59:27.663,44.897,-74.2202,-67.3172,-25.5863,-0.1984,93.6756,103.8517,43.3327,-435.9193,155.2589,177.1736,-3.8913,91.9246,6,1,0,0,0
Session_4,2026-01-26 16:59:27.746,44.980,-74.7257,-70.0443,-25.5866,2.2467,95.1354,105.3204,41.8053,-438.0791,138.9428,175.9394,-4.6197,89.9659,6,1,0,0,0
Session_4,2026-01-26 16:59:27.812,45.046,-75.1660,-71.5619,-25.5861,3.7429,96.4346,106.0085,40.2494,-439.1040,130.1281,174.7497,-5.0454,88.8656,6,1,0,0,0
Session_4,2026-01-26 16:59:27.893,45.127,-75.3735,-72.3251,-25.5863,4.5408,96.8280,106.4349,39.2562,-439.6588,125.7351,174.3992,-5.1619,88.2432,6,1,0,0,0
Session_4,2026-01-26 16:59:27.968,45.202,-75.3723,-72.3559,-25.5864,4.9308,96.8026,106.5557,39.3583,-440.1357,126.1564,174.3322,-4.8222,88.1318,6,1,0,0,0
Session_4,2026-01-26 16:59:28.041,45.275,-75.3722,-72.3563,-25.5868,5.5927,96.6488,107.5362,39.3948,-441.0041,127.2588,174.3632,-4.2415,87.1640,6,1,0,0,0
Session_4,2026-01-26 16:59:28.108,45.342,-75.3723,-72.3579,-25.6001,5.2130,96.6124,108.3959,39.2228,-440.5214,126.5334,174.5864,-4.6887,86.2950,6,1,0,0,0
Session_4,2026-01-26 16:59:28.190,45.424,-75.3717,-72.3591,-25.6594,4.8951,96.8637,109.3792,39.3909,-439.9513,125.7550,174.5554,-5.2209,85.3101,6,1,0,0,0
Session_4,2026-01-26 16:59:28.264,45.498,-75.3706,-72.3663,-25.7797,4.5868,96.8362,109.7122,39.2130,-439.3668,124.6396,174.7590,-5.6536,84.9635,6,1,0,0,0
Session_4,2026-01-26 16:59:28.329,45.563,-75.3698,-72.4102,-26.0142,4.9850,97.0052,109.2831,39.4392,-439.4023,123.9593,174.5172,-5.5565,85.4029,6,1,0,0,0
Session_4,2026-01-26 16:59:28.403,45.637,-75.3675,-72.4325,-26.5528,6.0864,97.1548,109.0372,39.7542,-439.8280,123.2782,174.1750,-5.0705,85.6721,6,1,0,0,0
Session_4,2026-01-26 16:59:28.492,45.726,-75.3660,-72.4309,-27.5361,7.9912,98.5810,107.7155,41.6093,-440.1045,122.3942,172.4171,-4.4862,87.0677,6,1,0,0,0
Session_4,2026-01-26 16:59:28.575,45.809,-75.3620,-72.4118,-28.1270,8.3469,99.2443,107.1627,42.2645,-439.3480,120.6368,171.8019,-4.8135,87.6432,6,1,0,0,0
Session_4,2026-01-26 16:59:28.658,45.892,-75.3625,-72.0921,-28.1812,8.3331,98.9504,107.2561,41.9523,-439.5610,122.7465,172.0171,-4.4999,87.5436,6,1,0,0,0
Session_4,2026-01-26 16:59:28.749,45.983,-75.3605,-70.3077,-28.1821,7.1315,98.6929,107.3721,41.5783,-439.2893,134.1889,172.1001,-3.8841,87.4324,6,1,0,0,0
Session_4,2026-01-26 16:59:28.825,46.058,-75.3612,-68.7173,-28.1844,5.3703,97.6170,107.2884,39.9534,-438.2015,143.0134,173.1757,-3.7208,87.4704,6,1,0,0,0
Session_4,2026-01-26 16:59:28.904,46.138,-75.3608,-67.4512,-28.1888,3.1853,97.8099,107.0027,39.5900,-435.8800,148.8341,173.2413,-4.6262,87.7422,6,1,0,0,0
Session_4,2026-01-26 16:59:28.978,46.212,-75.3575,-66.3246,-28.1979,0.5006,97.8799,106.8352,38.8830,-432.7429,152.7195,173.6143,-6.1275,87.8723,6,1,0,0,0
Session_4,2026-01-26 16:59:29.053,46.287,-75.3579,-65.2612,-28.2060,-1.3239,97.5833,106.9059,37.9632,-430.6441,157.5292,174.1312,-6.7857,87.7668,6,1,0,0,0
Session_4,2026-01-26 16:59:29.116,46.350,-75.3573,-64.5727,-28.2078,-1.6617,97.4927,107.0872,37.7627,-430.2922,162.0658,174.1366,-6.4442,87.5948,6,1,0,0,0
Session_4,2026-01-26 16:59:29.183,46.417,-75.3536,-63.7232,-28.2259,-3.2986,97.4096,107.4545,37.1345,-428.1744,165.5616,174.5006,-7.2253,87.1993,6,1,0,0,0
Session_4,2026-01-26 16:59:29.248,46.482,-75.3480,-63.8198,-28.6589,-2.4500,95.7699,108.1563,35.3902,-429.1507,164.0971,176.0525,-6.4795,86.4707,6,1,0,0,0
Session_4,2026-01-26 16:59:29.322,46.556,-75.3514,-64.2617,-29.9785,-0.4710,94.3211,108.6314,33.8312,-430.2058,158.0817,177.4122,-5.8439,85.9715,6,1,0,0,0
Session_4,2026-01-26 16:59:29.474,46.708,-75.3497,-64.8635,-34.8595,4.2702,95.2487,109.0977,34.4210,-427.9786,139.9681,176.8265,-6.8684,85.4930,6,1,0,0,0
Session_4,2026-01-26 16:59:29.540,46.774,-75.3496,-64.8631,-37.6850,9.9289,95.3222,110.2402,35.0747,-430.1249,136.9792,175.9097,-4.2973,84.4420,6,1,0,0,0
Session_4,2026-01-26 16:59:29.614,46.848,-75.3506,-64.8600,-40.5254,13.7652,96.2196,110.7909,35.9518,-429.2299,131.1245,174.7558,-3.7196,83.9408,6,1,0,0,0
Session_4,2026-01-26 16:59:29.714,46.948,-75.3495,-64.8581,-43.8305,19.0242,98.2816,111.0395,38.2824,-428.3019,126.0489,172.1440,-2.6505,83.8173,6,1,0,0,0
Session_4,2026-01-26 16:59:29.779,47.013,-75.3498,-64.8581,-45.4907,22.1388,97.6382,112.0084,37.5711,-428.6449,124.1665,172.2468,-1.1933,82.8422,6,1,0,0,0
Session_4,2026-01-26 16:59:29.845,47.079,-75.3496,-64.8582,-46.8998,24.5222,97.3141,112.5419,37.1169,-428.4444,122.2050,172.1873,-0.2411,82.3016,6,1,0,0,0
Session_4,2026-01-26 16:59:29.910,47.144,-75.3496,-64.8583,-47.8997,25.8900,97.3450,112.5570,36.9891,-427.8067,120.2955,172.0189,0.0853,82.2886,6,1,0,0,0
Session_4,2026-01-26 16:59:29.991,47.225,-75.3497,-64.8583,-49.0159,27.7343,96.7861,112.6174,36.2283,-427.5591,118.6844,172.2566,0.9628,82.1967,6,1,0,0,0
Session_4,2026-01-26 16:59:30.060,47.294,-75.3495,-64.8583,-49.8840,29.1412,96.7827,112.6792,36.1192,-427.1546,117.4682,172.0523,1.4535,82.1311,6,1,0,0,0
Session_4,2026-01-26 16:59:30.126,47.360,-75.3495,-64.8584,-50.7185,29.8567,96.7648,112.9690,35.8161,-426.0788,115.1363,172.1077,1.3106,81.8442,6,1,0,0,0
Session_4,2026-01-26 16:59:30.199,47.433,-75.3492,-64.8586,-51.5392,30.1829,96.7717,113.0576,35.4376,-424.5892,112.1640,172.2919,0.8400,81.7607,6,1,0,0,0
Session_4,2026-01-26 16:59:30.258,47.492,-75.3490,-64.8585,-52.1266,31.2300,96.7999,113.2690,35.3990,-424.3264,111.5240,172.1161,1.1624,81.5771,6,1,0,0,0
Session_4,2026-01-26 16:59:30.327,47.561,-75.3488,-64.8582,-52.7547,32.7695,96.8452,113.9474,35.5048,-424.4853,111.6911,171.6598,1.9460,80.8705,6,1,0,0,0
Session_4,2026-01-26 16:59:30.396,47.630,-75.3468,-64.8584,-53.0890,32.7956,97.0786,114.2702,35.5991,-423.6772,110.3250,171.5626,1.5228,80.5707,6,1,0,0,0
Session_4,2026-01-26 16:59:30.479,47.713,-75.3128,-64.8584,-53.1639,33.4417,97.2283,114.3842,36.1502,-424.0888,111.2272,171.1893,1.9660,80.4941,6,1,0,0,0
Session_4,2026-01-26 16:59:30.553,47.787,-75.2321,-64.8589,-53.1641,33.1931,96.6042,114.1809,35.9569,-423.9870,110.6676,171.8659,2.0222,80.7417,6,1,0,0,0
Session_4,2026-01-26 16:59:30.635,47.869,-75.0851,-64.8593,-53.1641,33.0695,95.6998,113.1214,35.9604,-424.0591,110.3175,172.7825,2.4096,81.8929,6,1,0,0,0
Session_4,2026-01-26 16:59:30.708,47.942,-74.7779,-64.8595,-53.1640,33.2178,94.8216,111.7159,37.2527,-424.2969,110.4955,173.6026,3.0459,83.5548,6,1,0,0,0
Session_4,2026-01-26 16:59:30.783,48.017,-74.4448,-64.8603,-53.1644,32.8738,94.6884,110.5211,39.4663,-423.7679,109.8339,173.9126,2.9014,85.0784,6,1,0,0,0
Session_4,2026-01-26 16:59:30.857,48.091,-74.2488,-64.8603,-53.1643,32.7983,94.3382,110.3082,40.4878,-423.6715,109.6613,174.2773,2.9742,85.4752,6,1,0,0,0
Session_4,2026-01-26 16:59:30.931,48.165,-74.2502,-64.8605,-53.1645,31.9084,93.2780,110.3254,38.9844,-423.1065,107.9280,175.5783,2.5042,85.4389,6,1,0,0,0
Session_4,2026-01-26 16:59:31.006,48.240,-74.2504,-64.8614,-53.1651,31.3502,93.3920,110.0858,38.9491,-422.4766,106.9025,175.6741,1.9579,85.6884,6,1,0,0,0
Session_4,2026-01-26 16:59:31.078,48.312,-74.2500,-64.8612,-53.1648,31.6859,93.4422,110.1118,39.1107,-422.8164,107.5238,175.5106,2.2545,85.6598,6,1,0,0,0
Session_4,2026-01-26 16:59:31.144,48.378,-74.2496,-64.8614,-53.1650,31.4497,93.4483,110.1524,39.0505,-422.5635,107.0892,175.5847,2.0271,85.6230,6,1,0,0,0
Session_4,2026-01-26 16:59:31.209,48.443,-74.2495,-64.8626,-53.1650,31.4779,93.3577,110.1633,38.9534,-422.6223,107.1254,175.6600,2.0827,85.6094,6,1,0,0,0
Session_4,2026-01-26 16:59:31.285,48.519,-74.2495,-64.8631,-53.1650,31.7265,93.2046,110.1434,38.8495,-422.9358,107.5676,175.7189,2.3698,85.6220,6,1,0,0,0
Session_4,2026-01-26 16:59:31.359,48.593,-74.2495,-64.8760,-53.1651,31.7113,93.1593,109.6703,38.7880,-422.9222,107.4419,175.7907,2.3937,86.0934,6,1,0,0,0
Session_4,2026-01-26 16:59:31.423,48.657,-74.2494,-64.9640,-53.1650,31.8727,92.9443,109.2858,38.5623,-423.0782,107.0834,175.9852,2.5620,86.4712,6,1,0,0,0
Session_4,2026-01-26 16:59:31.491,48.725,-74.2486,-65.0757,-53.1649,32.2112,92.9354,108.9954,38.6275,-423.3268,106.8917,175.9327,2.7997,86.7584,6,1,0,0,0
Session_4,2026-01-26 16:59:31.564,48.798,-74.2487,-65.2218,-53.1646,32.4550,92.6381,108.8443,38.3119,-423.5371,106.2589,176.1894,2.9989,86.9009,6,1,0,0,0
Session_4,2026-01-26 16:59:31.629,48.863,-74.2474,-65.4836,-53.1612,32.5964,92.6875,108.7598,38.3490,-423.4127,104.6274,176.1848,2.8780,86.9896,6,1,0,0,0
Session_4,2026-01-26 16:59:31.692,48.926,-74.2469,-65.8687,-53.1569,32.6994,92.8029,108.7791,38.4078,-423.0922,102.0344,176.1642,2.5767,86.9777,6,1,0,0,0
Session_4,2026-01-26 16:59:31.769,49.003,-74.2468,-66.3665,-53.1488,33.1451,93.2808,108.8725,38.9506,-422.8828,99.2893,175.7226,2.3745,86.8960,6,1,0,0,0
Session_4,2026-01-26 16:59:31.842,49.076,-74.2466,-66.4674,-53.1348,33.6257,93.2643,108.9878,39.0534,-423.3144,99.4965,175.6052,2.7436,86.7750,6,1,0,0,0
Session_4,2026-01-26 16:59:31.925,49.159,-74.2461,-66.4675,-53.1325,33.7843,93.1737,108.9226,38.9995,-423.5149,99.7924,175.6417,2.9301,86.8358,6,1,0,0,0
Session_4,2026-01-26 16:59:32.000,49.234,-74.2456,-66.4678,-53.1324,33.8592,93.2520,108.8100,39.1160,-423.5660,99.9342,175.5494,2.9841,86.9494,6,1,0,0,0
Session_4,2026-01-26 16:59:32.073,49.307,-74.2436,-66.4679,-53.1325,33.8784,93.5355,108.7646,39.4665,-423.4894,99.9886,175.2775,2.9147,87.0036,6,1,0,0,0
Session_4,2026-01-26 16:59:32.133,49.367,-74.2199,-66.4678,-53.1322,33.9841,93.7312,108.7214,39.9009,-423.5177,100.2011,175.0605,2.9562,87.0741,6,1,0,0,0
Session_4,2026-01-26 16:59:32.221,49.455,-74.2026,-66.4726,-53.1323,33.8386,93.5513,108.7983,39.7747,-423.4100,99.8829,175.2752,2.8649,87.0122,6,1,0,0,0
Session_4,2026-01-26 16:59:32.303,49.537,-74.1992,-66.4785,-53.1323,33.9169,93.4476,108.8924,39.7008,-423.5167,99.9765,175.3450,2.9590,86.9178,6,1,0,0,0
Session_4,2026-01-26 16:59:32.386,49.620,-74.1803,-66.4866,-53.1323,33.8688,93.5664,108.9226,39.9620,-423.4053,99.8378,175.2494,2.8651,86.9106,6,1,0,0,0
Session_4,2026-01-26 16:59:32.468,49.702,-74.1148,-66.5006,-53.1327,33.8674,93.5863,109.1196,40.4638,-423.3350,99.7327,175.2260,2.8274,86.7803,6,1,0,0,0
Session_4,2026-01-26 16:59:32.534,49.768,-74.0500,-66.5190,-53.1327,33.8681,93.4669,109.2844,40.7981,-423.3098,99.5912,175.3364,2.8363,86.6777,6,1,0,0,0
Session_4,2026-01-26 16:59:32.608,49.842,-74.0335,-66.5589,-53.1326,33.9031,93.5184,109.3298,40.9781,-423.2729,99.3682,175.2872,2.8110,86.6505,6,1,0,0,0
Session_4,2026-01-26 16:59:32.674,49.908,-74.0250,-66.6354,-53.1325,34.0356,93.5658,109.3634,41.1110,-423.3036,99.0587,175.2223,2.8456,86.6258,6,1,0,0,0
Session_4,2026-01-26 16:59:32.748,49.982,-73.9940,-66.6549,-53.1326,34.0528,93.5802,109.3661,41.3555,-423.2724,98.9489,175.2094,2.8383,86.6545,6,1,0,0,0
Session_4,2026-01-26 16:59:32.813,50.047,-73.9503,-66.6563,-53.1326,34.0020,93.5527,109.5206,41.6307,-423.1959,98.8426,175.2451,2.7853,86.5441,6,1,0,0,0
Session_4,2026-01-26 16:59:32.880,50.114,-73.9383,-66.6568,-53.1326,33.9917,93.4916,109.7699,41.6451,-423.1967,98.8154,175.2941,2.7751,86.3059,6,1,0,0,0
Session_4,2026-01-26 16:59:32.944,50.178,-73.9383,-66.6573,-53.1326,33.9924,93.3241,110.1970,41.4505,-423.2539,98.8011,175.4306,2.7978,85.8751,6,1,0,0,0
Session_4,2026-01-26 16:59:33.008,50.242,-73.9376,-66.6600,-53.1327,33.9979,93.2753,110.3281,41.3997,-423.2723,98.7873,175.4689,2.8067,85.7435,6,1,0,0,0
Session_4,2026-01-26 16:59:33.078,50.312,-73.9365,-66.6874,-53.1327,34.0247,93.3076,110.4284,41.4443,-423.2579,98.6396,175.4340,2.7870,85.6454,6,1,0,0,0
Session_4,2026-01-26 16:59:33.143,50.377,-73.9358,-66.7472,-53.1326,34.1194,93.4339,110.5266,41.6057,-423.2458,98.3870,175.2989,2.7678,85.5511,6,1,0,0,0
Session_4,2026-01-26 16:59:33.210,50.444,-73.9356,-66.7654,-53.1325,34.1249,93.5465,110.5074,41.7337,-423.1928,98.2730,175.1989,2.7182,85.5740,6,1,0,0,0
Session_4,2026-01-26 16:59:33.276,50.510,-73.9355,-66.7660,-53.1323,34.0871,93.6303,110.3226,41.8202,-423.1250,98.2065,175.1425,2.6690,85.7614,6,1,0,0,0
Session_4,2026-01-26 16:59:33.359,50.593,-73.9353,-66.7659,-53.1320,34.1016,93.5287,110.3199,41.7084,-423.1750,98.2269,175.2326,2.7182,85.7612,6,0,0,0,0
Session_4,2026-01-26 16:59:33.433,50.667,-73.9354,-66.7659,-53.1321,34.1373,93.5019,110.3007,41.6875,-423.2211,98.2912,175.2462,2.7625,85.7789,6,0,0,0,0
Session_4,2026-01-26 16:59:33.500,50.734,-73.9354,-66.7658,-53.1321,34.1888,93.5060,110.2876,41.7075,-423.2731,98.3873,175.2251,2.8106,85.7912,6,0,0,0,0
Session_4,2026-01-26 16:59:33.565,50.799,-73.9354,-66.7658,-53.1320,34.2547,93.4854,110.2753,41.7033,-423.3482,98.5078,175.2221,2.8806,85.8018,6,0,0,0,0
Session_4,2026-01-26 16:59:33.640,50.874,-73.9355,-66.7656,-53.1318,34.3000,93.5067,110.2787,41.7406,-423.3886,98.5958,175.1861,2.9159,85.7980,6,0,0,0,0
Session_4,2026-01-26 16:59:33.714,50.948,-73.9356,-66.7654,-53.1311,34.2924,93.4834,110.3199,41.7109,-423.3906,98.5841,175.2082,2.9142,85.7562,6,0,0,0,0
Session_4,2026-01-26 16:59:33.788,51.022,-73.9355,-66.7654,-53.1311,34.2719,93.4868,110.3371,41.7095,-423.3683,98.5465,175.2113,2.8923,85.7397,6,0,0,0,0
Session_4,2026-01-26 16:59:33.869,51.103,-73.9356,-66.7650,-53.1310,34.2959,93.5204,110.3350,41.7552,-423.3824,98.5971,175.1714,2.9039,85.7422,6,0,0,0,0
Session_4,2026-01-26 16:59:33.951,51.185,-73.9365,-66.7590,-53.1292,34.3385,93.6605,110.2595,41.9276,-423.3900,98.7376,175.0265,2.9091,85.8200,6,0,0,0,0
Session_4,2026-01-26 16:59:34.034,51.268,-73.9380,-66.7010,-53.1038,34.3927,93.8006,110.3364,42.1307,-423.5233,99.3815,174.8437,2.9831,85.7436,6,0,0,0,0
Session_4,2026-01-26 16:59:34.116,51.350,-73.9392,-66.3877,-53.0780,34.2959,93.8473,110.4854,42.2631,-423.8100,101.6062,174.7074,3.1804,85.5907,6,0,0,0,0
Session_4,2026-01-26 16:59:34.176,51.410,-73.9419,-66.0754,-53.0786,33.7225,93.7910,110.7367,42.1034,-423.5748,102.8175,174.8389,2.9322,85.3404,6,0,0,0,0
Session_4,2026-01-26 16:59:34.246,51.480,-73.9453,-65.9034,-53.0784,33.3723,94.0148,110.7106,42.2867,-423.3210,103.4456,174.6941,2.6894,85.3734,6,0,0,0,0
Session_4,2026-01-26 16:59:34.315,51.549,-73.9459,-65.8783,-53.0779,33.2295,94.3561,110.6268,42.6435,-423.0848,103.3965,174.4204,2.4676,85.4696,6,0,0,0,0
Session_4,2026-01-26 16:59:34.397,51.631,-73.9462,-65.6381,-53.0752,33.4753,94.8058,110.5087,43.3083,-423.4341,105.6626,173.8339,2.7803,85.5953,6,0,0,0,0
Session_4,2026-01-26 16:59:34.480,51.714,-73.9463,-64.8644,-53.0752,33.6820,94.5628,110.2876,43.2961,-424.4580,111.6873,173.7322,3.8075,85.7865,6,0,0,0,0
Session_4,2026-01-26 16:59:34.546,51.780,-73.9470,-64.1651,-53.0756,33.5399,94.4275,110.2251,43.2664,-424.9644,116.5330,173.6700,4.3833,85.8291,6,0,0,0,0
Session_4,2026-01-26 16:59:34.611,51.845,-73.9472,-63.5509,-53.0755,33.3916,94.4756,110.0748,43.4172,-425.2852,120.7663,173.4760,4.8212,85.9677,6,0,0,0,0
Session_4,2026-01-26 16:59:34.678,51.912,-73.9476,-62.7663,-53.0757,33.1629,94.6548,109.8049,43.7177,-425.5563,126.1115,173.1416,5.3142,86.2267,6,0,0,0,0
Session_4,2026-01-26 16:59:34.745,51.979,-73.9476,-61.7095,-53.0753,32.9082,94.7056,109.5502,43.8899,-425.9326,133.4023,172.8471,6.0838,86.4559,6,0,0,0,0
Session_4,2026-01-26 16:59:34.819,52.053,-73.9477,-60.1373,-53.0754,32.4413,94.5202,109.5364,43.7555,-426.2782,144.0547,172.6490,7.1881,86.4185,6,0,0,0,0
Session_4,2026-01-26 16:59:34.907,52.141,-73.9488,-57.7585,-53.0751,31.6777,94.2723,109.6449,43.4251,-426.2421,160.0569,172.3152,8.7769,86.2214,6,0,0,0,0
Session_4,2026-01-26 16:59:34.974,52.208,-73.9496,-55.8533,-53.0752,31.0460,94.2723,109.8283,43.2615,-425.6962,172.8255,171.8447,9.9487,85.9648,6,0,0,0,0
Session_4,2026-01-26 16:59:35.056,52.290,-73.9503,-52.8909,-53.0742,30.1362,94.3760,109.9560,42.9296,-424.1076,192.7601,171.0014,11.8218,85.7044,6,0,0,0,0
Session_4,2026-01-26 16:59:35.130,52.364,-73.9576,-49.8159,-53.0709,29.2003,94.0897,109.9464,41.8023,-421.6348,213.3053,170.5019,13.9274,85.5197,6,0,0,0,0
Session_4,2026-01-26 16:59:35.204,52.438,-73.9687,-46.4343,-53.0681,28.4038,93.4236,110.0459,39.8443,-418.0318,236.1249,170.1418,16.5558,85.1176,6,0,0,0,0
Session_4,2026-01-26 16:59:35.286,52.520,-73.9726,-42.4028,-53.0647,27.5462,92.6717,110.7243,37.1824,-412.1657,263.1476,169.3892,19.6500,83.9817,6,0,0,0,0
Session_4,2026-01-26 16:59:35.358,52.592,-73.9767,-38.6552,-53.0532,26.2649,92.5303,111.2943,34.8616,-404.8087,286.8458,168.2902,21.8781,83.0090,6,0,0,0,0
Session_4,2026-01-26 16:59:35.427,52.661,-73.9767,-35.4216,-53.0487,24.8490,92.5859,111.9974,32.7489,-397.2084,306.1636,167.1656,23.3794,81.9659,6,0,0,0,0
Session_4,2026-01-26 16:59:35.492,52.726,-73.9765,-31.9811,-53.0429,23.7710,92.4939,112.7094,30.0560,-388.2315,327.0914,165.8478,25.3997,80.7485,6,0,0,0,0
Session_4,2026-01-26 16:59:35.558,52.792,-73.9767,-28.8148,-53.0263,22.8035,92.5990,113.4840,27.5152,-378.9286,345.9322,164.3067,27.1530,79.4470,6,0,0,0,0
Session_4,2026-01-26 16:59:35.630,52.864,-73.9767,-25.0714,-52.9907,21.5002,92.6546,114.1534,24.0921,-366.7654,367.2090,162.6307,29.1423,78.1198,6,0,0,0,0
Session_4,2026-01-26 16:59:35.707,52.941,-73.9773,-21.4504,-52.8708,19.9937,92.5694,114.1699,20.2726,-353.8507,386.8440,161.4711,31.1392,77.4750,6,0,0,0,0
Session_4,2026-01-26 16:59:35.789,53.023,-73.9773,-17.9015,-52.3855,18.0402,92.5893,114.0539,16.2610,-339.7947,405.9637,160.3407,32.9930,76.9796,6,0,0,0,0
Session_4,2026-01-26 16:59:35.870,53.104,-73.9773,-14.4798,-51.2573,15.6452,92.6244,114.1672,11.9017,-324.4599,425.4863,158.9638,34.8165,76.1453,6,0,0,0,0
Session_4,2026-01-26 16:59:35.946,53.180,-73.9767,-11.6774,-49.7803,13.2399,92.2749,114.6849,7.4270,-310.4030,442.2492,157.7281,36.3738,74.8065,6,0,0,0,0
Session_4,2026-01-26 16:59:36.011,53.245,-73.9769,-9.3344,-47.8245,10.7165,91.8217,115.2246,2.9649,-296.8582,457.7244,156.5291,37.8471,73.3790,6,0,0,0,0
Session_4,2026-01-26 16:59:36.077,53.311,-73.9765,-7.4568,-45.4794,8.9374,91.6335,115.5851,-1.0640,-283.6500,473.4310,154.6804,39.8117,71.8316,6,0,0,0,0
Session_4,2026-01-26 16:59:36.159,53.393,-73.9766,-5.6127,-41.6281,6.7841,90.7436,116.4221,-7.0599,-266.6830,493.6783,151.9214,42.6615,68.7902,6,0,0,0,0
Session_4,2026-01-26 16:59:36.242,53.476,-73.9767,-4.4717,-37.2439,3.9640,89.4617,117.4006,-13.0769,-251.3662,510.3667,149.6290,44.7984,65.5927,6,0,0,0,0
Session_4,2026-01-26 16:59:36.317,53.551,-73.9767,-3.8128,-32.6059,0.7677,88.4695,117.9588,-18.4049,-237.1733,524.1111,147.7781,46.4722,63.1400,6,0,0,0,0
Session_4,2026-01-26 16:59:36.407,53.641,-73.9767,-3.1653,-26.9278,-2.9189,87.0454,118.2884,-25.3053,-219.3982,539.2255,145.5910,48.7395,60.1623,6,0,0,0,0
Session_4,2026-01-26 16:59:36.467,53.701,-73.9767,-2.8487,-23.6418,-4.8594,85.9062,118.6139,-29.7720,-208.8414,547.3562,144.0468,50.1291,57.8518,6,0,0,0,0
Session_4,2026-01-26 16:59:36.531,53.765,-73.9768,-2.6928,-20.1095,-7.0518,84.1443,119.0801,-34.9608,-198.4886,554.6677,142.7065,51.5038,55.0595,6,0,0,0,0
Session_4,2026-01-26 16:59:36.605,53.839,-73.9767,-2.6948,-16.3038,-9.7016,81.7726,119.6700,-40.8283,-188.3996,560.8344,141.7654,52.7650,51.9614,6,0,0,0,0
Session_4,2026-01-26 16:59:36.665,53.899,-73.9769,-2.6947,-13.9354,-11.6613,79.6591,120.0510,-45.2095,-182.3114,563.8292,141.7693,53.5899,49.9275,6,0,0,0,0
Session_4,2026-01-26 16:59:36.739,53.973,-73.9770,-2.6945,-11.2365,-12.8822,78.1011,120.0758,-49.5012,-174.0861,568.7490,140.2747,54.9780,47.3211,6,0,0,0,0
Session_4,2026-01-26 16:59:36.822,54.056,-73.9772,-2.6943,-8.6915,-13.2983,77.4467,120.1877,-52.8338,-165.2938,574.2830,137.1275,56.2058,44.0869,6,0,0,0,0
Session_4,2026-01-26 16:59:36.904,54.138,-73.9775,-2.6947,-6.8025,-13.4534,76.7910,120.5571,-55.5988,-158.4769,578.4193,134.1230,56.9565,40.8333,6,0,0,0,0
Session_4,2026-01-26 16:59:36.987,54.221,-73.9795,-2.6977,-5.2112,-13.5365,75.1005,120.8064,-59.3442,-152.6582,581.9202,131.7447,57.9498,37.1696,6,0,0,0,0
Session_4,2026-01-26 16:59:37.068,54.302,-74.0639,-2.6978,-4.1060,-13.6656,73.1978,120.8860,-63.0349,-148.5181,584.2195,130.3423,58.8589,34.0863,6,0,0,0,0
Session_4,2026-01-26 16:59:37.132,54.366,-74.4259,-2.7065,-3.1916,-14.0076,72.2742,120.9142,-65.9434,-145.0282,585.5686,129.4494,59.3094,32.0821,6,0,0,0,0
Session_4,2026-01-26 16:59:37.203,54.437,-75.4304,-2.7082,-1.9543,-14.0948,71.9124,120.9519,-70.1449,-139.0886,587.8511,127.2907,59.7003,28.8641,6,0,0,0,0
Session_4,2026-01-26 16:59:37.276,54.510,-76.8186,-2.7361,-0.7359,-14.2657,71.8053,121.1957,-74.6635,-132.8963,589.7741,125.0902,59.7700,25.4010,6,0,0,0,0
Session_4,2026-01-26 16:59:37.352,54.586,-78.5198,-2.7481,0.4150,-14.3598,71.9131,121.2657,-79.3499,-126.1857,591.6167,122.9720,59.8863,21.9517,6,0,0,0,0
Session_4,2026-01-26 16:59:37.434,54.668,-80.4362,-2.7546,1.7078,-14.3324,72.1761,121.4902,-84.1034,-118.2030,593.7913,120.1639,59.8368,17.8006,6,0,0,0,0
Session_4,2026-01-26 16:59:37.506,54.740,-82.1483,-2.8547,2.7451,-14.3282,72.7158,121.6770,-87.4464,-112.1642,595.2297,118.1192,59.6604,14.7979,6,0,0,0,0
Session_4,2026-01-26 16:59:37.581,54.815,-83.8674,-3.2374,3.7797,-14.0769,73.6008,121.9414,-89.9157,-107.8405,596.4827,116.0999,59.3143,12.1368,6,0,0,0,0
Session_4,2026-01-26 16:59:37.655,54.889,-85.2482,-3.8190,4.7473,-13.4967,74.8677,121.9867,-91.0278,-105.3592,597.7400,114.1339,59.0858,10.2916,6,0,0,0,0
Session_4,2026-01-26 16:59:37.723,54.957,-86.4411,-4.3620,5.6354,-12.4338,76.2520,121.8597,-91.6318,-102.4860,599.6364,111.4389,59.0439,8.1669,6,0,0,0,0
Session_4,2026-01-26 16:59:37.796,55.030,-87.7030,-5.1594,6.7449,-11.0907,78.2693,121.9647,-91.4914,-100.1092,601.7491,108.1356,58.7046,6.0435,6,0,0,0,0
Session_4,2026-01-26 16:59:37.862,55.096,-88.5526,-6.0740,7.6189,-11.4787,81.6840,122.0567,-88.7755,-103.1222,600.7032,108.7917,58.0012,9.1030,6,0,0,0,0
Session_4,2026-01-26 16:59:37.924,55.158,-89.0573,-7.0097,8.1880,-11.4732,86.0065,122.1467,-84.3839,-107.4427,599.7371,109.1640,57.1064,13.1522,6,0,0,0,0
Session_4,2026-01-26 16:59:38.003,55.237,-89.2363,-7.8478,8.7573,-11.7451,89.3374,122.6514,-80.6235,-111.5948,598.5444,109.5942,55.9071,16.5140,6,0,0,0,0
Session_4,2026-01-26 16:59:38.086,55.320,-89.2361,-8.1267,8.9373,-10.8627,89.0902,123.4431,-80.9230,-111.5963,599.6063,107.8999,55.4016,14.7286,6,0,0,0,0
Session_4,2026-01-26 16:59:38.167,55.401,-89.2360,-8.1261,8.9367,-11.1168,89.1767,123.2419,-80.8127,-111.9808,599.2239,108.4186,55.5155,15.2767,6,0,0,0,0
Session_4,2026-01-26 16:59:38.242,55.476,-89.2352,-8.1260,8.9367,-10.9760,89.5715,123.1918,-80.3350,-111.7659,599.4354,108.1694,55.5307,15.4696,6,0,0,0,0
Session_4,2026-01-26 16:59:38.307,55.541,-89.2347,-8.1259,8.9366,-11.1079,90.3550,123.2371,-79.3812,-111.9548,599.2365,108.3091,55.3189,16.3480,6,0,0,0,0
Session_4,2026-01-26 16:59:38.382,55.616,-89.2347,-8.1255,8.9367,-10.8092,90.3316,123.4053,-79.4156,-111.4969,599.6870,107.7291,55.2419,15.8187,6,0,0,0,0
Session_4,2026-01-26 16:59:38.456,55.690,-89.2348,-8.1247,8.9369,-10.5235,89.8551,123.4623,-79.9996,-111.0622,600.1161,107.2535,55.3388,14.9484,6,0,0,0,0
Session_4,2026-01-26 16:59:38.526,55.760,-89.2347,-8.1246,8.9369,-10.5167,89.7556,123.5433,-80.1204,-111.0528,600.1264,107.2144,55.2794,14.8044,6,0,0,0,0
Session_4,2026-01-26 16:59:38.604,55.838,-89.2348,-8.1225,8.9373,-10.3615,89.9011,123.6401,-79.9474,-110.7944,600.3624,106.8946,55.2013,14.6690,6,0,0,0,0
Session_4,2026-01-26 16:59:38.674,55.908,-89.2347,-8.1198,8.9376,-10.2454,90.0323,123.6305,-79.7909,-110.5921,600.5406,106.6869,55.2181,14.6295,6,0,0,0,0
