session_name,timestamp,elapsed_time,j1,j2,j3,j4,j5,j6,x,y,z,rx,ry,rz,robot_mode,tooldo1,tooldo2,do1,do2
Session_7,2026-01-26 17:03:18.431,0.000,-85.3292,5.7382,-2.2750,-3.1840,90.9386,121.7697,-76.6026,-46.8287,614.2982,89.4696,58.2338,5.1585,6,0,0,0,0
Session_7,2026-01-26 17:03:18.496,0.065,-85.3291,5.7381,-2.2751,-3.2245,91.0238,121.7711,-76.4938,-46.8920,614.2491,89.5472,58.2324,5.3097,6,0,0,0,0
Session_7,2026-01-26 17:03:18.570,0.139,-85.3291,5.7379,-2.2753,-3.4779,91.1021,121.7683,-76.3627,-47.3300,613.9424,90.0289,58.2314,5.7975,6,0,0,0,0
Session_7,2026-01-26 17:03:18.644,0.213,-85.3292,5.7383,-2.2750,-3.2540,91.0307,121.7690,-76.4814,-46.9406,614.2139,89.6025,58.2341,5.3635,6,0,0,0,0
Session_7,2026-01-26 17:03:18.726,0.295,-85.3292,5.7385,-2.2747,-3.1023,91.2305,121.7697,-76.2624,-46.6456,614.3970,89.3134,58.2362,5.3175,6,0,0,0,0
Session_7,2026-01-26 17:03:18.800,0.369,-85.3292,5.7384,-2.2748,-3.2355,91.2133,121.7704,-76.2638,-46.8840,614.2365,89.5668,58.2337,5.5159,6,0,0,0,0
Session_7,2026-01-26 17:03:18.865,0.434,-85.3292,5.7385,-2.2748,-3.0020,91.0677,121.7683,-76.4733,-46.4890,614.5173,89.1230,58.2373,4.9929,6,0,0,0,0
Session_7,2026-01-26 17:03:18.931,0.499,-85.3293,5.7389,-2.2745,-2.7122,90.9929,121.7683,-76.6059,-45.9809,614.8638,88.5713,58.2367,4.4489,6,0,0,0,0
Session_7,2026-01-26 17:03:19.005,0.574,-85.3292,5.7389,-2.2745,-2.7995,90.9675,121.7697,-76.6239,-46.1386,614.7599,88.7370,58.2353,4.5645,6,0,0,0,0
Session_7,2026-01-26 17:03:19.078,0.647,-85.3293,5.7389,-2.2745,-2.8352,90.7601,121.7677,-76.8691,-46.2262,614.7173,88.8049,58.2351,4.4148,6,0,0,0,0
Session_7,2026-01-26 17:03:19.153,0.722,-85.3292,5.7387,-2.2746,-2.9025,90.6056,121.7663,-77.0458,-46.3643,614.6368,88.9331,58.2352,4.3693,6,0,0,0,0
Session_7,2026-01-26 17:03:19.212,0.781,-85.3292,5.7388,-2.2746,-2.8853,90.6132,121.7704,-77.0392,-46.3329,614.6573,88.9006,58.2311,4.3492,6,0,0,0,0
Session_7,2026-01-26 17:03:19.293,0.862,-85.3292,5.7386,-2.2747,-2.8894,90.7141,121.7711,-76.9165,-46.3300,614.6523,88.9088,58.2314,4.4572,6,0,0,0,0
Session_7,2026-01-26 17:03:19.375,0.944,-85.3291,5.7386,-2.2747,-2.9196,90.7134,121.7683,-76.9129,-46.3839,614.6161,88.9662,58.2343,4.5054,6,0,0,0,0
Session_7,2026-01-26 17:03:19.456,1.024,-85.3291,5.7386,-2.2748,-2.9546,90.4017,121.7697,-77.2844,-46.4805,614.5742,89.0328,58.2302,4.2503,6,0,0,0,0
Session_7,2026-01-26 17:03:19.531,1.100,-85.3292,5.7386,-2.2747,-3.2176,90.2795,121.7745,-77.3942,-46.9573,614.2583,89.5323,58.2258,4.5527,6,0,0,0,0
Session_7,2026-01-26 17:03:19.605,1.174,-85.3291,5.7384,-2.2749,-4.0004,90.2795,121.7683,-77.2819,-48.3326,613.3049,91.0196,58.2250,5.8172,6,0,0,0,0
Session_7,2026-01-26 17:03:19.678,1.247,-85.3291,5.7384,-2.2750,-6.7429,90.4944,121.7656,-76.6376,-53.0155,609.8195,96.2068,58.0550,10.4387,6,0,0,0,0
Session_7,2026-01-26 17:03:19.761,1.330,-85.3288,5.7262,-2.2791,-12.9646,90.9620,121.7326,-75.2449,-63.0934,601.0871,107.6029,56.8608,20.5246,6,0,0,0,0
Session_7,2026-01-26 17:03:19.835,1.403,-85.3280,5.3235,-2.3561,-14.7986,91.7784,121.7388,-73.7585,-69.1178,597.7820,111.4985,56.0003,24.5730,6,0,0,0,0
Session_7,2026-01-26 17:03:19.917,1.486,-85.3280,4.1846,-2.4277,-10.8401,91.3925,121.7381,-73.9825,-72.1218,602.3858,106.8008,56.9063,20.2775,6,0,0,0,0
Session_7,2026-01-26 17:03:19.999,1.568,-85.3277,2.5521,-2.4281,-10.6664,91.5985,121.7388,-72.7425,-84.2225,600.5964,109.3256,56.4511,22.5906,6,0,0,0,0
Session_7,2026-01-26 17:03:20.226,1.795,-85.3211,-4.3069,-2.4309,-11.5041,92.2996,121.7368,-67.6018,-136.5047,586.7474,121.5070,53.2377,33.2540,6,0,0,0,0
Session_7,2026-01-26 17:03:20.299,1.867,-85.3130,-6.6345,-2.4320,-12.4207,92.8887,121.7368,-65.3923,-154.4921,579.4907,125.9115,51.4124,37.3036,6,0,0,0,0
Session_7,2026-01-26 17:03:20.397,1.966,-85.3088,-10.3994,-2.4331,-12.8643,93.4785,121.7354,-62.4340,-181.6732,568.0299,131.0879,48.8105,41.8233,6,0,0,0,0
Session_7,2026-01-26 17:03:20.475,2.044,-85.2946,-13.5373,-2.4334,-13.9231,94.4433,121.7381,-59.3621,-204.2319,555.8012,135.4656,45.8071,45.9097,6,0,0,0,0
Session_7,2026-01-26 17:03:20.558,2.127,-85.2549,-16.3067,-2.4350,-14.9393,95.0214,121.7326,-56.9173,-223.5734,543.7645,139.0756,43.0168,48.9714,6,0,0,0,0
Session_7,2026-01-26 17:03:20.641,2.210,-85.1172,-19.1769,-2.4358,-14.8515,95.5007,121.7340,-54.2213,-242.1737,532.5754,141.4471,40.8462,51.0859,6,0,0,0,0
Session_7,2026-01-26 17:03:20.723,2.292,-84.7312,-22.1961,-2.4377,-14.6983,97.6183,121.7347,-48.3296,-260.9293,520.0934,142.7155,37.8536,53.9477,6,0,0,0,0
Session_7,2026-01-26 17:03:20.812,2.381,-83.8956,-25.4582,-2.4394,-14.8109,97.9939,121.7299,-41.9654,-281.2409,504.7880,145.2087,35.1261,56.5531,6,0,0,0,0
Session_7,2026-01-26 17:03:20.886,2.455,-82.8040,-28.0324,-2.4405,-15.2937,97.9177,121.7381,-34.7905,-297.0499,491.0596,147.5699,32.7755,58.9035,6,0,0,0,0
Session_7,2026-01-26 17:03:20.960,2.529,-81.6187,-30.6058,-2.4409,-15.2071,97.8326,121.7347,-26.6517,-311.8929,477.8651,149.4249,30.8507,61.0112,6,0,0,0,0
Session_7,2026-01-26 17:03:21.042,2.610,-80.2524,-33.2762,-2.4426,-16.4822,98.0413,121.7326,-16.5197,-326.6046,460.6394,151.9796,27.5897,63.7605,6,0,0,0,0
Session_7,2026-01-26 17:03:21.101,2.670,-79.4332,-35.1973,-2.4478,-17.4545,97.4597,121.7299,-10.7327,-336.6007,447.6043,154.2944,25.5080,65.2720,6,0,0,0,0
Session_7,2026-01-26 17:03:21.164,2.733,-78.7460,-37.7991,-2.4521,-17.6131,97.1947,121.7182,-4.5684,-349.0261,431.9918,156.2383,23.3734,66.6269,6,0,0,0,0
Session_7,2026-01-26 17:03:21.232,2.800,-78.3546,-40.3877,-2.4572,-16.5722,96.5939,121.6516,-0.4863,-360.8698,418.4192,157.6773,22.4098,67.3219,6,0,0,0,0
Session_7,2026-01-26 17:03:21.304,2.873,-78.0996,-43.2672,-2.4560,-15.7125,95.5625,121.4017,2.4871,-373.3900,402.0630,159.7901,21.3311,68.0711,6,0,0,0,0
Session_7,2026-01-26 17:03:21.370,2.939,-78.0936,-45.6393,-2.4594,-16.2378,95.4369,121.1881,4.3044,-382.5565,385.5789,161.6667,19.0423,68.8569,6,0,0,0,0
Session_7,2026-01-26 17:03:21.437,3.006,-78.0940,-48.2674,-2.4614,-16.4198,95.6147,120.9705,6.4981,-391.9326,367.7724,163.1852,16.6535,69.5927,6,0,0,0,0
Session_7,2026-01-26 17:03:21.502,3.071,-78.0940,-50.4247,-2.4619,-17.2815,95.5852,120.2275,7.8878,-398.6964,351.3508,165.0549,14.3025,70.7700,6,0,0,0,0
Session_7,2026-01-26 17:03:21.577,3.146,-78.0936,-52.9052,-2.4647,-18.1467,95.1711,118.2733,8.8762,-405.7956,332.4014,167.5688,12.0607,73.0643,6,0,0,0,0
Session_7,2026-01-26 17:03:21.659,3.228,-78.0897,-55.5755,-2.4640,-17.0013,95.4630,116.8602,10.9379,-413.7320,315.9708,168.3276,10.8785,74.6526,6,0,0,0,0
Session_7,2026-01-26 17:03:21.741,3.310,-78.0889,-58.1573,-2.4656,-17.2932,95.0846,116.0040,11.7664,-419.8465,296.8542,170.1181,8.6359,75.6977,6,0,0,0,0
Session_7,2026-01-26 17:03:21.823,3.392,-78.0845,-60.7022,-2.4650,-16.5475,94.9466,115.9792,12.8956,-425.8503,279.8143,171.0443,7.0852,75.8262,6,0,0,0,0
Session_7,2026-01-26 17:03:21.905,3.474,-78.0737,-62.9999,-2.4650,-16.0716,94.4172,115.9167,13.3241,-430.5931,263.7709,172.3280,5.6863,75.9550,6,0,0,0,0
Session_7,2026-01-26 17:03:21.970,3.539,-77.9823,-64.6548,-2.4649,-15.3857,94.2716,115.8007,14.5346,-433.8788,252.7737,172.8938,4.8927,76.1929,6,0,0,0,0
Session_7,2026-01-26 17:03:22.045,3.614,-77.6261,-66.0099,-2.4646,-14.6098,94.2888,115.7554,17.8370,-436.4406,244.1099,173.1348,4.3695,76.6156,6,0,0,0,0
Session_7,2026-01-26 17:03:22.118,3.687,-76.8564,-67.0212,-2.4646,-14.2603,94.2908,115.7417,24.0829,-437.7978,237.1641,173.4221,3.7742,77.4195,6,0,0,0,0
Session_7,2026-01-26 17:03:22.194,3.763,-75.6525,-67.9027,-2.4645,-14.2966,94.2737,115.7355,33.5079,-438.1868,230.4433,173.8367,2.9553,78.6521,6,0,0,0,0
Session_7,2026-01-26 17:03:22.268,3.837,-74.3089,-68.7407,-2.4652,-13.9918,94.4241,115.7162,44.2812,-438.4164,224.6820,173.9340,2.4113,80.0326,6,0,0,0,0
Session_7,2026-01-26 17:03:22.333,3.901,-73.3157,-69.4986,-2.4652,-13.0827,94.5078,115.5817,52.4643,-439.2000,220.6272,173.7991,2.5260,81.1608,6,0,0,0,0
Session_7,2026-01-26 17:03:22.407,3.976,-72.6333,-70.2762,-2.4643,-12.7194,92.9581,115.1820,56.2332,-440.1645,215.2621,175.3922,2.8513,82.1872,6,0,0,0,0
Session_7,2026-01-26 17:03:22.491,4.060,-72.1997,-70.5073,-2.4640,-19.0867,94.3389,110.3089,58.9267,-432.2790,202.2398,176.6435,-3.4352,87.5141,6,0,0,0,0
Session_7,2026-01-26 17:03:22.566,4.135,-72.2406,-70.5099,-2.4677,-23.3041,94.6822,91.0286,57.2987,-426.8386,195.1943,175.4314,-6.3647,106.7279,6,0,0,0,0
Session_7,2026-01-26 17:03:22.641,4.210,-72.2405,-70.5092,-2.4668,-20.7628,95.0146,86.8517,58.7347,-430.0053,199.4315,174.7882,-3.4582,110.9014,6,0,0,0,0
Session_7,2026-01-26 17:03:22.714,4.283,-72.2403,-70.5089,-2.4657,-18.8676,96.2045,87.1937,60.8532,-431.9046,202.8051,173.7132,-1.5369,110.5506,6,0,0,0,0
Session_7,2026-01-26 17:03:22.781,4.350,-72.2405,-70.5091,-2.4660,-18.0512,97.0072,87.2575,62.0847,-432.5833,204.3283,172.9520,-0.6907,110.4817,6,0,0,0,0
Session_7,2026-01-26 17:03:22.855,4.424,-72.2412,-70.5091,-2.4660,-14.6118,95.6490,87.2617,61.7629,-436.9636,210.2583,174.4722,2.6798,110.4868,6,0,0,0,0
Session_7,2026-01-26 17:03:22.929,4.498,-72.2400,-70.5082,-2.4639,-10.8428,93.1009,87.3166,60.0766,-441.7719,217.0051,177.1929,6.3233,110.4559,6,0,0,0,0
Session_7,2026-01-26 17:03:22.995,4.564,-72.2456,-70.5073,-2.4527,-7.5579,90.9325,87.3303,58.4964,-445.5963,223.2499,179.5143,9.5151,110.4610,6,0,0,0,0
Session_7,2026-01-26 17:03:23.069,4.638,-72.2483,-70.5075,-2.4533,-3.0247,88.4228,87.3420,56.7197,-450.0994,232.2039,-177.7618,13.9261,110.4892,6,0,0,0,0
Session_7,2026-01-26 17:03:23.134,4.703,-72.2508,-70.5072,-2.4530,1.6239,84.2487,87.4937,52.8032,-454.4981,241.9604,-173.4134,18.3944,110.3772,6,0,0,0,0
Session_7,2026-01-26 17:03:23.209,4.778,-72.2915,-70.5059,-2.4516,4.7269,81.5062,87.6125,49.7825,-456.9386,248.7860,-170.5731,21.3974,110.2447,6,0,0,0,0
Session_7,2026-01-26 17:03:23.299,4.868,-72.4402,-70.5041,-2.4507,4.9837,80.8628,87.6057,47.8818,-457.3649,249.4506,-169.9171,21.6291,110.1029,6,0,0,0,0
Session_7,2026-01-26 17:03:23.372,4.941,-72.5979,-70.5042,-2.4510,4.8278,80.1968,87.6036,45.8267,-457.6191,249.2470,-169.2602,21.4452,109.9392,6,0,0,0,0
Session_7,2026-01-26 17:03:23.456,5.025,-72.8321,-70.5045,-2.4516,4.5909,78.8097,87.6050,42.3104,-458.0801,249.0340,-167.8907,21.1511,109.6872,6,0,0,0,0
Session_7,2026-01-26 17:03:23.529,5.098,-73.0650,-70.5052,-2.4526,3.4628,77.9762,87.6833,39.3229,-457.9554,246.8767,-167.1412,20.0058,109.3464,6,0,0,0,0
Session_7,2026-01-26 17:03:23.595,5.164,-73.2999,-70.5060,-2.4538,1.7077,78.0373,89.5791,37.2515,-457.2151,243.2363,-167.8979,18.6602,107.1347,6,0,0,0,0
Session_7,2026-01-26 17:03:23.678,5.247,-73.4824,-70.5087,-2.4833,-1.2991,79.4531,97.1143,36.9165,-455.1866,236.6348,-171.5073,16.8871,99.2073,6,0,0,0,0
Session_7,2026-01-26 17:03:23.758,5.327,-73.4820,-70.5192,-2.4983,-4.2455,80.5380,109.9244,37.5743,-452.8380,230.3631,-175.5062,15.1841,86.1344,6,0,0,0,0
Session_7,2026-01-26 17:03:23.833,5.402,-73.4820,-70.5595,-2.5466,-6.2162,82.7655,112.8131,39.7151,-450.6523,225.5614,-177.5196,12.6369,83.3027,6,0,0,0,0
Session_7,2026-01-26 17:03:23.907,5.476,-73.4813,-70.8448,-2.6898,-6.3631,84.1436,111.1913,41.3667,-450.3615,222.2163,-178.2305,11.5285,84.9881,6,0,0,0,0
Session_7,2026-01-26 17:03:23.990,5.559,-73.4816,-71.9678,-2.7886,-6.1846,83.9610,111.6973,41.4863,-451.5504,213.4229,-177.7652,10.6439,84.5504,6,0,0,0,0
Session_7,2026-01-26 17:03:24.080,5.649,-73.4817,-73.8424,-2.7895,-6.1379,84.1875,111.7042,42.1427,-452.8038,198.9064,-177.2850,8.8639,84.6570,6,0,0,0,0
Session_7,2026-01-26 17:03:24.160,5.729,-73.4815,-75.5940,-2.7886,-6.9578,84.9573,111.7028,43.0276,-452.5121,183.6443,-177.0388,6.1928,84.7707,6,0,0,0,0
Session_7,2026-01-26 17:03:24.236,5.805,-73.4814,-76.3246,-2.7837,-9.7250,85.2917,111.6932,42.5855,-449.5971,172.9219,-176.0543,2.8233,84.8747,6,0,0,0,0
Session_7,2026-01-26 17:03:24.311,5.880,-73.4814,-76.3570,-2.7825,-14.7697,88.1069,111.7007,44.0566,-442.5703,163.7408,-176.7953,-2.9324,84.8004,6,0,0,0,0
Session_7,2026-01-26 17:03:24.384,5.953,-73.4801,-76.3574,-2.7827,-13.3594,91.6562,111.7234,48.7189,-443.1145,166.1142,179.3871,-2.9349,84.7761,6,0,0,0,0
Session_7,2026-01-26 17:03:24.459,6.027,-73.4800,-76.3578,-2.7823,-12.0376,89.4836,111.7262,46.6695,-445.4709,168.3641,-179.0844,-0.9029,84.7919,6,0,0,0,0
Session_7,2026-01-26 17:03:24.540,6.109,-73.4804,-76.4099,-2.7836,-12.8609,89.4225,111.7282,46.3005,-444.4971,166.5366,-178.7029,-1.6946,84.7826,6,0,0,0,0
Session_7,2026-01-26 17:03:24.614,6.183,-73.4793,-76.6131,-2.7837,-12.5086,89.3806,111.7248,46.3890,-444.9435,165.5835,-178.7192,-1.5408,84.7890,6,0,0,0,0
Session_7,2026-01-26 17:03:24.681,6.250,-73.4795,-77.1172,-2.7834,-11.9978,89.2735,111.7241,46.4442,-445.5939,162.5936,-178.6224,-1.4947,84.7904,6,0,0,0,0
Session_7,2026-01-26 17:03:24.747,6.315,-73.4796,-77.9649,-2.7831,-11.3214,89.2907,111.7227,46.6863,-446.3389,157.2361,-178.5750,-1.6600,84.7898,6,0,0,0,0
Session_7,2026-01-26 17:03:24.822,6.391,-73.4801,-79.2649,-2.7814,-11.0241,89.3113,111.7255,46.7338,-446.4250,147.7394,-178.2231,-2.5973,84.7726,6,0,0,0,0
Session_7,2026-01-26 17:03:24.896,6.465,-73.4801,-80.5529,-2.7710,-10.1891,89.3037,111.7289,46.9010,-447.0200,139.2699,-178.0516,-3.0055,84.7613,6,0,0,0,0
Session_7,2026-01-26 17:03:24.978,6.547,-73.4800,-82.3020,-2.7357,-7.1665,89.1225,111.7268,47.5570,-450.0026,131.0318,-178.3687,-1.7228,84.7855,6,0,0,0,0
Session_7,2026-01-26 17:03:25.052,6.621,-73.4803,-83.0389,-2.6653,-7.6719,89.1692,111.7248,47.3078,-448.9705,124.7706,-177.9777,-2.8287,84.7695,6,0,0,0,0
Session_7,2026-01-26 17:03:25.119,6.688,-73.4804,-83.0276,-2.5230,-8.8200,89.6677,111.7268,47.5000,-447.4953,123.5618,-178.0709,-3.9366,84.7392,6,0,0,0,0
Session_7,2026-01-26 17:03:25.191,6.760,-73.4798,-82.8382,-2.0716,-8.2308,88.6487,111.7227,46.7199,-449.1942,128.0491,-177.5820,-2.4175,84.7836,6,0,0,0,0
Session_7,2026-01-26 17:03:25.261,6.830,-73.4803,-82.5981,-1.3470,-9.6693,88.2182,111.7220,45.9356,-448.3998,130.7299,-177.0067,-2.6985,84.7834,6,0,0,0,0
Session_7,2026-01-26 17:03:25.332,6.901,-73.4848,-82.2558,-0.6938,-12.8444,89.6429,111.7296,46.5848,-444.6354,130.9669,-177.5174,-5.2489,84.6898,6,0,0,0,0
Session_7,2026-01-26 17:03:25.395,6.963,-73.4858,-81.9268,-0.4811,-12.8643,90.4546,111.7234,47.6282,-444.7175,134.3979,-178.4657,-5.0649,84.7020,6,0,0,0,0
Session_7,2026-01-26 17:03:25.472,7.041,-73.4972,-80.7509,-0.4687,-13.3017,90.2094,111.7248,47.2443,-444.7766,142.7560,-178.5178,-4.2770,84.7144,6,0,0,0,0
Session_7,2026-01-26 17:03:25.562,7.131,-73.6343,-78.3901,-0.4741,-14.4951,90.1861,111.7268,45.8708,-443.9368,158.8385,-178.9280,-3.1893,84.6035,6,0,0,0,0
Session_7,2026-01-26 17:03:25.645,7.213,-74.3285,-75.4187,-0.4926,-15.7880,90.7107,111.7193,40.5940,-442.4778,179.2696,179.9689,-1.8417,83.9422,6,0,0,0,0
Session_7,2026-01-26 17:03:25.720,7.288,-75.4881,-73.5665,-0.6209,-15.1028,91.3513,111.7213,32.4040,-443.0943,194.0432,178.4819,0.1594,82.7968,6,0,0,0,0
Session_7,2026-01-26 17:03:25.794,7.363,-77.1557,-72.6690,-1.2677,-11.1923,94.3224,111.7145,23.8080,-446.5739,205.2977,174.1850,2.9293,81.1649,6,0,0,0,0
Session_7,2026-01-26 17:03:25.860,7.429,-78.7700,-72.5563,-2.3879,-7.4089,93.1380,111.7110,10.4857,-450.7402,208.0788,174.2511,5.9441,79.4300,6,0,0,0,0
Session_7,2026-01-26 17:03:25.934,7.503,-80.5586,-72.5249,-4.2360,-6.4352,92.8599,111.7227,-3.8567,-451.2828,201.6382,174.8219,5.2626,77.6506,6,0,0,0,0
Session_7,2026-01-26 17:03:26.025,7.594,-82.2982,-71.8759,-6.9240,-6.1249,93.1126,111.7289,-17.4146,-449.7094,194.8805,175.2302,3.5635,75.9624,6,0,0,0,0
Session_7,2026-01-26 17:03:26.107,7.675,-82.6419,-69.8063,-9.3977,-4.8498,92.9189,111.7255,-20.4882,-448.5149,201.8389,175.0863,4.4442,75.5935,6,0,0,0,0
Session_7,2026-01-26 17:03:26.189,7.758,-82.4573,-67.4959,-12.4191,-5.5605,93.1277,111.7248,-19.3047,-444.6772,204.3446,175.4206,3.0468,75.8196,6,0,0,0,0
Session_7,2026-01-26 17:03:26.271,7.840,-82.1922,-65.7211,-16.3444,-4.8628,93.9915,111.7248,-16.6150,-441.6738,201.1800,175.1567,1.3782,76.1318,6,0,0,0,0
Session_7,2026-01-26 17:03:26.344,7.913,-81.8806,-64.3521,-21.1985,-1.2119,94.0018,111.7275,-14.2950,-441.0905,195.9029,175.0859,1.5281,76.4394,6,0,0,0,0
Session_7,2026-01-26 17:03:26.415,7.984,-81.4975,-63.2449,-25.8938,1.9219,93.9276,111.7262,-11.6786,-439.5528,188.3377,175.3226,1.1335,76.8255,6,0,0,0,0
Session_7,2026-01-26 17:03:26.496,8.065,-81.1537,-61.2651,-31.5478,4.0972,94.2263,111.7289,-9.4427,-434.6837,181.1818,175.5987,-0.3698,77.1790,6,0,0,0,0
Session_7,2026-01-26 17:03:26.570,8.139,-80.8117,-59.3132,-36.7650,6.8053,93.3577,111.7358,-8.6131,-430.4051,176.6203,176.6116,-0.5672,77.4906,6,0,0,0,0
Session_7,2026-01-26 17:03:26.629,8.198,-80.2991,-57.8383,-41.1026,9.5320,93.5239,111.7316,-5.1945,-426.7413,172.6172,176.5075,-0.7548,78.0105,6,0,0,0,0
Session_7,2026-01-26 17:03:26.703,8.272,-79.3615,-55.9301,-46.2525,12.3562,93.5637,111.7323,0.8034,-421.2580,168.2549,176.6248,-1.1575,78.9457,6,0,0,0,0
Session_7,2026-01-26 17:03:26.784,8.353,-78.1483,-53.8613,-51.5129,14.3234,92.8894,111.7358,7.3732,-413.9290,162.9895,177.7047,-2.0459,80.1305,6,0,0,0,0
Session_7,2026-01-26 17:03:26.844,8.413,-77.1380,-53.0808,-54.5262,16.9732,93.2478,111.7371,14.4735,-410.9219,159.8308,177.2172,-1.7911,81.1504,6,0,0,0,0
Session_7,2026-01-26 17:03:26.926,8.495,-75.6036,-52.7124,-57.5670,23.7689,92.9045,111.7145,25.4804,-412.0940,161.1091,176.0114,2.1683,82.6949,6,0,0,0,0
Session_7,2026-01-26 17:03:27.001,8.570,-74.4925,-52.7141,-58.6632,27.8957,91.2490,111.7241,32.0975,-414.0928,163.8050,176.4205,5.5919,83.6797,6,0,0,0,0
Session_7,2026-01-26 17:03:27.075,8.644,-73.5039,-52.7144,-58.8231,27.4741,90.1167,111.7275,37.7064,-413.1469,162.2757,177.6872,5.4703,84.6641,6,0,0,0,0
Session_7,2026-01-26 17:03:27.156,8.725,-72.7879,-52.7225,-58.8316,25.3922,91.1350,111.7289,43.3888,-410.1547,158.3221,177.5237,3.1450,85.4533,6,0,0,0,0
Session_7,2026-01-26 17:03:27.240,8.809,-72.6373,-52.7944,-58.9043,25.8481,91.3087,111.7330,44.7670,-410.2941,158.3364,177.2466,3.3697,85.5961,6,0,0,0,0
Session_7,2026-01-26 17:03:27.322,8.891,-72.6529,-52.8010,-59.2830,25.7719,91.2737,111.7268,44.3490,-409.4687,156.4695,177.4509,2.9543,85.5955,6,0,0,0,0
Session_7,2026-01-26 17:03:27.395,8.964,-72.6605,-52.8033,-60.4140,25.3166,90.9393,111.7255,43.0148,-406.7352,150.6412,178.3502,1.6025,85.6082,6,0,0,0,0
Session_7,2026-01-26 17:03:27.477,9.046,-72.6594,-52.8048,-62.8420,24.3423,91.4255,111.7234,41.5318,-399.9831,138.4453,179.1586,-1.7395,85.6137,6,0,0,0,0
Session_7,2026-01-26 17:03:27.567,9.136,-72.6591,-52.8065,-65.7845,26.9378,91.9006,111.7310,40.8377,-395.8192,130.5370,178.8465,-2.2393,85.6051,6,0,0,0,0
Session_7,2026-01-26 17:03:27.633,9.202,-72.6588,-52.8080,-67.6572,30.6470,92.0544,111.7262,40.9251,-395.4671,129.1916,178.0241,-0.5914,85.6285,6,0,0,0,0
Session_7,2026-01-26 17:03:27.699,9.268,-72.6457,-52.8081,-68.9448,34.4318,91.5786,111.7337,40.7806,-396.6407,130.5697,177.5417,1.9041,85.6166,6,0,0,0,0
Session_7,2026-01-26 17:03:27.766,9.335,-72.6467,-52.8076,-69.2126,36.4856,91.4193,111.7262,41.0579,-398.1983,133.2098,177.0271,3.6226,85.5884,6,0,0,0,0
Session_7,2026-01-26 17:03:27.828,9.397,-72.6468,-52.8071,-69.1770,38.4336,89.3113,111.7296,39.2483,-400.9811,136.9908,178.2423,6.2442,85.4890,6,0,0,0,0
Session_7,2026-01-26 17:03:27.911,9.480,-72.6472,-52.8071,-69.1759,40.0198,86.7886,111.7282,36.7872,-403.3673,140.1148,179.9868,8.6507,85.3980,6,0,0,0,0
Session_7,2026-01-26 17:03:27.979,9.548,-72.6473,-52.8072,-69.1762,39.9010,85.6316,111.7282,35.4119,-403.6639,139.9777,-178.8927,8.9685,85.4089,6,0,0,0,0
Session_7,2026-01-26 17:03:28.046,9.615,-72.6472,-52.8071,-69.1762,40.0156,85.8705,111.7289,35.7220,-403.6849,140.1766,-179.1585,8.9865,85.4000,6,0,0,0,0
Session_7,2026-01-26 17:03:28.125,9.694,-72.6473,-52.8073,-69.1765,39.9957,86.0072,111.7310,35.8735,-403.6185,140.1240,-179.2781,8.9170,85.3983,6,0,0,0,0
Session_7,2026-01-26 17:03:28.189,9.758,-72.6472,-52.8076,-69.1765,39.8660,86.0999,111.7296,35.9448,-403.4674,139.8659,-179.3148,8.7620,85.4069,6,0,0,0,0
Session_7,2026-01-26 17:03:28.265,9.833,-72.6472,-52.8081,-69.1771,39.6037,85.8588,111.7289,35.5902,-403.3096,139.3794,-178.9911,8.6069,85.4240,6,0,0,0,0
Session_7,2026-01-26 17:03:28.338,9.907,-72.6473,-52.8101,-69.1775,39.1161,85.7167,111.7296,35.2825,-402.9044,138.4480,-178.6741,8.2049,85.4513,6,0,0,0,0
Session_7,2026-01-26 17:03:28.411,9.980,-72.6470,-52.8664,-69.1783,38.0237,86.1665,111.3224,35.4706,-401.6746,135.9549,-178.6107,6.9621,85.9149,6,0,0,0,0
Session_7,2026-01-26 17:03:28.487,10.056,-72.6464,-53.3176,-69.1779,38.2256,87.1429,111.7749,36.5956,-401.2963,133.1647,-179.4799,6.3797,85.4647,6,0,0,0,0
Session_7,2026-01-26 17:03:28.561,10.130,-72.6463,-54.0618,-69.1780,38.6300,86.5338,117.1005,35.8829,-401.4878,128.8448,-179.3779,6.3756,80.1246,6,0,0,0,0
Session_7,2026-01-26 17:03:28.650,10.219,-72.6407,-54.9729,-69.1774,39.8282,87.1820,116.6638,36.8613,-401.8570,124.7775,179.9609,6.3365,80.5535,6,0,0,0,0
Session_7,2026-01-26 17:03:28.741,10.310,-72.5597,-55.6295,-69.1679,41.7693,87.1896,111.6582,37.8927,-403.2490,123.9464,-179.9749,7.5144,85.6125,6,0,0,0,0
Session_7,2026-01-26 17:03:28.824,10.393,-72.4258,-55.6719,-69.1682,41.8394,87.5047,105.0327,39.2109,-403.0823,123.7674,-179.4148,7.4057,92.4267,6,0,0,0,0
Session_7,2026-01-26 17:03:28.898,10.466,-72.2153,-55.6718,-69.1674,42.7258,86.9829,104.7155,40.3529,-403.9481,125.4902,-179.0981,8.3926,92.9274,6,0,0,0,0
Session_7,2026-01-26 17:03:28.971,10.540,-71.7806,-55.6796,-69.1684,42.6716,86.1871,104.8830,42.4797,-403.8673,125.3854,-178.3365,8.5387,93.1997,6,0,0,0,0
Session_7,2026-01-26 17:03:29.037,10.605,-71.0239,-55.6998,-69.1683,42.9613,85.3960,105.3218,46.9869,-403.8214,125.8700,-177.7112,9.0200,93.5090,6,0,0,0,0
Session_7,2026-01-26 17:03:29.111,10.680,-69.7653,-55.6996,-69.1682,42.9909,84.6085,105.8203,54.9587,-403.0366,126.0105,-177.0393,9.2827,94.2717,6,0,0,0,0
Session_7,2026-01-26 17:03:29.194,10.763,-68.5648,-55.6996,-69.1686,42.5761,83.2187,106.8228,61.6761,-402.0181,125.3930,-175.7464,9.3374,94.5025,6,0,0,0,0
Session_7,2026-01-26 17:03:29.268,10.837,-68.0342,-55.6996,-69.1685,42.8735,81.8076,106.8400,63.9171,-402.2984,126.1826,-174.4806,10.0305,95.0363,6,0,0,0,0
Session_7,2026-01-26 17:03:29.333,10.902,-67.9839,-55.6995,-69.1684,43.7654,79.2258,107.6028,61.6875,-404.0943,128.4064,-172.4135,11.7288,94.3528,6,0,0,0,0
Session_7,2026-01-26 17:03:29.414,10.983,-67.9999,-55.6997,-69.1692,43.2374,78.1863,109.3675,60.2333,-404.0921,127.6310,-171.6102,11.7987,92.6337,6,0,0,0,0
Session_7,2026-01-26 17:03:29.482,11.051,-67.9933,-55.6999,-69.1694,41.6018,80.7193,111.1439,62.5257,-401.5802,123.9571,-173.7644,9.6200,90.8410,6,0,0,0,0
Session_7,2026-01-26 17:03:29.548,11.116,-67.9879,-55.7013,-69.1703,40.4839,80.4206,112.5556,61.8089,-400.6628,121.8997,-173.2911,8.8497,89.5056,6,0,0,0,0
Session_7,2026-01-26 17:03:29.621,11.190,-67.9894,-55.7028,-69.1703,40.4860,79.6008,112.9065,60.8850,-401.0166,122.0649,-172.5842,9.2078,89.1910,6,0,0,0,0
Session_7,2026-01-26 17:03:29.697,11.266,-67.9893,-55.7423,-69.1704,40.0733,80.4213,113.4352,61.6308,-400.2444,120.8503,-173.2472,8.5366,88.6474,6,0,0,0,0
Session_7,2026-01-26 17:03:29.771,11.340,-67.9895,-55.8881,-69.1703,39.3139,81.4053,114.5297,62.3856,-398.9712,118.2522,-173.9346,7.4338,87.5552,6,0,0,0,0
Session_7,2026-01-26 17:03:29.840,11.409,-68.0007,-56.0477,-69.1704,38.9136,81.9326,115.1106,62.6857,-398.2293,116.3273,-174.2519,6.7648,86.9680,6,0,0,0,0
Session_7,2026-01-26 17:03:29.927,11.496,-68.0046,-56.3053,-69.1695,39.9607,82.1551,115.4629,63.2466,-398.9760,116.4570,-174.8374,7.4187,86.5597,6,0,0,0,0
Session_7,2026-01-26 17:03:30.002,11.571,-68.0165,-56.3868,-69.1689,40.5931,82.0823,115.4354,63.3058,-399.5748,117.0852,-175.0066,7.9454,86.5462,6,0,0,0,0
Session_7,2026-01-26 17:03:30.083,11.652,-68.0683,-56.4284,-69.1691,40.2587,83.0436,115.4093,63.8776,-398.8531,116.0267,-175.7128,7.1923,86.5085,6,0,0,0,0
Session_7,2026-01-26 17:03:30.149,11.718,-68.2449,-56.5287,-69.1680,40.8245,83.0525,115.4189,62.8470,-399.5187,116.3914,-175.9243,7.6104,86.2959,6,0,0,0,0
Session_7,2026-01-26 17:03:30.211,11.780,-68.6692,-56.6665,-69.1676,40.8733,83.0676,115.4691,59.8796,-399.9048,115.5335,-175.9062,7.5275,85.8257,6,0,0,0,0
Session_7,2026-01-26 17:03:30.290,11.859,-69.8673,-57.0788,-69.1654,41.2248,82.6666,115.6071,51.0524,-401.2385,113.4194,-175.5355,7.6574,84.5051,6,0,0,0,0
Session_7,2026-01-26 17:03:30.372,11.941,-71.2534,-57.7381,-69.1516,41.8607,83.7213,115.1134,42.5674,-402.0428,109.9705,-176.4244,7.1634,83.5843,6,0,0,0,0
Session_7,2026-01-26 17:03:30.461,12.030,-71.7736,-57.9231,-69.1434,43.3356,84.0694,114.6204,39.7415,-403.5794,111.4458,-177.2278,8.1670,83.4789,6,0,0,0,0
Session_7,2026-01-26 17:03:30.536,12.105,-71.7061,-57.9215,-68.9740,44.6347,84.4059,113.0081,41.1466,-405.0516,114.5791,-177.8935,9.3059,85.0785,6,0,0,0,0
Session_7,2026-01-26 17:03:30.601,12.170,-71.5531,-57.9214,-68.6938,44.1829,84.2747,112.6998,42.1733,-405.2761,114.8952,-177.6541,9.1871,85.5566,6,0,0,0,0
Session_7,2026-01-26 17:03:30.665,12.234,-71.2954,-57.9214,-68.5461,43.9549,84.3475,112.7225,44.1333,-405.2143,115.0649,-177.6935,9.0860,85.7952,6,0,0,0,0
Session_7,2026-01-26 17:03:30.733,12.302,-70.7623,-57.9218,-68.5446,43.6006,83.9053,112.9415,47.2833,-404.6335,114.4488,-177.1796,8.9420,86.1365,6,0,0,0,0
Session_7,2026-01-26 17:03:30.798,12.367,-70.1901,-57.9223,-68.5456,42.8632,84.2445,112.9896,51.4600,-403.3169,113.0030,-177.2069,8.1325,86.6971,6,0,0,0,0
Session_7,2026-01-26 17:03:30.867,12.436,-69.8906,-57.9227,-68.5459,42.5446,84.0859,113.0280,53.2761,-402.8037,112.4188,-176.9392,7.9028,86.9787,6,0,0,0,0
Session_7,2026-01-26 17:03:30.943,12.512,-69.8609,-57.9414,-68.5462,42.2019,83.7907,113.2031,53.0228,-402.5500,111.6820,-176.5469,7.6960,86.8581,6,0,0,0,0
Session_7,2026-01-26 17:03:31.015,12.584,-69.8605,-58.1005,-68.5461,42.0639,84.0646,113.5643,53.2363,-402.1646,110.2897,-176.7275,7.3362,86.5040,6,0,0,0,0
Session_7,2026-01-26 17:03:31.081,12.650,-69.8605,-58.5945,-68.5454,42.5047,84.1209,113.5190,53.2912,-402.1174,107.6959,-176.7523,7.2631,86.5510,6,0,0,0,0
Session_7,2026-01-26 17:03:31.154,12.723,-69.8608,-59.5365,-68.5450,42.8796,83.9548,113.3700,52.8937,-401.6216,101.9129,-176.3533,6.8004,86.7324,6,0,0,0,0
Session_7,2026-01-26 17:03:31.220,12.789,-69.8609,-60.1503,-68.5345,44.5578,83.8332,112.9992,53.1288,-402.6901,100.8639,-176.6215,7.8131,87.0540,6,0,0,0,0
Session_7,2026-01-26 17:03:31.294,12.862,-69.8609,-60.1815,-68.4818,44.5633,83.8717,112.7863,53.2124,-402.7837,100.8671,-176.6385,7.8104,87.2662,6,0,0,0,0
Session_7,2026-01-26 17:03:31.376,12.945,-69.8609,-60.1815,-68.4541,44.3834,83.9555,112.6538,53.2707,-402.6495,100.6319,-176.6386,7.6301,87.4058,6,0,0,0,0
Session_7,2026-01-26 17:03:31.450,13.019,-69.8609,-60.1814,-68.4541,44.0998,83.9836,112.5522,53.2024,-402.3645,100.0977,-176.5411,7.3517,87.5218,6,0,0,0,0
Session_7,2026-01-26 17:03:31.516,13.085,-69.8609,-60.1815,-68.4541,43.7112,84.1148,112.2171,53.2127,-401.9319,99.3551,-176.4713,6.9221,87.8744,6,0,0,0,0
Session_7,2026-01-26 17:03:31.581,13.150,-69.8609,-60.1816,-68.4543,43.6363,84.2109,110.1187,53.2943,-401.8189,99.2030,-176.2840,6.6849,89.9844,6,0,0,0,0
Session_7,2026-01-26 17:03:31.644,13.212,-69.8610,-60.1815,-68.4545,43.7654,84.3777,109.7651,53.5301,-401.8777,99.4229,-176.4441,6.7268,90.3309,6,0,0,0,0
Session_7,2026-01-26 17:03:31.721,13.290,-69.8610,-60.1815,-68.4547,43.7338,84.3908,109.9738,53.5330,-401.8409,99.3617,-176.4701,6.7054,90.1221,6,0,0,0,0
Session_7,2026-01-26 17:03:31.812,13.381,-69.8611,-60.1817,-68.4548,43.7592,84.3249,109.9759,53.4669,-401.8922,99.4157,-176.4169,6.7517,90.1204,6,0,0,0,0
Session_7,2026-01-26 17:03:31.879,13.448,-69.8610,-60.1818,-68.4548,43.7517,84.2981,109.9786,53.4337,-401.8953,99.4037,-176.3893,6.7537,90.1185,6,0,0,0,0
Session_7,2026-01-26 17:03:31.959,13.528,-69.8610,-60.1817,-68.4550,43.7558,84.2988,109.9800,53.4358,-401.8988,99.4112,-176.3915,6.7574,90.1170,6,0,0,0,0
Session_7,2026-01-26 17:03:32.033,13.602,-69.8610,-60.1816,-68.4549,43.7613,84.3098,109.9800,53.4504,-401.9000,99.4211,-176.4038,6.7589,90.1165,6,0,0,0,0
Session_7,2026-01-26 17:03:32.108,13.677,-69.8610,-60.1816,-68.4549,43.7558,84.3146,109.9828,53.4539,-401.8926,99.4101,-176.4068,6.7523,90.1139,6,0,0,0,0
Session_7,2026-01-26 17:03:32.190,13.759,-69.8611,-60.1817,-68.4550,43.7400,84.2480,109.9841,53.3723,-401.9040,99.3880,-176.3387,6.7601,90.1146,6,0,0,0,0
Session_7,2026-01-26 17:03:32.251,13.820,-69.8610,-60.1817,-68.4550,43.7688,84.2583,109.9834,53.3946,-401.9280,99.4407,-176.3582,6.7837,90.1139,6,0,0,0,0
Session_7,2026-01-26 17:03:32.312,13.881,-69.8611,-60.1817,-68.4550,43.7743,84.2816,109.9841,53.4228,-401.9240,99.4481,-176.3822,6.7809,90.1124,6,0,0,0,0
Session_7,2026-01-26 17:03:32.380,13.949,-69.8611,-60.1817,-68.4551,43.8004,84.2953,109.9841,53.4478,-401.9438,99.4948,-176.4041,6.8007,90.1111,6,0,0,0,0
Session_7,2026-01-26 17:03:32.456,14.025,-69.8615,-60.1818,-68.4557,43.6116,84.2953,109.9862,53.3759,-401.7570,99.1399,-176.3390,6.6227,90.1162,6,0,0,0,0
Session_7,2026-01-26 17:03:32.539,14.108,-69.8614,-60.1817,-68.4553,43.6452,84.2988,109.9889,53.3930,-401.7898,99.2042,-176.3543,6.6538,90.1121,6,1,0,0,0
Session_7,2026-01-26 17:03:32.621,14.190,-69.8615,-60.1816,-68.4553,43.8046,84.2816,109.9841,53.4305,-401.9531,99.5034,-176.3925,6.8090,90.1108,6,1,0,0,0
Session_7,2026-01-26 17:03:32.703,14.271,-69.8615,-60.1817,-68.4554,43.7558,84.2528,109.9889,53.3800,-401.9167,99.4148,-176.3490,6.7732,90.1086,6,1,0,0,0
Session_7,2026-01-26 17:03:32.769,14.337,-69.8615,-60.1820,-68.4555,43.6521,84.2349,109.9896,53.3221,-401.8215,99.2214,-176.2964,6.6815,90.1125,6,1,0,0,0
Session_7,2026-01-26 17:03:32.842,14.411,-69.8615,-60.1823,-68.4556,43.5333,84.2857,109.9896,53.3365,-401.6832,98.9920,-176.3032,6.5522,90.1161,6,1,0,0,0
Session_7,2026-01-26 17:03:32.924,14.493,-69.8622,-60.1834,-68.4563,43.1976,84.3468,109.9896,53.2781,-401.3224,98.3507,-176.2445,6.2142,90.1270,6,1,0,0,0
Session_7,2026-01-26 17:03:33.007,14.576,-69.8629,-60.1839,-68.4565,43.0746,84.3503,109.9889,53.2317,-401.1980,98.1190,-176.2052,6.0969,90.1315,6,1,0,0,0
Session_7,2026-01-26 17:03:33.082,14.651,-69.8629,-60.1922,-68.4568,43.0561,84.3331,109.9944,53.2011,-401.1762,98.0276,-176.1802,6.0775,90.1273,6,1,0,0,0
Session_7,2026-01-26 17:03:33.154,14.723,-69.8632,-60.2655,-68.4570,43.1866,84.3139,109.9958,53.1960,-401.2338,97.7657,-176.1819,6.1378,90.1240,6,1,0,0,0
Session_7,2026-01-26 17:03:33.213,14.782,-69.8692,-60.4913,-68.4569,43.6810,84.1649,109.9896,53.0729,-401.5422,97.1433,-176.1333,6.4406,90.1175,6,1,0,0,0
Session_7,2026-01-26 17:03:33.283,14.852,-69.8779,-60.9313,-68.4560,44.7995,84.0097,109.9807,53.0582,-402.2199,96.2114,-176.2202,7.1313,90.0937,6,1,0,0,0
Session_7,2026-01-26 17:03:33.353,14.922,-69.8929,-61.0387,-68.4554,45.1009,84.0880,109.9718,53.1049,-402.3743,96.0260,-176.3601,7.2870,90.0774,6,1,0,0,0
Session_7,2026-01-26 17:03:33.428,14.997,-69.8931,-61.0387,-68.4556,45.0934,84.0962,109.9834,53.1099,-402.3634,96.0098,-176.3667,7.2776,90.0656,6,1,0,0,0
Session_7,2026-01-26 17:03:33.510,15.079,-69.8935,-61.0389,-68.4556,45.0549,84.0626,109.9807,53.0549,-402.3400,95.9409,-176.3213,7.2526,90.0704,6,1,0,0,0
Session_7,2026-01-26 17:03:33.592,15.161,-69.8947,-61.0390,-68.4557,45.0350,84.1031,109.9793,53.0853,-402.3051,95.8975,-176.3523,7.2198,90.0706,6,1,0,0,0
Session_7,2026-01-26 17:03:33.652,15.221,-69.8961,-61.0390,-68.4557,45.0027,84.0701,109.9793,53.0264,-402.2884,95.8409,-176.3101,7.2007,90.0713,6,1,0,0,0
Session_7,2026-01-26 17:03:33.714,15.283,-69.8962,-61.0392,-68.4559,44.9876,84.0715,109.9821,53.0219,-402.2725,95.8105,-176.3064,7.1859,90.0691,6,1,0,0,0
Session_7,2026-01-26 17:03:33.778,15.347,-69.8966,-61.0396,-68.4559,44.9595,84.0825,109.9855,53.0217,-402.2405,95.7532,-176.3073,7.1554,90.0663,6,1,0,0,0
Session_7,2026-01-26 17:03:33.845,15.414,-69.9051,-61.0397,-68.4560,44.9464,84.1443,109.9848,53.0273,-402.2105,95.7207,-176.3609,7.1219,90.0576,6,1,0,0,0
Session_7,2026-01-26 17:03:33.920,15.489,-69.9072,-61.0396,-68.4560,44.9712,84.1134,109.9786,52.9861,-402.2489,95.7708,-176.3396,7.1553,90.0613,6,1,0,0,0
Session_7,2026-01-26 17:03:33.978,15.547,-69.9072,-61.0395,-68.4560,45.0391,84.0914,109.9786,52.9856,-402.3239,95.9018,-176.3424,7.2268,90.0589,6,1,0,0,0
Session_7,2026-01-26 17:03:34.044,15.613,-69.9071,-61.0378,-68.4558,45.1483,84.1024,109.9738,53.0380,-402.4272,96.1172,-176.3905,7.3271,90.0587,6,1,0,0,0
Session_7,2026-01-26 17:03:34.117,15.686,-69.9069,-61.0192,-68.4556,45.3365,84.1374,109.9738,53.1533,-402.6154,96.5949,-176.4950,7.5096,90.0490,6,1,0,0,0
Session_7,2026-01-26 17:03:34.191,15.760,-69.9069,-61.0005,-68.4555,45.6372,84.2967,109.9615,53.4473,-402.8593,97.2713,-176.7540,7.7548,90.0435,6,1,0,0,0
Session_7,2026-01-26 17:03:34.266,15.835,-69.9064,-60.9427,-68.4550,46.0698,85.2203,109.9594,54.6751,-402.9590,98.3884,-177.7939,7.9009,90.0077,6,1,0,0,0
Session_7,2026-01-26 17:03:34.511,16.080,-69.9054,-59.2472,-68.4556,44.6210,86.7453,109.9745,56.5597,-402.7191,107.2744,-179.3165,7.6117,89.9688,6,1,0,0,0
Session_7,2026-01-26 17:03:34.593,16.162,-69.9055,-58.5279,-68.4557,44.5303,86.1060,109.9745,56.0392,-403.5499,112.1457,-178.9337,8.4202,89.9416,6,1,0,0,0
Session_7,2026-01-26 17:03:34.678,16.247,-69.9055,-57.6185,-68.4559,44.4061,85.2587,109.9704,55.3043,-404.5251,118.3100,-178.4096,9.4462,89.9100,6,1,0,0,0
Session_7,2026-01-26 17:03:34.745,16.314,-69.9057,-56.8925,-68.4564,43.9185,85.0898,109.9738,55.1480,-404.6964,122.4435,-178.3345,9.7273,89.8941,6,1,0,0,0
Session_7,2026-01-26 17:03:34.825,16.394,-69.9060,-56.0382,-68.4564,43.9948,84.7218,109.9725,54.9538,-405.4649,128.5845,-178.3146,10.7261,89.8409,6,1,0,0,0
Session_7,2026-01-26 17:03:34.908,16.477,-69.9064,-54.8805,-68.4569,43.4509,84.0207,109.9711,54.2139,-405.9150,135.6856,-177.8704,11.5408,89.8081,6,1,0,0,0
Session_7,2026-01-26 17:03:34.981,16.550,-69.9071,-53.7304,-68.4573,43.3795,83.3519,109.9725,53.6010,-406.5999,143.6625,-177.6233,12.7803,89.7346,6,1,0,0,0
Session_7,2026-01-26 17:03:35.056,16.624,-69.9084,-52.1862,-68.4579,42.8879,82.9578,109.9725,53.1567,-406.7929,153.5355,-177.6284,13.9008,89.6521,6,1,0,0,0
Session_7,2026-01-26 17:03:35.129,16.698,-69.9106,-50.4539,-68.4590,42.0605,82.5066,109.9752,52.4679,-406.5358,164.0531,-177.5299,14.9016,89.5725,6,1,0,0,0
Session_7,2026-01-26 17:03:35.196,16.765,-69.9296,-48.6011,-68.4600,41.0902,81.8996,109.9786,51.3392,-405.9589,175.1242,-177.2788,15.9342,89.4743,6,1,0,0,0
Session_7,2026-01-26 17:03:35.277,16.846,-70.0948,-46.1223,-68.4653,39.6586,81.6916,109.9759,49.3249,-404.5079,189.4829,-177.4646,16.9801,89.2069,6,1,0,0,0
Session_7,2026-01-26 17:03:35.360,16.929,-70.7436,-43.5772,-68.4655,37.6447,81.6655,109.9711,43.7971,-402.4327,203.0046,-177.6351,17.4854,88.5053,6,1,0,0,0
Session_7,2026-01-26 17:03:35.442,17.011,-72.1166,-40.9446,-68.4675,35.4220,81.7149,109.9635,33.1081,-399.9708,216.5313,-177.8313,17.8497,87.0934,6,1,0,0,0
Session_7,2026-01-26 17:03:35.511,17.080,-73.4873,-39.1181,-68.4669,35.4858,81.9312,109.9725,23.2730,-398.8642,229.0595,-178.7508,19.5425,85.4825,6,1,0,0,0
Session_7,2026-01-26 17:03:35.590,17.159,-75.1976,-36.8960,-68.4664,34.6763,82.3439,109.9793,11.0254,-396.1809,242.3617,-179.6843,20.7197,83.5761,6,1,0,0,0
Session_7,2026-01-26 17:03:35.673,17.242,-76.7364,-34.7595,-68.4665,33.6518,82.3082,109.9731,-0.4973,-392.7894,254.5710,179.9183,21.7679,81.8869,6,1,0,0,0
Session_7,2026-01-26 17:03:35.747,17.316,-77.9007,-33.0282,-68.4665,33.3696,82.4888,109.9793,-8.8932,-389.7274,265.4617,179.1720,23.0545,80.4976,6,1,0,0,0
Session_7,2026-01-26 17:03:35.828,17.397,-78.7554,-31.9661,-68.4669,32.9549,82.3933,109.9780,-15.2290,-387.5068,271.6185,179.0020,23.6884,79.5407,6,1,0,0,0
Session_7,2026-01-26 17:03:35.901,17.470,-79.0229,-31.7164,-68.4671,32.8910,83.0079,109.9834,-16.3997,-386.8408,273.0396,178.3492,23.6509,79.2423,6,1,0,0,0
Session_7,2026-01-26 17:03:35.977,17.545,-79.0309,-31.7221,-68.4694,32.2531,83.8394,109.9793,-15.5135,-386.4221,271.5513,177.8331,22.7667,79.3514,6,1,0,0,0
Session_7,2026-01-26 17:03:36.060,17.629,-79.0784,-31.8376,-68.5285,30.1225,83.3663,109.9766,-16.5705,-385.6024,266.1433,179.1849,20.7828,79.6391,6,1,0,0,0
Session_7,2026-01-26 17:03:36.128,17.697,-79.4213,-32.5640,-68.7374,29.9432,83.7083,109.9780,-18.3023,-386.3344,259.9599,179.2932,19.6269,79.4448,6,1,0,0,0
Session_7,2026-01-26 17:03:36.191,17.760,-80.1393,-33.5533,-69.0372,31.4161,83.3217,109.9780,-23.2446,-388.2025,255.0864,179.5856,19.9304,78.7016,6,1,0,0,0
Session_7,2026-01-26 17:03:36.276,17.845,-82.0370,-35.8877,-69.5166,33.1355,83.3759,109.9752,-35.4984,-390.9582,240.8245,179.9531,18.8908,76.9457,6,1,0,0,0
Session_7,2026-01-26 17:03:36.358,17.927,-83.9153,-38.6069,-69.7710,34.9846,83.4439,109.9773,-47.7863,-393.5736,225.1477,-179.6878,17.8173,75.1985,6,1,0,0,0
Session_7,2026-01-26 17:03:36.440,18.009,-85.4046,-41.2591,-69.7745,37.4133,83.2990,109.9841,-57.8484,-396.2527,212.1095,-179.4688,17.6548,73.7283,6,1,0,0,0
Session_7,2026-01-26 17:03:36.522,18.091,-86.1157,-43.3322,-69.7746,38.9850,82.9880,109.9828,-62.9634,-398.0596,201.1691,-178.9886,17.2924,73.0763,6,1,0,0,0
Session_7,2026-01-26 17:03:36.596,18.165,-86.1338,-45.1347,-69.7731,40.6165,82.7621,109.9773,-63.2200,-400.1428,192.1174,-178.7111,17.2110,73.0842,6,1,0,0,0
Session_7,2026-01-26 17:03:36.670,18.239,-86.1338,-47.1051,-69.7693,42.5459,82.0933,109.9834,-63.8836,-402.2453,182.5199,-178.0686,17.4048,73.0886,6,1,0,0,0
Session_7,2026-01-26 17:03:36.751,18.320,-86.1343,-48.8333,-69.7644,44.1122,82.1372,109.9773,-63.7356,-403.7096,173.7025,-178.0499,17.2429,73.1114,6,1,0,0,0
Session_7,2026-01-26 17:03:36.826,18.395,-86.1346,-50.0247,-69.7617,44.9320,81.7019,109.9793,-64.2143,-404.4052,167.1467,-177.5029,17.0466,73.1553,6,1,0,0,0
Session_7,2026-01-26 17:03:36.898,18.467,-86.1350,-50.9018,-69.7594,45.0961,80.9720,109.9766,-65.0858,-404.5373,161.5044,-176.5502,16.6304,73.2471,6,1,0,0,0
Session_7,2026-01-26 17:03:36.974,18.543,-86.1348,-51.7393,-69.7530,45.7615,80.6905,109.9766,-65.3941,-404.9544,157.0807,-176.2229,16.5713,73.2710,6,1,0,0,0
Session_7,2026-01-26 17:03:37.048,18.617,-86.1348,-52.6495,-69.7496,45.3728,80.9095,109.8557,-65.1630,-404.4788,149.9335,-175.9248,15.2749,73.5204,6,1,0,0,0
Session_7,2026-01-26 17:03:37.130,18.699,-86.1369,-53.9841,-69.7207,45.9105,80.5360,109.8324,-65.6225,-404.5297,141.8969,-175.2889,14.6792,73.6237,6,1,0,0,0
Session_7,2026-01-26 17:03:37.206,18.774,-86.1361,-55.0921,-69.6732,46.0938,80.9672,109.0764,-65.1183,-404.2550,134.6613,-175.2016,13.6482,74.4643,6,1,0,0,0
Session_7,2026-01-26 17:03:37.279,18.848,-86.1360,-55.9708,-69.4670,47.0290,80.6328,103.7947,-65.4656,-405.0444,131.3152,-173.6868,13.4826,79.8634,6,1,0,0,0
Session_7,2026-01-26 17:03:37.350,18.919,-86.1346,-56.1240,-68.8313,46.9679,80.6623,103.1527,-65.3259,-406.4422,132.8221,-173.6633,13.8146,80.4965,6,1,0,0,0
Session_7,2026-01-26 17:03:37.436,19.005,-86.1342,-56.1251,-67.3949,46.5470,79.9214,102.4386,-66.0031,-409.5161,138.2885,-172.9904,14.8828,81.1902,6,1,0,0,0
Session_7,2026-01-26 17:03:37.510,19.079,-86.1251,-56.1543,-66.0153,45.2699,79.7120,102.0403,-66.0426,-411.6832,141.5661,-172.6954,14.9488,81.6098,6,1,0,0,0
Session_7,2026-01-26 17:03:37.575,19.144,-86.1207,-56.3897,-64.9791,44.4239,79.2808,100.9307,-66.4193,-413.2720,142.8247,-171.9678,14.8416,82.7663,6,1,0,0,0
Session_7,2026-01-26 17:03:37.650,19.218,-86.1216,-57.3498,-63.8770,44.0270,78.8468,97.9328,-66.8246,-415.0212,140.1024,-170.7249,14.2092,85.8492,6,1,0,0,0
Session_7,2026-01-26 17:03:37.715,19.283,-86.1223,-58.4632,-62.9441,43.8993,78.7445,94.1329,-66.8534,-416.4705,135.9741,-169.6732,13.2662,89.7131,6,1,0,0,0
Session_7,2026-01-26 17:03:37.798,19.367,-86.1221,-59.4850,-61.6710,44.0902,78.7761,93.7930,-66.6497,-418.9074,134.5542,-169.6565,13.6441,90.0493,6,1,0,0,0
Session_7,2026-01-26 17:03:37.863,19.432,-86.1222,-59.5237,-60.7549,43.1351,78.3044,93.9963,-67.1260,-420.1741,136.5074,-169.2274,13.6354,89.8510,6,1,0,0,0
Session_7,2026-01-26 17:03:37.938,19.507,-86.1222,-59.5237,-59.6967,41.4919,77.8896,94.1556,-67.5506,-421.1954,138.0167,-168.8066,13.1112,89.7059,6,1,0,0,0
Session_7,2026-01-26 17:03:38.012,19.580,-86.1221,-59.5239,-58.8858,39.3784,78.2989,94.2119,-67.0612,-421.2226,137.3379,-169.1307,11.7933,89.6646,6,1,0,0,0
Session_7,2026-01-26 17:03:38.093,19.662,-86.1222,-59.5238,-58.4820,37.9962,79.1812,94.2696,-66.0320,-420.8924,136.2196,-169.9505,10.7640,89.6090,6,1,0,0,0
Session_7,2026-01-26 17:03:38.160,19.729,-86.1222,-59.5240,-58.4478,37.3123,80.0993,94.2785,-64.9727,-420.3257,134.8458,-170.8204,10.0499,89.5973,6,1,0,0,0
Session_7,2026-01-26 17:03:38.235,19.804,-86.1223,-59.5245,-58.4483,36.5330,80.1940,94.4316,-64.9077,-419.6151,133.3188,-170.8808,9.2891,89.4529,6,1,0,0,0
Session_7,2026-01-26 17:03:38.301,19.869,-86.1223,-59.5244,-58.4482,36.6085,79.8994,94.6761,-65.2550,-419.6989,133.5259,-170.6324,9.4269,89.2111,6,1,0,0,0
Session_7,2026-01-26 17:03:38.390,19.959,-86.1223,-59.5245,-58.4485,36.5858,80.2400,94.7942,-64.8501,-419.6608,133.4099,-170.9900,9.3951,89.0887,6,1,0,0,0
Session_7,2026-01-26 17:03:38.464,20.033,-86.1225,-59.5245,-58.4483,36.6703,79.9338,94.7914,-65.2119,-419.7533,133.6366,-170.6908,9.5043,89.0942,6,1,0,0,0
Session_7,2026-01-26 17:03:38.529,20.098,-86.1229,-59.5248,-58.4486,36.2501,80.0443,94.7804,-65.1091,-419.3603,132.8036,-170.7639,9.0741,89.1090,6,1,0,0,0
Session_7,2026-01-26 17:03:38.606,20.175,-86.1228,-59.5247,-58.4483,36.5227,80.0196,94.9006,-65.1208,-419.6136,133.3335,-170.7818,9.3674,88.9855,6,1,0,0,0
Session_7,2026-01-26 17:03:38.680,20.249,-86.1230,-59.5249,-58.4483,36.5062,79.9077,94.8855,-65.2571,-419.6035,133.3236,-170.6661,9.3577,89.0022,6,1,0,0,0
Session_7,2026-01-26 17:03:38.744,20.313,-86.1237,-59.5260,-58.4485,36.3826,79.8871,94.8910,-65.2940,-419.4893,133.0822,-170.6357,9.2360,88.9981,6,1,0,0,0
Session_7,2026-01-26 17:03:38.819,20.388,-86.1237,-59.5279,-58.4485,36.0619,79.9606,95.6799,-65.2269,-419.1871,132.4383,-170.8042,9.0352,88.2131,6,1,0,0,0
Session_7,2026-01-26 17:03:38.887,20.456,-86.1238,-59.5291,-58.4486,35.7996,80.0141,96.6859,-65.1804,-418.9376,131.9168,-170.9859,8.9267,87.2110,6,1,0,0,0
Session_7,2026-01-26 17:03:38.961,20.530,-86.1239,-59.5361,-58.4486,35.9225,79.9592,96.7655,-65.2392,-419.0518,132.1124,-170.9574,9.0606,87.1301,6,1,0,0,0
Session_7,2026-01-26 17:03:39.043,20.612,-86.1238,-59.5483,-58.4485,35.9706,80.1096,97.2963,-65.0565,-419.0823,132.0855,-171.1956,9.1605,86.5955,6,1,0,0,0
Session_7,2026-01-26 17:03:39.117,20.686,-86.1242,-59.5602,-58.4486,35.9198,80.0656,97.2077,-65.1155,-419.0294,131.9114,-171.1298,9.0901,86.6859,6,1,0,0,0
Session_7,2026-01-26 17:03:39.208,20.777,-86.1242,-59.6528,-58.4486,35.9555,80.1329,97.2702,-65.0360,-419.0054,131.2972,-171.1994,9.0349,86.6233,6,1,0,0,0
Session_7,2026-01-26 17:03:39.290,20.859,-86.1241,-59.7888,-58.4484,35.9960,80.1796,97.1693,-64.9829,-418.9601,130.3836,-171.2180,8.9190,86.7253,6,1,0,0,0
Session_7,2026-01-26 17:03:39.364,20.933,-86.1241,-60.1015,-58.4477,36.4581,80.1789,97.1651,-64.9667,-419.2038,129.0117,-171.2356,9.0676,86.7265,6,1,0,0,0
Session_7,2026-01-26 17:03:39.439,21.008,-86.1246,-60.6797,-58.4466,37.3940,79.6907,96.9695,-65.5199,-419.7271,126.7303,-170.7627,9.4523,86.9241,6,1,0,0,0
Session_7,2026-01-26 17:03:39.513,21.082,-86.1290,-61.1536,-58.4450,37.9488,78.8935,96.7587,-66.4891,-419.9494,124.5508,-169.9436,9.5928,87.1450,6,1,0,0,0
Session_7,2026-01-26 17:03:39.578,21.147,-86.1414,-61.1565,-58.4167,37.8472,79.4724,96.7484,-65.8923,-419.8767,124.3270,-170.5096,9.4482,87.1327,6,1,0,0,0
Session_7,2026-01-26 17:03:39.652,21.221,-86.1418,-61.1538,-58.1924,37.1249,80.1370,96.9612,-65.1126,-419.6870,123.7987,-171.1458,8.9120,86.9162,6,1,0,0,0
Session_7,2026-01-26 17:03:39.725,21.294,-86.1440,-61.1542,-57.8184,36.2281,79.8617,97.1233,-65.4569,-419.7090,123.7700,-170.8316,8.4515,86.7672,6,1,0,0,0
Session_7,2026-01-26 17:03:39.800,21.369,-86.1443,-61.1546,-57.4342,35.3719,79.9427,97.8834,-65.3581,-419.7627,123.7957,-170.9592,8.0929,86.0157,6,1,0,0,0
Session_7,2026-01-26 17:03:39.874,21.443,-86.1455,-61.1549,-57.2898,35.2661,80.7083,97.8669,-64.4375,-419.9478,124.0660,-171.7229,8.0248,86.0142,6,1,0,0,0
Session_7,2026-01-26 17:03:39.935,21.504,-86.1647,-61.1551,-57.2900,35.5154,81.6902,97.8628,-63.3856,-420.1117,124.3549,-172.7318,8.1376,85.9760,6,1,0,0,0
Session_7,2026-01-26 17:03:39.996,21.565,-86.1916,-61.1602,-57.2908,35.5174,81.4973,97.8909,-63.8149,-420.0895,124.3520,-172.5437,8.1635,85.9243,6,1,0,0,0
Session_7,2026-01-26 17:03:40.070,21.639,-86.3941,-61.1669,-57.2911,35.4323,81.1993,98.1216,-65.6617,-419.7891,124.1951,-172.2676,8.1440,85.4982,6,1,0,0,0
Session_7,2026-01-26 17:03:40.152,21.721,-87.2191,-61.2233,-57.2919,35.0896,80.4755,99.8698,-72.5838,-418.4472,123.2743,-171.7346,8.1044,82.9493,6,1,0,0,0
Session_7,2026-01-26 17:03:40.219,21.788,-88.1356,-61.2697,-57.2916,35.3368,81.8825,101.6112,-77.5741,-417.4185,123.1468,-173.4082,8.2670,80.2488,6,1,0,0,0
Session_7,2026-01-26 17:03:40.309,21.878,-88.8555,-61.2733,-57.2913,35.5971,83.5215,101.6695,-80.8358,-416.6554,123.3644,-175.0792,8.1955,79.4292,6,1,0,0,0
Session_7,2026-01-26 17:03:40.399,21.968,-88.8652,-61.2732,-57.2912,35.8697,84.4958,101.5350,-79.7253,-416.9004,123.7610,-176.0721,8.2569,79.5318,6,1,0,0,0
Session_7,2026-01-26 17:03:40.474,22.043,-88.8376,-61.2733,-57.2912,35.7207,84.4711,101.5329,-79.5571,-416.7935,123.4798,-176.0172,8.1156,79.5662,6,1,0,0,0
Session_7,2026-01-26 17:03:40.556,22.125,-88.8374,-61.2733,-57.2913,35.9672,85.0754,101.5391,-78.8208,-417.0275,123.8818,-176.6614,8.2368,79.5453,6,1,0,0,0
Session_7,2026-01-26 17:03:40.639,22.208,-88.8262,-61.2732,-57.2911,36.0413,85.3974,101.5837,-78.3486,-417.1118,123.9931,-176.9990,8.2478,79.5056,6,1,0,0,0
Session_7,2026-01-26 17:03:40.722,22.291,-88.8273,-61.2728,-57.2908,35.9967,85.4173,101.6840,-78.3339,-417.0676,123.9100,-177.0240,8.2060,79.4044,6,1,0,0,0
Session_7,2026-01-26 17:03:40.795,22.364,-88.8273,-61.2726,-57.2905,36.0448,85.4366,101.6826,-78.3091,-417.1149,124.0025,-177.0527,8.2496,79.4042,6,1,0,0,0
Session_7,2026-01-26 17:03:40.877,22.445,-88.8271,-61.2726,-57.2905,35.9603,85.2882,101.6860,-78.4889,-417.0350,123.8566,-176.8903,8.1971,79.4050,6,1,0,0,0
Session_7,2026-01-26 17:03:40.942,22.511,-88.8273,-61.2726,-57.2904,35.9507,85.2869,101.6888,-78.4924,-417.0255,123.8387,-176.8874,8.1882,79.4023,6,1,0,0,0
Session_7,2026-01-26 17:03:41.017,22.586,-88.8274,-61.2725,-57.2902,35.9850,85.3789,101.6867,-78.3809,-417.0582,123.8966,-176.9845,8.2034,79.4023,6,1,0,0,0
Session_7,2026-01-26 17:03:41.091,22.660,-88.8274,-61.2723,-57.2900,36.0372,85.4620,101.6929,-78.2797,-417.1083,123.9897,-177.0777,8.2383,79.3936,6,1,0,0,0
Session_7,2026-01-26 17:03:41.172,22.741,-88.8275,-61.2722,-57.2899,36.0297,85.5080,101.6874,-78.2249,-417.1007,123.9724,-177.1205,8.2216,79.3988,6,1,0,0,0
Session_7,2026-01-26 17:03:41.247,22.815,-88.8275,-61.2721,-57.2897,36.0077,85.5052,101.6901,-78.2284,-417.0800,123.9327,-177.1138,8.2011,79.3967,6,1,0,0,0
Session_7,2026-01-26 17:03:41.321,22.890,-88.8275,-61.2719,-57.2895,36.0132,85.4716,101.6929,-78.2691,-417.0863,123.9485,-177.0824,8.2138,79.3941,6,1,0,0,0
Session_7,2026-01-26 17:03:41.395,22.964,-88.8275,-61.2719,-57.2894,35.9631,85.4235,101.6908,-78.3282,-417.0385,123.8582,-177.0246,8.1744,79.3981,6,1,0,0,0
Session_7,2026-01-26 17:03:41.476,23.045,-88.8275,-61.2719,-57.2893,35.9775,85.4111,101.6901,-78.3425,-417.0529,123.8872,-177.0154,8.1911,79.3986,6,1,0,0,0
Session_7,2026-01-26 17:03:41.551,23.120,-88.8271,-61.2718,-57.2892,35.9054,85.2979,101.6929,-78.4783,-416.9850,123.7619,-176.8898,8.1437,79.3995,6,1,0,0,0
Session_7,2026-01-26 17:03:41.634,23.203,-88.8272,-61.2718,-57.2890,35.8573,85.3418,101.6915,-78.4270,-416.9378,123.6670,-176.9229,8.0879,79.4017,6,1,0,0,0
Session_7,2026-01-26 17:03:41.716,23.285,-88.8278,-61.2718,-57.2890,35.8662,85.3432,101.6908,-78.4291,-416.9459,123.6839,-176.9260,8.0964,79.4016,6,1,0,0,0
Session_7,2026-01-26 17:03:41.780,23.349,-88.8277,-61.2718,-57.2888,35.7880,85.2491,101.6936,-78.5442,-416.8710,123.5451,-176.8180,8.0391,79.4021,6,1,0,0,0
Session_7,2026-01-26 17:03:41.854,23.423,-88.8275,-61.2719,-57.2888,35.6822,85.1180,101.6984,-78.7030,-416.7695,123.3575,-176.6683,7.9624,79.4021,6,1,0,0,0
Session_7,2026-01-26 17:03:41.930,23.499,-88.8275,-61.2718,-57.2888,35.6754,84.9593,101.7032,-78.8950,-416.7646,123.3610,-176.5119,7.9881,79.3994,6,1,0,0,0
Session_7,2026-01-26 17:03:42.004,23.572,-88.8275,-61.2717,-57.2886,35.8992,85.2560,101.6991,-78.5322,-416.9802,123.7575,-176.8485,8.1472,79.3935,6,0,0,0,0
Session_7,2026-01-26 17:03:42.094,23.663,-88.8276,-61.2717,-57.2885,36.0640,85.2168,101.6929,-78.5764,-417.1410,124.0762,-176.8432,8.3163,79.3953,6,0,0,0,0
Session_7,2026-01-26 17:03:42.160,23.729,-88.8276,-61.2715,-57.2884,36.1711,85.1784,101.6956,-78.6211,-417.2451,124.2860,-176.8281,8.4293,79.3896,6,0,0,0,0
Session_7,2026-01-26 17:03:42.235,23.804,-88.8276,-61.2702,-57.2877,36.5522,85.1310,101.6963,-78.6705,-417.6134,125.0315,-176.8609,8.8140,79.3777,6,0,0,0,0
Session_7,2026-01-26 17:03:42.309,23.878,-88.8274,-61.2661,-57.2859,37.4778,85.0802,101.6970,-78.7132,-418.4872,126.8529,-177.0043,9.7361,79.3465,6,0,0,0,0
Session_7,2026-01-26 17:03:42.373,23.942,-88.8275,-61.2603,-57.2856,37.4503,84.9916,101.6977,-78.8208,-418.4670,126.8519,-176.9131,9.7330,79.3475,6,0,0,0,0
Session_7,2026-01-26 17:03:42.448,24.017,-88.8275,-61.2595,-57.2856,37.4785,85.0136,101.6977,-78.7941,-418.4933,126.9103,-176.9407,9.7570,79.3462,6,0,0,0,0
Session_7,2026-01-26 17:03:42.523,24.092,-88.8278,-61.2544,-57.2856,37.4696,84.9380,101.6984,-78.8872,-418.4888,126.9382,-176.8659,9.7686,79.3462,6,0,0,0,0
Session_7,2026-01-26 17:03:42.603,24.172,-88.8278,-61.2495,-57.2856,37.3954,84.8680,101.6977,-78.9736,-418.4243,126.8380,-176.7827,9.7149,79.3501,6,0,0,0,0
Session_7,2026-01-26 17:03:42.686,24.255,-88.8279,-61.2285,-57.2856,37.3631,84.9085,101.6977,-78.9254,-418.4082,126.9243,-176.8201,9.6957,79.3500,6,0,0,0,0
Session_7,2026-01-26 17:03:42.753,24.322,-88.8279,-61.1795,-57.2855,37.3542,84.9429,101.6991,-78.8837,-418.4323,127.2597,-176.8623,9.7281,79.3468,6,0,0,0,0
Session_7,2026-01-26 17:03:42.835,24.404,-88.8285,-60.9499,-57.2857,37.0164,85.0280,101.6977,-78.7884,-418.2686,128.2691,-176.9231,9.6047,79.3504,6,0,0,0,0
Session_7,2026-01-26 17:03:42.909,24.478,-88.8284,-60.4747,-57.2862,35.8553,85.1942,101.6998,-78.6026,-417.4797,129.4709,-176.9441,8.8993,79.3695,6,0,0,0,0
Session_7,2026-01-26 17:03:42.975,24.544,-88.8285,-60.0893,-57.2864,35.7557,85.2505,101.6984,-78.5329,-417.6162,132.0711,-177.0583,9.1675,79.3609,6,0,0,0,0
Session_7,2026-01-26 17:03:43.058,24.627,-88.8285,-59.7327,-57.2863,36.1780,85.0019,101.7004,-78.8215,-418.2048,135.5006,-176.9767,9.9803,79.3345,6,0,0,0,0
Session_7,2026-01-26 17:03:43.132,24.701,-88.8284,-59.6802,-57.2864,35.9335,85.0136,101.7004,-78.8103,-418.0082,135.4084,-176.9481,9.7900,79.3414,6,0,0,0,0
Session_7,2026-01-26 17:03:43.207,24.776,-88.8292,-59.6800,-57.2864,36.0207,84.9957,101.6970,-78.8360,-418.0874,135.5797,-176.9482,9.8789,79.3412,6,0,0,0,0
Session_7,2026-01-26 17:03:43.296,24.865,-88.8292,-59.6773,-57.2862,36.1910,85.1008,101.6963,-78.7060,-418.2437,135.9184,-177.0872,10.0271,79.3345,6,0,0,0,0
Session_7,2026-01-26 17:03:43.364,24.933,-88.8296,-59.6393,-57.2861,36.4732,85.1248,101.7018,-78.6743,-418.5176,136.7393,-177.1786,10.3360,79.3164,6,0,0,0,0
Session_7,2026-01-26 17:03:43.445,25.014,-88.8304,-59.2128,-57.2863,36.4149,85.2477,101.7018,-78.5284,-418.6638,139.7163,-177.3761,10.6712,79.3004,6,0,0,0,0
Session_7,2026-01-26 17:03:43.512,25.081,-88.8305,-58.2926,-57.2863,36.0249,85.1550,101.7004,-78.6407,-418.6834,145.6622,-177.3960,11.2088,79.2815,6,0,0,0,0
Session_7,2026-01-26 17:03:43.579,25.148,-88.8302,-56.9452,-57.2864,35.7948,84.9628,101.7018,-78.8678,-418.8383,155.0392,-177.4432,12.3410,79.2341,6,0,0,0,0
Session_7,2026-01-26 17:03:43.643,25.212,-88.8303,-55.4042,-57.2866,35.3622,85.0493,101.6991,-78.7684,-418.6206,165.3910,-177.7631,13.4076,79.1836,6,0,0,0,0
Session_7,2026-01-26 17:03:43.719,25.287,-88.8315,-53.2418,-57.2865,35.1199,85.3342,101.6963,-78.4427,-418.1406,180.6068,-178.4551,15.2276,79.0810,6,0,0,0,0
Session_7,2026-01-26 17:03:43.791,25.360,-88.8378,-50.6838,-57.2865,34.4772,85.3816,101.7046,-78.4623,-416.6139,197.8645,-178.9237,17.0906,78.9491,6,0,0,0,0
Session_7,2026-01-26 17:03:43.860,25.429,-88.8589,-47.8335,-57.2876,33.6449,85.3404,101.7004,-78.7172,-413.9708,216.7418,-179.3332,19.0697,78.7924,6,0,0,0,0
Session_7,2026-01-26 17:03:43.933,25.502,-88.8649,-44.5485,-57.2877,32.4124,85.2937,101.7197,-78.9009,-409.7279,237.7234,-179.7652,21.0835,78.6044,6,0,0,0,0
Session_7,2026-01-26 17:03:44.006,25.575,-88.8656,-41.0423,-57.2875,31.8473,85.2498,101.7204,-79.0667,-404.3051,261.3632,179.5795,23.9623,78.3355,6,0,0,0,0
Session_7,2026-01-26 17:03:44.075,25.644,-88.8741,-38.0716,-57.2868,31.7368,85.0953,101.7162,-79.4227,-398.7338,281.8850,179.0231,26.7818,78.0270,6,0,0,0,0
Session_7,2026-01-26 17:03:44.146,25.715,-88.8872,-34.3492,-57.2861,31.7059,85.1557,101.7162,-79.6045,-390.3008,307.3520,177.9949,30.3624,77.5505,6,0,0,0,0
Session_7,2026-01-26 17:03:44.206,25.775,-88.8894,-31.2274,-57.2847,31.7484,84.8481,101.7162,-80.1521,-381.9725,328.4332,177.4049,33.4993,77.0747,6,0,0,0,0
Session_7,2026-01-26 17:03:44.272,25.841,-88.8894,-27.8240,-57.2802,31.9421,84.0955,101.7485,-81.2633,-371.5599,351.2304,177.0178,37.1394,76.3921,6,0,0,0,0
Session_7,2026-01-26 17:03:44.349,25.918,-88.8897,-23.7026,-57.2751,31.8425,83.2118,101.7979,-82.6091,-357.1995,377.2384,176.4739,41.2032,75.4550,6,0,0,0,0
Session_7,2026-01-26 17:03:44.422,25.991,-88.8897,-19.9147,-57.2710,31.8336,83.3670,101.8151,-82.7079,-342.4287,400.2481,174.8691,44.8041,74.4529,6,0,0,0,0
Session_7,2026-01-26 17:03:44.506,26.075,-88.8891,-14.4744,-57.2443,31.9393,83.6389,101.8233,-82.8401,-318.5363,431.8158,172.1140,50.0615,72.6170,6,0,0,0,0
Session_7,2026-01-26 17:03:44.580,26.149,-88.8889,-9.6321,-57.0159,30.8750,83.3773,101.8302,-83.6062,-295.2481,456.5447,170.1955,53.8940,70.8938,6,0,0,0,0
Session_7,2026-01-26 17:03:44.641,26.210,-88.8882,-6.0193,-56.5824,29.3541,83.0601,101.8419,-84.3461,-276.6323,473.4280,168.8991,56.3155,69.5629,6,0,0,0,0
Session_7,2026-01-26 17:03:44.722,26.290,-88.8864,-1.0581,-55.4819,27.3024,84.1395,101.8865,-83.5863,-248.3053,496.7488,164.9187,59.7873,67.0858,6,0,0,0,0
Session_7,2026-01-26 17:03:44.802,26.371,-88.8855,2.9103,-54.2007,25.1058,84.0907,101.9195,-84.1231,-223.5385,514.1463,162.2036,62.5498,64.6489,6,0,0,0,0
Session_7,2026-01-26 17:03:44.862,26.431,-88.8858,5.2371,-53.0767,25.0289,84.3620,101.9119,-84.1393,-205.9372,527.0917,158.3686,65.4782,61.4501,6,0,0,0,0
Session_7,2026-01-26 17:03:44.935,26.504,-88.8855,7.3649,-51.4711,25.3613,84.6277,101.9263,-84.1899,-186.7855,540.9354,152.5421,68.8652,56.3207,6,0,0,0,0
Session_7,2026-01-26 17:03:45.009,26.578,-88.8859,9.2270,-49.5374,25.0385,85.5862,101.9318,-83.3918,-168.3066,552.9440,145.6304,71.4479,50.7319,6,0,0,0,0
Session_7,2026-01-26 17:03:45.076,26.645,-88.8859,10.5613,-47.5725,24.0601,86.3422,101.9394,-82.7640,-153.5423,561.6472,140.0075,73.0259,46.1077,6,0,0,0,0
Session_7,2026-01-26 17:03:45.149,26.717,-88.8857,11.9013,-44.9696,22.7547,86.7879,101.9401,-82.5592,-136.3089,571.1653,132.6974,74.7163,39.5204,6,0,0,0,0
Session_7,2026-01-26 17:03:45.214,26.783,-88.8858,12.9834,-42.1723,19.9924,86.8710,101.9607,-82.7399,-121.8467,577.6614,129.1467,75.3577,36.1683,6,0,0,0,0
Session_7,2026-01-26 17:03:45.280,26.849,-88.8857,13.8342,-39.3548,16.6766,86.8524,102.0218,-83.0030,-109.4741,582.2365,127.8500,75.5116,34.8854,6,0,0,0,0
Session_7,2026-01-26 17:03:45.346,26.915,-88.8857,14.3072,-36.3981,13.6093,87.6167,102.1104,-82.2871,-98.6628,586.2457,126.1790,75.5438,34.0096,6,0,0,0,0
Session_7,2026-01-26 17:03:45.421,26.989,-88.8857,14.5655,-32.6158,10.2866,87.9964,102.2580,-82.0705,-86.1221,590.9427,123.2708,75.7537,31.5473,6,0,0,0,0
Session_7,2026-01-26 17:03:45.486,27.055,-88.8857,14.5708,-29.6725,8.7314,88.1014,102.6240,-82.1403,-75.9887,595.2649,117.4351,76.0731,25.9461,6,0,0,0,0
Session_7,2026-01-26 17:03:45.551,27.120,-88.8858,14.5717,-27.0009,7.4329,88.1474,103.6169,-82.2693,-66.4949,598.9372,110.5823,75.6643,19.2475,6,0,0,0,0
Session_7,2026-01-26 17:03:45.625,27.194,-88.8862,14.5759,-24.2131,5.6964,88.5244,103.6752,-81.9957,-57.0799,601.8455,106.3531,75.8766,15.5188,6,0,0,0,0
Session_7,2026-01-26 17:03:45.693,27.261,-88.8861,14.5918,-21.5759,2.7486,88.8286,103.6800,-81.7605,-50.1936,602.5090,107.4860,75.7743,16.9203,6,0,0,0,0
Session_7,2026-01-26 17:03:45.765,27.334,-88.8859,14.5917,-18.8712,0.1669,89.1129,103.6794,-81.5657,-42.4750,603.4140,106.9829,75.7883,16.7164,6,0,0,0,0
Session_7,2026-01-26 17:03:45.830,27.398,-88.8859,14.5912,-16.6800,-2.3737,89.2248,103.6828,-81.5372,-36.9528,603.2847,108.3322,75.6787,18.1354,6,0,0,0,0
Session_7,2026-01-26 17:03:45.904,27.473,-88.8859,14.5915,-14.8551,-3.1517,90.3804,103.6800,-80.2689,-30.0805,604.7828,104.1401,75.8860,15.2248,6,0,0,0,0
Session_7,2026-01-26 17:03:45.978,27.546,-88.8858,14.5895,-13.5097,-5.0880,89.9773,103.6835,-80.8111,-27.3432,603.9724,106.5014,75.7539,17.1118,6,0,0,0,0
Session_7,2026-01-26 17:03:46.044,27.613,-88.8858,14.5896,-12.7863,-6.9901,89.5056,103.6807,-81.3844,-27.2885,602.3301,111.0583,75.4286,21.0555,6,0,0,0,0
Session_7,2026-01-26 17:03:46.118,27.687,-88.8858,14.5888,-12.5722,-8.2233,88.6288,103.6842,-82.4272,-28.3650,600.9034,114.9167,75.1347,23.9145,6,0,0,0,0
Session_7,2026-01-26 17:03:46.192,27.760,-88.8857,14.5827,-12.5788,-8.9655,89.0277,103.6828,-81.9185,-29.6374,599.8465,117.4994,74.7841,26.8054,6,0,0,0,0
Session_7,2026-01-26 17:03:46.261,27.830,-88.8857,14.5827,-12.5788,-8.9999,88.8183,103.6855,-82.1714,-29.6927,599.7983,117.6547,74.7897,26.7470,6,0,0,0,0
Session_7,2026-01-26 17:03:46.335,27.904,-88.8857,14.5828,-12.5787,-9.1269,89.1506,103.6842,-81.7644,-29.8941,599.6172,118.0225,74.6986,27.4319,6,0,0,0,0
Session_7,2026-01-26 17:03:46.409,27.978,-88.8856,14.5809,-12.5796,-9.5368,89.5722,103.6835,-81.2399,-30.5613,599.0289,119.3127,74.4630,29.0940,6,0,0,0,0
Session_7,2026-01-26 17:03:46.478,28.047,-88.8854,14.5788,-12.5809,-9.9152,90.4250,103.6842,-80.1935,-31.1620,598.4818,120.3429,74.1776,30.9310,6,0,0,0,0
Session_7,2026-01-26 17:03:46.551,28.120,-88.8854,14.5765,-12.5836,-10.4494,90.7986,103.6842,-79.7236,-32.0175,597.7021,121.9269,73.8560,32.8236,6,0,0,0,0
Session_7,2026-01-26 17:03:46.623,28.192,-88.8853,14.5623,-12.5932,-10.9541,90.6894,103.6869,-79.8378,-32.9568,596.9412,123.5447,73.5843,34.2682,6,0,0,0,0
Session_7,2026-01-26 17:03:46.744,28.313,-88.8851,14.5591,-12.5968,-11.4011,91.4639,103.6855,-78.8846,-33.6523,596.2759,124.6208,73.2285,36.0646,6,0,0,0,0
Session_7,2026-01-26 17:03:46.912,28.481,-88.8845,14.3227,-12.6793,-11.1758,91.9617,103.6848,-78.2463,-35.4123,596.3622,124.7228,73.1081,36.6538,6,0,0,0,0
Session_7,2026-01-26 17:03:46.985,28.554,-88.8846,13.8391,-12.7087,-11.0557,91.9377,103.6869,-78.2057,-38.9948,596.1984,125.8130,72.8785,37.6723,6,0,0,0,0
Session_7,2026-01-26 17:03:47.086,28.655,-88.8846,12.4278,-12.7090,-9.7765,92.0888,103.6848,-77.8538,-47.6605,597.0880,126.1229,72.7799,38.1176,6,0,0,0,0
Session_7,2026-01-26 17:03:47.158,28.727,-88.8847,11.1098,-12.7089,-8.7575,91.8690,103.6869,-77.9567,-56.0629,597.4627,126.9979,72.6280,38.7363,6,0,0,0,0
Session_7,2026-01-26 17:03:47.225,28.794,-88.8847,9.8967,-12.7089,-8.2452,91.4330,103.6876,-78.3220,-64.4624,596.9944,128.9853,72.2561,40.2025,6,0,0,0,0
Session_7,2026-01-26 17:03:47.293,28.862,-88.8848,8.9386,-12.7086,-8.6160,90.6976,103.6848,-79.0626,-72.2484,595.3011,132.5554,71.5100,42.8761,6,0,0,0,0
Session_7,2026-01-26 17:03:47.359,28.928,-88.8848,8.1583,-12.7087,-9.3446,90.8693,103.6862,-78.7203,-79.1327,593.1395,135.8344,70.4436,46.1431,6,0,0,0,0
Session_7,2026-01-26 17:03:47.423,28.992,-88.8847,7.3637,-12.7088,-9.2944,91.0155,103.6883,-78.4289,-84.9836,592.1040,137.2846,69.8834,47.6486,6,0,0,0,0
Session_7,2026-01-26 17:03:47.498,29.067,-88.8847,6.5041,-12.7096,-10.2097,90.8116,103.6855,-78.5274,-92.6346,589.2908,140.7535,68.6004,50.6969,6,0,0,0,0
Session_7,2026-01-26 17:03:47.572,29.141,-88.8848,5.5682,-12.7106,-11.7052,90.2204,103.6848,-79.0718,-101.5147,585.1990,145.1311,66.8124,54.1846,6,0,0,0,0
Session_7,2026-01-26 17:03:47.655,29.224,-88.8847,4.2392,-12.7176,-11.9071,90.6372,103.6876,-78.3719,-111.4899,582.4011,147.0724,65.4823,56.3520,6,0,0,0,0
Session_7,2026-01-26 17:03:47.738,29.307,-88.8848,2.5689,-12.7205,-11.4299,90.8878,103.6862,-77.8431,-123.0377,579.8641,148.4797,64.4413,57.8616,6,0,0,0,0
Session_7,2026-01-26 17:03:47.812,29.381,-88.8848,0.8371,-12.7278,-11.5624,90.8480,103.6862,-77.6452,-135.6924,575.7446,150.7593,62.8662,59.8679,6,0,0,0,0
Session_7,2026-01-26 17:03:47.877,29.446,-88.8848,-0.7681,-12.7293,-11.2486,90.6187,103.6848,-77.7069,-146.8107,572.3984,152.3545,61.8022,61.0720,6,0,0,0,0
Session_7,2026-01-26 17:03:47.952,29.521,-88.8850,-2.7890,-12.7296,-11.1841,90.4237,103.6862,-77.6676,-161.0180,567.1418,154.4719,60.1347,62.7470,6,0,0,0,0
Session_7,2026-01-26 17:03:48.033,29.602,-88.8851,-4.9719,-12.7303,-11.5157,90.0906,103.6842,-77.7699,-176.5365,560.1374,156.9979,57.9746,64.6206,6,0,0,0,0
Session_7,2026-01-26 17:03:48.101,29.669,-88.8852,-6.8404,-12.7312,-12.5848,89.9313,103.6828,-77.6966,-190.2501,552.1266,159.4390,55.3583,66.5243,6,0,0,0,0
Session_7,2026-01-26 17:03:48.177,29.746,-88.8854,-8.9003,-12.7328,-13.7796,89.4493,103.6848,-77.9961,-204.9487,542.6985,162.0777,52.4837,68.2555,6,0,0,0,0
Session_7,2026-01-26 17:03:48.243,29.812,-88.8856,-10.7063,-12.7335,-14.5775,88.9192,103.6835,-78.3999,-217.2732,534.4792,164.1287,50.1936,69.4332,6,0,0,0,0
Session_7,2026-01-26 17:03:48.319,29.888,-88.8857,-12.7850,-12.7690,-15.3465,88.9865,103.6848,-78.0506,-231.0567,524.7055,165.6425,47.4875,70.6242,6,0,0,0,0
Session_7,2026-01-26 17:03:48.402,29.971,-88.8857,-15.3367,-12.8274,-15.9425,88.9330,103.6821,-77.8006,-247.2595,512.6845,167.2665,44.4860,71.7549,6,0,0,0,0
Session_7,2026-01-26 17:03:48.475,30.043,-88.8859,-17.5274,-12.8488,-15.5663,88.9721,103.6842,-77.5007,-260.2880,503.7567,168.0571,42.7414,72.3263,6,0,0,0,0
Session_7,2026-01-26 17:03:48.554,30.123,-88.8862,-20.0379,-12.8512,-15.0533,89.3772,103.6890,-76.7299,-274.7284,493.1736,168.5269,40.7499,72.9119,6,0,0,0,0
Session_7,2026-01-26 17:03:48.627,30.196,-88.8865,-22.3562,-12.8542,-14.4662,89.8256,103.6862,-75.9363,-287.6479,483.0908,168.8078,38.9967,73.3891,6,0,0,0,0
Session_7,2026-01-26 17:03:48.708,30.277,-88.8871,-24.8263,-12.8586,-13.9005,90.0659,103.6835,-75.3880,-301.0076,471.6558,169.3134,37.1210,73.8549,6,0,0,0,0
Session_7,2026-01-26 17:03:48.791,30.360,-88.8871,-27.1071,-12.8682,-12.9144,90.4051,103.6862,-74.7454,-312.8994,461.5665,169.4698,35.7949,74.1534,6,0,0,0,0
Session_7,2026-01-26 17:03:48.873,30.442,-88.8871,-29.3553,-12.8698,-11.6283,90.3591,103.6890,-74.5810,-324.2415,451.8680,169.8539,34.8829,74.3459,6,0,0,0,0
Session_7,2026-01-26 17:03:48.955,30.524,-88.8873,-31.6932,-12.8701,-10.9767,90.4086,103.6890,-74.2997,-335.6735,439.8575,170.3890,33.2551,74.6741,6,0,0,0,0
Session_7,2026-01-26 17:03:49.028,30.597,-88.8875,-34.0276,-12.8721,-7.8957,90.3763,103.6869,-74.1262,-346.6858,432.6004,170.1668,33.9767,74.5342,6,0,0,0,0
Session_7,2026-01-26 17:03:49.093,30.662,-88.8873,-35.9252,-12.8722,-3.4641,89.6649,103.6821,-74.8229,-355.2027,430.5021,169.9410,36.5685,73.9848,6,0,0,0,0
Session_7,2026-01-26 17:03:49.160,30.729,-88.8878,-38.1038,-12.8712,-0.7807,88.4077,103.6848,-76.1649,-364.8044,422.6263,170.9360,37.3445,73.8064,6,0,0,0,0
Session_7,2026-01-26 17:03:49.227,30.796,-88.8888,-39.6548,-12.8714,-3.0226,88.1989,103.6787,-76.2898,-371.7253,407.9096,172.4942,33.7650,74.5932,6,0,0,0,0
Session_7,2026-01-26 17:03:49.301,30.870,-88.8887,-41.0127,-12.8727,-6.3721,89.6457,103.6807,-74.4327,-376.9689,391.8800,172.6421,28.9010,75.4379,6,0,0,0,0
Session_7,2026-01-26 17:03:49.376,30.945,-88.8887,-42.5294,-12.8889,-4.8113,90.5644,103.6890,-73.1977,-383.1575,385.1176,171.7526,28.7115,75.4582,6,0,0,0,0
Session_7,2026-01-26 17:03:49.441,31.010,-88.8884,-44.2033,-12.8898,-2.0647,89.4802,103.6862,-74.3789,-389.9634,379.7238,172.4539,29.9974,75.2575,6,0,0,0,0
Session_7,2026-01-26 17:03:49.508,31.077,-88.8957,-45.7286,-12.8914,-2.2982,89.3923,103.6848,-74.4293,-395.4826,368.8042,173.0848,28.3237,75.5149,6,0,0,0,0
Session_7,2026-01-26 17:03:49.582,31.151,-88.9153,-47.7175,-12.8968,-1.5731,89.4878,103.6903,-74.3156,-402.4802,356.5224,173.3737,27.0776,75.6703,6,0,0,0,0
Session_7,2026-01-26 17:03:49.655,31.224,-88.9183,-50.0909,-12.8983,0.0639,89.3745,103.6828,-74.3216,-410.5616,343.2122,173.7050,26.3934,75.7708,6,0,0,0,0
Session_7,2026-01-26 17:03:49.729,31.298,-88.9206,-52.3212,-12.8992,0.4861,89.5242,103.6862,-74.0286,-417.3218,328.0431,174.0851,24.6122,75.9951,6,0,0,0,0
Session_7,2026-01-26 17:03:49.795,31.364,-88.9353,-54.4888,-12.9032,1.4069,89.3209,103.6890,-74.2665,-423.5447,314.1154,174.6340,23.4517,76.1167,6,0,0,0,0
Session_7,2026-01-26 17:03:49.868,31.436,-88.9583,-56.8758,-12.9051,1.7159,89.1417,103.6848,-74.5451,-429.4995,297.0454,175.3847,21.4838,76.3145,6,0,0,0,0
Session_7,2026-01-26 17:03:49.943,31.511,-89.0390,-59.5218,-12.9321,1.4605,89.2570,103.6800,-74.9177,-434.8842,276.4866,176.0602,18.6229,76.5104,6,0,0,0,0
Session_7,2026-01-26 17:03:50.025,31.594,-89.1323,-62.4822,-12.9514,0.8707,89.1705,103.6814,-75.6591,-439.5249,252.6613,177.0660,15.1845,76.6827,6,0,0,0,0
Session_7,2026-01-26 17:03:50.096,31.665,-89.1702,-64.9857,-12.9638,1.4399,89.5805,103.6794,-75.3968,-443.3108,234.5027,177.1593,13.2000,76.7721,6,0,0,0,0
Session_7,2026-01-26 17:03:50.171,31.740,-89.1701,-67.6096,-12.9636,2.5701,89.5468,103.6814,-75.3838,-446.9691,216.4123,177.5620,11.7587,76.8498,6,0,0,0,0
Session_7,2026-01-26 17:03:50.241,31.810,-89.1611,-69.2245,-12.9643,2.1389,89.3985,103.6821,-75.4807,-447.8683,202.9858,178.2074,9.8071,76.9506,6,0,0,0,0
Session_7,2026-01-26 17:03:50.311,31.880,-89.1704,-70.3103,-12.9639,2.3215,88.8258,103.6828,-76.2363,-448.6691,194.8794,178.9826,9.0662,76.9732,6,0,0,0,0
Session_7,2026-01-26 17:03:50.379,31.948,-89.1696,-71.2498,-12.9643,1.2154,88.8155,103.6814,-76.2517,-448.0231,185.4262,179.4864,7.0817,77.0447,6,0,0,0,0
Session_7,2026-01-26 17:03:50.442,32.011,-89.1699,-71.9148,-12.9643,0.6537,88.5471,103.6828,-76.5852,-447.6584,179.1897,-179.9590,5.9538,77.0761,6,0,0,0,0
Session_7,2026-01-26 17:03:50.518,32.087,-89.1698,-72.9437,-12.9669,-1.1776,88.9872,103.6821,-76.0768,-445.8285,167.7770,-179.7053,3.0687,77.1302,6,0,0,0,0
Session_7,2026-01-26 17:03:50.608,32.177,-89.1691,-74.6288,-12.9661,1.9446,89.4239,103.6848,-75.4922,-449.2202,160.3767,179.5287,4.3623,77.1062,6,0,0,0,0
Session_7,2026-01-26 17:03:50.690,32.259,-89.1697,-75.7763,-12.9658,3.1263,89.4109,103.6835,-75.4972,-450.3257,153.5791,179.5333,4.3989,77.1063,6,0,0,0,0
Session_7,2026-01-26 17:03:50.773,32.342,-89.1699,-76.1425,-12.9659,2.6896,88.7105,103.6855,-76.3559,-449.7759,149.9184,-179.5955,3.7844,77.1176,6,0,0,0,0
Session_7,2026-01-26 17:03:50.841,32.410,-89.1696,-76.1453,-12.9652,2.9285,87.8096,103.6842,-77.4419,-450.0519,150.3719,-178.7762,4.2276,77.1184,6,0,0,0,0
Session_7,2026-01-26 17:03:50.912,32.481,-89.1700,-76.1448,-12.9636,2.3724,87.0543,103.6835,-78.3688,-449.4520,149.4046,-177.9103,3.8680,77.1332,6,0,0,0,0
Session_7,2026-01-26 17:03:50.977,32.546,-89.1690,-76.1449,-12.9637,0.6255,86.8613,103.6814,-78.6238,-447.4706,146.2506,-177.3087,2.2160,77.1601,6,0,0,0,0
Session_7,2026-01-26 17:03:51.053,32.622,-89.1684,-76.1449,-12.9636,-0.2863,86.8263,103.6821,-78.6772,-446.3977,144.6257,-177.0592,1.3383,77.1671,6,0,0,0,0
Session_7,2026-01-26 17:03:51.143,32.712,-89.1687,-76.1456,-12.9646,-1.2936,86.8147,103.6821,-78.7114,-445.1794,142.8389,-176.8095,0.3607,77.1705,6,0,0,0,0
Session_7,2026-01-26 17:03:51.217,32.786,-89.1688,-76.1560,-12.9659,-2.3483,87.5672,103.6835,-77.8196,-443.8517,140.8702,-177.2887,-0.8532,77.1587,6,0,0,0,0
Session_7,2026-01-26 17:03:51.291,32.860,-89.1687,-76.2023,-12.9669,-2.5543,87.8666,103.6814,-77.4598,-443.5653,140.1372,-177.5197,-1.1702,77.1567,6,0,0,0,0
Session_7,2026-01-26 17:03:51.373,32.942,-89.1686,-76.5243,-12.9669,-1.7207,88.7551,103.6800,-76.3692,-444.4529,139.0597,-178.5038,-0.8832,77.1530,6,0,0,0,0
Session_7,2026-01-26 17:03:51.472,33.041,-89.1694,-77.3550,-12.9666,0.1353,88.5697,103.6800,-76.5725,-446.3437,135.8692,-178.5662,0.1571,77.1549,6,0,0,0,0
Session_7,2026-01-26 17:03:51.554,33.123,-89.1715,-77.8262,-12.9669,-1.3390,88.3733,103.6869,-76.8576,-444.2378,129.6598,-177.9151,-1.6867,77.1412,6,0,0,0,0
Session_7,2026-01-26 17:03:51.645,33.214,-89.1705,-78.3604,-12.9670,0.6420,88.4111,103.6835,-76.7730,-446.3904,128.9489,-178.2941,-0.2901,77.1512,6,0,0,0,0
Session_7,2026-01-26 17:03:51.727,33.296,-89.1723,-78.8977,-12.9668,1.3197,88.6597,103.6855,-76.4783,-446.8644,125.9504,-178.5689,-0.2122,77.1459,6,0,0,0,0
Session_7,2026-01-26 17:03:51.801,33.370,-89.1772,-79.2365,-12.9661,1.9720,88.5457,103.6835,-76.6472,-447.4229,124.4637,-178.5324,0.1199,77.1437,6,0,0,0,0
Session_7,2026-01-26 17:03:51.876,33.445,-89.1876,-79.2358,-12.9651,1.9041,89.0984,103.6842,-76.0591,-447.3183,124.3409,-179.0538,-0.0751,77.1299,6,0,0,0,0
Session_7,2026-01-26 17:03:51.943,33.512,-89.2074,-79.2357,-12.9651,1.7722,89.5386,103.6855,-75.6818,-447.1234,124.1042,-179.4503,-0.3072,77.1073,6,0,0,0,0
Session_7,2026-01-26 17:03:52.010,33.579,-89.2971,-79.2356,-12.9651,1.7496,89.8743,103.6855,-75.9752,-446.9714,124.0623,-179.7712,-0.4087,77.0170,6,0,0,0,0
Session_7,2026-01-26 17:03:52.088,33.657,-89.5363,-79.2357,-12.9652,1.6212,90.1971,103.6869,-77.4499,-446.4893,123.8369,179.9457,-0.6099,76.7761,6,0,0,0,0
Session_7,2026-01-26 17:03:52.158,33.727,-89.8201,-79.2360,-12.9655,1.6514,90.8047,103.6800,-78.9238,-446.1345,123.8927,179.3482,-0.7248,76.5001,6,0,0,0,0
Session_7,2026-01-26 17:03:52.230,33.799,-90.0726,-79.2364,-12.9659,1.5910,91.2312,103.6780,-80.3716,-445.7081,123.7916,178.9483,-0.8850,76.2510,6,0,0,0,0
Session_7,2026-01-26 17:03:52.291,33.860,-90.2463,-79.2364,-12.9659,1.6747,91.3541,103.6759,-81.5734,-445.5660,123.9410,178.8090,-0.8327,76.0802,6,0,0,0,0
Session_7,2026-01-26 17:03:52.368,33.937,-90.3360,-79.2363,-12.9658,1.7022,91.6761,103.6780,-81.8810,-445.4740,124.0004,178.4896,-0.8821,75.9903,6,0,0,0,0
Session_7,2026-01-26 17:03:52.458,34.027,-90.3355,-79.2362,-12.9658,1.7207,91.5807,103.6787,-81.9930,-445.4969,124.0304,178.5779,-0.8414,75.9896,6,0,0,0,0
Session_7,2026-01-26 17:03:52.533,34.102,-90.3353,-79.2363,-12.9658,1.7592,91.4989,103.6759,-82.0908,-445.5436,124.0946,178.6482,-0.7847,75.9922,6,0,0,0,0
Session_7,2026-01-26 17:03:52.592,34.161,-90.3352,-79.2364,-12.9659,1.8011,91.3857,103.6780,-82.2276,-445.5942,124.1637,178.7485,-0.7174,75.9898,6,0,0,0,0
Session_7,2026-01-26 17:03:52.666,34.235,-90.3344,-79.2366,-12.9659,1.8478,91.1412,103.6759,-82.5179,-445.6505,124.2374,178.9750,-0.6145,75.9917,6,0,0,0,0
Session_7,2026-01-26 17:03:52.737,34.306,-90.3318,-79.2367,-12.9660,1.8361,90.9840,103.6766,-82.6883,-445.6387,124.2118,179.1306,-0.5889,75.9930,6,0,0,0,0
Session_7,2026-01-26 17:03:52.814,34.383,-90.3297,-79.2377,-12.9666,1.7633,90.8665,103.6766,-82.8139,-445.5501,124.0709,179.2623,-0.6335,75.9945,6,0,0,0,0
Session_7,2026-01-26 17:03:52.879,34.448,-90.3284,-79.2378,-12.9667,1.7729,90.9084,103.6807,-82.7529,-445.5640,124.0877,179.2194,-0.6342,75.9918,6,0,0,0,0
Session_7,2026-01-26 17:03:52.941,34.510,-90.3281,-79.2378,-12.9666,1.8292,90.8748,103.6745,-82.7923,-445.6332,124.1866,179.2387,-0.5713,75.9983,6,0,0,0,0
Session_7,2026-01-26 17:03:53.012,34.581,-90.3279,-79.2378,-12.9666,1.8917,90.9098,103.6766,-82.7484,-445.7102,124.2970,179.1899,-0.5189,75.9967,6,1,0,0,0
Session_7,2026-01-26 17:03:53.080,34.649,-90.3279,-79.2378,-12.9667,1.9048,90.9064,103.6780,-82.7527,-445.7260,124.3193,179.1902,-0.5055,75.9953,6,1,0,0,0
Session_7,2026-01-26 17:03:53.152,34.721,-90.3278,-79.2379,-12.9667,1.8629,90.9606,103.6752,-82.6862,-445.6752,124.2458,179.1474,-0.5592,75.9982,6,1,0,0,0
Session_7,2026-01-26 17:03:53.235,34.804,-90.3277,-79.2390,-12.9669,1.8436,90.9235,103.6773,-82.7303,-445.6504,124.2017,179.1883,-0.5704,75.9961,6,1,0,0,0
Session_7,2026-01-26 17:03:53.300,34.869,-90.3278,-79.2438,-12.9672,1.8539,90.9428,103.6794,-82.7076,-445.6593,124.1818,179.1684,-0.5699,75.9940,6,1,0,0,0
Session_7,2026-01-26 17:03:53.374,34.943,-90.3274,-79.2492,-12.9673,1.8587,90.8926,103.6780,-82.7651,-445.6615,124.1470,179.2173,-0.5586,75.9957,6,1,0,0,0
Session_7,2026-01-26 17:03:53.440,35.009,-90.3274,-79.2511,-12.9673,1.8677,90.9187,103.6766,-82.7337,-445.6711,124.1480,179.1902,-0.5580,75.9971,6,1,0,0,0
Session_7,2026-01-26 17:03:53.500,35.069,-90.3274,-79.2516,-12.9673,1.8443,90.9153,103.6745,-82.7375,-445.6422,124.1028,179.1992,-0.5804,75.9991,6,1,0,0,0
Session_7,2026-01-26 17:03:53.573,35.142,-90.3273,-79.2516,-12.9672,1.9260,90.8817,103.6842,-82.7783,-445.7421,124.2461,179.2126,-0.4931,75.9897,6,1,0,0,0
Session_7,2026-01-26 17:03:53.654,35.223,-90.3273,-79.2513,-12.9669,2.0441,90.8693,103.6759,-82.7939,-445.8867,124.4570,179.1965,-0.3747,75.9981,6,1,0,0,0
Session_7,2026-01-26 17:03:53.728,35.297,-90.3274,-79.2505,-12.9661,2.2186,90.9723,103.6828,-82.6710,-446.1009,124.7761,179.0549,-0.2281,75.9917,6,1,0,0,0
Session_7,2026-01-26 17:03:53.801,35.370,-90.3273,-79.2498,-12.9655,2.5887,90.9325,103.6869,-82.7216,-446.5488,125.4381,179.0057,0.1422,75.9876,6,1,0,0,0
Session_7,2026-01-26 17:03:53.874,35.443,-90.3275,-79.2287,-12.9595,2.8125,90.7684,103.6848,-82.9231,-446.8379,126.0237,179.1058,0.4248,75.9886,6,1,0,0,0
Session_7,2026-01-26 17:03:53.941,35.510,-90.3277,-79.2231,-12.9535,2.7486,90.7024,103.6848,-83.0046,-446.7725,125.9803,179.1822,0.3896,75.9882,6,1,0,0,0
Session_7,2026-01-26 17:03:54.023,35.592,-90.3277,-79.2007,-12.9487,2.9430,90.7093,103.6855,-82.9979,-447.0255,126.5226,179.1231,0.6032,75.9870,6,1,0,0,0
Session_7,2026-01-26 17:03:54.106,35.675,-90.3277,-79.0383,-12.9429,2.7967,90.5219,103.6897,-83.2250,-446.9662,127.5553,179.3000,0.6689,75.9822,6,1,0,0,0
Session_7,2026-01-26 17:03:54.179,35.748,-90.3277,-78.7860,-12.9428,2.1478,90.5905,103.6828,-83.1381,-446.3560,128.3728,179.3271,0.2674,75.9901,6,1,0,0,0
Session_7,2026-01-26 17:03:54.245,35.814,-90.3278,-78.5279,-12.9429,1.4701,90.8528,103.6883,-82.8166,-445.7041,129.1902,179.1716,-0.2024,75.9854,6,1,0,0,0
Session_7,2026-01-26 17:03:54.317,35.886,-90.3278,-78.1726,-12.9429,1.3376,90.8336,103.6821,-82.8402,-445.7591,131.7225,179.1375,0.0186,75.9916,6,1,0,0,0
Session_7,2026-01-26 17:03:54.392,35.961,-90.3277,-77.8725,-12.9384,1.9968,90.6111,103.6828,-83.1152,-446.7145,135.2513,179.1257,1.0076,75.9881,6,1,0,0,0
Session_7,2026-01-26 17:03:54.457,36.026,-90.3278,-77.3455,-12.9369,0.7471,90.7725,103.6814,-82.9131,-445.5002,137.1438,179.1395,0.2688,75.9919,6,1,0,0,0
Session_7,2026-01-26 17:03:54.522,36.091,-90.3278,-76.6261,-12.9369,0.1174,90.7141,103.6855,-82.9812,-445.0703,141.6232,179.1750,0.3698,75.9875,6,1,0,0,0
Session_7,2026-01-26 17:03:54.606,36.175,-90.3277,-75.4854,-12.9366,-0.0494,90.3241,103.6890,-83.4547,-445.2551,150.1945,179.3233,1.4084,75.9794,6,1,0,0,0
Session_7,2026-01-26 17:03:54.679,36.248,-90.3276,-74.1753,-12.9360,-0.3509,90.4580,103.6828,-83.2909,-445.1430,159.8454,178.9544,2.3575,75.9783,6,1,0,0,0
Session_7,2026-01-26 17:03:54.753,36.322,-90.3275,-72.7112,-12.9350,-1.0636,90.4230,103.6821,-83.3284,-444.3522,169.9283,178.8101,3.0967,75.9704,6,1,0,0,0
Session_7,2026-01-26 17:03:54.828,36.396,-90.3272,-70.7021,-12.9333,-2.5076,90.6331,103.6862,-83.0599,-442.3733,182.8532,178.4712,3.5976,75.9599,6,1,0,0,0
Session_7,2026-01-26 17:03:54.893,36.462,-90.3253,-68.7475,-12.9329,-3.7305,90.6351,103.6835,-83.0301,-440.2349,195.6674,178.2954,4.3083,75.9526,6,1,0,0,0
Session_7,2026-01-26 17:03:54.968,36.537,-90.3253,-66.1719,-12.9318,-4.5731,90.8199,103.6855,-82.7913,-437.5816,213.8533,177.7023,5.9491,75.9150,6,1,0,0,0
Session_7,2026-01-26 17:03:55.041,36.610,-90.3251,-63.6681,-12.9294,-5.4904,90.8350,103.6835,-82.7518,-434.1737,231.1935,177.3068,7.4888,75.8729,6,1,0,0,0
Session_7,2026-01-26 17:03:55.123,36.692,-90.3248,-60.7403,-12.9254,-8.0097,91.3493,103.6862,-82.0911,-427.9649,248.4498,176.7083,7.7677,75.8636,6,1,0,0,0
Session_7,2026-01-26 17:03:55.199,36.768,-90.3246,-58.4642,-12.9253,-8.8811,91.3575,103.6890,-82.0542,-423.5520,263.7020,176.3602,9.1297,75.8113,6,1,0,0,0
Session_7,2026-01-26 17:03:55.273,36.842,-90.3244,-56.6474,-12.9253,-8.8900,91.5937,103.6883,-81.7479,-420.2090,277.0842,175.6906,10.8289,75.7396,6,1,0,0,0
Session_7,2026-01-26 17:03:55.346,36.915,-90.3238,-55.4275,-12.9252,-8.6682,91.5717,103.6910,-81.7571,-417.9075,286.4557,175.3560,12.2330,75.6660,6,1,0,0,0
Session_7,2026-01-26 17:03:55.413,36.982,-90.3234,-54.5803,-12.9252,-8.4842,91.6143,103.6807,-81.6927,-416.2081,292.9984,175.0607,13.2243,75.6213,6,1,0,0,0
Session_7,2026-01-26 17:03:55.488,37.057,-90.3205,-53.7853,-12.9252,-8.8055,91.7530,103.6917,-81.4920,-414.1650,298.1251,174.8057,13.6500,75.5885,6,1,0,0,0
Session_7,2026-01-26 17:03:55.561,37.130,-90.3119,-52.9408,-12.9248,-8.5275,92.1423,103.6842,-80.9479,-412.3652,304.8015,174.1490,14.6482,75.5449,6,1,0,0,0
Session_7,2026-01-26 17:03:55.627,37.195,-90.3094,-52.0057,-12.9232,-8.5137,92.0695,103.6890,-81.0057,-410.0443,311.5519,173.9769,15.5863,75.4777,6,1,0,0,0
Session_7,2026-01-26 17:03:55.701,37.270,-90.3068,-50.7419,-12.9231,-8.9882,92.7493,103.6897,-80.1434,-406.4186,319.6323,173.1195,16.1916,75.4432,6,1,0,0,0
Session_7,2026-01-26 17:03:55.774,37.343,-90.2769,-49.3619,-12.9231,-9.2855,92.9965,103.6821,-79.6124,-402.4457,328.7875,172.6050,17.1836,75.4084,6,1,0,0,0
Session_7,2026-01-26 17:03:55.842,37.411,-90.2485,-48.0643,-12.9230,-9.4936,93.1469,103.6814,-79.2143,-398.5604,337.4475,172.1770,18.2041,75.3562,6,1,0,0,0
Session_7,2026-01-26 17:03:55.923,37.492,-90.2391,-46.5226,-12.9230,-9.5602,93.9997,103.6855,-78.0963,-393.7426,348.0395,170.9684,19.4325,75.2672,6,1,0,0,0
Session_7,2026-01-26 17:03:55.998,37.566,-90.2364,-45.0102,-12.9221,-9.6556,94.8360,103.6848,-77.0450,-388.7144,358.2530,169.7892,20.6099,75.1761,6,1,0,0,0
Session_7,2026-01-26 17:03:56.064,37.633,-90.2306,-43.6443,-12.9215,-9.4956,95.4142,103.6890,-76.2883,-384.0495,367.8674,168.8214,21.9516,75.0545,6,1,0,0,0
Session_7,2026-01-26 17:03:56.136,37.705,-90.2248,-41.8995,-12.9134,-9.4846,95.3236,103.6855,-76.3346,-377.7054,379.5255,168.4200,23.6785,74.8695,6,1,0,0,0
Session_7,2026-01-26 17:03:56.219,37.788,-90.2209,-39.6662,-12.9123,-9.6501,96.6797,103.6931,-74.6392,-368.9557,393.8986,166.5425,25.3621,74.6976,6,1,0,0,0
Session_7,2026-01-26 17:03:56.293,37.862,-90.1927,-37.5990,-12.9122,-10.0463,97.3286,103.6883,-73.6473,-360.3884,406.3099,165.4458,26.8272,74.5583,6,1,0,0,0
Session_7,2026-01-26 17:03:56.367,37.936,-90.1764,-35.3628,-12.9122,-11.5604,97.5009,103.6883,-73.3066,-350.5228,416.9959,165.0696,27.4844,74.4886,6,1,0,0,0
Session_7,2026-01-26 17:03:56.443,38.012,-90.1043,-33.3186,-12.9123,-12.9858,97.9836,103.7013,-72.2684,-341.2219,426.3761,164.4246,27.9672,74.4943,6,1,0,0,0
Session_7,2026-01-26 17:03:56.523,38.092,-89.9263,-31.0766,-12.9119,-12.8107,98.3675,103.6890,-70.7608,-330.9358,439.9607,163.3302,30.2123,74.3539,6,1,0,0,0
Session_7,2026-01-26 17:03:56.590,38.159,-89.5169,-29.2444,-12.9119,-13.0964,98.6030,103.6965,-68.1873,-322.4600,449.8234,162.6147,31.6445,74.5209,6,1,0,0,0
Session_7,2026-01-26 17:03:56.672,38.241,-88.0701,-26.7971,-12.9122,-13.6533,98.8776,103.7068,-60.1128,-311.6538,462.1615,161.7318,33.3953,75.6451,6,1,0,0,0
Session_7,2026-01-26 17:03:56.754,38.323,-85.7537,-24.5633,-12.9128,-15.1076,97.9033,103.7157,-49.4843,-302.4559,470.7654,162.3599,34.3594,77.7178,6,1,0,0,0
Session_7,2026-01-26 17:03:56.838,38.407,-83.0740,-23.0340,-12.9130,-15.9178,96.2615,103.7267,-38.2138,-296.7546,476.6911,163.6166,35.4172,80.1019,6,1,0,0,0
Session_7,2026-01-26 17:03:56.913,38.482,-80.8596,-22.3170,-12.9132,-16.7603,96.1125,103.7219,-27.4972,-294.3053,478.4844,163.8022,35.3321,82.3356,6,1,0,0,0
Session_7,2026-01-26 17:03:56.989,38.558,-78.4487,-22.2188,-12.9131,-17.2053,95.0894,103.7219,-16.3840,-295.0513,477.9306,164.8725,35.2340,84.7372,6,1,0,0,0
Session_7,2026-01-26 17:03:57.062,38.631,-75.8497,-22.2202,-12.9134,-19.7569,92.4225,103.7274,-6.0400,-296.5872,472.2996,168.2454,33.4018,87.6513,6,1,0,0,0
Session_7,2026-01-26 17:03:57.124,38.693,-73.9541,-22.2709,-12.9167,-23.3047,91.0540,103.7295,2.2189,-297.2204,464.4045,170.7209,30.2622,90.0996,6,1,0,0,0
Session_7,2026-01-26 17:03:57.193,38.762,-71.6239,-22.7155,-12.9620,-27.4878,91.8402,103.7206,15.6872,-298.0319,453.1193,171.3983,25.5780,93.1386,6,1,0,0,0
Session_7,2026-01-26 17:03:57.258,38.826,-69.9822,-23.6547,-12.9786,-27.3717,92.1986,103.7219,26.2511,-301.7678,448.5602,171.2984,24.6833,94.8961,6,1,0,0,0
Session_7,2026-01-26 17:03:57.324,38.893,-68.8520,-25.2362,-13.0298,-24.8284,91.9775,103.7260,35.0675,-309.3516,445.5494,171.2440,25.6134,95.9010,6,1,0,0,0
Session_7,2026-01-26 17:03:57.406,38.975,-68.2817,-27.8052,-13.0799,-21.6644,92.3627,103.7109,43.5220,-321.2261,438.2783,170.7245,26.0513,96.4342,6,1,0,0,0
Session_7,2026-01-26 17:03:57.475,39.044,-68.2905,-30.5121,-13.1036,-20.3982,91.4454,103.7260,47.2604,-333.7520,425.6646,172.0188,24.8510,96.5558,6,1,0,0,0
Session_7,2026-01-26 17:03:57.555,39.124,-68.2912,-33.5852,-13.1197,-18.8718,91.0581,103.7343,52.0488,-347.0596,410.8612,172.8313,23.4320,96.7150,6,1,0,0,0
Session_7,2026-01-26 17:03:57.637,39.206,-68.2931,-36.5509,-13.1322,-16.1835,89.8304,103.7185,55.6259,-360.1026,398.4213,174.0981,23.4431,96.7266,6,1,0,0,0
Session_7,2026-01-26 17:03:57.711,39.280,-68.3021,-39.0315,-13.1457,-16.5406,88.0932,103.7302,57.1576,-369.8019,382.0656,176.5570,21.0971,96.9681,6,1,0,0,0
Session_7,2026-01-26 17:03:57.793,39.362,-68.3078,-42.1228,-13.1730,-17.6111,88.3713,103.7199,61.3260,-379.4662,359.7611,177.4040,16.9767,97.3401,6,1,0,0,0
Session_7,2026-01-26 17:03:57.859,39.428,-68.3127,-44.6158,-13.2138,-17.2993,89.1080,103.7164,65.2169,-386.9186,343.6837,177.2607,14.6488,97.5023,6,1,0,0,0
Session_7,2026-01-26 17:03:57.942,39.511,-68.3507,-47.9587,-13.2727,-16.4369,88.5944,103.7240,68.2520,-396.9437,322.4654,178.3936,12.3075,97.6003,6,1,0,0,0
Session_7,2026-01-26 17:03:58.004,39.573,-68.4733,-50.6173,-13.3016,-15.3012,88.0561,103.7192,69.6852,-404.6557,306.1196,179.3005,10.9297,97.5571,6,1,0,0,0
Session_7,2026-01-26 17:03:58.075,39.644,-68.7119,-53.7137,-13.3152,-15.0911,87.3983,103.7254,69.8802,-411.9635,284.5709,-179.3544,8.2708,97.4302,6,1,0,0,0
Session_7,2026-01-26 17:03:58.143,39.712,-69.2895,-56.5122,-13.3249,-14.4044,87.4992,103.7068,67.9785,-418.2665,265.6837,-178.9395,6.1865,96.9352,6,1,0,0,0
Session_7,2026-01-26 17:03:58.206,39.775,-70.1143,-58.9790,-13.3264,-13.8771,87.6324,103.7212,63.6401,-423.3975,248.6703,-178.6066,4.2699,96.1375,6,1,0,0,0
Session_7,2026-01-26 17:03:58.280,39.849,-71.3414,-61.6162,-13.3287,-12.1907,87.9105,103.7240,56.5843,-429.6085,232.2858,-178.6501,3.2782,94.9210,6,1,0,0,0
Session_7,2026-01-26 17:03:58.354,39.923,-72.4419,-63.5716,-13.3275,-11.3503,87.5624,103.7260,48.8326,-433.6281,219.2676,-178.0473,2.2790,93.8336,6,1,0,0,0
Session_7,2026-01-26 17:03:58.437,40.006,-73.2265,-65.5773,-13.3282,-10.4748,87.7766,103.7260,43.9142,-436.7526,205.7825,-177.9871,1.1295,93.0553,6,1,0,0,0
Session_7,2026-01-26 17:03:58.527,40.096,-73.4026,-67.7553,-13.3279,-7.8930,87.0982,103.7260,43.0351,-441.3187,193.9529,-177.4237,1.6828,92.8833,6,1,0,0,0
Session_7,2026-01-26 17:03:58.591,40.160,-73.3600,-69.2929,-13.3277,-6.0418,86.8552,103.7219,43.8928,-444.0859,185.5607,-177.2618,2.0452,92.9303,6,1,0,0,0
Session_7,2026-01-26 17:03:58.673,40.242,-73.3542,-71.0755,-13.3278,-6.2265,86.2029,103.7171,43.2369,-444.4946,171.6474,-176.1618,0.2879,92.9592,6,1,0,0,0
Session_7,2026-01-26 17:03:58.739,40.308,-73.3517,-72.3876,-13.3280,-6.2945,87.1168,103.7178,44.3002,-444.1218,161.4283,-176.7228,-1.2694,92.9448,6,1,0,0,0
Session_7,2026-01-26 17:03:58.812,40.381,-73.3489,-73.5888,-13.3273,-6.0123,88.1069,103.7247,45.5264,-443.9587,152.6746,-177.4662,-2.3957,92.9218,6,1,0,0,0
Session_7,2026-01-26 17:03:58.881,40.450,-73.3177,-74.8417,-13.3276,-5.7472,88.8327,103.7178,46.6030,-443.6553,143.5107,-177.9363,-3.5279,92.9408,6,1,0,0,0
Session_7,2026-01-26 17:03:58.955,40.524,-73.3168,-75.8629,-13.3278,-5.1183,88.8828,103.7178,46.7812,-444.0137,136.7431,-177.8916,-3.9210,92.9352,6,1,0,0,0
Session_7,2026-01-26 17:03:59.037,40.606,-73.3082,-76.8824,-13.3276,-3.9983,89.0813,103.7192,47.3488,-444.8396,130.7914,-178.1081,-3.8703,92.9424,6,1,0,0,0
Session_7,2026-01-26 17:03:59.110,40.679,-73.2843,-77.6798,-13.3277,-2.6237,88.7386,103.7212,47.5172,-446.2072,126.9743,-177.9127,-3.2283,92.9756,6,1,0,0,0
Session_7,2026-01-26 17:03:59.173,40.741,-73.2719,-78.1219,-13.3276,-1.8450,88.6061,103.7226,47.6682,-446.9354,124.8853,-177.8640,-2.8699,92.9921,6,1,0,0,0
Session_7,2026-01-26 17:03:59.261,40.830,-73.1456,-78.9983,-13.3274,-1.0609,88.7881,103.7240,48.9725,-447.1209,119.4463,-178.0187,-3.0023,93.1144,6,1,0,0,0
Session_7,2026-01-26 17:03:59.340,40.909,-72.8170,-79.5728,-13.3276,-1.6205,90.9551,103.7233,53.6831,-444.8796,114.0751,-179.8531,-4.6182,93.4161,6,1,0,0,0
Session_7,2026-01-26 17:03:59.414,40.983,-72.3939,-79.6634,-13.3276,-2.9663,91.9233,103.7226,57.5042,-442.2840,111.1955,179.5500,-6.2429,93.8079,6,1,0,0,0
Session_7,2026-01-26 17:03:59.490,41.059,-72.1354,-79.6635,-13.3276,-3.3289,93.4840,103.7171,61.1472,-440.9682,110.6953,178.1194,-6.9650,94.0696,6,1,0,0,0
Session_7,2026-01-26 17:03:59.558,41.127,-72.1275,-79.6636,-13.3276,-2.6326,94.2414,103.7192,62.3785,-441.6036,111.8892,177.2160,-6.4684,94.1023,6,1,0,0,0
Session_7,2026-01-26 17:03:59.624,41.193,-72.1317,-79.6638,-13.3277,-2.5852,93.9310,103.7178,62.0077,-441.7827,111.9380,177.5064,-6.3491,94.0973,6,1,0,0,0
Session_7,2026-01-26 17:03:59.699,41.268,-72.1351,-79.6636,-13.3276,-3.0755,93.2046,103.7164,60.9346,-441.4058,111.0857,178.3302,-6.6528,94.0756,6,1,0,0,0
Session_7,2026-01-26 17:03:59.775,41.344,-72.1354,-79.6636,-13.3277,-3.9537,93.1476,103.7199,60.4889,-440.2539,109.6639,178.5972,-7.4923,94.0456,6,1,0,0,0
Session_7,2026-01-26 17:03:59.850,41.419,-72.1365,-79.6637,-13.3277,-4.9370,92.9766,103.7178,59.8515,-438.9796,108.0877,179.0006,-8.4066,94.0128,6,1,0,0,0
Session_7,2026-01-26 17:03:59.925,41.494,-72.1433,-79.6640,-13.3281,-5.7095,92.9052,103.7151,59.3726,-437.9427,106.8665,179.2570,-9.1404,93.9800,6,1,0,0,0
Session_7,2026-01-26 17:04:00.000,41.569,-72.1433,-79.6639,-13.3276,-5.2762,91.2160,103.7226,57.6144,-439.1628,107.4747,-179.2061,-8.3185,93.9885,6,1,0,0,0
Session_7,2026-01-26 17:04:00.073,41.642,-72.1434,-79.6641,-13.3278,-5.7781,89.9073,103.7206,55.8768,-438.9493,106.6725,-177.8145,-8.4959,93.9808,6,1,0,0,0
Session_7,2026-01-26 17:04:00.147,41.715,-72.1454,-79.6644,-13.3280,-6.1626,89.4733,103.7226,55.1865,-438.5734,106.0752,-177.2998,-8.7667,93.9671,6,1,0,0,0
Session_7,2026-01-26 17:04:00.247,41.816,-72.1455,-79.6660,-13.3285,-7.3869,89.5605,103.7226,54.7248,-436.7971,104.1851,-177.0855,-9.9778,93.9173,6,1,0,0,0
Session_7,2026-01-26 17:04:00.328,41.897,-72.1455,-79.7089,-13.3302,-7.7680,89.8098,103.7171,54.8208,-436.1074,103.2772,-177.2239,-10.4503,93.9015,6,1,0,0,0
Session_7,2026-01-26 17:04:00.434,42.003,-72.1456,-79.9424,-13.3300,-6.8136,89.7762,103.7157,55.1460,-437.2537,102.9603,-177.3679,-9.7424,93.9341,6,1,0,0,0
Session_7,2026-01-26 17:04:00.575,42.144,-72.1604,-80.8868,-13.3284,-5.7458,89.8503,103.7144,55.2826,-437.7489,97.4514,-177.4706,-9.6388,93.9250,6,1,0,0,0
Session_7,2026-01-26 17:04:00.695,42.264,-72.2183,-80.9418,-13.3184,-4.1075,89.7961,103.7199,55.5023,-440.0860,99.6121,-177.8041,-8.0790,93.9216,6,1,0,0,0
Session_7,2026-01-26 17:04:00.763,42.331,-72.2188,-80.9417,-13.3184,-4.6548,89.7988,103.7212,55.2575,-439.3227,98.7594,-177.6740,-8.6107,93.9005,6,1,0,0,0
Session_7,2026-01-26 17:04:00.840,42.409,-72.2245,-80.9417,-13.3184,-4.7887,89.7425,103.7178,55.0884,-439.1611,98.5514,-177.5874,-8.7276,93.8940,6,1,0,0,0
Session_7,2026-01-26 17:04:00.923,42.492,-72.2244,-80.9419,-13.3185,-4.9789,89.7356,103.7185,54.9953,-438.8955,98.2553,-177.5344,-8.9108,93.8863,6,1,0,0,0
Session_7,2026-01-26 17:04:00.990,42.559,-72.2244,-80.9416,-13.3184,-5.4163,89.7679,103.7226,54.8340,-438.2651,97.5841,-177.4587,-9.3425,93.8649,6,1,0,0,0
Session_7,2026-01-26 17:04:01.073,42.642,-72.2246,-80.9319,-13.3146,-5.5069,89.8105,103.7199,54.8463,-438.1376,97.5351,-177.4816,-9.4276,93.8641,6,1,0,0,0
Session_7,2026-01-26 17:04:01.142,42.711,-72.2244,-80.9303,-13.3144,-5.4939,89.8572,103.7144,54.9079,-438.1408,97.5675,-177.5314,-9.4245,93.8699,6,1,0,0,0
Session_7,2026-01-26 17:04:01.203,42.772,-72.2243,-80.9293,-13.3132,-5.0777,90.0357,103.7233,55.3054,-438.6674,98.2207,-177.8050,-9.0603,93.8756,6,1,0,0,0
Session_7,2026-01-26 17:04:01.285,42.854,-72.2258,-80.8564,-13.3004,-5.4959,90.5665,103.7260,55.7493,-437.9824,98.1877,-178.2384,-9.5089,93.8538,6,1,0,0,0
Session_7,2026-01-26 17:04:01.369,42.938,-72.2267,-80.7887,-13.2947,-5.3400,90.7182,103.7137,56.0160,-438.2324,98.9671,-178.4436,-9.3227,93.8735,6,1,0,0,0
Session_7,2026-01-26 17:04:01.455,43.024,-72.2270,-80.3296,-13.2915,-7.1919,90.6763,103.7164,55.2781,-436.1043,99.6335,-178.0628,-10.6614,93.8118,6,1,0,0,0
Session_7,2026-01-26 17:04:01.530,43.099,-72.2273,-79.8638,-13.2918,-7.5524,90.2973,103.7206,54.8294,-436.2180,102.5992,-177.7202,-10.4694,93.8154,6,1,0,0,0
Session_7,2026-01-26 17:04:01.606,43.175,-72.2265,-79.8119,-13.2934,-7.2372,90.2211,103.7212,54.9097,-436.7509,103.4598,-177.7357,-10.0967,93.8322,6,1,0,0,0
Session_7,2026-01-26 17:04:01.680,43.249,-72.2280,-79.8126,-13.2941,-7.5545,90.5610,103.7164,55.1437,-436.1678,102.9745,-177.9882,-10.4867,93.8186,6,1,0,0,0
Session_7,2026-01-26 17:04:01.747,43.316,-72.2279,-79.8136,-13.2945,-7.7406,90.6434,103.7233,55.1529,-435.8663,102.6865,-178.0208,-10.6879,93.8026,6,1,0,0,0
Session_7,2026-01-26 17:04:01.813,43.382,-72.2279,-79.8155,-13.2944,-7.0821,90.8041,103.7192,55.6421,-436.7551,103.6703,-178.3384,-10.0888,93.8345,6,1,0,0,0
Session_7,2026-01-26 17:04:01.882,43.451,-72.2278,-79.8166,-13.2946,-7.1803,91.0032,103.7206,55.8278,-436.5395,103.5154,-178.5070,-10.2326,93.8277,6,1,0,0,0
Session_7,2026-01-26 17:04:01.964,43.533,-72.2294,-79.8371,-13.2958,-7.9575,90.9606,103.7240,55.3982,-435.4093,102.1832,-178.2689,-10.9977,93.7867,6,1,0,0,0
Session_7,2026-01-26 17:04:02.041,43.610,-72.2295,-79.9265,-13.3215,-8.7685,91.5010,103.7178,55.5976,-433.8854,100.2117,-178.5657,-12.0245,93.7437,6,1,0,0,0
Session_7,2026-01-26 17:04:02.108,43.677,-72.2295,-80.1948,-13.3213,-8.0070,91.5759,103.7226,55.9499,-434.6884,99.3247,-178.7594,-11.5634,93.7633,6,1,0,0,0
Session_7,2026-01-26 17:04:02.176,43.745,-72.2295,-80.6111,-13.3203,-7.0512,91.7125,103.7199,56.4075,-435.5741,97.6244,-179.0259,-11.0714,93.7915,6,1,0,0,0
Session_7,2026-01-26 17:04:02.270,43.839,-72.2367,-80.7498,-13.3177,-6.1572,91.4880,103.7549,56.4584,-436.8025,97.9303,-178.9876,-10.2820,93.7842,6,1,0,0,0
Session_7,2026-01-26 17:04:02.354,43.923,-72.2382,-80.7502,-13.3181,-6.2718,91.7516,104.6915,56.6990,-436.5422,97.7603,-179.0425,-10.4425,92.8243,6,1,0,0,0
Session_7,2026-01-26 17:04:02.435,44.004,-72.2385,-80.7501,-13.3179,-6.3460,91.5347,104.6674,56.4116,-436.5153,97.6424,-178.8179,-10.4593,92.8460,6,1,0,0,0
Session_7,2026-01-26 17:04:02.513,44.082,-72.2387,-80.7500,-13.3177,-6.3707,91.6294,104.6805,56.5087,-436.4459,97.6099,-178.9007,-10.5066,92.8309,6,1,0,0,0
Session_7,2026-01-26 17:04:02.597,44.166,-72.2476,-80.7497,-13.3170,-6.1043,91.8368,104.6942,56.8034,-436.7634,98.0265,-179.1686,-10.3007,92.8198,6,1,0,0,0
Session_7,2026-01-26 17:04:02.672,44.241,-72.2748,-80.7464,-13.3120,-5.9738,91.8059,104.6592,56.6234,-437.0002,98.2708,-179.1814,-10.1592,92.8347,6,1,0,0,0
Session_7,2026-01-26 17:04:02.741,44.310,-72.3251,-80.7439,-13.3109,-5.7541,91.7702,104.6551,56.3005,-437.3806,98.6285,-179.2058,-9.9345,92.7989,6,1,0,0,0
Session_7,2026-01-26 17:04:02.805,44.374,-72.3571,-80.7439,-13.3110,-5.7658,91.8938,104.6523,56.1932,-437.3506,98.6148,-179.3227,-9.9771,92.7687,6,1,0,0,0
Session_7,2026-01-26 17:04:02.875,44.444,-72.3879,-80.7434,-13.3109,-5.7033,91.9617,104.6530,56.0656,-437.4461,98.7181,-179.4048,-9.9332,92.7399,6,1,0,0,0
Session_7,2026-01-26 17:04:02.943,44.512,-72.4185,-80.7434,-13.3109,-5.4087,91.9054,104.6489,55.8993,-437.9145,99.1680,-179.4277,-9.6343,92.7266,6,1,0,0,0
Session_7,2026-01-26 17:04:03.028,44.597,-72.4229,-80.7433,-13.3109,-5.2673,91.8780,104.6516,55.8971,-438.1288,99.3851,-179.4375,-9.4907,92.7256,6,1,0,0,0
Session_7,2026-01-26 17:04:03.104,44.673,-72.4248,-80.7434,-13.3111,-5.4719,91.8622,104.6551,55.7724,-437.8463,99.0679,-179.3683,-9.6847,92.7114,6,1,0,0,0
Session_7,2026-01-26 17:04:03.186,44.755,-72.4250,-80.7433,-13.3110,-4.8463,92.1348,103.6979,56.3663,-438.6307,100.0478,-179.9487,-9.1509,93.7068,6,1,0,0,0
Session_7,2026-01-26 17:04:03.263,44.832,-72.4266,-80.7426,-13.3107,-4.9452,91.6994,104.2548,55.8065,-438.6513,99.8828,-179.4125,-9.1377,93.1380,6,1,0,0,0
Session_7,2026-01-26 17:04:03.329,44.898,-72.4289,-80.7427,-13.3109,-5.0839,91.6679,104.2589,55.6905,-438.4696,99.6657,-179.3461,-9.2643,93.1260,6,1,0,0,0
Session_7,2026-01-26 17:04:03.396,44.965,-72.4325,-80.7385,-13.3104,-4.9679,91.3451,104.2644,55.3427,-438.7582,99.8691,-179.0631,-9.0679,93.1228,6,1,0,0,0
Session_7,2026-01-26 17:04:03.471,45.040,-72.4521,-80.7343,-13.3098,-4.9816,91.1357,104.2603,54.9458,-438.8390,99.8766,-178.8587,-9.0251,93.1079,6,1,0,0,0
Session_7,2026-01-26 17:04:03.556,45.125,-72.4626,-80.7293,-13.3074,-4.5030,91.0904,104.2575,55.0273,-439.5446,100.6696,-178.9378,-8.5433,93.1191,6,1,0,0,0
Session_7,2026-01-26 17:04:03.640,45.209,-72.4625,-80.6744,-13.3020,-4.1178,91.3918,104.1813,55.5669,-440.0369,101.7231,-179.3528,-8.1868,93.2114,6,1,0,0,0
Session_7,2026-01-26 17:04:03.723,45.292,-72.4655,-80.3601,-13.3021,-4.1425,90.9544,104.2170,55.1303,-440.4897,104.0667,-178.9964,-7.7986,93.1840,6,1,0,0,0
Session_7,2026-01-26 17:04:03.806,45.375,-72.4656,-79.7869,-13.3025,-4.5875,90.4710,104.2355,54.5554,-440.6200,107.7210,-178.5576,-7.5557,93.1720,6,1,0,0,0
Session_7,2026-01-26 17:04:03.882,45.451,-72.4717,-79.4590,-13.3025,-4.1700,90.2012,104.1950,54.4723,-441.5974,110.8864,-178.4873,-6.7682,93.2317,6,1,0,0,0
Session_7,2026-01-26 17:04:03.958,45.527,-72.4719,-79.2884,-13.3032,-4.2201,90.4498,103.8860,54.7847,-441.5909,112.1073,-178.7943,-6.7197,93.5445,6,1,0,0,0
Session_7,2026-01-26 17:04:04.036,45.605,-72.4745,-79.2886,-13.3033,-4.3080,90.1758,104.1799,54.4102,-441.5744,111.9629,-178.4723,-6.7317,93.2451,6,1,0,0,0
Session_7,2026-01-26 17:04:04.116,45.685,-72.5149,-79.2887,-13.3037,-4.7166,90.1078,104.2074,53.8457,-441.0826,111.3063,-178.3013,-7.1107,93.1653,6,1,0,0,0
Session_7,2026-01-26 17:04:04.190,45.758,-72.5489,-79.2890,-13.3040,-5.0420,90.3605,106.2467,53.7362,-440.5775,110.7866,-178.1978,-7.4292,91.0633,6,1,0,0,0
Session_7,2026-01-26 17:04:04.259,45.828,-72.5825,-79.2897,-13.3046,-5.4630,90.7958,108.2771,53.7993,-439.8708,110.1186,-178.2124,-7.8976,88.9609,6,1,0,0,0
Session_7,2026-01-26 17:04:04.335,45.904,-72.6029,-79.2913,-13.3062,-5.8104,90.2911,110.5740,52.9066,-439.5865,109.5480,-177.2985,-7.9703,86.6135,6,1,0,0,0
Session_7,2026-01-26 17:04:04.410,45.979,-72.6443,-79.2918,-13.3067,-5.7664,90.0172,110.3817,52.2902,-439.7836,109.6102,-177.0845,-7.8438,86.7728,6,1,0,0,0
Session_7,2026-01-26 17:04:04.485,46.054,-72.6801,-79.2939,-13.3203,-6.1015,90.3138,110.5307,52.2060,-439.2191,109.0117,-177.2155,-8.2682,86.5640,6,1,0,0,0
Session_7,2026-01-26 17:04:04.561,46.130,-72.6841,-79.2962,-13.3208,-6.3013,90.3619,110.5692,52.1427,-438.9224,108.6817,-177.1821,-8.4726,86.5097,6,1,0,0,0
Session_7,2026-01-26 17:04:04.627,46.196,-72.6960,-79.2982,-13.3220,-6.7381,89.9746,110.7230,51.4104,-438.4529,107.9845,-176.6389,-8.7388,86.3263,6,1,0,0,0
Session_7,2026-01-26 17:04:04.703,46.272,-72.7108,-79.3061,-13.3252,-7.3457,90.2582,110.5891,51.3521,-437.4859,106.9792,-176.7009,-9.4245,86.4056,6,1,0,0,0
Session_7,2026-01-26 17:04:04.778,46.346,-72.7109,-79.3272,-13.3616,-7.8442,90.6873,110.5664,51.6013,-436.5369,105.9098,-176.9039,-10.0958,86.3858,6,1,0,0,0
Session_7,2026-01-26 17:04:04.842,46.411,-72.7107,-79.3387,-13.4359,-7.6465,91.2305,110.4881,52.2808,-436.5006,105.8138,-177.4653,-10.1852,86.4630,6,1,0,0,0
Session_7,2026-01-26 17:04:04.909,46.478,-72.7106,-79.3462,-13.5720,-6.7992,91.2737,110.6385,52.6418,-437.4797,106.4619,-177.7342,-9.5367,86.3536,6,1,0,0,0
Session_7,2026-01-26 17:04:04.982,46.551,-72.7106,-79.3675,-13.7827,-6.7985,91.5662,110.5733,52.8720,-437.0251,105.4014,-177.9347,-9.8580,86.4017,6,1,0,0,0
Session_7,2026-01-26 17:04:05.056,46.625,-72.7107,-79.4352,-14.4513,-5.8859,91.3602,110.2554,52.6848,-437.2691,103.3929,-177.8600,-9.6330,86.7373,6,1,0,0,0
Session_7,2026-01-26 17:04:05.124,46.693,-72.7114,-79.4348,-15.4565,-3.8054,90.8940,110.3522,52.5488,-438.7506,102.2470,-177.7909,-8.4606,86.7050,6,1,0,0,0
Session_7,2026-01-26 17:04:05.209,46.778,-72.7112,-79.4329,-16.4943,-2.3119,91.1488,110.3590,52.9624,-439.0355,100.0952,-178.1908,-8.1205,86.7186,6,1,0,0,0
Session_7,2026-01-26 17:04:05.274,46.843,-72.7117,-79.4191,-16.9323,-2.8805,91.7976,110.4476,53.2382,-437.2863,97.4355,-178.4304,-9.2730,86.5682,6,1,0,0,0
Session_7,2026-01-26 17:04:05.357,46.926,-72.7118,-79.4096,-16.9551,-2.3270,91.2621,111.0114,52.8498,-438.2269,98.2510,-178.0378,-8.5618,86.0340,6,1,0,0,0
Session_7,2026-01-26 17:04:05.423,46.992,-72.7118,-79.4099,-16.9556,-2.2440,91.2531,110.8548,52.8754,-438.3448,98.3752,-178.0829,-8.4873,86.1968,6,1,0,0,0
Session_7,2026-01-26 17:04:05.497,47.066,-72.7117,-79.4099,-16.9556,-2.7898,91.6308,110.9942,53.0751,-437.4440,97.5381,-178.2138,-9.1266,86.0209,6,1,0,0,0
Session_7,2026-01-26 17:04:05.556,47.125,-72.7117,-79.4099,-16.9558,-2.8853,91.6370,110.9887,53.0405,-437.3068,97.3902,-178.1854,-9.2180,86.0209,6,1,0,0,0
Session_7,2026-01-26 17:04:05.628,47.197,-72.7117,-79.4101,-16.9559,-2.9045,91.4159,110.9008,52.7759,-437.3576,97.3512,-177.9863,-9.1602,86.1114,6,1,0,0,0
Session_7,2026-01-26 17:04:05.703,47.272,-72.7117,-79.4105,-16.9564,-3.1290,91.4722,110.8527,52.7416,-437.0183,97.0020,-177.9642,-9.3922,86.1461,6,1,0,0,0
Session_7,2026-01-26 17:04:05.767,47.336,-72.7115,-79.4110,-16.9569,-3.2932,91.5374,110.9049,52.7453,-436.7603,96.7460,-177.9559,-9.5675,86.0825,6,1,0,0,0
Session_7,2026-01-26 17:04:05.843,47.412,-72.7114,-79.4116,-16.9574,-3.4717,91.6040,111.0992,52.7437,-436.4803,96.4678,-177.9186,-9.7517,85.8737,6,1,0,0,0
Session_7,2026-01-26 17:04:05.925,47.494,-72.7111,-79.4125,-16.9581,-3.6378,91.6116,110.9763,52.6805,-436.2375,96.2050,-177.8850,-9.9151,85.9880,6,1,0,0,0
Session_7,2026-01-26 17:04:05.990,47.559,-72.7110,-79.4135,-16.9590,-3.7724,91.6376,110.9516,52.6503,-436.0323,95.9886,-177.8633,-10.0526,86.0041,6,1,0,0,0
Session_7,2026-01-26 17:04:06.065,47.634,-72.7109,-79.4167,-16.9604,-3.6962,91.5683,110.9283,52.6030,-436.1600,96.0723,-177.8291,-9.9620,86.0334,6,1,0,0,0
Session_7,2026-01-26 17:04:06.147,47.716,-72.7109,-79.4214,-16.9784,-3.6612,91.5717,110.9550,52.6113,-436.1725,96.0132,-177.8322,-9.9507,86.0070,6,1,0,0,0
Session_7,2026-01-26 17:04:06.222,47.791,-72.7111,-79.4250,-17.0243,-3.6083,91.5889,110.9207,52.6270,-436.1589,95.8702,-177.8555,-9.9549,86.0416,6,1,0,0,0
Session_7,2026-01-26 17:04:06.305,47.873,-72.7110,-79.4252,-17.0255,-3.6159,91.5855,110.9022,52.6196,-436.1467,95.8514,-177.8522,-9.9628,86.0600,6,1,0,0,0
Session_7,2026-01-26 17:04:06.379,47.948,-72.7110,-79.4256,-17.0263,-3.6289,91.6054,110.9193,52.6360,-436.1192,95.8262,-177.8625,-9.9825,86.0413,6,1,0,0,0
Session_7,2026-01-26 17:04:06.444,48.013,-72.7112,-79.4256,-17.0265,-3.6049,91.6054,110.9777,52.6456,-436.1534,95.8616,-177.8611,-9.9581,85.9835,6,1,0,0,0
Session_7,2026-01-26 17:04:06.510,48.079,-72.7110,-79.4259,-17.0269,-3.5877,91.5875,110.9578,52.6335,-436.1833,95.8836,-177.8540,-9.9371,86.0052,6,1,0,0,0
Session_7,2026-01-26 17:04:06.576,48.145,-72.7110,-79.4261,-17.0271,-3.6097,91.5772,110.9564,52.6112,-436.1548,95.8472,-177.8364,-9.9544,86.0052,6,1,0,0,0
Session_7,2026-01-26 17:04:06.644,48.212,-72.7108,-79.4267,-17.0276,-3.5966,91.5662,111.0072,52.6056,-436.1757,95.8603,-177.8217,-9.9373,85.9548,6,1,0,0,0
Session_7,2026-01-26 17:04:06.726,48.295,-72.7108,-79.4268,-17.0278,-3.5658,91.5683,111.0402,52.6214,-436.2188,95.9054,-177.8291,-9.9084,85.9233,6,1,0,0,0
Session_7,2026-01-26 17:04:06.808,48.377,-72.7110,-79.4271,-17.0281,-3.5870,91.5656,110.9983,52.6074,-436.1885,95.8695,-177.8258,-9.9293,85.9643,6,1,0,0,0
Session_7,2026-01-26 17:04:06.876,48.445,-72.7109,-79.4271,-17.0282,-3.5719,91.5683,111.1116,52.6178,-436.2088,95.8916,-177.8141,-9.9121,85.8503,6,1,0,0,0
Session_7,2026-01-26 17:04:06.939,48.508,-72.7110,-79.4271,-17.0281,-3.5589,91.6006,111.4206,52.6602,-436.2164,95.9136,-177.7951,-9.8997,85.5372,6,1,0,0,0
Session_7,2026-01-26 17:04:07.007,48.576,-72.7114,-79.4271,-17.0281,-3.4415,91.5965,111.9321,52.7051,-436.3862,96.0924,-177.7473,-9.7695,85.0257,6,1,0,0,0
Session_7,2026-01-26 17:04:07.074,48.643,-72.7113,-79.4270,-17.0280,-3.4696,91.5848,112.0983,52.6801,-436.3504,96.0507,-177.6972,-9.7843,84.8557,6,1,0,0,0
Session_7,2026-01-26 17:04:07.156,48.725,-72.7109,-79.4270,-17.0280,-3.3810,91.5690,112.1786,52.7039,-436.4822,96.1851,-177.7031,-9.6933,84.7807,6,1,0,0,0
Session_7,2026-01-26 17:04:07.233,48.802,-72.7109,-79.4269,-17.0279,-3.4003,91.5697,112.1999,52.6960,-436.4547,96.1568,-177.6927,-9.7103,84.7578,6,1,0,0,0
Session_7,2026-01-26 17:04:07.323,48.892,-72.7113,-79.4223,-17.0250,-3.4428,91.6933,111.9315,52.8205,-436.3608,96.1433,-177.8395,-9.7995,85.0255,6,1,0,0,0
Session_7,2026-01-26 17:04:07.406,48.975,-72.7113,-79.4157,-17.0238,-3.2259,91.6212,112.0743,52.8361,-436.7056,96.5282,-177.8351,-9.5592,84.8963,6,1,0,0,0
Session_7,2026-01-26 17:04:07.472,49.041,-72.7113,-79.4126,-17.0196,-2.9258,91.5312,112.5865,52.8684,-437.1743,97.0280,-177.7874,-9.2219,84.3984,6,1,0,0,0
Session_7,2026-01-26 17:04:07.555,49.124,-72.7113,-79.3733,-17.0137,-3.1943,91.6040,112.5673,52.8513,-436.8224,96.9402,-177.7696,-9.4561,84.4025,6,1,0,0,0
Session_7,2026-01-26 17:04:07.629,49.198,-72.7122,-79.2843,-17.0137,-3.5143,91.5312,112.5302,52.6496,-436.4943,97.1186,-177.6178,-9.6426,84.4252,6,1,0,0,0
Session_7,2026-01-26 17:04:07.690,49.259,-72.7119,-79.2778,-17.0140,-3.4998,91.4735,112.5934,52.5934,-436.5418,97.1864,-177.5621,-9.5989,84.3638,6,1,0,0,0
Session_7,2026-01-26 17:04:07.760,49.329,-72.7118,-79.2776,-17.0138,-3.3117,91.6521,112.6105,52.8847,-436.7471,97.4836,-177.7980,-9.4931,84.3560,6,1,0,0,0
Session_7,2026-01-26 17:04:07.825,49.394,-72.7117,-79.2715,-17.0136,-3.4531,91.6864,113.0095,52.8645,-436.5406,97.3143,-177.7086,-9.6150,83.9424,6,1,0,0,0
Session_7,2026-01-26 17:04:07.891,49.460,-72.7116,-79.2526,-17.0130,-4.0636,91.8107,113.1983,52.7442,-435.6441,96.5331,-177.5508,-10.1981,83.7078,6,1,0,0,0
Session_7,2026-01-26 17:04:07.957,49.526,-72.7117,-79.2514,-17.0137,-3.4442,91.5340,112.9353,52.6987,-436.6300,97.4744,-177.5928,-9.5321,84.0219,6,1,0,0,0
Session_7,2026-01-26 17:04:08.022,49.591,-72.7116,-79.2517,-17.0140,-3.0521,91.4626,112.8763,52.7897,-437.2112,98.0717,-177.6891,-9.1459,84.1075,6,1,0,0,0
Session_7,2026-01-26 17:04:08.105,49.674,-72.7116,-79.2535,-17.0160,-4.2517,91.9027,112.4176,52.7644,-435.3339,96.2322,-177.7005,-10.4425,84.4854,6,1,0,0,0
Session_7,2026-01-26 17:04:08.178,49.747,-72.7113,-79.2536,-17.0160,-4.2874,91.8780,112.4767,52.7224,-435.2905,96.1766,-177.6527,-10.4637,84.4236,6,1,0,0,0
Session_7,2026-01-26 17:04:08.243,49.812,-72.7115,-79.2541,-17.0163,-4.3396,91.8272,112.4801,52.6381,-435.2321,96.0911,-177.5844,-10.4930,84.4169,6,1,0,0,0
Session_7,2026-01-26 17:04:08.308,49.877,-72.7113,-79.2564,-17.0171,-4.3966,91.7956,112.4629,52.5756,-435.1566,95.9834,-177.5347,-10.5370,84.4307,6,1,0,0,0
Session_7,2026-01-26 17:04:08.384,49.953,-72.7113,-79.2623,-17.0182,-4.4501,91.8333,112.5117,52.5925,-435.0567,95.8544,-177.5364,-10.6052,84.3761,6,1,0,0,0
Session_7,2026-01-26 17:04:08.459,50.027,-72.7113,-79.2628,-17.0186,-4.4550,91.8354,112.5378,52.5921,-435.0479,95.8419,-177.5312,-10.6101,84.3491,6,1,0,0,0
Session_7,2026-01-26 17:04:08.524,50.093,-72.7115,-79.2628,-17.0186,-4.4117,91.8581,112.5858,52.6371,-435.1028,95.9081,-177.5602,-10.5768,84.3029,6,1,0,0,0
Session_7,2026-01-26 17:04:08.599,50.167,-72.7115,-79.2627,-17.0185,-4.4069,91.8890,112.6428,52.6750,-435.0990,95.9174,-177.5800,-10.5818,84.2448,6,1,0,0,0
Session_7,2026-01-26 17:04:08.672,50.241,-72.7115,-79.2624,-17.0180,-4.3808,91.8821,112.7369,52.6792,-435.1406,95.9615,-177.5669,-10.5503,84.1513,6,1,0,0,0
Session_7,2026-01-26 17:04:08.746,50.315,-72.7114,-79.2623,-17.0179,-4.2922,91.8690,112.7966,52.7051,-435.2736,96.0955,-177.5794,-10.4611,84.0974,6,1,0,0,0
Session_7,2026-01-26 17:04:08.821,50.390,-72.7116,-79.2620,-17.0175,-4.1817,91.8945,112.8921,52.7830,-435.4256,96.2677,-177.6298,-10.3648,84.0079,6,1,0,0,0
Session_7,2026-01-26 17:04:08.895,50.464,-72.7114,-79.2618,-17.0169,-3.5211,91.7043,113.0294,52.8592,-436.4423,97.2702,-177.6969,-9.6777,83.9181,6,1,0,0,0
Session_7,2026-01-26 17:04:08.968,50.537,-72.7105,-79.2558,-17.0142,-2.3703,91.6788,113.7023,53.3457,-438.0873,99.1053,-178.0371,-8.5806,83.3130,6,1,0,0,0
Session_7,2026-01-26 17:04:09.043,50.612,-72.7107,-79.2119,-17.0130,-3.3041,92.1712,114.5764,53.5217,-436.6484,98.0157,-177.9733,-9.5605,82.3624,6,1,0,0,0
Session_7,2026-01-26 17:04:09.107,50.676,-72.7117,-79.2115,-17.0132,-4.3581,92.3621,113.8671,53.2649,-435.0712,96.4198,-177.8273,-10.6230,83.0003,6,1,0,0,0
Session_7,2026-01-26 17:04:09.173,50.742,-72.7116,-79.1944,-17.0128,-4.2888,92.1897,113.6467,53.1033,-435.2524,96.6473,-177.7473,-10.4828,83.2338,6,1,0,0,0
Session_7,2026-01-26 17:04:09.242,50.811,-72.7115,-79.1908,-17.0130,-4.6355,92.2968,113.5135,53.0733,-434.7159,96.1555,-177.7281,-10.8445,83.3414,6,1,0,0,0
Session_7,2026-01-26 17:04:09.323,50.892,-72.7115,-79.1906,-17.0130,-4.8093,92.2495,113.2560,52.9401,-434.4799,95.8939,-177.6630,-10.9949,83.5907,6,1,0,0,0
Session_7,2026-01-26 17:04:09.405,50.974,-72.7114,-79.1906,-17.0132,-4.8429,92.2900,113.2478,52.9724,-434.4162,95.8445,-177.6878,-11.0422,83.5959,6,1,0,0,0
Session_7,2026-01-26 17:04:09.478,51.047,-72.7114,-79.1906,-17.0131,-4.7413,92.2213,113.1750,52.9385,-434.5886,95.9939,-177.6806,-10.9249,83.6789,6,1,0,0,0
Session_7,2026-01-26 17:04:09.536,51.105,-72.7125,-79.1889,-17.0128,-4.5992,92.0503,113.1921,52.7972,-434.8591,96.2146,-177.5795,-10.7248,83.6743,6,1,0,0,0
Session_7,2026-01-26 17:04:09.610,51.179,-72.7125,-79.1880,-17.0128,-4.6280,91.9837,113.1777,52.7075,-434.8417,96.1751,-177.5098,-10.7248,83.6880,6,1,0,0,0
Session_7,2026-01-26 17:04:09.675,51.244,-72.7123,-79.1880,-17.0128,-4.8347,92.0792,112.9195,52.7261,-434.5070,95.8689,-177.5629,-10.9628,83.9334,6,1,0,0,0
Session_7,2026-01-26 17:04:09.750,51.319,-72.7121,-79.1866,-17.0127,-4.8312,91.9501,112.9230,52.5795,-434.5591,95.8795,-177.4458,-10.9079,83.9327,6,1,0,0,0
Session_7,2026-01-26 17:04:09.833,51.401,-72.7122,-79.1750,-17.0076,-4.8230,91.7619,112.8797,52.3714,-434.6600,95.9936,-177.2914,-10.8139,83.9819,6,1,0,0,0
Session_7,2026-01-26 17:04:09.905,51.474,-72.7123,-79.1441,-17.0072,-4.9782,91.7200,112.8399,52.2626,-434.4847,95.9937,-177.2107,-10.9133,84.0137,6,1,0,0,0
Session_7,2026-01-26 17:04:09.972,51.541,-72.7123,-79.0915,-17.0068,-5.2734,91.6720,112.6730,52.0918,-434.1309,95.9481,-177.1018,-11.1257,84.1659,6,1,0,0,0
Session_7,2026-01-26 17:04:10.054,51.623,-72.7124,-79.0353,-17.0055,-5.7390,91.7159,112.6703,51.9498,-433.4974,95.6854,-176.9792,-11.5180,84.1356,6,1,0,0,0
Session_7,2026-01-26 17:04:10.137,51.706,-72.7134,-78.9813,-17.0057,-6.3068,91.7784,112.6717,51.7718,-432.6965,95.2561,-176.8297,-12.0145,84.0897,6,1,0,0,0
Session_7,2026-01-26 17:04:10.212,51.781,-72.7367,-78.9707,-17.0062,-6.2959,91.8800,112.2075,51.7225,-432.7095,95.3532,-177.0304,-12.0587,84.5400,6,1,0,0,0
Session_7,2026-01-26 17:04:10.272,51.840,-72.7366,-78.9710,-17.0067,-6.2478,92.0112,111.3519,51.8974,-432.7337,95.4247,-177.3530,-12.1055,85.4154,6,0,0,0,0
Session_7,2026-01-26 17:04:10.353,51.922,-72.7364,-78.9714,-17.0071,-6.1990,92.1478,111.2228,52.0792,-432.7568,95.4968,-177.5257,-12.1164,85.5490,6,0,0,0,0
Session_7,2026-01-26 17:04:10.436,52.004,-72.7359,-78.9717,-17.0073,-6.1915,92.1080,111.2318,52.0403,-432.7809,95.5031,-177.4894,-12.0950,85.5416,6,0,0,0,0
Session_7,2026-01-26 17:04:10.509,52.078,-72.7359,-78.9722,-17.0076,-6.1160,92.1581,111.2242,52.1329,-432.8744,95.6113,-177.5659,-12.0440,85.5544,6,0,0,0,0
Session_7,2026-01-26 17:04:10.575,52.144,-72.7360,-78.9729,-17.0078,-6.0610,92.1918,111.2627,52.1963,-432.9431,95.6877,-177.6094,-12.0044,85.5188,6,0,0,0,0
Session_7,2026-01-26 17:04:10.640,52.209,-72.7359,-78.9737,-17.0080,-6.0555,92.1938,111.3286,52.2014,-432.9492,95.6889,-177.5990,-11.9982,85.4518,6,0,0,0,0
Session_7,2026-01-26 17:04:10.707,52.276,-72.7360,-78.9760,-17.0083,-6.0164,92.2330,111.3203,52.2635,-432.9904,95.7304,-177.6510,-11.9787,85.4625,6,0,0,0,0
Session_7,2026-01-26 17:04:10.782,52.351,-72.7361,-78.9782,-17.0083,-6.0143,92.2316,111.2888,52.2613,-432.9914,95.7165,-177.6563,-11.9798,85.4947,6,0,0,0,0
Session_7,2026-01-26 17:04:10.872,52.441,-72.7361,-78.9788,-17.0084,-5.9972,92.2481,111.3437,52.2876,-433.0103,95.7376,-177.6663,-11.9682,85.4395,6,0,0,0,0
Session_7,2026-01-26 17:04:10.947,52.516,-72.7361,-78.9788,-17.0084,-5.9731,92.2508,111.3801,52.3018,-433.0449,95.7729,-177.6702,-11.9454,85.4042,6,0,0,0,0
Session_7,2026-01-26 17:04:11.021,52.590,-72.7361,-78.9788,-17.0084,-5.8811,92.2749,111.8628,52.3723,-433.1727,95.9099,-177.6263,-11.8492,84.9183,6,0,0,0,0
Session_7,2026-01-26 17:04:11.094,52.663,-72.7361,-78.9786,-17.0081,-5.6985,92.2508,112.0544,52.4282,-433.4515,96.1813,-177.6356,-11.6630,84.7376,6,0,0,0,0
Session_7,2026-01-26 17:04:11.158,52.727,-72.7364,-78.9786,-17.0080,-5.5838,92.2714,112.0585,52.5028,-433.6136,96.3530,-177.6987,-11.5646,84.7419,6,0,0,0,0
Session_7,2026-01-26 17:04:11.225,52.794,-72.7364,-78.9785,-17.0079,-5.4705,92.2694,112.0571,52.5518,-433.7812,96.5223,-177.7414,-11.4590,84.7521,6,0,0,0,0
Session_7,2026-01-26 17:04:11.300,52.869,-72.7364,-78.9784,-17.0078,-5.3112,92.2302,112.0612,52.5795,-434.0289,96.7589,-177.7667,-11.2968,84.7609,6,0,0,0,0
Session_7,2026-01-26 17:04:11.373,52.942,-72.7363,-78.9784,-17.0078,-4.9631,92.1870,112.0612,52.6876,-434.5526,97.2778,-177.8625,-10.9589,84.7877,6,0,0,0,0
Session_7,2026-01-26 17:04:11.448,53.017,-72.7365,-78.9783,-17.0077,-4.7227,92.1588,112.0640,52.7626,-434.9121,97.6392,-177.9295,-10.7259,84.8028,6,0,0,0,0
Session_7,2026-01-26 17:04:11.522,53.091,-72.7363,-78.9776,-17.0070,-4.4962,92.0867,112.0674,52.7831,-435.2671,97.9858,-177.9508,-10.4881,84.8168,6,0,0,0,0
Session_7,2026-01-26 17:04:11.589,53.157,-72.7363,-78.9764,-17.0062,-4.0588,92.1231,112.0695,53.0213,-435.8865,98.6644,-178.1545,-10.0955,84.8447,6,0,0,0,0
Session_7,2026-01-26 17:04:11.661,53.230,-72.7359,-78.9752,-17.0056,-2.3998,91.7667,112.0695,53.3403,-438.3571,101.2263,-178.4652,-8.4258,84.9521,6,0,0,0,0
Session_7,2026-01-26 17:04:11.752,53.320,-72.7363,-78.9443,-17.0002,-1.5580,91.4481,112.0763,53.3414,-439.6733,102.8024,-178.5057,-7.4935,84.9946,6,0,0,0,0
Session_7,2026-01-26 17:04:11.825,53.394,-72.7373,-78.9195,-16.9927,-1.6967,91.5710,112.0757,53.4292,-439.4788,102.8074,-178.5789,-7.6381,84.9877,6,0,0,0,0
Session_7,2026-01-26 17:04:11.891,53.460,-72.7373,-78.9115,-16.9914,-1.9048,91.5855,112.0729,53.3602,-439.1983,102.5443,-178.5165,-7.8276,84.9801,6,0,0,0,0
Session_7,2026-01-26 17:04:11.964,53.533,-72.7374,-78.9086,-16.9914,-1.9961,91.5697,112.0757,53.3031,-439.0813,102.4216,-178.4677,-7.9034,84.9728,6,0,0,0,0
Session_7,2026-01-26 17:04:12.023,53.592,-72.7374,-78.9086,-16.9914,-2.1952,91.6074,112.0715,53.2615,-438.7929,102.1088,-178.4269,-8.1019,84.9659,6,0,0,0,0
Session_7,2026-01-26 17:04:12.094,53.663,-72.7374,-78.9086,-16.9916,-2.4321,91.6356,112.0729,53.1919,-438.4542,101.7365,-178.3618,-8.3318,84.9512,6,0,0,0,0
Session_7,2026-01-26 17:04:12.162,53.731,-72.7374,-78.8908,-16.9906,-2.5681,91.6122,112.0729,53.1125,-438.2939,101.6624,-178.2953,-8.4314,84.9450,6,0,0,0,0
Session_7,2026-01-26 17:04:12.229,53.798,-72.7432,-78.8090,-16.9906,-2.5797,91.6596,112.0743,53.1448,-438.3524,102.2659,-178.3659,-8.3843,84.9412,6,0,0,0,0
Session_7,2026-01-26 17:04:12.290,53.859,-72.7489,-78.5897,-16.9908,-2.7198,91.6342,112.0750,53.0816,-438.3990,103.7070,-178.3726,-8.3016,84.9394,6,0,0,0,0
Session_7,2026-01-26 17:04:12.371,53.939,-72.7498,-78.0684,-16.9912,-3.4525,91.6212,112.0757,52.9045,-437.9064,106.5068,-178.2791,-8.4927,84.9261,6,0,0,0,0
Session_7,2026-01-26 17:04:12.446,54.015,-72.7504,-77.6852,-16.9914,-3.6282,91.5903,112.0763,52.9026,-438.0394,109.1324,-178.3300,-8.2893,84.9368,6,0,0,0,0
Session_7,2026-01-26 17:04:12.520,54.089,-72.7519,-77.3882,-16.9918,-3.6578,91.6843,112.0736,53.0716,-438.2381,111.3377,-178.5198,-8.0776,84.9517,6,0,0,0,0
Session_7,2026-01-26 17:04:12.592,54.161,-72.7522,-77.1664,-16.9916,-3.5040,91.5923,112.0757,53.0892,-438.6786,113.2602,-178.5782,-7.6953,84.9699,6,0,0,0,0
Session_7,2026-01-26 17:04:12.659,54.228,-72.7525,-77.0419,-16.9914,-3.2314,91.4886,112.0743,53.1153,-439.1951,114.6364,-178.6343,-7.2887,84.9917,6,0,0,0,0
Session_7,2026-01-26 17:04:12.734,54.303,-72.7664,-76.8945,-16.9913,-2.7459,91.5374,112.0729,53.3066,-439.9698,116.5379,-178.9210,-6.7211,85.0082,6,0,0,0,0
Session_7,2026-01-26 17:04:12.807,54.375,-72.8534,-76.3303,-16.9916,-3.2211,91.4626,112.0743,52.4906,-439.8788,120.0602,-178.8853,-6.6108,84.9243,6,0,0,0,0
Session_7,2026-01-26 17:04:12.888,54.457,-73.0159,-75.3515,-16.9918,-3.4518,90.8679,112.0750,50.6664,-440.6067,127.1191,-178.6190,-5.6950,84.7965,6,0,0,0,0
Session_7,2026-01-26 17:04:12.965,54.534,-73.2582,-74.1860,-16.9919,-3.4744,90.7965,112.0757,48.9078,-441.4677,135.9597,-178.9857,-4.6099,84.5929,6,0,0,0,0
Session_7,2026-01-26 17:04:13.037,54.606,-73.4594,-73.0577,-16.9921,-3.3577,90.7835,112.0770,47.5258,-442.2591,144.7633,-179.4437,-3.4518,84.4235,6,0,0,0,0
Session_7,2026-01-26 17:04:13.096,54.665,-73.5256,-72.1579,-16.9920,-2.8983,90.6942,112.0763,47.1540,-443.1653,152.4223,-179.8732,-2.1589,84.3833,6,0,0,0,0
Session_7,2026-01-26 17:04:13.170,54.739,-73.5299,-70.7747,-16.9920,-2.9244,90.5589,112.0791,47.0050,-443.3578,162.9595,179.7419,-0.8506,84.3895,6,0,0,0,0
Session_7,2026-01-26 17:04:13.247,54.816,-73.5295,-69.2739,-16.9922,-3.3858,90.1785,112.0791,46.3833,-442.8713,173.6218,179.7038,0.2554,84.3913,6,0,0,0,0
Session_7,2026-01-26 17:04:13.321,54.890,-73.5296,-67.9021,-16.9921,-3.5699,89.7762,112.0791,45.7616,-442.4910,183.7720,179.6299,1.5074,84.3835,6,0,0,0,0
Session_7,2026-01-26 17:04:13.382,54.951,-73.5296,-66.7547,-16.9922,-3.7601,89.7693,112.0763,45.5616,-441.8461,192.1794,179.2762,2.3969,84.3739,6,0,0,0,0
Session_7,2026-01-26 17:04:13.457,55.026,-73.5297,-65.3303,-16.9922,-3.8644,89.6429,112.0750,45.1537,-441.0078,202.8334,178.8958,3.6673,84.3481,6,0,0,0,0
Session_7,2026-01-26 17:04:13.531,55.099,-73.5300,-63.9570,-16.9923,-3.7216,89.6498,112.0770,44.9099,-440.1640,213.5308,178.3162,5.0688,84.3021,6,0,0,0,0
Session_7,2026-01-26 17:04:13.611,55.180,-73.5304,-62.3203,-16.9922,-3.3543,89.6409,112.0784,44.5575,-439.0202,226.6295,177.5627,6.9277,84.2206,6,0,0,0,0
Session_7,2026-01-26 17:04:13.678,55.246,-73.5450,-60.9309,-16.9925,-2.7953,89.5557,112.0784,44.0345,-438.0042,238.2045,176.8952,8.7620,84.1026,6,0,0,0,0
Session_7,2026-01-26 17:04:13.740,55.309,-73.6167,-59.7794,-16.9924,-2.2742,89.4857,112.0798,43.0934,-437.0239,247.9033,176.3130,10.3347,83.9206,6,0,0,0,0
Session_7,2026-01-26 17:04:13.817,55.386,-74.1274,-57.9398,-16.9926,-1.4172,89.4727,112.0729,38.5769,-435.2682,263.4180,175.2703,12.8301,83.2045,6,0,0,0,0
Session_7,2026-01-26 17:04:13.902,55.470,-75.4235,-55.9732,-16.9926,-0.7512,89.0428,112.0908,27.4188,-433.0916,279.4473,174.6081,15.4163,81.6185,6,0,0,0,0
Session_7,2026-01-26 17:04:13.978,55.547,-76.9601,-54.1686,-16.9923,-0.1929,88.6404,112.0853,14.5349,-430.3911,293.9654,174.0108,17.7410,79.7959,6,0,0,0,0
Session_7,2026-01-26 17:04:14.059,55.628,-78.6926,-52.0148,-16.9923,-0.0076,88.4248,112.0839,0.2701,-425.7364,310.1471,173.2261,19.9685,77.7379,6,0,0,0,0
Session_7,2026-01-26 17:04:14.125,55.694,-79.9370,-50.1867,-16.9921,-0.1119,88.1323,112.0928,-10.1789,-420.8926,323.1852,172.7469,21.6550,76.2061,6,0,0,0,0
Session_7,2026-01-26 17:04:14.199,55.768,-81.0609,-47.8053,-16.9922,-0.3481,87.8611,112.0901,-19.8466,-413.7390,339.7058,172.0465,23.7155,74.7051,6,0,0,0,0
Session_7,2026-01-26 17:04:14.282,55.851,-81.9365,-45.1118,-16.9919,-0.0948,87.9490,112.0921,-27.2647,-404.8747,359.1111,170.6166,26.3641,73.2613,6,0,0,0,0
Session_7,2026-01-26 17:04:14.372,55.941,-82.5477,-41.7536,-16.9920,-0.0858,87.7032,112.0914,-33.4402,-392.6556,382.0649,169.2142,29.5023,71.8724,6,0,0,0,0
Session_7,2026-01-26 17:04:14.455,56.024,-82.6031,-38.8372,-16.9922,0.1929,87.9456,112.0908,-35.0116,-381.1583,401.9588,167.3698,32.2853,71.0015,6,0,0,0,0
Session_7,2026-01-26 17:04:14.524,56.092,-82.6031,-36.1132,-16.9912,0.5473,88.3081,112.0880,-36.0829,-369.4960,420.1904,165.3883,34.9012,70.1197,6,0,0,0,0
Session_7,2026-01-26 17:04:14.596,56.165,-82.6028,-32.9998,-16.9919,0.8865,88.0479,112.0908,-38.2558,-355.1906,440.1890,163.6002,38.0461,68.8901,6,0,0,0,0
Session_7,2026-01-26 17:04:14.710,56.279,-82.6030,-28.6287,-16.9909,1.1460,88.0259,112.0853,-41.1260,-333.3009,466.4099,160.6463,42.0894,66.9760,6,0,0,0,0
Session_7,2026-01-26 17:04:14.892,56.461,-82.6030,-19.6879,-16.9911,1.7997,88.1667,112.0908,-47.5540,-282.4621,514.6034,152.9728,50.0866,61.5357,6,0,0,0,0
Session_7,2026-01-26 17:04:14.962,56.531,-82.6028,-16.5402,-16.9913,1.8478,88.0705,112.0963,-50.1977,-262.9970,529.2169,149.9471,52.6659,59.0878,6,0,0,0,0
Session_7,2026-01-26 17:04:15.040,56.609,-82.6030,-12.7268,-16.9908,2.0084,87.5171,112.0949,-54.0768,-238.3340,545.6445,145.9153,55.8816,55.3324,6,0,0,0,0
Session_7,2026-01-26 17:04:15.106,56.675,-82.6030,-9.8488,-16.9914,1.9611,86.5901,112.0901,-57.6867,-219.2500,556.6174,142.8684,58.2131,51.9458,6,0,0,0,0
Session_7,2026-01-26 17:04:15.181,56.750,-82.6030,-6.7088,-16.9908,1.9968,86.3004,112.0976,-60.8440,-197.6562,567.6059,138.4192,60.4403,47.8486,6,0,0,0,0
Session_7,2026-01-26 17:04:15.255,56.824,-82.6031,-3.4505,-16.9906,1.7654,86.5929,112.0983,-63.4361,-174.9421,577.2491,133.3373,62.2408,43.6624,6,0,0,0,0
Session_7,2026-01-26 17:04:15.337,56.906,-82.6032,-0.1160,-16.9907,1.5250,86.6169,112.1004,-66.4861,-151.2235,585.7732,127.6378,63.9536,38.6005,6,0,0,0,0
Session_7,2026-01-26 17:04:15.418,56.987,-82.6032,3.1478,-16.9908,1.3905,86.6348,112.0990,-69.5511,-127.4447,592.9312,121.1860,65.4364,32.7839,6,0,0,0,0
Session_7,2026-01-26 17:04:15.501,57.070,-82.6032,6.0166,-16.9911,1.2943,86.7130,112.1011,-72.2123,-106.2104,598.1277,114.8817,66.4852,27.1016,6,0,0,0,0
Session_7,2026-01-26 17:04:15.574,57.143,-82.6032,8.4486,-16.9908,1.0183,86.8929,112.1017,-74.3145,-88.3252,601.4175,109.6367,67.1037,22.4582,6,0,0,0,0
Session_7,2026-01-26 17:04:15.640,57.209,-82.6029,10.1928,-16.9908,0.9194,86.8394,112.1059,-76.0721,-75.2879,603.4538,105.4859,67.4796,18.5754,6,0,0,0,0
Session_7,2026-01-26 17:04:15.721,57.290,-82.6024,11.3297,-16.9904,1.1446,86.9218,112.1100,-77.1413,-66.2731,604.9586,101.9562,67.6952,15.3945,6,0,0,0,0
Session_7,2026-01-26 17:04:15.805,57.373,-82.6023,11.6131,-16.9904,1.3335,86.7865,112.1127,-77.6255,-63.8145,605.4821,100.7224,67.7630,14.1177,6,0,0,0,0
Session_7,2026-01-26 17:04:15.887,57.456,-82.6021,11.5957,-16.9913,0.6029,87.0014,112.1141,-77.1912,-65.1370,604.4818,102.6717,67.6446,16.1356,6,0,0,0,0
Session_7,2026-01-26 17:04:15.969,57.537,-82.6022,11.5441,-16.9923,-0.1380,87.9195,112.1120,-75.8732,-66.6480,603.4134,104.6790,67.4253,18.9051,6,0,0,0,0
Session_7,2026-01-26 17:04:16.042,57.611,-82.6024,11.5351,-16.9923,-0.0803,89.0257,112.1114,-74.5421,-66.4851,603.4805,104.4979,67.3312,19.8387,6,0,0,0,0
Session_7,2026-01-26 17:04:16.112,57.681,-82.6030,11.5367,-16.9922,0.1078,88.9913,112.1134,-74.6255,-66.1705,603.7409,104.0166,67.3725,19.3596,6,0,0,0,0
Session_7,2026-01-26 17:04:16.177,57.746,-82.6035,11.5393,-16.9920,0.2390,88.5045,112.1155,-75.2437,-65.9985,603.9247,103.6971,67.4413,18.5791,6,0,0,0,0
Session_7,2026-01-26 17:04:16.255,57.824,-82.6059,11.5938,-16.9910,1.3575,88.1323,112.1148,-75.9888,-63.7810,605.4901,100.6785,67.6675,15.4158,6,0,0,0,0
Session_7,2026-01-26 17:04:16.335,57.904,-82.6061,11.7775,-16.9910,2.5248,87.9339,112.1120,-76.6643,-60.4463,607.1899,97.1362,67.8297,11.9390,6,0,0,0,0
Session_7,2026-01-26 17:04:16.403,57.972,-82.6068,11.8561,-16.9913,3.5520,87.3090,112.1141,-77.7248,-58.1628,608.5691,94.2080,67.9064,8.6012,6,0,0,0,0
Session_7,2026-01-26 17:04:16.471,58.040,-82.6071,11.8548,-16.9915,3.2451,87.3083,112.1148,-77.6565,-58.6981,608.1796,95.0273,67.8972,9.3593,6,0,0,0,0
Session_7,2026-01-26 17:04:16.546,58.115,-82.6090,11.8545,-16.9915,3.1057,87.7760,112.1100,-77.0622,-58.8866,608.0015,95.3972,67.8802,10.1677,6,0,0,0,0
Session_7,2026-01-26 17:04:16.621,58.190,-82.6460,11.8551,-16.9907,2.7466,88.2051,112.1134,-76.5042,-59.3910,607.5430,96.3413,67.8389,11.4338,6,0,0,0,0
Session_7,2026-01-26 17:04:16.706,58.275,-82.8592,11.8567,-16.9899,2.7528,87.9641,112.1189,-77.0190,-59.1063,607.5539,96.3190,67.8440,10.9589,6,0,0,0,0
Session_7,2026-01-26 17:04:16.774,58.343,-84.0451,11.8899,-16.9695,3.7079,87.1030,112.1210,-79.4751,-55.5806,608.8261,93.6447,67.9080,6.4349,6,0,0,0,0
Session_7,2026-01-26 17:04:16.849,58.417,-85.9285,12.0018,-16.9648,4.9081,88.0334,112.1230,-80.3429,-49.9269,610.4022,90.1456,67.8788,2.2398,6,0,0,0,0
Session_7,2026-01-26 17:04:16.932,58.501,-87.0589,11.9883,-16.9649,4.3334,89.3044,112.1189,-79.7139,-49.4019,609.6883,91.7082,67.8800,3.8281,6,0,0,0,0
Session_7,2026-01-26 17:04:17.004,58.573,-87.2875,11.9842,-16.9687,1.7413,89.5351,112.1189,-79.4174,-53.5760,606.3822,98.5674,67.6825,10.1811,6,0,0,0,0
Session_7,2026-01-26 17:04:17.073,58.642,-87.2852,11.9651,-16.9772,1.0725,89.8915,112.1230,-78.9213,-54.8705,605.4684,100.3662,67.5536,12.2021,6,0,0,0,0
Session_7,2026-01-26 17:04:17.152,58.721,-87.2853,11.9477,-16.9740,4.1494,89.8414,112.1182,-79.2256,-49.7376,609.4149,92.3283,67.8677,4.7130,6,0,0,0,0
Session_7,2026-01-26 17:04:17.234,58.803,-87.2853,11.9475,-16.9741,4.9322,89.1994,112.1217,-80.0686,-48.3990,610.3759,90.2506,67.8795,2.1463,6,0,0,0,0
Session_7,2026-01-26 17:04:17.295,58.864,-87.2853,11.9466,-16.9749,3.9791,89.4610,112.1203,-79.6720,-50.0652,609.2012,92.7855,67.8660,4.7562,6,0,0,0,0
Session_7,2026-01-26 17:04:17.382,58.951,-87.2853,11.9466,-16.9749,3.1119,89.4919,112.1237,-79.5635,-51.5624,608.1102,95.0805,67.8145,6.9125,6,0,0,0,0
Session_7,2026-01-26 17:04:17.472,59.041,-87.2853,11.9470,-16.9744,3.3282,89.6532,112.1217,-79.3858,-51.1770,608.3854,94.5061,67.8267,6.5419,6,0,0,0,0
Session_7,2026-01-26 17:04:17.538,59.107,-87.2853,11.9470,-16.9745,2.9443,89.4795,112.1223,-79.5650,-51.8465,607.8976,95.5213,67.8035,7.3083,6,0,0,0,0
Session_7,2026-01-26 17:04:17.613,59.182,-87.2853,11.9467,-16.9748,2.4239,89.5935,112.1230,-79.3845,-52.7343,607.2286,96.8918,67.7502,8.6909,6,0,0,0,0
Session_7,2026-01-26 17:04:17.687,59.256,-87.2853,11.9466,-16.9748,2.4822,89.2996,112.1292,-79.7454,-52.6491,607.3040,96.7403,67.7631,8.2568,6,0,0,0,0
