session_name,timestamp,elapsed_time,j1,j2,j3,j4,j5,j6,x,y,z,rx,ry,rz,robot_mode,tooldo1,tooldo2,do1,do2
Session_1,2026-01-26 16:55:37.932,0.013,-73.2564,4.0786,-9.0557,8.3270,89.6992,103.8490,-59.7887,-84.7341,618.0065,76.2755,75.7423,3.1253,6,0,0,0,0
Session_1,2026-01-26 16:55:37.997,0.078,-73.2564,4.0786,-9.0557,8.3942,89.5605,103.8503,-59.9857,-84.6632,618.0809,76.0195,75.7169,2.7388,6,0,0,0,0
Session_1,2026-01-26 16:55:38.071,0.153,-73.2564,4.0787,-9.0557,8.3318,89.5207,103.8517,-59.9991,-84.7863,618.0117,76.2691,75.7283,2.9409,6,0,0,0,0
Session_1,2026-01-26 16:55:38.153,0.235,-73.2564,4.0786,-9.0557,8.3688,89.4617,103.8524,-60.0874,-84.7415,618.0527,76.1272,75.7154,2.7446,6,0,0,0,0
Session_1,2026-01-26 16:55:38.237,0.318,-73.2564,4.0786,-9.0557,8.3578,89.4232,103.8510,-60.1264,-84.7738,618.0405,76.1714,75.7172,2.7489,6,0,0,0,0
Session_1,2026-01-26 16:55:38.319,0.400,-73.2564,4.0786,-9.0557,8.3311,89.4026,103.8524,-60.1363,-84.8277,618.0109,76.2792,75.7211,2.8329,6,0,0,0,0
Session_1,2026-01-26 16:55:38.393,0.474,-73.2564,4.0785,-9.0557,8.3345,89.3882,103.8490,-60.1547,-84.8271,618.0146,76.2635,75.7228,2.8032,6,0,0,0,0
Session_1,2026-01-26 16:55:38.466,0.548,-73.2564,4.0786,-9.0557,8.3695,89.3875,103.8496,-60.1741,-84.7656,618.0534,76.1264,75.7136,2.6696,6,0,0,0,0
Session_1,2026-01-26 16:55:38.541,0.622,-73.2564,4.0785,-9.0557,8.3208,89.3806,103.8483,-60.1562,-84.8538,617.9993,76.3175,75.7264,2.8479,6,0,0,0,0
Session_1,2026-01-26 16:55:38.615,0.697,-73.2564,4.0785,-9.0558,8.3297,89.3669,103.8503,-60.1769,-84.8431,618.0092,76.2853,75.7215,2.8030,6,0,0,0,0
Session_1,2026-01-26 16:55:38.699,0.780,-73.2565,4.0786,-9.0558,8.3118,89.3703,103.8510,-60.1636,-84.8730,617.9894,76.3559,75.7253,2.8749,6,0,0,0,0
Session_1,2026-01-26 16:55:38.783,0.864,-73.2564,4.0786,-9.0557,8.3585,89.3793,103.8496,-60.1780,-84.7874,618.0413,76.1699,75.7158,2.7036,6,0,0,0,0
Session_1,2026-01-26 16:55:38.859,0.940,-73.2564,4.0785,-9.0558,8.1416,89.3010,103.8469,-60.1544,-85.1952,617.8000,77.0286,75.7655,3.4575,6,0,0,0,0
Session_1,2026-01-26 16:55:38.934,1.015,-73.2564,4.0786,-9.0558,8.1299,89.2474,103.8510,-60.2110,-85.2327,617.7871,77.0807,75.7612,3.4548,6,0,0,0,0
Session_1,2026-01-26 16:55:39.018,1.099,-73.2565,4.0788,-9.0558,8.1464,88.8760,103.8496,-60.6537,-85.3251,617.8052,77.0331,75.7388,3.0376,6,0,0,0,0
Session_1,2026-01-26 16:55:39.102,1.183,-73.2564,4.0788,-9.0559,8.0530,88.5587,103.8510,-60.9754,-85.5910,617.7007,77.4193,75.7427,3.0952,6,0,0,0,0
Session_1,2026-01-26 16:55:39.177,1.258,-73.2564,4.0789,-9.0558,7.9060,88.5471,103.8503,-60.9120,-85.8508,617.5364,78.0001,75.7767,3.6465,6,0,0,0,0
Session_1,2026-01-26 16:55:39.243,1.324,-73.2565,4.0789,-9.0558,7.6952,88.6219,103.8510,-60.7140,-86.1943,617.2995,78.8359,75.8259,4.5315,6,0,0,0,0
Session_1,2026-01-26 16:55:39.311,1.392,-73.2564,4.0788,-9.0559,7.4728,88.5594,103.8503,-60.6702,-86.6026,617.0475,79.7293,75.8693,5.3354,6,0,0,0,0
Session_1,2026-01-26 16:55:39.386,1.467,-73.2564,4.0787,-9.0562,6.9454,88.5237,103.8503,-60.4366,-87.5294,616.4442,81.8636,75.9632,7.3698,6,0,0,0,0
Session_1,2026-01-26 16:55:39.469,1.551,-73.2564,4.0778,-9.0624,6.0260,88.7311,103.8503,-59.7087,-89.0760,615.3625,85.6658,76.0884,11.2669,6,0,0,0,0
Session_1,2026-01-26 16:55:39.611,1.693,-73.2565,3.9918,-9.1608,2.8770,89.0483,103.8490,-57.4294,-95.3175,611.2310,99.5163,76.0040,25.0298,6,0,0,0,0
Session_1,2026-01-26 16:55:39.728,1.810,-73.2568,2.9392,-9.4516,1.8759,88.5505,103.8531,-54.7989,-106.1578,607.9722,108.8524,75.5178,33.5828,6,0,0,0,0
Session_1,2026-01-26 16:55:39.809,1.891,-73.2569,0.9531,-9.8419,3.0721,87.9016,103.8496,-51.2200,-120.7866,605.6934,113.3556,75.1984,37.2939,6,0,0,0,0
Session_1,2026-01-26 16:55:39.876,1.958,-73.2569,-0.7052,-10.0107,2.9519,88.0589,103.8483,-47.1097,-133.7876,602.0860,120.1214,74.3925,43.9798,6,0,0,0,0
Session_1,2026-01-26 16:55:39.960,2.041,-73.2569,-2.7830,-10.0845,2.5440,87.7293,103.8490,-42.6858,-149.8801,596.8791,128.0727,73.1194,51.2895,6,0,0,0,0
Session_1,2026-01-26 16:55:40.021,2.102,-73.2569,-4.4162,-10.0850,2.3957,87.8982,103.8510,-38.8949,-161.7702,592.7304,132.7635,72.0215,55.9306,6,0,0,0,0
Session_1,2026-01-26 16:55:40.094,2.176,-73.2569,-6.2385,-10.0858,2.1794,88.0547,103.8476,-34.7266,-174.9676,587.5939,137.4708,70.6450,60.5442,6,0,0,0,0
Session_1,2026-01-26 16:55:40.168,2.250,-73.2569,-8.1927,-10.0865,2.0126,88.1255,103.8462,-30.4546,-188.8701,581.6971,141.7325,69.1099,64.6149,6,0,0,0,0
Session_1,2026-01-26 16:55:40.237,2.319,-73.2569,-9.8115,-10.0866,1.8457,88.0946,103.8503,-27.0586,-200.2892,576.3866,144.9090,67.7584,67.5386,6,0,0,0,0
Session_1,2026-01-26 16:55:40.320,2.401,-73.2570,-11.8392,-10.0873,1.3396,88.0245,103.8455,-22.8026,-214.7328,568.7321,148.8684,65.7610,71.1128,6,0,0,0,0
Session_1,2026-01-26 16:55:40.394,2.475,-73.2571,-13.5091,-10.0882,0.9208,88.0561,103.8496,-19.2611,-226.3734,562.0055,151.6185,64.0271,73.6313,6,0,0,0,0
Session_1,2026-01-26 16:55:40.477,2.559,-73.2572,-15.0826,-10.0887,0.6997,88.1364,103.8496,-15.9801,-236.9420,555.6478,153.6813,62.4900,75.5473,6,0,0,0,0
Session_1,2026-01-26 16:55:40.545,2.626,-73.2573,-16.1434,-10.0887,0.7841,87.9737,103.8483,-14.1260,-243.7921,551.6249,154.8758,61.6865,76.4558,6,0,0,0,0
Session_1,2026-01-26 16:55:40.619,2.701,-73.2573,-17.2000,-10.0887,0.2293,87.8755,103.8490,-12.0355,-251.1546,546.2902,156.5932,60.3061,77.8695,6,0,0,0,0
Session_1,2026-01-26 16:55:40.698,2.779,-73.2578,-18.2391,-10.0895,-0.0872,87.9030,103.8538,-9.9358,-258.0262,541.3234,157.8391,59.1041,78.9669,6,0,0,0,0
Session_1,2026-01-26 16:55:40.772,2.853,-73.2579,-19.2646,-10.1021,-0.3262,88.1316,103.8538,-7.6639,-264.6173,536.3865,158.7706,57.9182,79.9611,6,0,0,0,0
Session_1,2026-01-26 16:55:40.852,2.933,-73.2579,-20.5114,-10.1036,-0.1016,88.1509,103.8544,-5.5180,-272.1017,531.2638,159.6004,56.9967,80.6769,6,0,0,0,0
Session_1,2026-01-26 16:55:40.925,3.006,-73.2579,-21.6886,-10.1036,0.1463,88.3287,103.8517,-3.0909,-278.9901,526.3474,160.1863,56.1206,81.3194,6,0,0,0,0
Session_1,2026-01-26 16:55:40.992,3.074,-73.2579,-22.8414,-10.1039,-0.0453,88.3280,103.8544,-0.9684,-286.0487,520.5372,161.1872,54.9012,82.1424,6,0,0,0,0
Session_1,2026-01-26 16:55:41.084,3.165,-73.2579,-24.3106,-10.1040,-0.0192,88.3438,103.8538,1.6427,-294.6628,513.4561,162.1862,53.5813,82.9666,6,0,0,0,0
Session_1,2026-01-26 16:55:41.162,3.244,-73.2579,-25.4723,-10.1040,0.1854,88.4956,103.8558,3.7941,-301.1761,508.0626,162.6872,52.6684,83.4907,6,0,0,0,0
Session_1,2026-01-26 16:55:41.236,3.318,-73.2579,-26.5934,-10.1040,-0.1449,88.8519,103.8517,6.1926,-307.6484,501.6576,163.2934,51.2507,84.2585,6,0,0,0,0
Session_1,2026-01-26 16:55:41.310,3.391,-73.2578,-27.4641,-10.1042,-0.7340,89.0806,103.8510,8.0316,-312.7984,495.9085,163.9567,49.8459,84.9525,6,0,0,0,0
Session_1,2026-01-26 16:55:41.387,3.468,-73.2579,-28.4586,-10.1042,-1.0252,89.1369,103.8517,9.7870,-318.3972,490.0203,164.6277,48.6367,85.5041,6,0,0,0,0
Session_1,2026-01-26 16:55:41.454,3.535,-73.2580,-29.2637,-10.1042,-0.8418,89.1499,103.8531,11.0779,-322.6359,486.0430,164.9514,48.0533,85.7549,6,0,0,0,0
Session_1,2026-01-26 16:55:41.531,3.612,-73.2580,-30.2349,-10.1042,-0.4772,88.9481,103.8531,12.3397,-327.6818,481.4639,165.4556,47.5332,85.9749,6,0,0,0,0
Session_1,2026-01-26 16:55:41.605,3.686,-73.2582,-31.0727,-10.1042,-0.3674,88.9851,103.8490,13.6885,-332.0114,477.0174,165.8036,46.8443,86.2607,6,0,0,0,0
Session_1,2026-01-26 16:55:41.688,3.769,-73.2581,-32.0499,-10.1042,-0.2527,88.9522,103.8510,15.1529,-337.0168,471.7225,166.2662,46.0427,86.5702,6,0,0,0,0
Session_1,2026-01-26 16:55:41.771,3.853,-73.2580,-32.9506,-10.1046,-0.3117,89.2667,103.8510,16.9038,-341.5128,466.4138,166.4478,45.0673,86.9302,6,0,0,0,0
Session_1,2026-01-26 16:55:41.850,3.932,-73.2580,-33.8111,-10.1045,1.0698,89.4466,103.8517,18.2296,-345.1624,464.2858,166.0307,45.5153,86.7647,6,0,0,0,0
Session_1,2026-01-26 16:55:41.932,4.013,-73.2582,-34.7283,-10.1044,3.0254,89.3230,103.8524,19.1869,-348.8681,462.9558,165.6270,46.5185,86.3822,6,0,0,0,0
Session_1,2026-01-26 16:55:42.008,4.089,-73.2586,-35.5084,-10.1044,4.5140,89.6326,103.8551,20.4870,-351.8955,461.3985,164.9812,47.1100,86.1412,6,0,0,0,0
Session_1,2026-01-26 16:55:42.074,4.156,-73.2586,-36.2419,-10.1044,5.9134,90.1469,103.8524,21.9555,-354.6112,459.8846,164.1729,47.6148,85.9379,6,0,0,0,0
Session_1,2026-01-26 16:55:42.140,4.221,-73.2585,-36.8850,-10.1044,6.7813,90.5706,103.8524,23.2569,-357.1519,457.7814,163.6736,47.7275,85.8919,6,0,0,0,0
Session_1,2026-01-26 16:55:42.210,4.292,-73.2586,-37.6705,-10.1044,8.0736,91.3362,103.8524,25.0806,-359.9920,455.6526,162.7193,48.0255,85.7709,6,0,0,0,0
Session_1,2026-01-26 16:55:42.289,4.370,-73.2586,-38.5622,-10.1044,7.8099,91.5374,103.8531,26.6442,-364.3431,449.5978,163.1438,46.8985,86.2367,6,0,0,0,0
Session_1,2026-01-26 16:55:42.364,4.445,-73.2584,-39.4483,-10.1044,7.8147,91.1446,103.8524,27.4454,-368.6565,444.0523,163.9434,46.1628,86.5226,6,0,0,0,0
Session_1,2026-01-26 16:55:42.439,4.520,-73.2584,-40.4124,-10.1044,7.0965,90.2973,103.8538,27.8958,-373.7220,436.4300,165.5296,44.7769,87.0285,6,0,0,0,0
Session_1,2026-01-26 16:55:42.523,4.604,-73.2582,-41.5696,-10.1043,7.1336,90.3625,103.8544,29.5249,-378.8580,429.0637,165.9919,43.7060,87.3978,6,0,0,0,0
Session_1,2026-01-26 16:55:42.590,4.671,-73.2581,-42.5678,-10.1043,6.4476,90.5967,103.8544,31.1751,-383.3569,421.1091,166.5282,42.0598,87.9273,6,0,0,0,0
Session_1,2026-01-26 16:55:42.675,4.756,-73.2580,-43.8596,-10.1043,6.2753,90.5871,103.8558,32.8135,-388.8416,412.2005,167.1585,40.6742,88.3364,6,0,0,0,0
Session_1,2026-01-26 16:55:42.739,4.820,-73.2580,-44.7709,-10.1043,6.4373,90.6276,103.8496,33.9666,-392.5027,406.4410,167.4346,39.9547,88.5468,6,0,0,0,0
Session_1,2026-01-26 16:55:42.816,4.898,-73.2577,-45.8579,-10.1044,5.6552,90.5322,103.8510,35.2028,-397.0078,397.4148,168.2649,38.1987,89.0073,6,0,0,0,0
Session_1,2026-01-26 16:55:42.889,4.970,-73.2575,-46.7953,-10.1043,4.8505,90.4676,103.8524,36.2418,-400.7286,389.2794,168.9848,36.5524,89.4030,6,0,0,0,0
Session_1,2026-01-26 16:55:42.956,5.038,-73.2571,-47.3986,-10.1043,3.2211,90.5521,103.8551,37.0509,-403.0533,381.6331,169.7099,34.3980,89.8727,6,0,0,0,0
Session_1,2026-01-26 16:55:43.029,5.111,-73.2565,-47.9709,-10.1043,1.4440,90.4278,103.8483,37.5231,-405.1307,373.8572,170.6368,32.1776,90.3174,6,0,0,0,0
Session_1,2026-01-26 16:55:43.104,5.185,-73.2547,-48.6442,-10.1044,0.6866,90.3062,103.8510,38.0753,-407.4342,367.5365,171.2215,30.8327,90.5569,6,0,0,0,0
Session_1,2026-01-26 16:55:43.180,5.261,-73.2208,-49.1450,-10.1044,0.5095,90.1305,103.8510,38.6123,-409.1321,363.6432,171.6072,30.2230,90.6946,6,0,0,0,0
Session_1,2026-01-26 16:55:43.254,5.335,-73.2117,-49.7533,-10.1044,0.5294,90.1442,103.8490,39.2955,-411.1191,359.3978,171.7829,29.6546,90.8001,6,0,0,0,0
Session_1,2026-01-26 16:55:43.321,5.403,-73.2108,-50.4602,-10.1045,0.5747,90.3591,103.8517,40.2369,-413.3141,354.4846,171.7851,28.9671,90.9083,6,0,0,0,0
Session_1,2026-01-26 16:55:43.394,5.475,-73.2103,-51.3607,-10.1046,0.2135,90.5617,103.8531,41.2989,-415.9698,347.2915,171.9814,27.7047,91.1002,6,0,0,0,0
Session_1,2026-01-26 16:55:43.468,5.549,-73.2085,-52.4633,-10.1046,0.3900,90.5802,103.8524,42.3362,-419.2864,339.7404,172.2446,26.8085,91.2319,6,0,0,0,0
Session_1,2026-01-26 16:55:43.551,5.632,-73.2012,-53.9129,-10.1047,0.0295,91.4282,103.8744,44.5774,-422.9695,328.4732,171.9597,24.8594,91.4794,6,0,0,0,0
Session_1,2026-01-26 16:55:43.634,5.716,-73.1966,-55.3535,-10.1047,-0.1387,91.3911,103.8613,45.6989,-426.7226,317.5617,172.4635,23.3174,91.6857,6,0,0,0,0
Session_1,2026-01-26 16:55:43.707,5.789,-73.1948,-56.7084,-10.1047,-0.1531,90.9435,103.8620,46.1994,-430.2121,307.5077,173.2778,22.1015,91.8211,6,0,0,0,0
Session_1,2026-01-26 16:55:43.782,5.863,-73.1948,-57.8299,-10.1047,-0.1243,90.9036,103.8702,46.9394,-432.8276,299.2177,173.6156,21.0542,91.9226,6,0,0,0,0
Session_1,2026-01-26 16:55:43.843,5.924,-73.1948,-58.5281,-10.1047,-0.7587,90.7759,103.8812,47.1621,-434.1004,292.6717,174.0982,19.7952,92.0344,6,0,0,0,0
Session_1,2026-01-26 16:55:43.906,5.988,-73.1947,-59.1926,-10.1046,-1.4056,90.6351,103.8771,47.3151,-435.1972,286.3462,174.5877,18.5609,92.1511,6,0,0,0,0
Session_1,2026-01-26 16:55:43.980,6.062,-73.1948,-59.6646,-10.1047,-3.5280,90.1401,103.8668,46.6457,-435.0592,278.4455,175.7513,16.1689,92.3552,6,0,0,0,0
Session_1,2026-01-26 16:55:44.046,6.127,-73.1949,-59.6866,-10.1040,-7.6664,89.3504,103.8215,44.8682,-432.4891,269.9637,177.5867,12.3292,92.6515,6,0,0,0,0
Session_1,2026-01-26 16:55:44.105,6.186,-73.1946,-59.6866,-10.1040,-10.4851,89.2543,103.7823,44.0664,-430.2299,264.4301,178.3853,9.6193,92.8237,6,0,0,0,0
Session_1,2026-01-26 16:55:44.187,6.268,-73.1924,-59.6869,-10.1040,-11.4814,89.7157,103.8290,44.3552,-429.1952,262.4958,178.1742,8.5407,92.8205,6,0,0,0,0
Session_1,2026-01-26 16:55:44.247,6.328,-73.1916,-59.6869,-10.1040,-10.3292,89.7480,103.8277,44.7028,-430.1892,264.7259,177.8607,9.6510,92.7783,6,0,0,0,0
Session_1,2026-01-26 16:55:44.319,6.401,-73.1914,-59.6870,-10.1040,-9.4565,89.9320,103.8270,45.1394,-430.8580,266.4279,177.4673,10.4536,92.7435,6,0,0,0,0
Session_1,2026-01-26 16:55:44.401,6.482,-73.1901,-59.6877,-10.1043,-9.6432,90.1723,103.8263,45.3819,-430.6191,266.0558,177.2809,10.2141,92.7565,6,0,0,0,0
Session_1,2026-01-26 16:55:44.483,6.565,-73.1452,-59.6879,-10.1045,-9.4462,90.1360,103.8256,45.7270,-430.7599,266.4385,177.2678,10.4136,92.7930,6,0,0,0,0
Session_1,2026-01-26 16:55:44.557,6.639,-73.0647,-59.6882,-10.1051,-9.0342,90.0604,103.8455,46.3474,-431.0595,267.2421,177.2354,10.8295,92.8336,6,0,0,0,0
Session_1,2026-01-26 16:55:44.640,6.722,-72.9965,-59.6801,-10.1051,-7.2984,89.4370,103.8675,46.5482,-432.5691,270.7373,177.3990,12.6686,92.7835,6,0,0,0,0
Session_1,2026-01-26 16:55:44.706,6.788,-72.9369,-59.6411,-10.1052,-5.3744,88.6150,103.8620,46.4477,-434.1256,274.8972,177.6978,14.7678,92.7218,6,0,0,0,0
Session_1,2026-01-26 16:55:44.781,6.862,-72.8446,-59.1430,-10.2163,-5.4039,88.8595,103.8586,47.1479,-433.0478,278.0387,177.3704,15.0557,92.7967,6,0,0,0,0
Session_1,2026-01-26 16:55:44.850,6.931,-72.6335,-58.3147,-11.1322,-4.9850,89.0215,103.8599,48.6030,-431.7635,280.8113,177.1280,15.3378,92.9860,6,0,0,0,0
Session_1,2026-01-26 16:55:44.930,7.012,-72.2577,-57.2441,-13.6734,-2.5358,89.1135,103.8572,51.5931,-431.5667,281.9193,176.7867,16.2637,93.2970,6,0,0,0,0
Session_1,2026-01-26 16:55:45.013,7.094,-72.1037,-56.1372,-18.1878,1.4495,89.2035,103.8565,53.2289,-432.5470,277.0677,176.5493,16.8018,93.4101,6,0,0,0,0
Session_1,2026-01-26 16:55:45.159,7.241,-72.1046,-54.4994,-26.7041,3.7278,89.7164,103.8579,53.1004,-430.1467,253.4792,177.2290,12.2219,93.7096,6,0,0,0,0
Session_1,2026-01-26 16:55:45.350,7.431,-72.1042,-52.7520,-39.6629,12.4798,89.5516,103.8558,51.7593,-426.6345,222.0758,178.0007,9.8763,93.8277,6,0,0,0,0
Session_1,2026-01-26 16:55:45.431,7.512,-72.1002,-52.5576,-42.8733,14.6352,89.7768,103.8620,51.5147,-424.8910,212.5124,177.9931,8.9874,93.8621,6,0,0,0,0
Session_1,2026-01-26 16:55:45.507,7.588,-72.1000,-52.5579,-45.1933,17.8844,89.7144,103.8599,51.4726,-425.0021,207.8793,177.8253,9.9035,93.8263,6,0,0,0,0
Session_1,2026-01-26 16:55:45.589,7.671,-72.0994,-52.5579,-47.5340,19.9697,89.7713,103.8579,51.1613,-423.8001,200.9250,177.8334,9.6423,93.8402,6,0,0,0,0
Session_1,2026-01-26 16:55:45.654,7.735,-72.0986,-52.5580,-49.1664,20.8727,89.9451,103.8565,50.8999,-422.2857,195.0336,177.8446,8.8930,93.8729,6,0,0,0,0
Session_1,2026-01-26 16:55:45.729,7.810,-72.0985,-52.5580,-51.1995,22.3565,90.0007,103.8579,50.4232,-420.5891,188.4364,177.9251,8.3467,93.8922,6,0,0,0,0
Session_1,2026-01-26 16:55:45.805,7.886,-72.0984,-52.5579,-53.1119,24.2585,90.0076,103.8551,50.0124,-419.2866,183.2524,177.9213,8.3352,93.8956,6,0,0,0,0
Session_1,2026-01-26 16:55:45.875,7.957,-72.0984,-52.5579,-54.9962,25.5556,90.0130,103.8586,49.3851,-417.3243,177.0828,178.0590,7.7639,93.9122,6,0,0,0,0
Session_1,2026-01-26 16:55:45.950,8.031,-72.0965,-52.5580,-56.8668,26.7915,90.1092,103.8641,48.8123,-415.1271,170.9174,178.1197,7.1249,93.9294,6,0,0,0,0
Session_1,2026-01-26 16:55:46.024,8.105,-72.0601,-52.5584,-58.6149,29.1948,90.1360,103.8654,48.7801,-414.0770,167.5870,177.9339,7.7538,93.9440,6,0,0,0,0
Session_1,2026-01-26 16:55:46.097,8.178,-71.8936,-52.5591,-60.3419,31.6001,90.2341,103.8586,49.7329,-412.7851,164.4151,177.6741,8.3880,94.0950,6,0,0,0,0
Session_1,2026-01-26 16:55:46.179,8.260,-71.6103,-52.5794,-61.9569,32.4584,90.2410,103.8606,50.9833,-410.1299,158.6891,177.8570,7.6323,94.4028,6,0,0,0,0
Session_1,2026-01-26 16:55:46.269,8.350,-71.0885,-52.9172,-63.5761,33.8969,90.0227,103.8606,53.7589,-407.6713,151.8801,178.1951,7.1814,94.9391,6,0,0,0,0
Session_1,2026-01-26 16:55:46.343,8.425,-70.7471,-53.7014,-64.4003,36.2178,89.9052,103.8586,56.1096,-407.5538,147.1760,178.1355,7.9010,95.2589,6,0,0,0,0
Session_1,2026-01-26 16:55:46.410,8.491,-70.6613,-54.2290,-64.7453,36.1491,90.0213,103.8599,56.5043,-406.4308,141.8313,178.2521,6.9598,95.3738,6,0,0,0,0
Session_1,2026-01-26 16:55:46.485,8.566,-70.6623,-54.3843,-64.8649,37.1640,89.8771,103.8606,56.5452,-407.0974,142.1557,178.2117,7.7123,95.3480,6,0,0,0,0
Session_1,2026-01-26 16:55:46.568,8.649,-70.6618,-54.3843,-64.8625,39.5336,89.3628,103.8572,56.6828,-409.3624,146.7491,178.1287,10.1368,95.2577,6,0,0,0,0
Session_1,2026-01-26 16:55:46.638,8.719,-70.6619,-54.3844,-64.8625,39.9099,89.1190,103.8586,56.5115,-409.7693,147.4876,178.2716,10.5600,95.2376,6,0,0,0,0
Session_1,2026-01-26 16:55:46.715,8.796,-70.6618,-54.3848,-64.8627,39.9696,88.3926,103.8696,55.6966,-410.1058,147.6198,178.9594,10.7911,95.2195,6,0,0,0,0
Session_1,2026-01-26 16:55:46.789,8.870,-70.6617,-54.4178,-64.8634,38.5943,88.2257,104.4800,55.0981,-409.0082,144.7115,179.3680,9.4582,94.6615,6,0,0,0,0
Session_1,2026-01-26 16:55:46.855,8.936,-70.6610,-54.8499,-64.8631,38.3134,87.9092,104.4958,54.5989,-408.7303,141.1375,179.8546,8.8479,94.6748,6,0,0,0,0
Session_1,2026-01-26 16:55:46.920,9.002,-70.6613,-55.7640,-64.8626,39.4814,87.3949,104.5136,54.2296,-409.5663,136.9679,-179.7155,9.2228,94.6463,6,0,0,0,0
Session_1,2026-01-26 16:55:46.994,9.075,-70.6622,-57.2488,-64.8607,40.0905,87.0323,104.6338,53.7169,-409.4506,127.6899,-179.1583,8.4701,94.5593,6,0,0,0,0
Session_1,2026-01-26 16:55:47.069,9.150,-70.6619,-58.0860,-64.8591,41.1932,87.0028,104.6530,53.8422,-409.9113,123.9025,-179.2016,8.7361,94.5299,6,0,0,0,0
Session_1,2026-01-26 16:55:47.136,9.218,-70.6620,-58.4011,-64.8425,42.8000,86.3306,104.9737,53.5021,-411.4009,124.8915,-178.9478,10.1769,94.1512,6,0,0,0,0
Session_1,2026-01-26 16:55:47.217,9.298,-70.6619,-58.4260,-64.8217,42.8597,85.0314,105.0135,52.0418,-411.9843,125.0364,-177.7133,10.5677,94.1181,6,0,0,0,0
Session_1,2026-01-26 16:55:47.290,9.372,-70.6618,-58.4265,-64.8219,42.1367,85.0980,105.4804,51.9010,-411.3374,123.6267,-177.6660,9.8714,93.6781,6,0,0,0,0
Session_1,2026-01-26 16:55:47.356,9.437,-70.6616,-58.4267,-64.8212,42.4615,85.7215,106.3786,52.7164,-411.3790,124.1962,-178.5159,10.0428,92.7454,6,0,0,0,0
Session_1,2026-01-26 16:55:47.430,9.511,-70.6617,-58.4357,-64.8212,42.1484,87.1587,108.9384,54.2652,-410.5417,123.4204,179.7770,9.3283,90.1608,6,0,0,0,0
Session_1,2026-01-26 16:55:47.511,9.592,-70.6618,-58.5365,-64.8143,43.0973,86.1898,113.5787,53.4212,-411.6818,124.6405,179.5518,10.4486,85.3935,6,0,0,0,0
Session_1,2026-01-26 16:55:47.586,9.667,-70.6618,-58.5675,-64.7629,43.4750,85.9495,113.5739,53.2907,-412.1880,125.3942,179.6084,10.9085,85.3672,6,0,0,0,0
Session_1,2026-01-26 16:55:47.668,9.749,-70.6617,-58.7154,-64.7522,43.3253,85.8149,113.5870,53.0671,-412.0408,124.1115,179.8478,10.7001,85.3760,6,0,0,0,0
Session_1,2026-01-26 16:55:47.741,9.823,-70.6621,-59.3222,-64.7136,43.6919,86.0566,113.6055,53.3310,-411.9181,120.6641,179.7062,10.4191,85.3724,6,0,0,0,0
Session_1,2026-01-26 16:55:47.823,9.904,-70.6626,-60.1201,-64.4849,44.1204,86.2921,113.7119,53.6981,-412.1143,116.7865,179.5294,10.1954,85.2747,6,0,0,0,0
Session_1,2026-01-26 16:55:47.889,9.970,-70.6630,-60.7082,-63.9448,44.6155,86.4816,113.7305,54.3375,-413.2503,115.8435,179.1672,10.5271,85.2231,6,0,0,0,0
Session_1,2026-01-26 16:55:47.963,10.044,-70.6655,-61.2036,-62.9280,44.3511,86.2104,113.7305,54.6180,-415.0967,116.1374,179.3083,10.8708,85.1992,6,0,0,0,0
Session_1,2026-01-26 16:55:48.036,10.117,-70.6723,-61.3087,-61.9232,43.2937,85.4942,113.7133,54.2180,-416.7206,117.6783,-179.9674,11.0150,85.2207,6,0,0,0,0
Session_1,2026-01-26 16:55:48.103,10.184,-70.6719,-61.3149,-60.8143,41.3182,85.2079,113.7181,54.1869,-417.6697,118.5865,-179.3437,10.3333,85.2840,6,0,0,0,0
Session_1,2026-01-26 16:55:48.188,10.269,-70.6728,-61.4650,-59.9513,40.0465,84.5885,113.8163,53.7265,-418.6359,118.8329,-178.5621,10.0745,85.2291,6,0,0,0,0
Session_1,2026-01-26 16:55:48.255,10.336,-70.6758,-61.8854,-59.5585,39.7430,84.9820,113.8163,54.2565,-418.7784,116.8674,-178.7856,9.6135,85.2457,6,0,0,0,0
Session_1,2026-01-26 16:55:48.316,10.397,-70.6837,-62.7158,-59.3114,39.9944,85.7462,113.7909,55.1080,-418.5864,112.3465,-179.3443,9.0015,85.2806,6,0,0,0,0
Session_1,2026-01-26 16:55:48.386,10.468,-70.6881,-64.0789,-59.1217,41.2695,87.6805,113.7140,57.4068,-418.1584,105.6276,178.8556,8.3156,85.3511,6,0,0,0,0
Session_1,2026-01-26 16:55:48.469,10.551,-70.7496,-64.8629,-59.1121,42.3777,87.7107,113.6611,57.0698,-418.4294,102.1319,178.6988,8.6098,85.3231,6,0,0,0,0
Session_1,2026-01-26 16:55:48.543,10.625,-70.8522,-64.8765,-59.0763,42.2685,87.6839,113.5870,56.2801,-418.5146,101.9768,178.7701,8.5426,85.3005,6,0,0,0,0
Session_1,2026-01-26 16:55:48.605,10.686,-70.8539,-64.8767,-59.0138,41.8916,87.6764,113.4798,56.1931,-418.3290,101.5180,178.9211,8.2599,85.4258,6,0,0,0,0
Session_1,2026-01-26 16:55:48.675,10.756,-70.8540,-64.8765,-58.9571,41.9458,87.7279,113.4263,56.3151,-418.4922,101.8601,178.8367,8.3421,85.4737,6,0,0,0,0
Session_1,2026-01-26 16:55:48.741,10.823,-70.8543,-64.8766,-58.9492,41.8764,87.7231,113.3672,56.2926,-418.4507,101.7608,178.8746,8.2889,85.5367,6,0,0,0,0
Session_1,2026-01-26 16:55:48.817,10.898,-70.8549,-64.8755,-58.9488,41.8380,87.8275,113.3480,56.3965,-418.3780,101.6922,178.7966,8.2141,85.5585,6,0,0,0,0
Session_1,2026-01-26 16:55:48.877,10.959,-70.8554,-64.8700,-58.9481,41.8730,87.8000,113.3247,56.3746,-418.4282,101.8028,178.8086,8.2632,85.5789,6,0,0,0,0
Session_1,2026-01-26 16:55:48.950,11.031,-70.8554,-64.8685,-58.9478,41.8098,87.7979,113.2800,56.3535,-418.3741,101.6938,178.8417,8.2086,85.6276,6,0,0,0,0
Session_1,2026-01-26 16:55:49.033,11.114,-70.8556,-64.8645,-58.9474,41.6718,87.7279,113.2546,56.2302,-418.2821,101.4638,178.9634,8.1143,85.6601,6,0,0,0,0
Session_1,2026-01-26 16:55:49.095,11.176,-70.8553,-64.8553,-58.9468,41.4713,87.5679,113.2388,55.9890,-418.1732,101.1574,179.1892,8.0027,85.6861,6,0,0,0,0
Session_1,2026-01-26 16:55:49.181,11.263,-70.8556,-64.8500,-58.9465,41.2777,87.6160,113.1187,55.9831,-417.9836,100.8253,179.2371,7.8129,85.8178,6,0,0,0,0
Session_1,2026-01-26 16:55:49.255,11.336,-70.8555,-64.8438,-58.9461,41.2962,87.6441,113.0500,56.0242,-417.9971,100.9052,179.2107,7.8258,85.8859,6,0,0,0,0
Session_1,2026-01-26 16:55:49.321,11.402,-70.8553,-64.8437,-58.9461,40.9845,87.5912,112.9037,55.8658,-417.7301,100.3155,179.4028,7.5617,86.0501,6,0,0,0,0
Session_1,2026-01-26 16:55:49.397,11.478,-70.8555,-64.8436,-58.9461,40.6920,87.6077,112.8262,55.7881,-417.4516,99.7603,179.5132,7.2871,86.1430,6,0,0,0,0
Session_1,2026-01-26 16:55:49.479,11.560,-70.8557,-64.8435,-58.9460,40.6583,87.6688,112.7870,55.8462,-417.3964,99.6943,179.4751,7.2329,86.1842,6,0,0,0,0
Session_1,2026-01-26 16:55:49.552,11.633,-70.8578,-64.8435,-58.9460,40.6000,87.6853,112.7328,55.8311,-417.3374,99.5833,179.4896,7.1733,86.2397,6,0,0,0,0
Session_1,2026-01-26 16:55:49.624,11.705,-70.8624,-64.8426,-58.9459,40.5286,87.6963,112.6861,55.7868,-417.2716,99.4545,179.5129,7.1046,86.2856,6,0,0,0,0
Session_1,2026-01-26 16:55:49.691,11.773,-70.8654,-64.8415,-58.9455,40.4160,87.6929,112.6318,55.7253,-417.1717,99.2511,179.5662,7.0039,86.3426,6,0,0,0,0
Session_1,2026-01-26 16:55:49.756,11.837,-70.8656,-64.8403,-58.9452,40.3651,87.7128,112.5913,55.7303,-417.1181,99.1641,179.5721,6.9511,86.3856,6,0,0,0,0
Session_1,2026-01-26 16:55:49.822,11.903,-70.8655,-64.8403,-58.9450,40.2827,87.7094,112.5501,55.7003,-417.0417,99.0095,179.6122,6.8769,86.4310,6,0,0,0,0
Session_1,2026-01-26 16:55:49.897,11.979,-70.8652,-64.8406,-58.9450,40.3878,87.7437,112.5515,55.7762,-417.1272,99.2043,179.5396,6.9604,86.4251,6,0,0,0,0
Session_1,2026-01-26 16:55:49.970,12.051,-70.8656,-64.8410,-58.9450,40.3878,87.6270,112.5639,55.6392,-417.1729,99.2070,179.6460,7.0047,86.4120,6,0,0,0,0
Session_1,2026-01-26 16:55:50.053,12.134,-70.8656,-64.8408,-58.9448,40.2429,87.6221,112.5714,55.5862,-417.0382,98.9358,179.7057,6.8732,86.4111,6,0,0,0,0
Session_1,2026-01-26 16:55:50.118,12.199,-70.8656,-64.8406,-58.9446,40.1674,87.7135,112.5721,55.6662,-416.9313,98.7910,179.6506,6.7689,86.4141,6,0,0,0,0
Session_1,2026-01-26 16:55:50.193,12.274,-70.8656,-64.8406,-58.9436,39.9120,87.6640,112.5728,55.5260,-416.7085,98.3160,179.7951,6.5531,86.4249,6,0,0,0,0
Session_1,2026-01-26 16:55:50.267,12.348,-70.8654,-64.8407,-58.9423,39.7176,87.6661,112.5721,55.4655,-416.5234,97.9556,179.8683,6.3742,86.4341,6,0,0,0,0
Session_1,2026-01-26 16:55:50.326,12.408,-70.8655,-64.8410,-58.9423,39.6579,87.7066,112.5824,55.4913,-416.4496,97.8398,179.8530,6.3033,86.4263,6,0,0,0,0
Session_1,2026-01-26 16:55:50.400,12.482,-70.8650,-64.8411,-58.9422,39.6682,87.5521,112.5900,55.3211,-416.5197,97.8659,179.9908,6.3720,86.4187,6,0,0,0,0
Session_1,2026-01-26 16:55:50.474,12.555,-70.8649,-64.8413,-58.9424,39.7032,87.2898,112.5989,55.0328,-416.6556,97.9436,-179.7815,6.5048,86.4085,6,1,0,0,0
Session_1,2026-01-26 16:55:50.540,12.621,-70.8649,-64.8414,-58.9423,39.6352,87.2376,112.6401,54.9500,-416.6103,97.8189,-179.7115,6.4623,86.3701,6,1,0,0,0
Session_1,2026-01-26 16:55:50.606,12.687,-70.8649,-64.8414,-58.9423,39.5020,87.1690,112.6792,54.8268,-416.5078,97.5727,-179.6006,6.3662,86.3367,6,1,0,0,0
Session_1,2026-01-26 16:55:50.672,12.753,-70.8649,-64.8414,-58.9422,39.3462,87.1607,112.6820,54.7644,-416.3593,97.2816,-179.5326,6.2258,86.3406,6,1,0,0,0
Session_1,2026-01-26 16:55:50.744,12.826,-70.8648,-64.8418,-58.9422,39.1985,87.1463,112.6751,54.6980,-416.2196,97.0032,-179.4608,6.0947,86.3538,6,1,0,0,0
Session_1,2026-01-26 16:55:50.819,12.901,-70.8650,-64.8421,-58.9424,39.1882,87.1964,112.6785,54.7505,-416.1894,96.9785,-179.5033,6.0656,86.3505,6,1,0,0,0
Session_1,2026-01-26 16:55:50.886,12.967,-70.8648,-64.8424,-58.9423,39.1560,87.1635,112.6813,54.7028,-416.1702,96.9184,-179.4605,6.0484,86.3493,6,1,0,0,0
Session_1,2026-01-26 16:55:50.968,13.049,-70.8647,-64.8432,-58.9426,39.1793,87.1181,112.7012,54.6593,-416.2092,96.9578,-179.4295,6.0866,86.3287,6,1,0,0,0
Session_1,2026-01-26 16:55:51.042,13.123,-70.8642,-64.8443,-58.9432,39.1724,87.0715,112.7802,54.6064,-416.2175,96.9372,-179.3915,6.0975,86.2504,6,1,0,0,0
Session_1,2026-01-26 16:55:51.106,13.187,-70.8637,-64.8768,-58.9435,39.2342,87.0433,112.8440,54.5854,-416.2515,96.8203,-179.3837,6.1358,86.1855,6,1,0,0,0
Session_1,2026-01-26 16:55:51.170,13.251,-70.8632,-65.0426,-58.9435,39.5927,87.0412,112.8715,54.6435,-416.4152,96.3008,-179.4604,6.3143,86.1502,6,1,0,0,0
Session_1,2026-01-26 16:55:51.257,13.338,-70.8638,-65.3247,-58.9424,40.1832,87.1168,112.9010,54.8135,-416.6401,95.3827,-179.6551,6.5700,86.1059,6,1,0,0,0
Session_1,2026-01-26 16:55:51.330,13.412,-70.8636,-65.3451,-58.9418,40.2203,87.0859,112.9037,54.7843,-416.6656,95.3096,-179.6337,6.5979,86.1027,6,1,0,0,0
Session_1,2026-01-26 16:55:51.403,13.485,-70.8635,-65.3465,-58.9418,40.1900,87.0618,112.9113,54.7469,-416.6441,95.2445,-179.6000,6.5782,86.0967,6,1,0,0,0
Session_1,2026-01-26 16:55:51.479,13.560,-70.8634,-65.3465,-58.9417,40.1949,87.0653,112.9037,54.7531,-416.6477,95.2541,-179.6043,6.5814,86.1041,6,1,0,0,0
Session_1,2026-01-26 16:55:51.540,13.622,-70.8634,-65.3464,-58.9417,40.2292,87.0818,112.9120,54.7837,-416.6746,95.3186,-179.6340,6.6068,86.0942,6,1,0,0,0
Session_1,2026-01-26 16:55:51.602,13.684,-70.8636,-65.3461,-58.9416,40.2573,87.1381,112.9189,54.8569,-416.6803,95.3701,-179.6979,6.6111,86.0858,6,1,0,0,0
Session_1,2026-01-26 16:55:51.701,13.782,-70.8636,-65.3454,-58.9415,40.3157,87.1648,112.9449,54.9075,-416.7271,95.4833,-179.7489,6.6552,86.0568,6,1,0,0,0
Session_1,2026-01-26 16:55:51.774,13.855,-70.8636,-65.3446,-58.9416,40.4256,87.1841,112.9367,54.9662,-416.8260,95.6946,-179.8093,6.7494,86.0599,6,1,0,0,0
Session_1,2026-01-26 16:55:51.840,13.922,-70.8636,-65.3440,-58.9418,40.6192,87.2507,112.9271,55.1069,-416.9856,96.0594,-179.9461,6.9020,86.0604,6,1,0,0,0
Session_1,2026-01-26 16:55:51.906,13.987,-70.8639,-65.3369,-58.9423,40.9412,87.3825,112.9237,55.3643,-417.2468,96.7092,179.8031,7.1530,86.0478,6,1,0,0,0
Session_1,2026-01-26 16:55:51.971,14.053,-70.8644,-65.3127,-58.9432,41.1335,87.5267,112.8893,55.5975,-417.3965,97.2352,179.5895,7.2953,86.0715,6,1,0,0,0
Session_1,2026-01-26 16:55:52.039,14.120,-70.8644,-65.2149,-58.9433,40.8904,87.5569,112.8344,55.5907,-417.2655,97.4770,179.6259,7.1502,86.1341,6,1,0,0,0
Session_1,2026-01-26 16:55:52.114,14.195,-70.8644,-64.7362,-58.9453,39.8151,87.4594,112.7856,55.3060,-416.8052,98.8879,179.9569,6.6370,86.2113,6,1,0,0,0
Session_1,2026-01-26 16:55:52.196,14.277,-70.8643,-63.8690,-58.9461,38.2242,86.7590,112.7911,54.2874,-416.4567,102.1724,-179.1139,6.2409,86.2397,6,1,0,0,0
Session_1,2026-01-26 16:55:52.261,14.342,-70.8643,-63.4397,-58.9463,38.4892,86.2420,112.7939,53.9346,-417.3485,105.7907,-178.9092,7.0805,86.2089,6,1,0,0,0
Session_1,2026-01-26 16:55:52.327,14.409,-70.8643,-63.0516,-58.9469,37.7552,86.4878,112.7740,54.1002,-416.9185,107.1801,-178.9978,6.6659,86.2434,6,1,0,0,0
Session_1,2026-01-26 16:55:52.387,14.469,-70.8643,-62.7009,-58.9482,37.2588,86.3010,112.7822,53.8321,-416.8361,108.7776,-178.7688,6.6029,86.2432,6,1,0,0,0
Session_1,2026-01-26 16:55:52.459,14.540,-70.8643,-62.2867,-58.9482,37.2739,86.2770,112.7788,53.9400,-417.2350,111.7833,-178.9144,7.0075,86.2269,6,1,0,0,0
Session_1,2026-01-26 16:55:52.524,14.605,-70.8643,-61.9156,-58.9482,36.8097,86.3113,112.7733,53.9357,-417.0959,113.5759,-178.9090,6.9085,86.2366,6,1,0,0,0
Session_1,2026-01-26 16:55:52.590,14.671,-70.8644,-61.5365,-58.9482,36.6422,86.3271,112.7705,54.0067,-417.2439,115.9842,-179.0062,7.0972,86.2291,6,1,0,0,0
Session_1,2026-01-26 16:55:52.663,14.745,-70.8644,-60.8987,-58.9482,36.1567,86.3416,112.7589,54.0353,-417.2724,119.6537,-179.0778,7.2317,86.2333,6,1,0,0,0
Session_1,2026-01-26 16:55:52.745,14.827,-70.8644,-59.9693,-58.9482,35.6094,86.3237,112.7527,54.0673,-417.4154,125.3050,-179.2105,7.5906,86.2203,6,1,0,0,0
Session_1,2026-01-26 16:55:52.828,14.909,-70.8644,-58.8391,-58.9482,34.8981,86.3127,112.7499,54.0544,-417.4347,132.0862,-179.3647,7.9805,86.2008,6,1,0,0,0
Session_1,2026-01-26 16:55:52.905,14.987,-70.8644,-57.7404,-58.9483,34.2107,86.1713,112.7451,53.8593,-417.3956,138.6904,-179.3954,8.4139,86.1831,6,1,0,0,0
Session_1,2026-01-26 16:55:52.986,15.067,-70.8649,-56.5494,-58.9485,33.4046,86.1472,112.7396,53.7301,-417.1233,145.7133,-179.5241,8.7773,86.1656,6,1,0,0,0
Session_1,2026-01-26 16:55:53.058,15.139,-70.8655,-55.5341,-58.9488,32.8580,86.1651,112.7410,53.6716,-416.9005,151.9565,-179.7260,9.2016,86.1347,6,1,0,0,0
Session_1,2026-01-26 16:55:53.124,15.205,-70.8655,-54.5996,-58.9487,32.1975,86.1823,112.7396,53.5450,-416.4720,157.3933,-179.8502,9.4472,86.1185,6,1,0,0,0
Session_1,2026-01-26 16:55:53.189,15.270,-70.8656,-53.7184,-58.9494,31.6173,86.2001,112.7424,53.4143,-416.0319,162.5883,-179.9862,9.7167,86.0957,6,1,0,0,0
Session_1,2026-01-26 16:55:53.264,15.345,-70.8659,-52.6864,-58.9494,30.8462,86.1720,112.7424,53.1462,-415.3692,168.4897,179.9361,9.9677,86.0777,6,1,0,0,0
Session_1,2026-01-26 16:55:53.336,15.417,-70.8660,-51.9965,-58.9498,30.5180,86.2495,112.7431,53.1151,-414.9957,172.7791,179.7206,10.2701,86.0517,6,1,0,0,0
Session_1,2026-01-26 16:55:53.412,15.493,-70.8662,-50.9944,-58.9500,29.8334,86.2035,112.7424,52.7995,-414.2610,178.6073,179.6366,10.5798,86.0292,6,1,0,0,0
Session_1,2026-01-26 16:55:53.485,15.567,-70.8671,-50.0735,-58.9501,29.3088,86.2358,112.7451,52.5933,-413.5660,184.1452,179.4480,10.9316,85.9961,6,1,0,0,0
Session_1,2026-01-26 16:55:53.554,15.635,-70.8671,-49.1762,-58.9501,28.6448,86.1864,112.7438,52.2361,-412.7198,189.2350,179.4003,11.1653,85.9793,6,1,0,0,0
Session_1,2026-01-26 16:55:53.627,15.708,-70.8672,-48.1246,-58.9502,28.0639,86.1926,112.7431,51.9154,-411.7737,195.5584,179.2059,11.5955,85.9427,6,1,0,0,0
Session_1,2026-01-26 16:55:53.700,15.782,-70.8673,-47.1155,-58.9502,27.4322,86.1417,112.7444,51.4890,-410.7343,201.4632,179.1005,11.9620,85.9100,6,1,0,0,0
Session_1,2026-01-26 16:55:53.773,15.854,-70.8675,-46.0580,-58.9504,26.5972,86.0896,112.7479,50.9618,-409.4121,207.2839,179.0581,12.1865,85.8871,6,1,0,0,0
Session_1,2026-01-26 16:55:53.848,15.930,-70.8678,-45.1199,-58.9504,26.0328,86.1857,112.7458,50.6768,-408.2424,212.7595,178.8190,12.4926,85.8573,6,1,0,0,0
Session_1,2026-01-26 16:55:53.930,16.012,-70.8683,-44.1608,-58.9505,25.3729,86.1562,112.7465,50.1872,-406.9518,218.1793,178.7248,12.7787,85.8293,6,1,0,0,0
Session_1,2026-01-26 16:55:53.998,16.079,-70.8683,-43.5627,-58.9505,25.1340,86.1108,112.7458,49.8850,-406.2472,221.8907,178.6208,13.1261,85.7969,6,1,0,0,0
Session_1,2026-01-26 16:55:54.071,16.152,-70.8685,-43.0900,-58.9509,24.6911,86.1287,112.7451,49.6321,-405.4559,224.3065,178.5926,13.1463,85.7949,6,1,0,0,0
Session_1,2026-01-26 16:55:54.137,16.219,-70.8685,-42.6824,-58.9512,24.4521,86.1720,112.7486,49.4793,-404.8551,226.6654,178.4834,13.2840,85.7762,6,1,0,0,0
Session_1,2026-01-26 16:55:54.202,16.284,-70.8685,-42.3805,-58.9512,24.2228,86.2365,112.7444,49.3866,-404.3499,228.3036,178.3955,13.3257,85.7743,6,1,0,0,0
Session_1,2026-01-26 16:55:54.278,16.359,-70.8694,-42.1941,-58.9510,24.0992,86.4040,112.7486,49.4730,-403.9999,229.3411,178.2148,13.3187,85.7652,6,1,0,0,0
Session_1,2026-01-26 16:55:54.343,16.424,-70.8880,-42.1760,-58.9511,24.1081,86.4514,112.7465,49.3918,-403.9852,229.4810,178.1608,13.3252,85.7468,6,1,0,0,0
Session_1,2026-01-26 16:55:54.408,16.490,-70.9565,-42.1760,-58.9510,24.0827,86.4397,112.7493,48.8888,-404.0297,229.4314,178.1812,13.3064,85.6777,6,1,0,0,0
Session_1,2026-01-26 16:55:54.470,16.552,-71.0463,-42.1761,-58.9511,23.9996,86.3869,112.7486,48.1738,-404.0639,229.2695,178.2638,13.2505,85.5958,6,1,0,0,0
Session_1,2026-01-26 16:55:54.540,16.621,-71.2394,-42.1763,-58.9512,23.8204,86.3072,112.7472,46.6746,-404.1196,228.9173,178.4105,13.1164,85.4198,6,1,0,0,0
Session_1,2026-01-26 16:55:54.607,16.688,-71.5261,-42.1768,-58.9519,23.6769,86.1905,112.7486,44.4809,-404.2823,228.6347,178.5764,13.0286,85.1438,6,1,0,0,0
Session_1,2026-01-26 16:55:54.681,16.762,-72.0372,-42.1772,-58.9526,23.9577,86.0023,112.7527,40.7234,-404.9416,229.2013,178.6347,13.3581,84.6006,6,1,0,0,0
Session_1,2026-01-26 16:55:54.741,16.822,-72.5953,-42.1774,-58.9526,24.0333,86.0175,112.7541,36.8127,-405.3707,229.3491,178.5897,13.4214,84.0342,6,1,0,0,0
Session_1,2026-01-26 16:55:54.802,16.884,-73.4126,-42.1805,-58.9529,23.8980,85.9206,112.7575,30.8841,-405.7870,229.0647,178.7345,13.3314,83.2255,6,1,0,0,0
Session_1,2026-01-26 16:55:54.877,16.959,-74.5117,-42.1896,-58.9538,24.0896,85.7380,112.7575,22.9236,-406.5143,229.3944,178.8285,13.5688,82.1076,6,1,0,0,0
Session_1,2026-01-26 16:55:54.943,17.024,-75.5799,-42.1906,-58.9538,24.4652,85.4901,112.7657,15.1228,-407.2245,230.1579,178.9014,14.0083,80.9925,6,1,0,0,0
Session_1,2026-01-26 16:55:55.034,17.116,-77.1751,-42.1916,-58.9538,24.4796,85.2731,112.7747,3.5262,-407.5531,230.2002,179.0934,14.1044,79.3852,6,1,0,0,0
Session_1,2026-01-26 16:55:55.116,17.198,-78.7039,-42.1917,-58.9537,24.5956,85.0829,112.7740,-7.5571,-407.6302,230.4501,179.2210,14.2845,77.8444,6,1,0,0,0
Session_1,2026-01-26 16:55:55.199,17.280,-80.0973,-42.1934,-58.9539,24.4830,84.8852,112.7692,-17.7178,-407.2789,230.2333,179.4513,14.2560,76.4666,6,1,0,0,0
Session_1,2026-01-26 16:55:55.282,17.363,-81.4903,-42.1949,-58.9538,24.4123,84.7073,112.7657,-27.8346,-406.7031,230.1012,179.6457,14.2587,75.0839,6,1,0,0,0
Session_1,2026-01-26 16:55:55.355,17.436,-82.6356,-42.1950,-58.9538,24.3436,84.6414,112.7740,-36.0441,-406.0213,229.9712,179.7325,14.2211,73.9369,6,1,0,0,0
Session_1,2026-01-26 16:55:55.420,17.502,-83.5575,-42.1950,-58.9538,24.3031,84.6057,112.7898,-42.6190,-405.3615,229.8945,179.7780,14.1977,73.0026,6,1,0,0,0
Session_1,2026-01-26 16:55:55.503,17.584,-84.9342,-42.1947,-58.9535,24.3519,84.4952,112.8001,-52.4755,-404.2672,230.0076,179.8570,14.2858,71.6102,6,1,0,0,0
Session_1,2026-01-26 16:55:55.571,17.652,-85.9145,-42.1942,-58.9533,24.1692,84.2349,112.8076,-59.7078,-403.1840,229.6783,-179.8302,14.2196,70.6406,6,1,0,0,0
Session_1,2026-01-26 16:55:55.635,17.717,-86.9128,-42.1939,-58.9526,23.7833,83.9143,112.8598,-67.1269,-401.7925,228.9566,-179.3897,13.9914,69.6278,6,1,0,0,0
Session_1,2026-01-26 16:55:55.718,17.799,-87.9684,-42.1930,-58.9520,22.7177,83.4535,112.9140,-75.1033,-399.6328,226.9196,-178.5422,13.1951,68.6221,6,1,0,0,0
Session_1,2026-01-26 16:55:55.798,17.879,-88.5811,-42.1927,-58.9516,22.2816,82.3782,112.9127,-80.6764,-398.4442,226.2241,-177.3704,13.2138,68.0667,6,1,0,0,0
Session_1,2026-01-26 16:55:55.873,17.955,-89.0688,-42.1927,-58.9516,22.1684,81.5783,112.9175,-85.0280,-397.6374,226.1352,-176.5847,13.4212,67.6015,6,1,0,0,0
Session_1,2026-01-26 16:55:55.938,18.020,-89.3415,-42.1929,-58.9517,21.9143,80.9953,112.9120,-87.6212,-397.0016,225.7404,-175.9394,13.4136,67.3736,6,1,0,0,0
Session_1,2026-01-26 16:55:56.002,18.083,-89.3658,-42.1931,-58.9518,21.7392,81.0661,112.9106,-87.7058,-396.8172,225.3835,-175.9335,13.2250,67.3652,6,1,0,0,0
Session_1,2026-01-26 16:55:56.070,18.151,-89.3654,-42.1936,-58.9524,21.2544,81.0729,112.9161,-87.7001,-396.3997,224.4306,-175.7443,12.7762,67.4040,6,1,0,0,0
Session_1,2026-01-26 16:55:56.142,18.223,-89.3661,-42.1945,-58.9527,21.0333,81.1169,112.9106,-87.6542,-396.2068,223.9852,-175.6940,12.5545,67.4273,6,1,0,0,0
Session_1,2026-01-26 16:55:56.217,18.298,-89.3711,-42.2057,-58.9532,21.0580,81.0770,112.9120,-87.7362,-396.2308,223.9608,-175.6626,12.5820,67.4210,6,1,0,0,0
Session_1,2026-01-26 16:55:56.286,18.367,-89.3711,-42.2380,-58.9534,21.1047,81.0612,112.9127,-87.7543,-396.3042,223.8311,-175.6539,12.6013,67.4195,6,1,0,0,0
Session_1,2026-01-26 16:55:56.356,18.437,-89.3718,-42.4707,-58.9535,21.2709,81.0695,112.9161,-87.7447,-396.6847,222.5453,-175.6354,12.5371,67.4210,6,1,0,0,0
Session_1,2026-01-26 16:55:56.423,18.504,-89.3859,-42.9966,-58.9533,21.7502,81.1210,112.9092,-87.7708,-397.5999,219.8308,-175.6629,12.4739,67.4164,6,1,0,0,0
Session_1,2026-01-26 16:55:56.497,18.579,-89.4261,-43.7148,-58.9529,22.3730,81.3428,112.9168,-87.7715,-398.7539,216.0212,-175.8319,12.3010,67.3701,6,1,0,0,0
Session_1,2026-01-26 16:55:56.587,18.668,-89.4259,-44.5421,-58.9519,22.9086,81.4423,112.9154,-87.6394,-399.9337,211.2928,-175.8068,11.9951,67.3934,6,1,0,0,0
Session_1,2026-01-26 16:55:56.652,18.733,-89.4256,-45.2250,-58.9521,22.7932,81.7225,112.9127,-87.2964,-400.3530,206.2615,-175.7455,11.1519,67.4527,6,1,0,0,0
Session_1,2026-01-26 16:55:56.735,18.816,-89.4232,-45.8994,-58.9517,23.0651,82.0198,112.9113,-86.9157,-401.0723,202.0290,-175.8600,10.6666,67.4782,6,1,0,0,0
Session_1,2026-01-26 16:55:56.808,18.889,-89.4217,-46.6296,-58.9512,23.7559,81.9559,112.9134,-86.9711,-402.1674,198.2583,-175.7857,10.6557,67.4823,6,1,0,0,0
Session_1,2026-01-26 16:55:56.890,18.972,-89.3198,-47.1608,-58.9515,23.3590,81.7843,112.9120,-86.4627,-402.2271,193.8095,-175.2569,9.8681,67.6568,6,1,0,0,0
Session_1,2026-01-26 16:55:56.956,19.037,-89.1288,-47.3607,-58.9515,23.4119,81.5941,112.9092,-85.3472,-402.6613,192.5421,-175.0217,9.8061,67.8669,6,1,0,0,0
Session_1,2026-01-26 16:55:57.030,19.112,-88.7273,-47.8136,-58.9513,23.7943,81.1691,112.9140,-83.0204,-403.8306,190.1709,-174.6006,9.9068,68.2835,6,1,0,0,0
Session_1,2026-01-26 16:55:57.114,19.195,-88.1291,-48.6925,-58.9513,24.4741,81.1807,112.9113,-78.7533,-405.6843,185.2838,-174.5321,9.7186,68.8974,6,1,0,0,0
Session_1,2026-01-26 16:55:57.197,19.278,-87.6840,-49.5732,-58.9514,24.5929,81.3345,112.9147,-75.3996,-406.6598,179.2836,-174.3741,8.9578,69.3821,6,1,0,0,0
Session_1,2026-01-26 16:55:57.279,19.360,-87.4548,-50.5274,-58.9513,24.9149,81.3799,112.9120,-73.6951,-407.4672,173.1587,-174.1668,8.3577,69.6497,6,1,0,0,0
Session_1,2026-01-26 16:55:57.352,19.433,-87.4541,-51.2027,-58.9511,25.1903,81.5110,112.9127,-73.5169,-407.8165,168.8880,-174.1313,7.9387,69.6668,6,1,0,0,0
Session_1,2026-01-26 16:55:57.426,19.507,-87.4548,-51.9793,-58.9512,26.0472,80.9672,112.9058,-74.1333,-408.7487,165.0997,-173.6578,8.2225,69.6913,6,1,0,0,0
Session_1,2026-01-26 16:55:57.492,19.574,-87.4544,-52.8747,-58.9512,27.4178,80.6712,112.8680,-74.4236,-410.1361,161.3738,-173.5641,8.7705,69.7150,6,1,0,0,0
Session_1,2026-01-26 16:55:57.583,19.664,-87.4534,-54.1488,-58.9511,29.0259,80.6417,112.8481,-74.3857,-411.6157,155.3392,-173.6648,9.0876,69.7170,6,1,0,0,0
Session_1,2026-01-26 16:55:57.665,19.746,-87.4530,-55.1831,-58.9510,30.0627,80.7227,111.9184,-74.2493,-412.4315,149.8992,-173.5946,8.9562,70.6493,6,1,0,0,0
Session_1,2026-01-26 16:55:57.747,19.828,-87.4522,-56.0297,-58.9502,32.9720,80.8257,110.1908,-74.0047,-415.0343,149.3363,-174.1481,10.6604,72.2612,6,1,0,0,0
Session_1,2026-01-26 16:55:57.873,19.955,-87.3970,-56.1977,-58.9498,33.3360,81.2844,106.5804,-73.0419,-415.3871,148.7423,-173.9842,10.3294,75.9417,6,1,0,0,0
Session_1,2026-01-26 16:55:58.002,20.084,-86.9639,-56.2087,-58.9503,33.9210,81.0276,103.7899,-70.1789,-416.4734,149.8318,-173.3750,10.6425,79.1752,6,1,0,0,0
Session_1,2026-01-26 16:55:58.067,20.148,-86.6912,-56.2913,-58.9503,34.2574,80.9061,102.7991,-68.3252,-417.0916,149.9086,-173.1295,10.8008,80.4415,6,1,0,0,0
Session_1,2026-01-26 16:55:58.160,20.241,-86.5126,-56.8146,-58.9497,35.6616,80.7317,102.2855,-67.1658,-418.4166,148.8903,-173.0536,11.6368,81.1064,6,1,0,0,0
Session_1,2026-01-26 16:55:58.234,20.315,-86.5157,-57.6640,-58.9256,36.4080,80.1508,102.2312,-67.8570,-418.8646,144.4277,-172.4544,11.6752,81.1776,6,1,0,0,0
Session_1,2026-01-26 16:55:58.308,20.389,-86.5152,-58.2792,-58.9118,36.5941,80.6513,102.1351,-67.2578,-418.7949,140.3050,-172.8373,11.1523,81.2794,6,1,0,0,0
Session_1,2026-01-26 16:55:58.368,20.450,-86.5145,-58.7011,-58.8313,37.9866,80.6424,101.7986,-67.1906,-420.0026,140.3153,-172.9838,12.1405,81.5759,6,1,0,0,0
Session_1,2026-01-26 16:55:58.448,20.529,-86.5144,-59.0683,-58.3504,38.1301,80.7523,100.9177,-66.9977,-420.9887,140.0413,-172.9554,12.2633,82.4568,6,1,0,0,0
Session_1,2026-01-26 16:55:58.521,20.602,-86.5144,-59.4672,-57.5397,38.4212,80.6534,100.0340,-67.0076,-422.7753,141.3296,-172.7946,12.8625,83.3287,6,1,0,0,0
Session_1,2026-01-26 16:55:58.588,20.670,-86.5139,-59.7553,-56.6659,38.1507,80.8333,99.5265,-66.6989,-424.2412,142.5565,-172.9125,13.0796,83.8295,6,1,0,0,0
Session_1,2026-01-26 16:55:58.670,20.752,-86.5135,-60.2882,-55.3663,37.6316,80.9219,99.4084,-66.4669,-426.2538,143.4285,-173.0152,13.2947,83.9388,6,1,0,0,0
Session_1,2026-01-26 16:55:58.752,20.833,-86.5140,-61.2662,-53.9969,36.9106,81.1093,99.3851,-66.1378,-428.0208,140.9160,-173.1396,12.9365,83.9711,6,1,0,0,0
Session_1,2026-01-26 16:55:58.827,20.908,-86.5138,-61.9112,-52.7295,35.3629,81.6765,99.1564,-65.3973,-428.9710,138.7038,-173.4971,11.9062,84.2261,6,1,0,0,0
Session_1,2026-01-26 16:55:58.901,20.982,-86.5135,-62.5634,-51.2728,34.7449,81.8069,99.2072,-65.1115,-431.0449,139.1910,-173.6679,12.0753,84.1661,6,1,0,0,0
Session_1,2026-01-26 16:55:58.970,21.051,-86.5141,-63.0644,-49.9791,33.4554,81.7671,99.4132,-65.0904,-432.2551,138.7886,-173.5884,11.6145,83.9740,6,1,0,0,0
Session_1,2026-01-26 16:55:59.042,21.123,-86.5140,-63.2503,-48.5720,30.3724,82.0809,99.7971,-64.7183,-432.1547,137.7348,-173.6523,9.7697,83.6391,6,1,0,0,0
Session_1,2026-01-26 16:55:59.103,21.185,-86.5137,-63.2506,-47.7151,29.9309,81.9649,99.9948,-64.7786,-433.4127,140.7798,-173.6451,10.2203,83.4294,6,1,0,0,0
Session_1,2026-01-26 16:55:59.169,21.250,-86.5147,-63.2509,-46.8944,28.5102,81.7506,100.6320,-65.0280,-433.6728,141.8057,-173.4353,9.7396,82.8089,6,1,0,0,0
Session_1,2026-01-26 16:55:59.235,21.316,-86.5140,-63.2784,-46.4318,26.4029,82.3885,100.8792,-64.3270,-432.4927,139.5757,-173.7858,8.0061,82.5964,6,1,0,0,0
Session_1,2026-01-26 16:55:59.304,21.385,-86.5141,-63.3962,-46.2762,26.8904,82.4538,100.9074,-64.2051,-433.2125,140.3129,-173.9545,8.5126,82.5523,6,1,0,0,0
Session_1,2026-01-26 16:55:59.399,21.480,-86.5139,-63.5617,-46.2737,26.3603,83.0601,100.8964,-63.5112,-432.5886,137.9914,-174.4173,7.7170,82.5704,6,1,0,0,0
Session_1,2026-01-26 16:55:59.472,21.553,-86.5141,-63.9397,-46.2719,26.8808,83.1823,100.8545,-63.3453,-432.9160,136.1411,-174.5595,7.8317,82.6063,6,1,0,0,0
Session_1,2026-01-26 16:55:59.538,21.619,-86.5145,-64.3375,-46.2681,27.2900,83.3347,100.7645,-63.1522,-433.1103,133.9359,-174.7002,7.8097,82.6933,6,1,0,0,0
Session_1,2026-01-26 16:55:59.602,21.684,-86.5146,-64.4780,-46.2671,27.3244,83.3354,100.5675,-63.1544,-433.0685,132.9548,-174.6545,7.6880,82.8939,6,1,0,0,0
Session_1,2026-01-26 16:55:59.678,21.759,-86.5145,-64.4780,-46.2654,27.3937,83.1974,100.1713,-63.3157,-433.1485,133.1133,-174.4779,7.7451,83.2926,6,1,0,0,0
Session_1,2026-01-26 16:55:59.752,21.834,-86.5144,-64.4859,-46.2656,27.1349,83.2338,99.7208,-63.2872,-432.8842,132.5592,-174.4075,7.4323,83.7505,6,1,0,0,0
Session_1,2026-01-26 16:55:59.833,21.915,-86.5145,-64.5646,-46.2655,27.2983,83.0820,99.6041,-63.4632,-433.0112,132.3016,-174.2567,7.5297,83.8683,6,1,0,0,0
Session_1,2026-01-26 16:55:59.906,21.988,-86.5144,-64.6241,-46.2656,27.3608,83.1837,99.5300,-63.3387,-433.0332,131.9593,-174.3479,7.5084,83.9410,6,1,0,0,0
Session_1,2026-01-26 16:55:59.982,22.063,-86.5144,-64.6349,-46.2655,27.3051,83.2427,99.4881,-63.2713,-432.9683,131.7658,-174.3897,7.4291,83.9835,6,1,0,0,0
Session_1,2026-01-26 16:56:00.056,22.137,-86.5145,-64.6365,-46.2655,27.2948,83.2729,99.4860,-63.2364,-432.9552,131.7298,-174.4173,7.4122,83.9853,6,1,0,0,0
Session_1,2026-01-26 16:56:00.130,22.211,-86.5146,-64.6368,-46.2655,27.2173,83.4851,99.5100,-62.9865,-432.8650,131.5524,-174.6171,7.3029,83.9593,6,1,0,0,0
Session_1,2026-01-26 16:56:00.213,22.294,-86.5146,-64.6372,-46.2654,27.2317,83.7694,99.5052,-62.6435,-432.8627,131.5383,-174.8998,7.2695,83.9595,6,1,0,0,0
Session_1,2026-01-26 16:56:00.287,22.369,-86.5152,-64.6614,-46.2655,27.0985,83.9225,99.3638,-62.4724,-432.7047,131.0866,-175.0073,7.0768,84.1020,6,1,0,0,0
Session_1,2026-01-26 16:56:00.361,22.442,-86.5222,-64.7198,-46.2654,27.1191,84.3606,99.1379,-61.9980,-432.6569,130.6354,-175.4066,6.9505,84.3166,6,1,0,0,0
Session_1,2026-01-26 16:56:00.436,22.517,-86.5257,-64.7199,-46.2612,27.2715,84.4402,99.1145,-61.9183,-432.8103,130.9311,-175.5076,7.0906,84.3325,6,1,0,0,0
Session_1,2026-01-26 16:56:00.510,22.591,-86.5414,-64.7200,-46.2331,26.7448,84.9408,99.0280,-61.4623,-432.2852,130.0109,-175.9129,6.5131,84.4071,6,1,0,0,0
Session_1,2026-01-26 16:56:00.576,22.657,-86.5554,-64.7197,-46.2198,26.9144,84.8605,99.0431,-61.6531,-432.4751,130.4002,-175.8642,6.7077,84.3755,6,1,0,0,0
Session_1,2026-01-26 16:56:00.650,22.732,-86.6429,-64.7197,-46.0324,26.4935,85.0637,99.0102,-62.0711,-432.3158,130.4289,-176.0244,6.4429,84.3231,6,1,0,0,0
Session_1,2026-01-26 16:56:00.718,22.799,-86.8086,-64.7196,-45.5777,26.5354,84.9655,99.0191,-63.3864,-433.0892,132.5620,-176.0070,6.9493,84.1404,6,1,0,0,0
Session_1,2026-01-26 16:56:00.786,22.867,-86.9940,-64.7200,-44.7547,25.9696,84.8323,99.0163,-64.8936,-433.9274,135.2194,-175.9156,7.2236,83.9542,6,1,0,0,0
Session_1,2026-01-26 16:56:00.862,22.943,-87.1558,-64.7421,-43.6853,24.7625,84.8158,98.9861,-66.0978,-434.5629,137.6206,-175.8703,7.0663,83.8261,6,1,0,0,0
Session_1,2026-01-26 16:56:00.948,23.029,-87.1577,-65.0101,-42.8704,23.7943,85.1729,98.9051,-65.6603,-434.9669,137.4404,-176.1476,6.5890,83.9096,6,1,0,0,0
Session_1,2026-01-26 16:56:01.033,23.115,-87.1580,-65.6448,-42.2816,24.1013,85.4228,98.9161,-65.3061,-436.0529,135.8824,-176.4369,6.8090,83.8909,6,1,0,0,0
Session_1,2026-01-26 16:56:01.118,23.199,-87.1603,-66.5772,-41.2631,23.8877,85.7874,98.9319,-64.8242,-437.2205,133.0253,-176.7794,6.6276,83.8717,6,1,0,0,0
Session_1,2026-01-26 16:56:01.195,23.277,-87.1603,-66.7920,-40.3323,23.1578,85.7716,98.9278,-64.8000,-438.0873,134.2575,-176.7611,6.6161,83.8763,6,1,0,0,0
Session_1,2026-01-26 16:56:01.271,23.352,-87.1599,-66.7923,-39.4522,22.0482,85.5540,98.9484,-65.0370,-438.5691,136.1983,-176.5121,6.4241,83.8620,6,1,0,0,0
Session_1,2026-01-26 16:56:01.350,23.431,-87.1603,-66.8051,-38.9501,20.5849,85.4125,98.9429,-65.2413,-437.9564,135.6675,-176.2191,5.4836,83.8844,6,1,0,0,0
Session_1,2026-01-26 16:56:01.425,23.507,-87.1656,-66.8324,-38.9279,20.6090,85.2347,98.9127,-65.4946,-438.0109,135.6241,-176.0433,5.5279,83.9109,6,1,0,0,0
Session_1,2026-01-26 16:56:01.501,23.583,-87.1695,-66.8646,-38.9315,20.3735,85.2992,98.8275,-65.4599,-437.7304,134.9198,-176.0570,5.2439,83.9956,6,1,0,0,0
Session_1,2026-01-26 16:56:01.564,23.645,-87.1725,-66.9551,-38.9314,20.3748,85.4208,98.6902,-65.3381,-437.6741,134.2259,-176.1512,5.1282,84.1302,6,1,0,0,0
Session_1,2026-01-26 16:56:01.643,23.724,-87.1769,-67.1777,-38.9306,20.7463,85.5100,98.5735,-65.2507,-437.9389,133.2228,-176.2515,5.2550,84.2398,6,1,0,0,0
Session_1,2026-01-26 16:56:01.720,23.802,-87.2068,-67.4332,-38.9297,20.8953,85.6226,98.4856,-65.3419,-437.9129,131.5559,-176.3392,5.1282,84.2984,6,1,0,0,0
Session_1,2026-01-26 16:56:01.795,23.876,-87.2632,-67.6748,-38.9290,21.0285,85.5203,98.4231,-65.8973,-437.8518,129.9844,-176.2165,5.0326,84.3069,6,1,0,0,0
Session_1,2026-01-26 16:56:01.884,23.965,-87.3932,-67.9196,-38.9292,21.0313,85.5684,98.3578,-66.8391,-437.5474,128.1296,-176.2230,4.7818,84.2448,6,1,0,0,0
Session_1,2026-01-26 16:56:01.969,24.050,-87.4568,-68.0846,-38.9293,20.9997,85.6796,98.3050,-67.1964,-437.3249,126.8110,-176.3003,4.5676,84.2354,6,1,0,0,0
Session_1,2026-01-26 16:56:02.047,24.129,-87.4583,-68.1503,-38.9290,21.2585,85.8781,98.2954,-66.9580,-437.5498,126.7744,-176.5240,4.7299,84.2394,6,1,0,0,0
Session_1,2026-01-26 16:56:02.124,24.206,-87.4576,-68.1501,-38.9268,21.4639,86.1452,98.2603,-66.6192,-437.7627,127.1422,-176.8156,4.8949,84.2705,6,1,0,0,0
Session_1,2026-01-26 16:56:02.199,24.281,-87.4578,-68.1502,-38.9270,21.2757,86.1486,98.2446,-66.6256,-437.5600,126.7932,-176.7905,4.7071,84.2884,6,1,0,0,0
Session_1,2026-01-26 16:56:02.287,24.369,-87.4580,-68.1503,-38.9270,21.2997,86.2530,98.1992,-66.4996,-437.5805,126.8284,-176.8936,4.7134,84.3325,6,1,0,0,0
Session_1,2026-01-26 16:56:02.351,24.432,-87.4574,-68.1502,-38.9270,21.3746,86.4569,98.1457,-66.2453,-437.6518,126.9512,-177.1019,4.7557,84.3843,6,1,0,0,0
Session_1,2026-01-26 16:56:02.420,24.501,-87.4576,-68.1502,-38.9270,21.3924,86.5730,98.1697,-66.1051,-437.6653,126.9757,-177.2213,4.7582,84.3590,6,1,0,0,0
Session_1,2026-01-26 16:56:02.485,24.567,-87.4579,-68.1502,-38.9271,21.3306,86.6801,98.2260,-65.9809,-437.5931,126.8534,-177.3232,4.6843,84.3023,6,1,0,0,0
Session_1,2026-01-26 16:56:02.555,24.636,-87.4584,-68.1502,-38.9271,21.2634,86.7048,98.3077,-65.9581,-437.5190,126.7277,-177.3446,4.6180,84.2205,6,1,0,0,0
Session_1,2026-01-26 16:56:02.626,24.707,-87.4587,-68.1503,-38.9271,21.2489,86.6505,98.3146,-66.0269,-437.5056,126.7044,-177.2893,4.6119,84.2138,6,1,0,0,0
Session_1,2026-01-26 16:56:02.701,24.783,-87.4632,-68.1504,-38.9274,21.2544,86.4603,98.3345,-66.2908,-437.5149,126.7260,-177.1034,4.6453,84.1907,6,1,0,0,0
Session_1,2026-01-26 16:56:02.785,24.867,-87.4777,-68.1518,-38.9278,21.0883,86.3079,98.3599,-66.5939,-437.3241,126.4185,-176.9300,4.5026,84.1539,6,1,0,0,0
Session_1,2026-01-26 16:56:02.863,24.945,-87.5367,-68.1683,-38.9284,21.0402,86.2372,98.3812,-67.1327,-437.1942,126.2083,-176.8521,4.4496,84.0748,6,1,0,0,0
Session_1,2026-01-26 16:56:02.940,25.022,-87.6321,-68.2647,-38.9284,21.2263,86.0271,98.3963,-68.1091,-437.2268,125.8375,-176.6584,4.5697,83.9650,6,1,0,0,0
Session_1,2026-01-26 16:56:03.006,25.088,-87.6922,-68.3201,-38.9284,21.3506,85.8891,98.3874,-68.7303,-437.2573,125.6593,-176.5312,4.6574,83.9143,6,1,0,0,0
Session_1,2026-01-26 16:56:03.081,25.163,-87.7097,-68.3222,-38.9285,21.3162,85.8726,98.3489,-68.8860,-437.1983,125.5813,-176.5064,4.6214,83.9358,6,1,0,0,0
Session_1,2026-01-26 16:56:03.163,25.244,-87.7093,-68.3330,-38.9285,21.3341,85.8788,98.2706,-68.8743,-437.2105,125.5319,-176.5073,4.6227,84.0145,6,1,0,0,0
Session_1,2026-01-26 16:56:03.241,25.322,-87.7076,-68.3859,-38.9285,21.4735,85.8987,98.1436,-68.8333,-437.3253,125.3865,-176.5290,4.6978,84.1422,6,1,0,0,0
Session_1,2026-01-26 16:56:03.308,25.389,-87.7070,-68.4564,-38.9284,21.6417,85.9378,97.9239,-68.7757,-437.4565,125.1594,-176.5634,4.7759,84.3615,6,1,0,0,0
Session_1,2026-01-26 16:56:03.375,25.456,-87.7066,-68.4644,-38.9284,21.6630,85.7394,97.8751,-69.0120,-437.4826,125.1553,-176.3644,4.8132,84.4122,6,1,0,0,0
Session_1,2026-01-26 16:56:03.453,25.535,-87.6938,-68.4645,-38.9284,21.6355,85.5643,97.7790,-69.1269,-437.4759,125.1205,-176.1790,4.8036,84.5232,6,1,0,0,0
Session_1,2026-01-26 16:56:03.528,25.609,-87.6706,-68.4645,-38.9282,21.6019,85.4523,97.5703,-69.0870,-437.4726,125.0693,-176.0461,4.7711,84.7567,6,1,0,0,0
Session_1,2026-01-26 16:56:03.603,25.684,-87.6407,-68.4647,-38.9282,21.5888,85.3487,97.3128,-68.9842,-437.4990,125.0542,-175.9201,4.7534,85.0455,6,1,0,0,0
Session_1,2026-01-26 16:56:03.671,25.752,-87.5962,-68.4653,-38.9284,21.6060,85.2587,96.9921,-68.7527,-437.5740,125.0895,-175.8062,4.7577,85.4115,6,1,0,0,0
Session_1,2026-01-26 16:56:03.734,25.816,-87.5652,-68.4653,-38.9284,21.5710,85.1543,96.8314,-68.6431,-437.5780,125.0350,-175.6850,4.7235,85.6046,6,1,0,0,0
Session_1,2026-01-26 16:56:03.804,25.885,-87.5507,-68.4655,-38.9285,21.5435,84.9758,96.4030,-68.7492,-437.5734,125.0010,-175.4691,4.6834,86.0496,6,1,0,0,0
Session_1,2026-01-26 16:56:03.879,25.961,-87.5418,-68.4655,-38.9283,21.4343,84.9573,96.4545,-68.7089,-437.4674,124.8024,-175.4426,4.5812,86.0081,6,1,0,0,0
Session_1,2026-01-26 16:56:03.955,26.036,-87.5336,-68.4654,-38.9281,21.3492,85.0658,96.5183,-68.5196,-437.3808,124.6358,-175.5459,4.4897,85.9522,6,1,0,0,0
Session_1,2026-01-26 16:56:04.028,26.110,-87.5337,-68.4654,-38.9280,21.2929,85.2477,96.6625,-68.3031,-437.3116,124.5141,-175.7316,4.4240,85.8068,6,1,0,0,0
Session_1,2026-01-26 16:56:04.103,26.185,-87.5339,-68.4654,-38.9280,21.3114,85.4022,96.7587,-68.1165,-437.3246,124.5327,-175.8947,4.4314,85.7091,6,1,0,0,0
Session_1,2026-01-26 16:56:04.167,26.248,-87.5342,-68.4653,-38.9280,21.3107,85.2766,96.8129,-68.2707,-437.3292,124.5444,-175.7740,4.4496,85.6556,6,0,0,0,0
Session_1,2026-01-26 16:56:04.243,26.325,-87.5352,-68.4653,-38.9282,21.3773,85.1976,96.8719,-68.3706,-437.4034,124.6741,-175.7081,4.5293,85.5956,6,0,0,0,0
Session_1,2026-01-26 16:56:04.309,26.390,-87.5353,-68.4653,-38.9282,21.4165,85.1900,96.8953,-68.3792,-437.4458,124.7468,-175.7071,4.5707,85.5718,6,0,0,0,0
Session_1,2026-01-26 16:56:04.383,26.464,-87.5354,-68.4653,-38.9282,21.4405,85.1900,96.9269,-68.3789,-437.4716,124.7910,-175.7125,4.5969,85.5398,6,0,0,0,0
Session_1,2026-01-26 16:56:04.465,26.547,-87.5355,-68.4650,-38.9281,21.4879,85.2553,96.9708,-68.2982,-437.5202,124.8748,-175.7867,4.6398,85.4948,6,0,0,0,0
Session_1,2026-01-26 16:56:04.538,26.620,-87.5356,-68.4646,-38.9280,21.5167,85.3919,97.0251,-68.1330,-437.5456,124.9186,-175.9304,4.6563,85.4388,6,0,0,0,0
Session_1,2026-01-26 16:56:04.613,26.694,-87.5368,-68.4631,-38.9276,21.5758,85.5203,97.0464,-67.9837,-437.6039,125.0281,-176.0672,4.7026,85.4147,6,0,0,0,0
Session_1,2026-01-26 16:56:04.686,26.767,-87.5376,-68.4587,-38.9272,21.6060,85.6570,97.0663,-67.8235,-437.6329,125.1061,-176.2088,4.7219,85.3924,6,0,0,0,0
Session_1,2026-01-26 16:56:04.759,26.840,-87.5390,-68.4400,-38.9266,21.7165,85.7572,97.1363,-67.7072,-437.7597,125.4460,-176.3303,4.8429,85.3187,6,0,0,0,0
Session_1,2026-01-26 16:56:04.834,26.916,-87.5411,-68.3624,-38.9262,21.7728,85.7861,97.1514,-67.6837,-437.8701,126.1381,-176.3770,4.9736,85.2998,6,0,0,0,0
Session_1,2026-01-26 16:56:04.916,26.997,-87.5415,-68.1161,-38.9264,21.4666,85.8039,97.1679,-67.6720,-437.7065,127.4363,-176.3887,4.9128,85.2834,6,0,0,0,0
Session_1,2026-01-26 16:56:04.992,27.074,-87.5426,-67.8436,-38.9266,20.9344,85.9193,97.1610,-67.5579,-437.3052,128.5073,-176.4701,4.6402,85.2910,6,0,0,0,0
Session_1,2026-01-26 16:56:05.066,27.148,-87.5447,-67.7181,-38.9266,20.8383,86.0566,97.1610,-67.4090,-437.2722,129.2683,-176.6101,4.6522,85.2875,6,0,0,0,0
Session_1,2026-01-26 16:56:05.134,27.215,-87.5568,-67.6572,-38.9266,20.8006,86.2633,97.1741,-67.2516,-437.2459,129.6429,-176.8192,4.6501,85.2606,6,0,0,0,0
Session_1,2026-01-26 16:56:05.198,27.279,-87.5572,-67.6539,-38.9265,21.0553,86.2358,97.2578,-67.2759,-437.5220,130.1416,-176.8315,4.9143,85.1738,6,0,0,0,0
Session_1,2026-01-26 16:56:05.274,27.355,-87.5621,-67.6508,-38.9265,21.0155,86.1582,97.3279,-67.4085,-437.4792,130.0975,-176.7558,4.8916,85.0997,6,0,0,0,0
Session_1,2026-01-26 16:56:05.340,27.421,-87.5642,-67.6460,-38.9265,20.8932,86.1514,97.3286,-67.4389,-437.3490,129.9086,-176.7340,4.7761,85.0982,6,0,0,0,0
Session_1,2026-01-26 16:56:05.403,27.484,-87.5644,-67.6346,-38.9264,20.8562,86.0703,97.3313,-67.5396,-437.3198,129.9331,-176.6506,4.7611,85.0961,6,0,0,0,0
Session_1,2026-01-26 16:56:05.479,27.560,-87.5653,-67.6119,-38.9266,20.8294,85.9007,97.3526,-67.7518,-437.3114,130.0694,-176.4835,4.7799,85.0753,6,0,0,0,0
Session_1,2026-01-26 16:56:05.560,27.642,-87.5656,-67.6108,-38.9265,20.8452,85.8389,97.3595,-67.8280,-437.3315,130.1128,-176.4249,4.8050,85.0684,6,0,0,0,0
Session_1,2026-01-26 16:56:05.635,27.717,-87.5655,-67.6094,-38.9265,20.9015,85.8204,97.3547,-67.8477,-437.3936,130.2292,-176.4135,4.8643,85.0728,6,0,0,0,0
Session_1,2026-01-26 16:56:05.710,27.792,-87.5655,-67.6078,-38.9265,20.9592,85.8279,97.3602,-67.8358,-437.4560,130.3472,-176.4291,4.9225,85.0666,6,0,0,0,0
Session_1,2026-01-26 16:56:05.784,27.865,-87.5660,-67.5763,-38.9265,21.0196,85.8321,97.3553,-67.8305,-437.5389,130.6975,-176.4446,5.0128,85.0699,6,0,0,0,0
Session_1,2026-01-26 16:56:05.873,27.955,-87.5665,-67.4277,-38.9265,21.1452,85.7806,97.3478,-67.8877,-437.7616,132.0621,-176.4281,5.2910,85.0742,6,0,0,0,0
Session_1,2026-01-26 16:56:05.934,28.016,-87.5664,-67.2134,-38.9266,20.9523,85.6789,97.3499,-68.0129,-437.6834,133.3364,-176.3302,5.3250,85.0728,6,0,0,0,0
Session_1,2026-01-26 16:56:06.015,28.096,-87.5664,-66.9527,-38.9267,20.7765,85.6075,97.3540,-68.1014,-437.6421,134.9929,-176.2706,5.4187,85.0682,6,0,0,0,0
Session_1,2026-01-26 16:56:06.084,28.166,-87.5663,-66.6261,-38.9270,20.7133,85.6391,97.3519,-68.0585,-437.7393,137.3474,-176.3356,5.6755,85.0668,6,0,0,0,0
Session_1,2026-01-26 16:56:06.170,28.252,-87.5664,-66.1014,-38.9271,20.4868,85.6082,97.3437,-68.0963,-437.7431,140.9052,-176.3425,5.9744,85.0714,6,0,0,0,0
Session_1,2026-01-26 16:56:06.237,28.318,-87.5661,-65.4340,-38.9271,20.3941,85.6542,97.3080,-68.0317,-437.9008,145.7889,-176.4582,6.5363,85.0991,6,0,0,0,0
Session_1,2026-01-26 16:56:06.320,28.401,-87.5666,-64.3832,-38.9272,20.4167,85.6659,97.2585,-68.0084,-438.2045,153.8039,-176.6015,7.5964,85.1313,6,0,0,0,0
Session_1,2026-01-26 16:56:06.401,28.482,-87.5666,-62.9984,-38.9269,20.5122,85.6989,97.2654,-67.9581,-438.4411,164.5000,-176.8258,9.0611,85.0966,6,0,0,0,0
Session_1,2026-01-26 16:56:06.476,28.557,-87.5664,-61.2257,-38.9267,20.1015,85.6748,97.2750,-68.0093,-437.8949,177.1644,-176.9806,10.4157,85.0572,6,0,0,0,0
Session_1,2026-01-26 16:56:06.550,28.631,-87.5664,-58.9208,-38.9264,19.6539,85.4496,97.2805,-68.3323,-436.7057,193.7708,-177.0021,12.2865,85.0051,6,0,0,0,0
Session_1,2026-01-26 16:56:06.632,28.714,-87.5666,-55.7077,-38.9268,18.0190,84.8618,97.3430,-69.1926,-433.2324,214.7972,-176.6436,13.9291,84.8972,6,0,0,0,0
Session_1,2026-01-26 16:56:06.707,28.789,-87.5706,-52.9238,-38.9291,16.2090,84.5000,97.4652,-69.8373,-429.0521,231.9930,-176.4484,14.9460,84.7370,6,0,0,0,0
Session_1,2026-01-26 16:56:06.773,28.855,-87.5810,-51.3865,-38.9294,15.8533,84.5130,97.5380,-69.9916,-426.8522,242.6672,-176.6469,16.1193,84.6068,6,0,0,0,0
Session_1,2026-01-26 16:56:06.847,28.929,-87.5848,-49.9133,-38.9286,15.4660,84.6400,97.5407,-69.9667,-424.4662,252.7309,-176.9286,17.1793,84.5549,6,0,0,0,0
Session_1,2026-01-26 16:56:06.929,29.011,-87.5849,-48.3360,-38.9285,14.6606,85.0788,97.5243,-69.5663,-421.3997,262.5956,-177.4701,17.8858,84.5357,6,0,0,0,0
Session_1,2026-01-26 16:56:07.002,29.083,-87.5851,-46.7914,-38.9282,14.1847,84.5693,97.5504,-70.3125,-418.3574,272.9058,-177.1279,19.0127,84.4622,6,0,0,0,0
Session_1,2026-01-26 16:56:07.077,29.159,-87.5940,-45.4292,-38.9286,13.2907,84.3393,97.6170,-70.7887,-415.1790,280.9199,-176.9915,19.5096,84.3617,6,0,0,0,0
Session_1,2026-01-26 16:56:07.151,29.232,-87.6399,-44.3564,-38.9281,13.5283,84.3832,97.6128,-71.1551,-413.0100,289.1000,-177.2298,20.8015,84.2523,6,0,0,0,0
Session_1,2026-01-26 16:56:07.227,29.309,-87.6400,-42.7029,-38.9270,13.8229,84.8234,97.5764,-70.7722,-409.3992,301.4442,-177.9499,22.6713,84.1787,6,0,0,0,0
Session_1,2026-01-26 16:56:07.309,29.390,-87.6410,-40.0766,-38.9269,13.4878,84.3022,97.5977,-71.6887,-402.6135,319.2612,-177.8016,25.0085,84.0116,6,0,0,0,0
Session_1,2026-01-26 16:56:07.382,29.463,-87.6409,-37.7943,-38.9271,13.0147,84.1264,97.6437,-72.1716,-396.0282,334.0583,-177.9444,26.8229,83.8326,6,0,0,0,0
Session_1,2026-01-26 16:56:07.450,29.531,-87.6407,-34.9048,-38.9275,12.1014,84.2336,97.7007,-72.4196,-386.8333,351.6858,-178.4162,28.7639,83.6115,6,0,0,0,0
Session_1,2026-01-26 16:56:07.526,29.607,-87.6404,-32.3088,-38.9271,11.7128,84.2837,97.7364,-72.7235,-377.9476,368.0331,-178.8788,30.9393,83.3751,6,0,0,0,0
Session_1,2026-01-26 16:56:07.600,29.682,-87.6405,-29.4971,-38.9270,11.3818,84.2830,97.7618,-73.1539,-367.5395,385.4601,-179.3587,33.3893,83.0976,6,0,0,0,0
Session_1,2026-01-26 16:56:07.674,29.756,-87.6403,-26.7477,-38.9273,11.0804,84.2603,97.7721,-73.6316,-356.5777,402.0335,-179.8292,35.8071,82.8093,6,0,0,0,0
Session_1,2026-01-26 16:56:07.749,29.830,-87.6405,-23.8446,-38.9269,10.3498,84.2947,97.7831,-74.0999,-344.2364,418.0614,179.6711,37.9444,82.5208,6,0,0,0,0
Session_1,2026-01-26 16:56:07.831,29.912,-87.6401,-20.7626,-38.9275,9.4702,84.3056,97.8161,-74.6563,-330.3523,434.1506,179.1406,40.1109,82.1684,6,0,0,0,0
Session_1,2026-01-26 16:56:07.916,29.997,-87.6399,-17.6023,-38.9279,8.8728,84.1367,97.8326,-75.4832,-315.2188,450.5195,178.6762,42.6539,81.7381,6,0,0,0,0
Session_1,2026-01-26 16:56:07.991,30.072,-87.6401,-14.8568,-38.9274,8.1505,84.0660,97.8820,-76.1359,-301.4788,463.6197,178.1730,44.6498,81.3062,6,0,0,0,0
Session_1,2026-01-26 16:56:08.063,30.145,-87.6401,-12.2211,-38.9278,7.6575,84.0921,97.8745,-76.6729,-287.6797,475.9791,177.5560,46.7476,80.8885,6,0,0,0,0
Session_1,2026-01-26 16:56:08.148,30.230,-87.6402,-9.5601,-38.9274,6.9756,84.2102,97.8573,-77.1224,-273.3244,487.4232,176.8633,48.6709,80.4745,6,0,0,0,0
Session_1,2026-01-26 16:56:08.217,30.298,-87.6401,-7.4340,-38.9274,6.4696,84.2123,97.8573,-77.6073,-261.4921,496.1755,176.3395,50.2547,80.0780,6,0,0,0,0
Session_1,2026-01-26 16:56:08.290,30.371,-87.6400,-5.4542,-38.9275,5.9395,84.1512,97.8703,-78.1440,-250.2498,503.8176,175.8856,51.6776,79.6699,6,0,0,0,0
Session_1,2026-01-26 16:56:08.367,30.448,-87.6400,-3.2269,-38.9275,5.5179,84.2020,97.8539,-78.6197,-237.2131,512.2995,175.1924,53.4317,79.1698,6,0,0,0,0
Session_1,2026-01-26 16:56:08.434,30.516,-87.6400,-1.4156,-38.9275,5.0784,84.3386,97.8312,-78.8972,-226.4705,518.6268,174.5489,54.7498,78.7725,6,0,0,0,0
Session_1,2026-01-26 16:56:08.514,30.595,-87.6398,0.3899,-38.9274,4.9246,84.3208,97.8010,-79.3764,-215.3561,525.1755,173.9110,56.3591,78.2488,6,0,0,0,0
Session_1,2026-01-26 16:56:08.588,30.669,-87.6398,2.0708,-38.9274,4.5518,84.3221,97.7982,-79.8001,-205.0321,530.5057,173.3184,57.6264,77.7545,6,0,0,0,0
Session_1,2026-01-26 16:56:08.652,30.734,-87.6397,3.6212,-38.9272,4.2524,84.2981,97.7975,-80.2279,-195.3485,535.2466,172.7330,58.8390,77.2368,6,0,0,0,0
Session_1,2026-01-26 16:56:08.720,30.801,-87.6395,5.0870,-38.9273,3.7470,84.3098,97.7982,-80.5862,-186.2976,539.0607,172.2231,59.7636,76.8082,6,0,0,0,0
Session_1,2026-01-26 16:56:08.793,30.874,-87.6393,6.7345,-38.9272,3.5809,84.2658,97.7934,-81.0782,-175.6415,543.8489,171.4496,61.1949,76.0992,6,0,0,0,0
Session_1,2026-01-26 16:56:08.866,30.948,-87.6389,8.2256,-38.9272,3.4490,84.2439,97.7776,-81.5063,-165.8717,547.9540,170.6761,62.5029,75.4055,6,0,0,0,0
Session_1,2026-01-26 16:56:08.941,31.022,-87.6388,9.5673,-38.9272,3.4106,83.9637,97.7646,-82.2143,-156.8964,551.5948,170.1072,63.7865,74.6534,6,0,0,0,0
Session_1,2026-01-26 16:56:09.002,31.084,-87.6387,10.5185,-38.9270,3.3206,83.7364,97.7612,-82.7503,-150.5478,553.9353,169.7169,64.6366,74.0984,6,0,0,0,0
Session_1,2026-01-26 16:56:09.079,31.161,-87.6386,11.6349,-38.9272,3.0927,83.6025,97.7467,-83.2146,-143.1980,556.3177,169.2025,65.4991,73.5163,6,0,0,0,0
Session_1,2026-01-26 16:56:09.154,31.236,-87.6386,12.4187,-38.9270,3.2389,83.7289,97.7131,-83.2896,-137.6808,558.4495,168.4105,66.3679,72.9222,6,0,0,0,0
Session_1,2026-01-26 16:56:09.221,31.302,-87.6384,13.0194,-38.9271,2.7665,83.8339,97.6623,-83.3098,-134.1078,558.9792,168.3205,66.4851,72.9564,6,0,0,0,0
Session_1,2026-01-26 16:56:09.286,31.367,-87.6384,13.5737,-38.9270,3.0631,83.8078,97.6273,-83.5129,-129.9464,560.7559,167.6940,67.2971,72.3695,6,0,0,0,0
Session_1,2026-01-26 16:56:09.368,31.449,-87.6384,14.0909,-38.9268,3.1174,83.8140,97.6039,-83.6555,-126.3088,561.9772,167.2262,67.8379,71.9515,6,0,0,0,0
Session_1,2026-01-26 16:56:09.442,31.523,-87.6383,14.5217,-38.9270,3.0460,83.7570,97.5936,-83.8436,-123.4071,562.7651,166.9665,68.1839,71.6616,6,0,0,0,0
Session_1,2026-01-26 16:56:09.525,31.606,-87.6383,14.9992,-38.9270,2.9162,83.6293,97.5916,-84.1283,-120.2406,563.5283,166.7528,68.5257,71.3447,6,0,0,0,0
Session_1,2026-01-26 16:56:09.599,31.680,-87.6383,15.2909,-38.9270,2.5818,83.5867,97.5819,-84.2466,-118.6166,563.5323,166.8573,68.4934,71.4056,6,0,0,0,0
Session_1,2026-01-26 16:56:09.671,31.753,-87.6383,15.3517,-38.9268,2.6319,83.6623,97.5558,-84.1753,-118.1383,563.7391,166.7442,68.5935,71.3801,6,0,0,0,0
Session_1,2026-01-26 16:56:09.734,31.815,-87.6383,15.3517,-38.9268,2.6099,83.7955,97.5462,-84.0130,-118.1747,563.6943,166.6677,68.5582,71.4367,6,0,0,0,0
Session_1,2026-01-26 16:56:09.814,31.895,-87.6383,15.3518,-38.9267,2.6408,83.8641,97.5263,-83.9315,-118.1411,563.7458,166.6239,68.5830,71.4672,6,0,0,0,0
Session_1,2026-01-26 16:56:09.888,31.969,-87.6383,15.3518,-38.9267,2.5838,83.8669,97.5249,-83.9253,-118.2107,563.6454,166.6804,68.5297,71.5228,6,0,0,0,0
Session_1,2026-01-26 16:56:09.953,32.034,-87.6383,15.3517,-38.9267,2.5296,83.8497,97.5215,-83.9434,-118.2754,563.5508,166.7572,68.4820,71.5795,6,0,0,0,0
Session_1,2026-01-26 16:56:10.035,32.117,-87.6382,15.3516,-38.9268,2.4397,83.8202,97.5215,-83.9745,-118.3832,563.3935,166.8711,68.4014,71.6579,6,0,0,0,0
Session_1,2026-01-26 16:56:10.107,32.188,-87.6382,15.3515,-38.9270,2.3524,83.8621,97.5208,-83.9193,-118.4930,563.2372,166.9181,68.3144,71.7410,6,0,0,0,0
Session_1,2026-01-26 16:56:10.182,32.264,-87.6380,15.3513,-38.9272,2.2879,83.7797,97.5284,-84.0153,-118.5670,563.1265,167.0370,68.2624,71.7720,6,0,0,0,0
Session_1,2026-01-26 16:56:10.249,32.331,-87.6378,15.3508,-38.9276,2.2055,83.7048,97.5352,-84.1011,-118.6668,562.9821,167.1680,68.1923,71.8217,6,0,0,0,0
Session_1,2026-01-26 16:56:10.332,32.414,-87.6373,15.3467,-38.9294,1.7688,83.5139,97.5874,-84.3080,-119.2093,562.2056,167.6297,67.7908,72.0538,6,0,0,0,0
Session_1,2026-01-26 16:56:10.414,32.496,-87.6357,15.2911,-38.9711,0.9757,83.1445,97.6733,-84.6906,-120.6531,560.5775,168.5645,66.9847,72.5440,6,0,0,0,0
Session_1,2026-01-26 16:56:10.488,32.570,-87.6280,14.9074,-39.1226,0.4800,83.0525,97.7975,-84.6297,-124.4220,558.4484,169.2359,66.0015,73.0343,6,0,0,0,0
Session_1,2026-01-26 16:56:10.562,32.643,-87.6272,13.9881,-39.4290,0.6070,82.8081,97.8573,-84.6227,-131.6601,555.7808,170.1994,64.9849,73.6646,6,0,0,0,0
Session_1,2026-01-26 16:56:10.644,32.725,-87.6270,12.5811,-40.0513,1.2572,82.9042,97.8628,-84.0476,-142.7276,551.7714,171.0947,63.6615,74.5562,6,0,0,0,0
Session_1,2026-01-26 16:56:10.715,32.797,-87.6262,11.0696,-40.5625,1.3314,82.7765,97.8772,-83.7102,-154.5363,546.4531,172.4518,61.8159,75.6433,6,0,0,0,0
Session_1,2026-01-26 16:56:10.784,32.865,-87.6262,9.2108,-41.1912,1.7722,82.3700,98.0138,-83.6228,-168.4441,540.1053,173.7826,59.8915,76.3848,6,0,0,0,0
Session_1,2026-01-26 16:56:10.866,32.947,-87.6261,6.8623,-42.1412,2.3909,82.0294,98.3228,-83.3014,-186.0773,530.9014,174.9997,57.3295,76.9735,6,0,0,0,0
Session_1,2026-01-26 16:56:10.950,33.031,-87.6262,3.7507,-43.4572,4.4268,81.9031,98.3881,-82.5464,-207.9553,519.5973,176.1375,55.0325,77.7781,6,0,0,0,0
Session_1,2026-01-26 16:56:11.034,33.115,-87.6257,0.3810,-44.7516,6.7051,82.0232,98.3118,-81.4694,-230.4032,506.4623,177.1121,52.7057,78.7075,6,0,0,0,0
Session_1,2026-01-26 16:56:11.100,33.182,-87.6245,-2.4799,-45.8050,8.5178,81.9237,98.2940,-80.8265,-248.6734,494.1093,178.0149,50.6761,79.3505,6,0,0,0,0
Session_1,2026-01-26 16:56:11.182,33.263,-87.6240,-5.9515,-47.0575,10.1610,81.9147,98.2926,-79.9471,-270.0739,476.7067,179.0559,47.6709,80.1332,6,0,0,0,0
Session_1,2026-01-26 16:56:11.255,33.336,-87.6223,-9.4501,-48.1634,11.8838,82.0109,98.2878,-78.9947,-290.0362,458.5549,179.8272,44.8375,80.7645,6,0,0,0,0
Session_1,2026-01-26 16:56:11.323,33.404,-87.6224,-12.4846,-49.0696,14.0117,81.9065,98.2933,-78.4568,-306.0226,443.3576,-179.5751,43.0758,81.1036,6,0,0,0,0
Session_1,2026-01-26 16:56:11.406,33.487,-87.6224,-16.4488,-50.1216,16.5440,81.7163,98.2912,-77.8803,-325.4197,422.2653,-178.7450,40.6655,81.5340,6,0,0,0,0
Session_1,2026-01-26 16:56:11.467,33.548,-87.6222,-19.0174,-50.8123,17.8480,81.8069,98.2940,-77.2808,-337.2090,407.0671,-178.3656,38.7311,81.8315,6,0,0,0,0
Session_1,2026-01-26 16:56:11.553,33.635,-87.6224,-23.1815,-51.5800,19.4561,81.8310,98.3002,-76.5370,-354.4538,381.9209,-177.6474,35.4579,82.2739,6,0,0,0,0
Session_1,2026-01-26 16:56:11.620,33.701,-87.6223,-26.1116,-51.9494,21.1679,81.7417,98.3015,-76.1905,-365.3676,365.5631,-177.2241,33.9074,82.4640,6,0,0,0,0
Session_1,2026-01-26 16:56:11.710,33.791,-87.6227,-30.2958,-52.5068,23.1736,81.8056,98.3125,-75.5310,-379.4626,340.1499,-176.7437,31.2025,82.7466,6,0,0,0,0
Session_1,2026-01-26 16:56:11.784,33.865,-87.6225,-33.4091,-52.7230,24.1466,81.9450,98.3153,-74.9815,-388.6338,320.4510,-176.4338,28.8585,82.9675,6,0,0,0,0
Session_1,2026-01-26 16:56:11.869,33.950,-87.6228,-37.0902,-52.7371,25.0729,81.7678,98.3324,-74.8026,-398.1147,297.3070,-175.7619,26.1526,83.1830,6,0,0,0,0
Session_1,2026-01-26 16:56:11.933,34.014,-87.6230,-39.4116,-52.7380,25.8295,81.7239,98.3359,-74.6360,-403.4421,282.8001,-175.4447,24.6136,83.2975,6,0,0,0,0
Session_1,2026-01-26 16:56:12.140,34.221,-87.6236,-47.8788,-52.7390,29.8917,81.3284,98.3297,-74.4731,-418.9130,230.9650,-174.3086,20.3174,83.5921,6,0,0,0,0
Session_1,2026-01-26 16:56:12.213,34.295,-87.6233,-50.2143,-52.7398,30.7157,81.2981,98.3304,-74.3891,-421.7545,215.6629,-174.0348,18.8271,83.6739,6,0,0,0,0
Session_1,2026-01-26 16:56:12.283,34.364,-87.6234,-52.2481,-52.7398,31.8089,81.1079,98.3276,-74.5249,-423.9974,203.0368,-173.6952,17.9244,83.7269,6,0,0,0,0
Session_1,2026-01-26 16:56:12.355,34.436,-87.6235,-54.2576,-52.7397,32.8979,80.9850,98.3221,-74.5975,-425.8138,190.4859,-173.4265,17.0313,83.7781,6,0,0,0,0
Session_1,2026-01-26 16:56:12.429,34.510,-87.6233,-56.1259,-52.7389,33.6573,81.1189,98.3118,-74.3876,-426.9620,178.2052,-173.3845,15.9152,83.8355,6,0,0,0,0
Session_1,2026-01-26 16:56:12.503,34.584,-87.6239,-57.4809,-52.7349,34.1792,80.9795,98.2720,-74.5353,-427.5469,169.2724,-173.1077,15.1104,83.9124,6,0,0,0,0
Session_1,2026-01-26 16:56:12.578,34.660,-87.6237,-58.2292,-52.7347,34.0233,80.6657,98.2610,-74.9138,-427.4473,163.4838,-172.6557,14.2597,83.9644,6,0,0,0,0
Session_1,2026-01-26 16:56:12.668,34.750,-87.6234,-59.0908,-52.7304,34.3323,80.3046,98.3139,-75.3368,-427.6285,157.8105,-172.2269,13.7759,83.9378,6,0,0,0,0
Session_1,2026-01-26 16:56:12.733,34.815,-87.6234,-59.6802,-52.7305,34.6811,79.9853,98.3290,-75.7111,-427.8105,154.2008,-171.8767,13.5857,83.9376,6,0,0,0,0
Session_1,2026-01-26 16:56:12.816,34.897,-87.6235,-60.1142,-52.7262,35.5243,79.4085,98.4059,-76.3764,-428.3921,152.7952,-171.3846,14.0889,83.8567,6,0,0,0,0
Session_1,2026-01-26 16:56:12.892,34.974,-87.6232,-60.2023,-52.7236,35.0780,79.4030,98.4595,-76.3963,-428.0269,151.2726,-171.3108,13.5719,83.8220,6,0,0,0,0
Session_1,2026-01-26 16:56:12.966,35.047,-87.6235,-60.2025,-52.7231,35.3732,79.0624,98.5123,-76.7945,-428.2607,151.9325,-171.0303,13.9219,83.7651,6,0,0,0,0
Session_1,2026-01-26 16:56:13.041,35.122,-87.6235,-60.2041,-52.7235,35.2229,79.3336,98.5144,-76.4763,-428.1410,151.5608,-171.2770,13.7318,83.7623,6,0,0,0,0
Session_1,2026-01-26 16:56:13.131,35.212,-87.6236,-60.2059,-52.7235,35.1164,79.5946,98.5652,-76.1693,-428.0556,151.2804,-171.5320,13.5941,83.7084,6,0,0,0,0
Session_1,2026-01-26 16:56:13.213,35.295,-87.6232,-60.2307,-52.7237,34.6529,80.0210,98.5673,-75.6724,-427.6754,150.0929,-171.8806,13.0487,83.7148,6,0,0,0,0
Session_1,2026-01-26 16:56:13.296,35.377,-87.6234,-60.3965,-52.7239,34.3542,80.3698,98.5570,-75.2685,-427.3804,148.2073,-172.1532,12.5364,83.7336,6,0,0,0,0
Session_1,2026-01-26 16:56:13.378,35.459,-87.6233,-60.7801,-52.7237,34.3707,80.8827,98.5577,-74.6588,-427.2651,145.3028,-172.6063,12.0980,83.7346,6,0,0,0,0
Session_1,2026-01-26 16:56:13.461,35.542,-87.6235,-61.2310,-52.7235,34.5341,81.3517,98.5378,-74.0991,-427.2284,142.2019,-173.0237,11.7424,83.7548,6,0,0,0,0
Session_1,2026-01-26 16:56:13.542,35.623,-87.6232,-61.2518,-52.7239,33.9999,81.5522,98.5096,-73.8760,-426.7543,140.9698,-173.1323,11.1603,83.7967,6,0,0,0,0
Session_1,2026-01-26 16:56:13.608,35.690,-87.6232,-61.2518,-52.7237,33.6621,81.4897,98.5213,-73.9628,-426.4587,140.3255,-173.0212,10.8370,83.7959,6,0,0,0,0
Session_1,2026-01-26 16:56:13.672,35.753,-87.6234,-61.2522,-52.7245,33.1306,81.4300,98.5254,-74.0563,-425.9827,139.3009,-172.8819,10.3196,83.8074,6,0,0,0,0
Session_1,2026-01-26 16:56:13.756,35.837,-87.6236,-61.2524,-52.7245,33.0242,81.3654,98.5645,-74.1390,-425.8874,139.1055,-172.8087,10.2286,83.7719,6,0,0,0,0
Session_1,2026-01-26 16:56:13.830,35.911,-87.6232,-61.2551,-52.7249,32.8072,81.5330,98.5762,-73.9433,-425.6847,138.6358,-172.9435,9.9877,83.7633,6,0,0,0,0
Session_1,2026-01-26 16:56:13.912,35.993,-87.6233,-61.2553,-52.7249,32.8203,81.6607,98.6037,-73.7905,-425.6935,138.6370,-173.0770,9.9848,83.7327,6,0,0,0,0
Session_1,2026-01-26 16:56:13.985,36.066,-87.6235,-61.2558,-52.7250,32.8086,81.8186,98.6442,-73.6025,-425.6786,138.5833,-173.2388,9.9540,83.6892,6,0,0,0,0
Session_1,2026-01-26 16:56:14.079,36.160,-87.6231,-61.2569,-52.7252,32.6795,82.1084,98.6771,-73.2565,-425.5528,138.2775,-173.5118,9.7856,83.6547,6,0,0,0,0
Session_1,2026-01-26 16:56:14.143,36.225,-87.6236,-61.2776,-52.7270,32.6534,82.1152,98.7417,-73.2537,-425.5144,138.0653,-173.5222,9.7438,83.5902,6,0,0,0,0
Session_1,2026-01-26 16:56:14.218,36.300,-87.6232,-61.3207,-52.7288,32.6019,82.1152,98.8330,-73.2539,-425.4432,137.6413,-173.5227,9.6589,83.5011,6,0,0,0,0
Session_1,2026-01-26 16:56:14.283,36.365,-87.6233,-61.4987,-52.7379,32.7681,82.0397,98.9147,-73.3432,-425.4928,136.6214,-173.4584,9.6591,83.4206,6,0,0,0,0
Session_1,2026-01-26 16:56:14.350,36.431,-87.6233,-61.8524,-52.7374,33.1938,82.0033,98.9827,-73.3782,-425.7064,134.8409,-173.4453,9.7440,83.3508,6,0,0,0,0
Session_1,2026-01-26 16:56:14.425,36.507,-87.6244,-62.6929,-52.7357,34.4263,82.1873,99.0562,-73.1378,-426.3611,130.9921,-173.7034,10.1124,83.2614,6,0,0,0,0
Session_1,2026-01-26 16:56:14.508,36.589,-87.6256,-63.0831,-52.7352,34.8933,82.2725,99.0026,-73.0361,-426.5435,129.0005,-173.7906,10.1695,83.3107,6,0,0,0,0
Session_1,2026-01-26 16:56:14.582,36.663,-87.6247,-63.0818,-52.7339,34.8631,82.4496,99.0239,-72.8176,-426.5166,128.9296,-173.9655,10.1170,83.2878,6,0,0,0,0
Session_1,2026-01-26 16:56:14.671,36.753,-87.6247,-63.0820,-52.7340,34.6461,82.3824,99.0548,-72.9068,-426.3198,128.5197,-173.8694,9.9162,83.2638,6,0,0,0,0
Session_1,2026-01-26 16:56:14.738,36.819,-87.6249,-63.0822,-52.7341,34.4222,82.3212,99.1132,-72.9907,-426.1147,128.0970,-173.7828,9.7108,83.2119,6,0,0,0,0
Session_1,2026-01-26 16:56:14.812,36.893,-87.6251,-63.0823,-52.7341,34.2396,82.3569,99.2038,-72.9559,-425.9440,127.7391,-173.8038,9.5344,83.1247,6,0,0,0,0
Session_1,2026-01-26 16:56:14.894,36.976,-87.6251,-63.0824,-52.7341,34.1709,82.3508,99.2443,-72.9662,-425.8801,127.6075,-173.7931,9.4719,83.0858,6,0,0,0,0
Session_1,2026-01-26 16:56:14.953,37.034,-87.6251,-63.0827,-52.7344,34.0315,82.2746,99.2745,-73.0629,-425.7512,127.3494,-173.6998,9.3493,83.0605,6,0,0,0,0
Session_1,2026-01-26 16:56:15.033,37.114,-87.6254,-63.0838,-52.7349,33.7823,82.1777,99.3150,-73.1911,-425.5169,126.8775,-173.5693,9.1218,83.0278,6,0,0,0,0
Session_1,2026-01-26 16:56:15.108,37.189,-87.6253,-63.0855,-52.7351,33.7081,82.1242,99.3604,-73.2578,-425.4469,126.7312,-173.5109,9.0605,82.9853,6,0,0,0,0
Session_1,2026-01-26 16:56:15.167,37.249,-87.6250,-63.0853,-52.7350,33.9148,81.7760,99.3837,-73.6655,-425.6517,127.1866,-173.2044,9.3237,82.9633,6,1,0,0,0
Session_1,2026-01-26 16:56:15.248,37.330,-87.6250,-63.0854,-52.7350,34.0102,81.5755,99.4922,-73.9025,-425.7460,127.4037,-173.0397,9.4634,82.8555,6,1,0,0,0
Session_1,2026-01-26 16:56:15.321,37.402,-87.6247,-63.0854,-52.7350,33.9725,81.5955,99.6281,-73.8781,-425.7104,127.3274,-173.0754,9.4392,82.7196,6,1,0,0,0
Session_1,2026-01-26 16:56:15.396,37.478,-87.6243,-63.0856,-52.7353,33.7294,81.7328,99.6769,-73.7199,-425.4780,126.8360,-173.1777,9.1821,82.6748,6,1,0,0,0
Session_1,2026-01-26 16:56:15.469,37.550,-87.6243,-63.0866,-52.7355,33.3215,81.8543,99.7943,-73.5902,-425.0851,126.0290,-173.2461,8.7725,82.5653,6,1,0,0,0
Session_1,2026-01-26 16:56:15.543,37.624,-87.6246,-63.1325,-52.7359,33.3799,81.8660,99.8513,-73.5771,-425.1082,125.7983,-173.2685,8.7891,82.5072,6,1,0,0,0
Session_1,2026-01-26 16:56:15.619,37.700,-87.6244,-63.1538,-52.7360,33.3772,81.8076,99.9948,-73.6469,-425.0924,125.6462,-173.2287,8.7922,82.3650,6,1,0,0,0
Session_1,2026-01-26 16:56:15.686,37.768,-87.6245,-63.1916,-52.7363,33.3243,81.6888,100.2702,-73.7932,-425.0179,125.2865,-173.1373,8.7561,82.0932,6,1,0,0,0
Session_1,2026-01-26 16:56:15.751,37.832,-87.6245,-63.3581,-52.7362,33.4843,81.5323,100.5476,-73.9794,-425.0592,124.3937,-173.0242,8.8113,81.8182,6,1,0,0,0
Session_1,2026-01-26 16:56:15.818,37.899,-87.6244,-63.7964,-52.7345,34.4902,81.2075,100.7343,-74.3415,-425.7126,123.1502,-172.8402,9.4533,81.6211,6,1,0,0,0
Session_1,2026-01-26 16:56:15.884,37.966,-87.6249,-64.3157,-52.7104,35.7021,80.8717,100.7673,-74.7146,-426.5122,121.8130,-172.6507,10.2237,81.5722,6,1,0,0,0
Session_1,2026-01-26 16:56:15.964,38.046,-87.6244,-64.3864,-52.6862,35.8092,80.7275,100.7666,-74.8793,-426.6131,121.6310,-172.5198,10.3098,81.5750,6,1,0,0,0
Session_1,2026-01-26 16:56:16.038,38.120,-87.6239,-64.3862,-52.6554,35.6850,80.7255,100.7536,-74.8804,-426.5672,121.5294,-172.4977,10.2168,81.5918,6,1,0,0,0
Session_1,2026-01-26 16:56:16.113,38.194,-87.6240,-64.3863,-52.6450,35.6033,80.6712,100.7666,-74.9485,-426.5158,121.4284,-172.4329,10.1585,81.5822,6,1,0,0,0
Session_1,2026-01-26 16:56:16.195,38.276,-87.6243,-64.3863,-52.6450,35.4975,80.4680,100.8147,-75.1975,-426.4221,121.2647,-172.2207,10.0987,81.5423,6,1,0,0,0
Session_1,2026-01-26 16:56:16.269,38.350,-87.6241,-64.3864,-52.6451,35.4968,80.4694,100.8332,-75.1949,-426.4214,121.2625,-172.2252,10.1001,81.5238,6,1,0,0,0
Session_1,2026-01-26 16:56:16.332,38.414,-87.6241,-64.3863,-52.6451,35.5421,80.5305,100.8339,-75.1195,-426.4622,121.3378,-172.2943,10.1334,81.5201,6,1,0,0,0
Session_1,2026-01-26 16:56:16.394,38.476,-87.6240,-64.3862,-52.6450,35.6239,80.6053,100.7961,-75.0265,-426.5361,121.4808,-172.3770,10.1948,81.5535,6,1,0,0,0
Session_1,2026-01-26 16:56:16.474,38.555,-87.6239,-64.3856,-52.6449,35.7660,80.7674,100.6883,-74.8263,-426.6640,121.7278,-172.5448,10.2911,81.6533,6,1,0,0,0
Session_1,2026-01-26 16:56:16.548,38.630,-87.6239,-64.3767,-52.6442,35.8992,81.0194,100.6224,-74.5190,-426.7889,122.0058,-172.8086,10.3769,81.7089,6,1,0,0,0
Session_1,2026-01-26 16:56:16.623,38.704,-87.6241,-64.3557,-52.6435,36.0207,81.2707,100.5977,-74.2134,-426.9113,122.3520,-173.0791,10.4687,81.7231,6,1,0,0,0
Session_1,2026-01-26 16:56:16.688,38.770,-87.6241,-64.3033,-52.6432,36.0935,81.3799,100.6258,-74.0784,-427.0143,122.8615,-173.2156,10.5754,81.6879,6,1,0,0,0
Session_1,2026-01-26 16:56:16.763,38.844,-87.6242,-64.2002,-52.6432,36.1155,81.3544,100.6252,-74.1056,-427.1098,123.6703,-173.2140,10.7028,81.6847,6,1,0,0,0
Session_1,2026-01-26 16:56:16.836,38.918,-87.6246,-64.1119,-52.6433,36.0681,81.3490,100.6279,-74.1144,-427.1302,124.2326,-173.2168,10.7443,81.6802,6,1,0,0,0
Session_1,2026-01-26 16:56:16.911,38.992,-87.6244,-63.9932,-52.6432,36.0599,81.4719,100.5991,-73.9625,-427.2048,125.0733,-173.3536,10.8272,81.7029,6,1,0,0,0
Session_1,2026-01-26 16:56:16.985,39.067,-87.6241,-63.7464,-52.6434,35.7200,81.7376,100.5592,-73.6468,-427.0649,126.1932,-173.5908,10.6824,81.7411,6,1,0,0,0
Session_1,2026-01-26 16:56:17.051,39.132,-87.6241,-63.4507,-52.6434,35.5181,81.7706,100.5675,-73.6065,-427.0797,127.9829,-173.6425,10.7695,81.7288,6,1,0,0,0
Session_1,2026-01-26 16:56:17.133,39.214,-87.6242,-62.9869,-52.6445,34.7566,81.8399,100.5798,-73.5401,-426.6837,129.9220,-173.6570,10.4646,81.7252,6,1,0,0,0
Session_1,2026-01-26 16:56:17.209,39.290,-87.6244,-62.4985,-52.6445,34.4085,81.8159,100.6279,-73.5715,-426.6575,132.8616,-173.6686,10.6121,81.6721,6,1,0,0,0
Session_1,2026-01-26 16:56:17.282,39.363,-87.6241,-62.0020,-52.6445,34.1084,82.0548,100.6066,-73.2824,-426.6501,135.9082,-173.9375,10.7590,81.6822,6,1,0,0,0
Session_1,2026-01-26 16:56:17.343,39.424,-87.6242,-61.5834,-52.6442,33.9587,82.2066,100.5929,-73.0979,-426.7176,138.6875,-174.1355,10.9944,81.6834,6,1,0,0,0
Session_1,2026-01-26 16:56:17.414,39.496,-87.6236,-60.8901,-52.6446,33.4087,82.4613,100.5084,-72.7956,-426.5222,142.6982,-174.3973,11.0800,81.7597,6,1,0,0,0
Session_1,2026-01-26 16:56:17.488,39.569,-87.6230,-60.0435,-52.6446,32.9837,82.5211,100.4686,-72.7221,-426.4421,148.1133,-174.5275,11.4797,81.7842,6,1,0,0,0
Session_1,2026-01-26 16:56:17.568,39.650,-87.6228,-59.1132,-52.6451,32.3465,82.8191,100.4425,-72.3755,-426.1170,153.6892,-174.8711,11.7111,81.7948,6,1,0,0,0
Session_1,2026-01-26 16:56:17.644,39.725,-87.6225,-58.2275,-52.6449,32.0835,82.8994,100.4377,-72.2807,-426.0243,159.6971,-175.0664,12.3084,81.7743,6,1,0,0,0
Session_1,2026-01-26 16:56:17.717,39.799,-87.6219,-57.1676,-52.6450,31.5445,83.2613,100.3773,-71.8574,-425.6104,166.4002,-175.5082,12.7503,81.8098,6,1,0,0,0
Session_1,2026-01-26 16:56:17.793,39.874,-87.6054,-55.9212,-52.6449,31.0165,83.6987,100.3580,-71.2298,-425.0811,174.4783,-176.0707,13.3766,81.8095,6,1,0,0,0
Session_1,2026-01-26 16:56:17.858,39.940,-87.5949,-54.4034,-52.6449,30.0929,83.9012,100.3512,-70.9533,-423.9947,183.7774,-176.3813,13.9240,81.7981,6,1,0,0,0
Session_1,2026-01-26 16:56:17.932,40.014,-87.5950,-52.4826,-52.6449,29.1577,83.9005,100.3265,-71.0196,-422.4575,195.9870,-176.5618,14.8912,81.7768,6,1,0,0,0
Session_1,2026-01-26 16:56:18.015,40.096,-87.5948,-49.9326,-52.6456,27.2118,84.0639,100.2509,-70.9523,-419.3340,210.6448,-176.8177,15.4508,81.8232,6,1,0,0,0
Session_1,2026-01-26 16:56:18.082,40.164,-87.5950,-47.8875,-52.6462,25.5714,84.2645,100.2187,-70.8376,-416.3317,222.1117,-177.0835,15.8107,81.8338,6,1,0,0,0
Session_1,2026-01-26 16:56:18.151,40.232,-87.5945,-46.0193,-52.6462,24.2455,84.7485,100.1445,-70.3731,-413.3681,232.8001,-177.6431,16.2551,81.8788,6,1,0,0,0
Session_1,2026-01-26 16:56:18.229,40.310,-87.5904,-43.7213,-52.6459,22.4760,85.3603,100.1177,-69.7797,-409.1910,245.5191,-178.3393,16.6663,81.8783,6,1,0,0,0
Session_1,2026-01-26 16:56:18.310,40.392,-87.5757,-41.1918,-52.6458,21.0436,85.3432,100.1878,-69.8988,-404.4026,260.4217,-178.5554,17.7498,81.7573,6,1,0,0,0
Session_1,2026-01-26 16:56:18.384,40.466,-87.5728,-38.9785,-52.6461,19.0833,85.3885,100.2901,-70.0409,-399.2776,271.8072,-178.6824,17.9925,81.6373,6,1,0,0,0
Session_1,2026-01-26 16:56:18.459,40.540,-87.5416,-36.6541,-52.6456,16.8805,85.3246,100.3148,-70.1551,-393.3942,283.2556,-178.6517,18.1245,81.6353,6,1,0,0,0
Session_1,2026-01-26 16:56:18.533,40.614,-87.4912,-34.5851,-52.6456,15.0513,85.3686,100.3107,-70.0001,-387.8851,293.4911,-178.7410,18.3519,81.6750,6,1,0,0,0
Session_1,2026-01-26 16:56:18.599,40.681,-87.4524,-32.7734,-52.6456,13.4047,85.3624,100.3127,-69.9758,-382.7409,302.1930,-178.7684,18.5153,81.7013,6,1,0,0,0
Session_1,2026-01-26 16:56:18.683,40.764,-87.4368,-30.8308,-52.6459,11.8412,85.4620,100.3230,-70.0080,-377.0198,311.7360,-178.9453,18.8697,81.6815,6,1,0,0,0
Session_1,2026-01-26 16:56:18.748,40.829,-87.4225,-29.2897,-52.6458,10.8092,85.5176,100.3697,-70.0560,-372.3914,319.5938,-179.1184,19.3605,81.6127,6,1,0,0,0
Session_1,2026-01-26 16:56:18.818,40.899,-87.3632,-27.8848,-52.6457,9.9715,85.7703,100.3910,-69.5644,-368.1149,326.8357,-179.4895,19.8720,81.6104,6,1,0,0,0
Session_1,2026-01-26 16:56:18.897,40.979,-87.1067,-25.9940,-52.6456,8.7156,85.9364,100.3958,-68.0264,-362.2552,336.1542,-179.7845,20.4653,81.8168,6,1,0,0,0
Session_1,2026-01-26 16:56:18.978,41.059,-86.5768,-24.2083,-52.6459,7.3705,85.9337,100.4459,-65.0448,-356.7181,344.4383,-179.8915,20.8980,82.2610,6,1,0,0,0
Session_1,2026-01-26 16:56:19.053,41.134,-85.9817,-22.6698,-52.6460,5.6978,86.2756,100.4762,-61.3261,-351.6107,350.3220,179.7886,20.7043,82.8338,6,1,0,0,0
Session_1,2026-01-26 16:56:19.127,41.209,-85.2504,-21.2402,-52.6471,4.0553,86.5819,100.5661,-56.9225,-346.8159,355.4655,179.4984,20.4379,83.4850,6,1,0,0,0
Session_1,2026-01-26 16:56:19.199,41.281,-84.5438,-20.2605,-52.6466,3.8095,86.6808,100.6664,-52.8472,-344.0729,360.7508,179.2087,21.1385,84.0298,6,1,0,0,0
Session_1,2026-01-26 16:56:19.275,41.356,-83.6009,-19.3646,-52.6472,3.3275,86.5990,100.9163,-47.6476,-341.5964,365.0014,179.1022,21.5550,84.6717,6,1,0,0,0
Session_1,2026-01-26 16:56:19.349,41.430,-82.7675,-19.1248,-52.6474,3.1339,86.6135,101.1202,-42.7744,-341.3264,365.9932,178.9972,21.5939,85.2821,6,1,0,0,0
Session_1,2026-01-26 16:56:19.416,41.497,-82.0856,-19.1276,-52.6574,2.3607,86.5654,101.5892,-38.8180,-341.4485,364.3252,179.0401,20.8270,85.5252,6,1,0,0,0
Session_1,2026-01-26 16:56:19.488,41.570,-81.4762,-19.1286,-52.6634,2.0833,86.4741,102.3768,-35.3146,-341.7192,363.7221,178.8992,20.5545,85.3163,6,1,0,0,0
Session_1,2026-01-26 16:56:19.562,41.643,-80.8059,-19.1475,-52.6658,1.9926,86.3354,102.8114,-31.4779,-342.1507,363.4226,178.8996,20.4674,85.5317,6,1,0,0,0
Session_1,2026-01-26 16:56:19.638,41.719,-80.1859,-19.2887,-52.7038,1.8594,85.5553,103.7920,-28.6343,-343.0321,362.2094,179.3747,20.3292,85.1313,6,1,0,0,0
Session_1,2026-01-26 16:56:19.701,41.782,-79.6341,-19.8369,-52.7685,2.2707,85.1173,104.2239,-25.4729,-345.4535,359.5971,179.6951,20.2368,85.2408,6,1,0,0,0
Session_1,2026-01-26 16:56:19.777,41.859,-79.0626,-21.1324,-52.8854,2.2755,85.8417,104.0961,-20.3395,-349.7998,351.3589,179.4245,18.7010,86.0780,6,1,0,0,0
Session_1,2026-01-26 16:56:19.851,41.932,-78.7150,-22.6697,-52.9218,3.1428,86.1500,104.0261,-16.7878,-355.1729,343.7538,179.3389,17.9438,86.5599,6,1,0,0,0
Session_1,2026-01-26 16:56:19.932,42.014,-78.3405,-24.6056,-52.9216,4.8697,86.5139,103.9190,-12.6228,-362.0256,335.4832,179.0760,17.6555,87.0652,6,1,0,0,0
Session_1,2026-01-26 16:56:19.999,42.080,-78.0171,-26.1034,-52.9220,5.8228,86.8641,103.9286,-9.1320,-366.8677,328.1347,178.8773,17.0434,87.4230,6,1,0,0,0
Session_1,2026-01-26 16:56:20.082,42.164,-77.4282,-28.4144,-52.9221,6.7799,87.3647,103.9204,-3.2512,-373.6152,315.5074,178.7480,15.6124,88.1224,6,1,0,0,0
Session_1,2026-01-26 16:56:20.163,42.245,-76.7604,-30.8529,-52.9224,8.3482,87.5864,103.9162,3.0263,-380.6284,303.0113,178.7587,14.7161,88.8544,6,1,0,0,0
Session_1,2026-01-26 16:56:20.234,42.316,-76.1619,-32.8567,-52.9221,9.1537,87.6592,103.9417,8.3379,-385.6285,291.5480,178.9881,13.5375,89.5019,6,1,0,0,0
Session_1,2026-01-26 16:56:20.313,42.394,-75.4881,-35.3336,-52.9218,9.6659,87.8055,104.0096,14.4333,-390.8272,276.1620,179.3288,11.5977,90.2149,6,1,0,0,0
Session_1,2026-01-26 16:56:20.396,42.478,-74.9027,-38.0496,-52.9217,11.5233,87.6414,104.1696,19.9260,-396.9866,261.5500,179.6733,10.8046,90.6789,6,1,0,0,0
Session_1,2026-01-26 16:56:20.470,42.551,-74.4468,-40.3439,-52.9203,12.9927,87.8117,104.2781,24.5980,-401.4833,248.7567,179.6973,9.9648,91.0625,6,1,0,0,0
Session_1,2026-01-26 16:56:20.544,42.625,-74.1251,-42.5910,-52.9192,14.1257,87.9291,104.3131,28.0982,-405.2012,235.4381,179.8600,8.8580,91.3950,6,1,0,0,0
Session_1,2026-01-26 16:56:20.626,42.707,-74.0886,-44.5167,-52.9189,15.9384,87.7650,104.5061,29.2314,-408.9794,225.5097,-179.9823,8.7896,91.2405,6,1,0,0,0
Session_1,2026-01-26 16:56:20.715,42.796,-74.0882,-46.4709,-52.9173,17.5465,88.0506,104.5802,30.4984,-412.1516,214.8452,179.8184,8.3845,91.1792,6,1,0,0,0
Session_1,2026-01-26 16:56:20.791,42.873,-74.0880,-48.0245,-52.9162,18.6397,88.4557,104.5253,31.5964,-414.2055,205.9215,179.5519,7.8388,91.2521,6,1,0,0,0
Session_1,2026-01-26 16:56:20.852,42.933,-74.0881,-49.3767,-52.9134,20.3611,88.4475,104.5754,32.2832,-416.6529,199.5908,179.4575,8.2002,91.1881,6,1,0,0,0
Session_1,2026-01-26 16:56:20.941,43.022,-74.0877,-50.4529,-52.9116,20.7552,88.7640,104.5521,32.9196,-417.4753,192.6411,179.3287,7.4628,91.2366,6,1,0,0,0
Session_1,2026-01-26 16:56:21.023,43.104,-74.0876,-51.4597,-52.9116,21.2846,88.8107,104.5706,33.2346,-418.3720,186.4238,179.4031,6.9891,91.2334,6,1,0,0,0
Session_1,2026-01-26 16:56:21.107,43.188,-74.0868,-52.6905,-52.9114,22.3730,89.1067,104.5493,33.9876,-419.6831,179.6261,179.1556,6.7774,91.2610,6,1,0,0,0
Session_1,2026-01-26 16:56:21.186,43.267,-74.0866,-53.9829,-52.9113,23.0624,89.3916,104.4910,34.5768,-420.4821,171.5988,179.0396,6.1235,91.3383,6,1,0,0,0
Session_1,2026-01-26 16:56:21.264,43.345,-74.0838,-55.1045,-52.9112,23.4496,89.6512,104.4676,35.0235,-420.8286,164.2170,178.9762,5.3482,91.3842,6,1,0,0,0
Session_1,2026-01-26 16:56:21.339,43.421,-74.0592,-56.2252,-52.9111,24.0312,89.8592,104.4951,35.5911,-421.2467,157.1920,178.9082,4.7740,91.3942,6,1,0,0,0
Session_1,2026-01-26 16:56:21.414,43.496,-73.9970,-57.4549,-52.9108,24.6389,89.8627,104.5205,36.1605,-421.5858,149.4126,179.0596,4.1709,91.4431,6,1,0,0,0
Session_1,2026-01-26 16:56:21.495,43.577,-73.8523,-58.7286,-52.9108,25.0289,89.8853,104.4834,37.2461,-421.4668,140.8997,179.2624,3.3104,91.6395,6,1,0,0,0
Session_1,2026-01-26 16:56:21.554,43.636,-73.7014,-59.6786,-52.9090,26.1138,89.9210,104.4587,38.6108,-422.0833,136.0052,179.1950,3.4341,91.8134,6,1,0,0,0
Session_1,2026-01-26 16:56:21.626,43.707,-73.3955,-60.7255,-52.9067,26.6748,89.9767,104.3646,40.9384,-421.8847,129.4405,179.2671,2.9532,92.2204,6,1,0,0,0
Session_1,2026-01-26 16:56:21.709,43.790,-72.9042,-61.5851,-52.9056,27.7934,89.7453,104.3564,44.4854,-422.2508,125.2434,179.4270,3.2625,92.7157,6,1,0,0,0
Session_1,2026-01-26 16:56:21.789,43.871,-72.3809,-62.0545,-52.9043,28.1463,89.6526,104.4141,48.2505,-421.9147,122.4815,179.5422,3.1736,93.1827,6,1,0,0,0
Session_1,2026-01-26 16:56:21.865,43.946,-72.1325,-62.4823,-52.9022,28.5191,89.4967,104.5020,49.9276,-421.8472,120.0613,179.7015,3.1607,93.3436,6,1,0,0,0
Session_1,2026-01-26 16:56:21.940,44.021,-72.1339,-63.0099,-52.9022,29.2552,88.8753,104.5727,49.3195,-422.4512,117.5780,-179.7536,3.5185,93.2682,6,1,0,0,0
Session_1,2026-01-26 16:56:22.013,44.095,-72.1346,-63.1840,-52.9023,29.3143,88.8183,104.5713,49.2238,-422.3955,116.4194,-179.6693,3.4213,93.2707,6,1,0,0,0
Session_1,2026-01-26 16:56:22.087,44.169,-72.1361,-63.1837,-52.9014,29.5045,88.6631,104.7471,49.0985,-422.6573,116.7773,-179.5786,3.6469,93.0903,6,1,0,0,0
Session_1,2026-01-26 16:56:22.156,44.238,-72.1422,-63.1841,-52.9021,29.2587,88.5230,104.8329,48.8078,-422.4531,116.3262,-179.3852,3.4448,93.0025,6,1,0,0,0
Session_1,2026-01-26 16:56:22.221,44.302,-72.1784,-63.1840,-52.9020,29.4365,88.1900,104.9950,48.2166,-422.7949,116.6636,-179.1194,3.7045,92.8022,6,1,0,0,0
Session_1,2026-01-26 16:56:22.298,44.379,-72.2859,-63.1842,-52.9021,29.4502,88.1989,105.1474,47.4380,-422.8956,116.6872,-179.1414,3.7176,92.5416,6,1,0,0,0
Session_1,2026-01-26 16:56:22.365,44.447,-72.4210,-63.1848,-52.9025,29.5800,87.9641,105.2930,46.2125,-423.2268,116.9278,-178.9584,3.9058,92.2595,6,1,0,0,0
Session_1,2026-01-26 16:56:22.449,44.530,-72.6040,-63.1857,-52.9026,29.6452,87.7320,105.4942,44.6131,-423.5234,117.0516,-178.7657,4.0334,91.8749,6,1,0,0,0
Session_1,2026-01-26 16:56:22.525,44.606,-72.7409,-63.2023,-52.9030,29.6761,87.4889,105.6047,43.3251,-423.7338,116.9978,-178.5430,4.1145,91.6285,6,1,0,0,0
Session_1,2026-01-26 16:56:22.589,44.671,-72.7640,-63.2507,-52.9032,29.6342,87.6839,105.5834,43.3537,-423.5983,116.5577,-178.7050,3.9745,91.6271,6,1,0,0,0
Session_1,2026-01-26 16:56:22.650,44.731,-72.7644,-63.3229,-52.9032,29.6741,87.7471,105.5834,43.4188,-423.5591,116.1009,-178.7571,3.9262,91.6270,6,1,0,0,0
Session_1,2026-01-26 16:56:22.731,44.812,-72.7642,-63.3613,-52.9031,29.8032,87.8419,105.5985,43.5624,-423.6299,116.0539,-178.8739,3.9885,91.6098,6,1,0,0,0
Session_1,2026-01-26 16:56:22.813,44.894,-72.7640,-63.4056,-52.9033,29.7592,87.8913,105.5992,43.5955,-423.5291,115.6476,-178.8978,3.8901,91.6107,6,1,0,0,0
Session_1,2026-01-26 16:56:22.886,44.967,-72.7640,-63.6445,-52.9030,30.1225,87.9373,105.6638,43.7062,-423.6961,114.5722,-178.9803,3.9989,91.5435,6,1,0,0,0
Session_1,2026-01-26 16:56:22.952,45.034,-72.7640,-64.2676,-52.9020,31.0851,88.2930,105.7077,44.2632,-424.0376,111.7874,-179.4185,4.2312,91.4914,6,1,0,0,0
Session_1,2026-01-26 16:56:23.022,45.104,-72.7644,-64.8782,-52.9017,31.2568,89.0469,105.5683,45.0145,-423.3839,107.6293,179.9837,3.6050,91.6378,6,1,0,0,0
Session_1,2026-01-26 16:56:23.101,45.182,-72.7644,-65.1163,-52.9016,31.3412,89.1142,105.5333,45.0483,-423.2176,106.0477,179.9624,3.4390,91.6754,6,1,0,0,0
Session_1,2026-01-26 16:56:23.182,45.263,-72.7638,-65.1164,-52.9010,31.5349,89.1657,105.8574,45.1764,-423.4045,106.4032,179.8401,3.6114,91.3481,6,1,0,0,0
Session_1,2026-01-26 16:56:23.249,45.330,-72.7639,-65.1174,-52.9018,31.2719,88.9899,106.1327,44.8850,-423.1866,105.9139,-179.9345,3.4051,91.0766,6,1,0,0,0
Session_1,2026-01-26 16:56:23.331,45.413,-72.7639,-65.1187,-52.9019,31.4848,88.8341,106.4493,44.7740,-423.4660,106.2975,-179.8640,3.6523,90.7559,6,1,0,0,0
Session_1,2026-01-26 16:56:23.405,45.487,-72.7637,-65.1192,-52.9020,31.4992,88.9474,106.7205,44.9109,-423.4399,106.3175,-179.9938,3.6336,90.4840,6,1,0,0,0
Session_1,2026-01-26 16:56:23.481,45.562,-72.7640,-65.1193,-52.9020,31.5610,88.9343,107.1696,44.9136,-423.5098,106.4302,179.9719,3.6963,90.0326,6,1,0,0,0
Session_1,2026-01-26 16:56:23.563,45.645,-72.7641,-65.1193,-52.9020,31.4642,88.9893,107.5191,44.9448,-423.3883,106.2519,179.9261,3.5873,89.6841,6,1,0,0,0
Session_1,2026-01-26 16:56:23.637,45.718,-72.7641,-65.1193,-52.9020,31.4079,88.8815,107.7347,44.8014,-423.3672,106.1507,-179.9674,3.5661,89.4691,6,1,0,0,0
Session_1,2026-01-26 16:56:23.711,45.792,-72.7640,-65.1211,-52.9026,31.2527,88.7881,107.7141,44.6424,-423.2330,105.8532,-179.8291,3.4444,89.4929,6,1,0,0,0
Session_1,2026-01-26 16:56:23.794,45.875,-72.7640,-65.1482,-52.9028,31.3028,88.4125,107.7319,44.2148,-423.3934,105.7578,-179.4793,3.5806,89.4752,6,1,0,0,0
Session_1,2026-01-26 16:56:23.876,45.957,-72.7640,-65.2545,-52.9028,31.2396,88.4949,107.8329,44.2566,-423.1908,104.8658,-179.5121,3.3951,89.3771,6,1,0,0,0
Session_1,2026-01-26 16:56:23.942,46.023,-72.7640,-65.4232,-52.9024,31.4188,88.6418,108.1398,44.4333,-423.1592,103.9617,-179.6734,3.3623,89.0691,6,1,0,0,0
Session_1,2026-01-26 16:56:24.015,46.096,-72.7640,-65.7480,-52.9021,31.7855,88.9446,108.7090,44.8015,-423.1058,102.2587,179.9928,3.3081,88.4979,6,1,0,0,0
Session_1,2026-01-26 16:56:24.089,46.171,-72.7640,-66.0531,-52.9018,32.2778,89.1506,108.9466,45.1020,-423.2319,100.9329,179.7232,3.4185,88.2565,6,1,0,0,0
Session_1,2026-01-26 16:56:24.164,46.245,-72.7640,-66.0996,-52.9017,32.3307,89.1499,108.9727,45.1032,-423.2383,100.6907,179.7202,3.4247,88.2302,6,1,0,0,0
Session_1,2026-01-26 16:56:24.238,46.319,-72.7639,-66.0997,-52.9015,32.3705,89.1245,108.9727,45.0877,-423.2900,100.7646,179.7311,3.4707,88.2295,6,1,0,0,0
Session_1,2026-01-26 16:56:24.312,46.394,-72.7639,-66.1009,-52.9017,32.1316,89.0929,108.9651,44.9718,-423.0459,100.3182,179.8399,3.2537,88.2416,6,1,0,0,0
Session_1,2026-01-26 16:56:24.382,46.463,-72.7640,-66.1020,-52.9018,32.0739,89.1108,108.9995,44.9725,-422.9766,100.2044,179.8403,3.1922,88.2082,6,1,0,0,0
Session_1,2026-01-26 16:56:24.476,46.558,-72.7640,-66.1029,-52.9019,32.1082,89.0531,109.0427,44.9165,-423.0328,100.2612,179.8814,3.2424,88.1642,6,1,0,0,0
Session_1,2026-01-26 16:56:24.551,46.632,-72.7638,-66.1045,-52.9020,32.1577,89.0332,109.1423,44.9105,-423.0904,100.3396,179.8789,3.2938,88.0638,6,1,0,0,0
Session_1,2026-01-26 16:56:24.623,46.705,-72.7628,-66.1066,-52.9020,32.0403,89.0572,109.1917,44.9065,-422.9535,100.1093,179.8928,3.1729,88.0175,6,1,0,0,0
Session_1,2026-01-26 16:56:24.698,46.780,-72.7625,-66.1366,-52.9020,31.9599,89.0133,109.2158,44.8207,-422.8506,99.7456,179.9694,3.0832,87.9957,6,1,0,0,0
Session_1,2026-01-26 16:56:24.771,46.852,-72.7624,-66.1525,-52.9020,31.9434,89.0133,109.2171,44.8112,-422.8154,99.5996,179.9800,3.0526,87.9951,6,1,0,0,0
Session_1,2026-01-26 16:56:24.841,46.922,-72.7623,-66.1791,-52.9019,32.0094,89.0023,109.2460,44.8116,-422.8610,99.5266,179.9758,3.0934,87.9655,6,1,0,0,0
Session_1,2026-01-26 16:56:24.927,47.008,-72.7616,-66.2194,-52.9019,32.1625,88.9178,109.2748,44.7564,-423.0104,99.5147,-179.9834,3.2278,87.9353,6,1,0,0,0
Session_1,2026-01-26 16:56:24.998,47.079,-72.7552,-66.2712,-52.9017,32.2923,88.9879,109.2652,44.9100,-423.0622,99.3734,179.9252,3.2784,87.9499,6,1,0,0,0
Session_1,2026-01-26 16:56:25.076,47.158,-72.7520,-66.3820,-52.9012,32.4914,88.9817,109.2206,44.9547,-423.1529,98.9323,179.9042,3.3644,87.9961,6,1,0,0,0
Session_1,2026-01-26 16:56:25.159,47.240,-72.7518,-66.4804,-52.8997,32.6060,89.0140,109.2240,44.9984,-423.1576,98.4306,179.8677,3.3705,87.9925,6,1,0,0,0
Session_1,2026-01-26 16:56:25.233,47.314,-72.7518,-66.4804,-52.8988,32.5587,89.0092,109.2295,44.9783,-423.1109,98.3481,179.8873,3.3282,87.9879,6,1,0,0,0
Session_1,2026-01-26 16:56:25.315,47.396,-72.7517,-66.4804,-52.8987,32.5230,88.9817,109.2062,44.9356,-423.0830,98.2838,179.9263,3.3037,88.0121,6,1,0,0,0
Session_1,2026-01-26 16:56:25.383,47.464,-72.7505,-66.4807,-52.8987,32.4667,88.9446,109.2247,44.8829,-423.0352,98.1799,179.9789,3.2625,87.9958,6,1,0,0,0
Session_1,2026-01-26 16:56:25.455,47.537,-72.7494,-66.4810,-52.8986,32.4296,88.9261,109.2254,44.8570,-423.0012,98.1107,-179.9913,3.2333,87.9969,6,1,0,0,0
Session_1,2026-01-26 16:56:25.521,47.602,-72.7492,-66.4812,-52.8986,32.3911,88.9316,109.2261,44.8522,-422.9578,98.0388,-179.9837,3.1950,87.9971,6,1,0,0,0
Session_1,2026-01-26 16:56:25.595,47.676,-72.7491,-66.4815,-52.8986,32.3705,88.9192,109.2220,44.8317,-422.9398,97.9995,-179.9650,3.1794,88.0017,6,1,0,0,0
Session_1,2026-01-26 16:56:25.677,47.758,-72.7474,-66.4822,-52.8985,32.3664,88.9041,109.2288,44.8250,-422.9389,97.9874,-179.9495,3.1799,87.9966,6,1,0,0,0
Session_1,2026-01-26 16:56:25.751,47.833,-72.7451,-66.4828,-52.8986,32.3705,88.8821,109.2274,44.8173,-422.9486,97.9907,-179.9298,3.1904,88.0002,6,1,0,0,0
Session_1,2026-01-26 16:56:25.825,47.906,-72.7398,-66.4835,-52.8985,32.3499,88.8526,109.2474,44.8154,-422.9324,97.9495,-179.8961,3.1801,87.9860,6,1,0,0,0
Session_1,2026-01-26 16:56:25.898,47.979,-72.7386,-66.4839,-52.8985,32.3129,88.8306,109.2549,44.7862,-422.8993,97.8795,-179.8633,3.1520,87.9803,6,1,0,0,0
Session_1,2026-01-26 16:56:25.980,48.061,-72.7369,-66.4842,-52.8985,32.3060,88.7997,109.2460,44.7608,-422.9013,97.8653,-179.8313,3.1554,87.9911,6,1,0,0,0
Session_1,2026-01-26 16:56:26.048,48.130,-72.7366,-66.4843,-52.8985,32.3218,88.7565,109.2439,44.7177,-422.9333,97.8945,-179.7955,3.1844,87.9932,6,0,0,0,0
Session_1,2026-01-26 16:56:26.123,48.204,-72.7365,-66.4843,-52.8986,32.3424,88.7517,109.2288,44.7200,-422.9568,97.9318,-179.7969,3.2053,88.0081,6,0,0,0,0
Session_1,2026-01-26 16:56:26.197,48.278,-72.7364,-66.4843,-52.8986,32.4042,88.7634,109.2364,44.7552,-423.0187,98.0444,-179.8288,3.2599,87.9995,6,0,0,0,0
Session_1,2026-01-26 16:56:26.263,48.344,-72.7359,-66.4843,-52.8986,32.4001,88.7531,109.2240,44.7451,-423.0175,98.0370,-179.8170,3.2593,88.0124,6,0,0,0,0
Session_1,2026-01-26 16:56:26.345,48.427,-72.7360,-66.4843,-52.8986,32.3980,88.7785,109.2323,44.7730,-423.0064,98.0328,-179.8408,3.2491,88.0041,6,0,0,0,0
Session_1,2026-01-26 16:56:26.425,48.507,-72.7361,-66.4843,-52.8986,32.3753,88.7764,109.2371,44.7628,-422.9830,97.9916,-179.8316,3.2284,87.9997,6,0,0,0,0
Session_1,2026-01-26 16:56:26.493,48.575,-72.7361,-66.4843,-52.8986,32.3918,88.7771,109.2336,44.7690,-423.0002,98.0213,-179.8375,3.2437,88.0028,6,0,0,0,0
Session_1,2026-01-26 16:56:26.566,48.648,-72.7362,-66.4843,-52.8986,32.3898,88.7476,109.2247,44.7334,-423.0086,98.0182,-179.8084,3.2514,88.0117,6,0,0,0,0
Session_1,2026-01-26 16:56:26.640,48.722,-72.7362,-66.4843,-52.8986,32.3238,88.7098,109.2549,44.6676,-422.9517,97.8990,-179.7527,3.2017,87.9827,6,0,0,0,0
Session_1,2026-01-26 16:56:26.699,48.781,-72.7362,-66.4843,-52.8986,32.2339,88.6665,109.2707,44.5873,-422.8710,97.7367,-179.6830,3.1312,87.9686,6,0,0,0,0
Session_1,2026-01-26 16:56:26.766,48.847,-72.7361,-66.4844,-52.8986,32.2023,88.5697,109.2680,44.4656,-422.8715,97.6812,-179.5809,3.1332,87.9722,6,0,0,0,0
Session_1,2026-01-26 16:56:26.876,48.957,-72.7356,-66.4848,-52.8987,32.1961,88.5100,109.2638,44.3973,-422.8852,97.6681,-179.5221,3.1466,87.9771,6,0,0,0,0
Session_1,2026-01-26 16:56:27.014,49.096,-72.7357,-66.4857,-52.8990,32.2414,88.5368,109.2556,44.4427,-422.9225,97.7418,-179.5615,3.1793,87.9844,6,0,0,0,0
Session_1,2026-01-26 16:56:27.079,49.160,-72.7358,-66.4858,-52.8991,32.2593,88.5677,109.1869,44.4834,-422.9303,97.7725,-179.5927,3.1853,88.0527,6,0,0,0,0
Session_1,2026-01-26 16:56:27.159,49.241,-72.7358,-66.4859,-52.8991,32.2222,88.5553,109.1911,44.4568,-422.8951,97.7052,-179.5690,3.1544,88.0492,6,0,0,0,0
Session_1,2026-01-26 16:56:27.257,49.338,-72.7356,-66.4861,-52.8991,32.1776,88.4351,109.0640,44.3038,-422.8898,97.6260,-179.4337,3.1502,88.1778,6,0,0,0,0
Session_1,2026-01-26 16:56:27.331,49.413,-72.7349,-66.4863,-52.8992,32.1934,88.4180,109.0647,44.2946,-422.9119,97.6534,-179.4226,3.1705,88.1776,6,0,0,0,0
Session_1,2026-01-26 16:56:27.399,49.480,-72.7349,-66.4863,-52.8991,32.2421,88.4756,109.0578,44.3779,-422.9437,97.7406,-179.4928,3.1977,88.1834,6,0,0,0,0
Session_1,2026-01-26 16:56:27.461,49.542,-72.7351,-66.4861,-52.8990,32.3355,88.5869,109.0510,44.5361,-423.0044,97.9088,-179.6282,3.2499,88.1881,6,0,0,0,0
Session_1,2026-01-26 16:56:27.547,49.629,-72.7358,-66.4845,-52.8984,32.5250,88.8746,108.9555,44.9281,-423.1075,98.2618,-179.9574,3.3372,88.2790,6,0,0,0,0
Session_1,2026-01-26 16:56:27.622,49.703,-72.7365,-66.4803,-52.8866,32.6040,89.0971,108.8793,45.2167,-423.1445,98.4814,179.8058,3.3549,88.3530,6,0,0,0,0
Session_1,2026-01-26 16:56:27.695,49.777,-72.7369,-66.4524,-52.8791,33.1540,89.1197,108.8800,45.4350,-423.7641,99.7255,179.5941,3.9014,88.3399,6,0,0,0,0
Session_1,2026-01-26 16:56:27.769,49.851,-72.7369,-66.2849,-52.8647,33.1801,89.1650,108.9068,45.5627,-423.9897,101.0576,179.4817,4.0833,88.3084,6,0,0,0,0
Session_1,2026-01-26 16:56:27.843,49.925,-72.7371,-65.8447,-52.8652,32.4371,89.1293,108.6905,45.4232,-423.6913,102.9016,179.6286,3.8094,88.5317,6,0,0,0,0
Session_1,2026-01-26 16:56:27.917,49.998,-72.7371,-65.4970,-52.8648,32.2785,89.1925,108.6678,45.5554,-423.8586,105.1483,179.5093,3.9688,88.5504,6,0,0,0,0
Session_1,2026-01-26 16:56:27.981,50.063,-72.7378,-65.2657,-52.8644,31.8363,89.3463,108.6637,45.6571,-423.5730,106.0219,179.4316,3.7202,88.5589,6,0,0,0,0
Session_1,2026-01-26 16:56:28.057,50.138,-72.7379,-64.9491,-52.8647,31.0769,89.5049,108.3204,45.6868,-423.0250,106.9354,179.4432,3.2531,88.9118,6,0,0,0,0
Session_1,2026-01-26 16:56:28.146,50.227,-72.7379,-64.0376,-52.8649,30.3367,89.3834,107.8542,45.5657,-423.1300,112.2236,179.5327,3.4576,89.3754,6,0,0,0,0
Session_1,2026-01-26 16:56:28.220,50.302,-72.7376,-63.0697,-52.8650,29.7668,89.4225,107.8748,45.6775,-423.3239,118.2332,179.3716,3.8241,89.3473,6,0,0,0,0
Session_1,2026-01-26 16:56:28.294,50.375,-72.7377,-62.0740,-52.8650,29.0197,89.4205,107.8102,45.6603,-423.2787,124.1171,179.3015,4.0621,89.4067,6,0,0,0,0
Session_1,2026-01-26 16:56:28.378,50.460,-72.7379,-60.8812,-52.8650,28.6201,89.4431,107.7299,45.7874,-423.5994,132.0776,179.0426,4.8114,89.4683,6,0,0,0,0
Session_1,2026-01-26 16:56:28.451,50.533,-72.7378,-59.6293,-52.8649,28.1916,89.4987,107.5465,45.9071,-423.7559,140.4154,178.7547,5.5826,89.6300,6,0,0,0,0
Session_1,2026-01-26 16:56:28.525,50.606,-72.7377,-57.9580,-52.8648,27.2688,89.5997,107.3838,45.9149,-423.3657,150.8751,178.4484,6.2699,89.7710,6,0,0,0,0
Session_1,2026-01-26 16:56:28.584,50.665,-72.7378,-56.5722,-52.8650,26.5224,89.5667,107.3495,45.7267,-422.8973,159.5641,178.2904,6.8904,89.7830,6,0,0,0,0
Session_1,2026-01-26 16:56:28.658,50.739,-72.7377,-54.5811,-52.8654,25.5830,89.5022,107.2904,45.3752,-422.0269,172.2617,178.0413,7.9144,89.8010,6,0,0,0,0
Session_1,2026-01-26 16:56:28.731,50.812,-72.7378,-52.6702,-52.8654,24.8861,89.4301,107.1888,44.9661,-421.0085,184.7928,177.7574,9.0976,89.8483,6,0,0,0,0
Session_1,2026-01-26 16:56:28.808,50.890,-72.7378,-50.5379,-52.8656,23.9914,89.4438,107.0831,44.4539,-419.3036,198.4776,177.3872,10.2789,89.8926,6,0,0,0,0
Session_1,2026-01-26 16:56:28.891,50.973,-72.7377,-48.3109,-52.8660,23.1248,89.4699,106.9924,43.8006,-417.0930,212.8052,176.9664,11.5738,89.9069,6,0,0,0,0
Session_1,2026-01-26 16:56:28.966,51.047,-72.7377,-46.3044,-52.8658,22.3565,89.4466,106.9560,43.0298,-414.7074,225.6429,176.6182,12.7645,89.8639,6,0,0,0,0
Session_1,2026-01-26 16:56:29.049,51.131,-72.7378,-43.8076,-52.8656,21.0107,89.2756,106.9622,41.6486,-410.9645,240.6833,176.4249,13.9121,89.7725,6,0,0,0,0
Session_1,2026-01-26 16:56:29.118,51.199,-72.7379,-41.8803,-52.8658,20.1009,89.0408,106.9629,40.3693,-407.8083,252.4144,176.3318,14.9505,89.6884,6,0,0,0,0
Session_1,2026-01-26 16:56:29.185,51.266,-72.7378,-40.1949,-52.8660,19.2419,88.8451,106.9313,39.1622,-404.7220,262.4371,176.2676,15.7970,89.6487,6,0,0,0,0
Session_1,2026-01-26 16:56:29.262,51.343,-72.7376,-38.4280,-52.8662,18.3767,88.9103,106.8990,38.1327,-401.1376,272.8940,175.9305,16.6395,89.6043,6,0,0,0,0
Session_1,2026-01-26 16:56:29.347,51.429,-72.7380,-36.6737,-52.8667,17.4429,88.6597,106.8729,36.6412,-397.3698,283.0017,175.9161,17.4952,89.5493,6,0,0,0,0
Session_1,2026-01-26 16:56:29.419,51.500,-72.7383,-35.5221,-52.8669,16.9258,88.6418,106.7157,35.8030,-394.7536,289.7571,175.7814,18.1161,89.6515,6,0,0,0,0
Session_1,2026-01-26 16:56:29.511,51.592,-72.7378,-34.1998,-52.8669,16.4706,88.8368,106.5241,35.0748,-391.6023,297.7225,175.3841,18.9020,89.7704,6,0,0,0,0
Session_1,2026-01-26 16:56:29.594,51.676,-72.7381,-32.5734,-52.8665,15.6246,88.8966,106.4836,33.8511,-387.4260,306.8222,175.0926,19.6331,89.7323,6,0,0,0,0
Session_1,2026-01-26 16:56:29.671,51.752,-72.7381,-30.6740,-52.8664,14.9984,88.7640,106.4898,32.1545,-382.5081,318.0363,174.8057,20.8836,89.5800,6,0,0,0,0
Session_1,2026-01-26 16:56:29.738,51.819,-72.7381,-28.6577,-52.8664,14.1744,88.7379,106.4891,30.3559,-376.8257,329.4026,174.4400,22.0267,89.4371,6,0,0,0,0
Session_1,2026-01-26 16:56:29.813,51.894,-72.7381,-26.1728,-52.8664,13.3951,88.6418,106.4761,27.9447,-369.4592,343.5989,173.9668,23.6778,89.2269,6,0,0,0,0
Session_1,2026-01-26 16:56:29.897,51.978,-72.7382,-23.1771,-52.8660,13.4164,88.4159,106.3895,24.7700,-360.1681,362.2808,173.1788,26.6173,88.8711,6,0,0,0,0
Session_1,2026-01-26 16:56:29.961,52.042,-72.7381,-20.9805,-52.8660,13.3862,88.3177,106.3648,22.3370,-352.7363,375.5395,172.5055,28.7017,88.5336,6,0,0,0,0
Session_1,2026-01-26 16:56:30.032,52.114,-72.7383,-17.6210,-52.8640,13.2619,88.0534,106.4005,18.1924,-340.4825,395.0582,171.5084,31.8303,87.8633,6,0,0,0,0
Session_1,2026-01-26 16:56:30.106,52.187,-72.7384,-14.5405,-52.8590,13.0634,87.6544,106.5900,13.9208,-328.3675,412.1027,170.5854,34.6285,86.9761,6,0,0,0,0
Session_1,2026-01-26 16:56:30.183,52.264,-72.7383,-11.3932,-52.8384,13.2282,87.1724,106.8242,9.1776,-315.0691,429.6414,169.3880,37.8384,85.7897,6,0,0,0,0
Session_1,2026-01-26 16:56:30.257,52.338,-72.7381,-8.6033,-52.7379,13.6848,86.9348,106.8915,4.8878,-302.2314,445.5443,167.9244,40.9955,84.6542,6,0,0,0,0
Session_1,2026-01-26 16:56:30.332,52.414,-72.7383,-5.8698,-52.4181,13.6972,86.7563,106.9450,0.4351,-288.6323,460.5257,166.4009,43.8521,83.4636,6,0,0,0,0
Session_1,2026-01-26 16:56:30.400,52.481,-72.7383,-3.5616,-51.7527,13.6485,86.4748,107.0302,-3.8938,-275.8505,474.2224,164.8460,46.5729,82.0960,6,0,0,0,0
Session_1,2026-01-26 16:56:30.466,52.547,-72.7383,-1.7654,-50.9939,13.5139,85.9893,107.0645,-7.8625,-265.0592,485.2943,163.6654,48.8799,80.8306,6,0,0,0,0
Session_1,2026-01-26 16:56:30.540,52.621,-72.7384,-0.0708,-49.9310,13.4342,85.3432,107.1449,-12.2223,-253.6635,496.8913,162.2095,51.4186,79.1532,6,0,0,0,0
Session_1,2026-01-26 16:56:30.623,52.705,-72.7383,1.3024,-48.3984,13.2488,85.3185,107.1105,-15.7886,-242.2854,508.3767,160.1041,53.8175,77.4795,6,0,0,0,0
Session_1,2026-01-26 16:56:30.691,52.772,-72.7381,2.2237,-47.1133,13.1719,85.4805,107.0453,-18.2912,-233.5689,516.9033,158.1890,55.6317,76.0874,6,0,0,0,0
Session_1,2026-01-26 16:56:30.775,52.857,-72.7381,3.3209,-45.2485,12.5993,85.6062,107.0302,-21.6399,-222.2804,527.0336,155.8027,57.6279,74.2100,6,0,0,0,0
Session_1,2026-01-26 16:56:30.861,52.942,-72.7380,4.2385,-43.1552,11.9964,85.3699,107.0439,-25.4171,-211.0861,536.8646,153.3573,59.6765,71.9065,6,0,0,0,0
Session_1,2026-01-26 16:56:30.936,53.017,-72.7379,4.7968,-41.0065,11.2287,85.6000,108.5202,-28.0755,-201.5918,544.9226,148.5823,60.4350,67.3311,6,0,0,0,0
Session_1,2026-01-26 16:56:31.000,53.081,-72.7380,4.9293,-39.4906,10.3615,85.9914,108.2703,-29.1119,-196.6624,548.9684,147.6770,61.0595,67.0007,6,0,0,0,0
Session_1,2026-01-26 16:56:31.078,53.159,-72.7380,4.9301,-37.2006,9.6906,86.5654,108.2366,-30.5681,-189.6350,555.4062,145.1278,62.1491,65.2982,6,0,0,0,0
Session_1,2026-01-26 16:56:31.163,53.245,-72.7381,4.9313,-34.8778,9.8328,86.4521,108.2332,-33.2306,-181.5298,563.1251,141.4411,63.9646,61.9067,6,0,0,0,0
Session_1,2026-01-26 16:56:31.241,53.322,-72.7379,4.9313,-32.5925,9.6233,86.4212,108.2373,-35.7082,-173.6806,569.7715,137.9025,65.3866,58.6774,6,0,0,0,0
Session_1,2026-01-26 16:56:31.326,53.407,-72.7378,4.9309,-30.3656,9.6893,86.2413,108.2359,-38.4778,-165.5002,576.3837,133.6053,66.8829,54.5753,6,0,0,0,0
Session_1,2026-01-26 16:56:31.401,53.483,-72.7380,4.9313,-28.3849,9.8719,86.0992,108.2325,-41.0387,-157.8400,582.1742,129.0359,68.1610,50.2157,6,0,0,0,0
Session_1,2026-01-26 16:56:31.468,53.550,-72.7380,4.9311,-26.7857,9.4991,86.1150,108.2366,-42.7690,-152.2077,585.8250,126.1782,68.7980,47.5715,6,0,0,0,0
Session_1,2026-01-26 16:56:31.536,53.617,-72.7381,4.9313,-25.0968,9.2313,86.0525,108.2366,-44.7751,-146.0075,589.7075,122.6911,69.4909,44.2513,6,0,0,0,0
Session_1,2026-01-26 16:56:31.602,53.683,-72.7381,4.9313,-23.6178,8.5110,85.9831,108.2339,-46.3526,-141.2132,592.2294,120.7498,69.8377,42.3634,6,0,0,0,0
Session_1,2026-01-26 16:56:31.670,53.751,-72.7382,4.9315,-21.9238,7.6980,85.9151,108.2332,-48.1708,-135.6405,594.9933,118.4072,70.2069,40.0947,6,0,0,0,0
Session_1,2026-01-26 16:56:31.743,53.824,-72.7383,4.9315,-20.1045,6.7367,85.8856,108.2359,-50.0501,-129.7128,597.6598,116.0361,70.5260,37.8317,6,0,0,0,0
Session_1,2026-01-26 16:56:31.826,53.907,-72.7383,4.9314,-17.9635,5.6113,85.7531,108.2346,-52.4030,-122.6812,600.5818,113.1526,70.8777,34.9790,6,0,0,0,0
Session_1,2026-01-26 16:56:31.910,53.991,-72.7384,4.9313,-16.0329,4.4323,85.5636,108.2359,-54.5485,-116.5497,602.7756,110.9595,71.1132,32.7171,6,0,0,0,0
Session_1,2026-01-26 16:56:31.991,54.073,-72.7472,4.9306,-14.4844,4.1933,84.4663,108.2352,-57.7586,-110.7332,605.3773,107.0606,71.5219,27.9235,6,0,0,0,0
Session_1,2026-01-26 16:56:32.076,54.158,-72.7703,4.9245,-13.4529,3.5046,83.5428,108.2359,-59.8976,-107.7177,606.2977,106.0541,71.6606,26.0256,6,0,0,0,0
Session_1,2026-01-26 16:56:32.160,54.241,-72.8139,4.9232,-13.1054,2.4321,83.3258,108.2352,-60.1673,-107.9502,605.4498,108.3345,71.5580,27.9299,6,0,0,0,0
Session_1,2026-01-26 16:56:32.244,54.326,-73.2078,4.9223,-13.1025,2.1684,82.8774,108.2332,-61.3212,-108.0339,605.0968,109.1763,71.5555,27.8888,6,0,0,0,0
Session_1,2026-01-26 16:56:32.321,54.402,-73.9887,4.9223,-13.1024,2.2989,82.8506,108.2346,-62.8787,-106.9883,605.2775,108.7710,71.5816,26.6966,6,0,0,0,0
Session_1,2026-01-26 16:56:32.388,54.469,-75.1030,4.9186,-13.1031,2.3353,82.9440,108.2339,-64.8424,-105.7028,605.3194,108.6665,71.5788,25.5761,6,0,0,0,0
Session_1,2026-01-26 16:56:32.448,54.529,-76.0075,4.9160,-13.1031,2.4554,82.9523,108.2359,-66.5355,-104.4943,605.4805,108.2983,71.5975,24.3303,6,0,0,0,0
Session_1,2026-01-26 16:56:32.522,54.603,-77.3871,4.9122,-13.1034,2.6463,82.9825,108.2366,-69.0571,-102.5831,605.7358,107.7128,71.6266,22.4251,6,0,0,0,0
