session_name,timestamp,elapsed_time,j1,j2,j3,j4,j5,j6,x,y,z,rx,ry,rz,robot_mode,tooldo1,tooldo2,do1,do2
Session_2,2026-01-26 16:56:52.239,0.008,-84.4104,4.3986,-13.1306,4.6953,91.6171,104.2225,-70.5649,-93.5228,607.6476,105.9015,75.1178,22.6045,6,0,0,0,0
Session_2,2026-01-26 16:56:52.329,0.097,-84.4104,4.3986,-13.1306,4.4749,91.8004,104.2245,-70.3085,-93.8611,607.3535,106.7003,75.0370,23.5591,6,0,0,0,0
Session_2,2026-01-26 16:56:52.404,0.173,-84.4104,4.3983,-13.1307,4.4886,91.7688,104.2259,-70.3485,-93.8456,607.3712,106.6523,75.0420,23.4810,6,0,0,0,0
Session_2,2026-01-26 16:56:52.485,0.253,-84.4104,4.3975,-13.1309,4.4790,91.8230,104.2259,-70.2810,-93.8600,607.3570,106.6865,75.0349,23.5682,6,0,0,0,0
Session_2,2026-01-26 16:56:52.560,0.328,-84.4104,4.3975,-13.1308,4.5799,91.7970,104.2245,-70.3288,-93.6963,607.4921,106.3175,75.0689,23.1858,6,0,0,0,0
Session_2,2026-01-26 16:56:52.635,0.403,-84.4104,4.3976,-13.1308,4.6170,91.7420,104.2225,-70.4010,-93.6426,607.5416,106.1866,75.0858,23.0047,6,0,0,0,0
Session_2,2026-01-26 16:56:52.697,0.465,-84.4104,4.3975,-13.1308,4.5916,91.7805,104.2232,-70.3505,-93.6790,607.5078,106.2769,75.0749,23.1302,6,0,0,0,0
Session_2,2026-01-26 16:56:52.766,0.535,-84.4104,4.3976,-13.1308,4.5442,91.8237,104.2239,-70.2908,-93.7511,607.4445,106.4478,75.0569,23.3384,6,0,0,0,0
Session_2,2026-01-26 16:56:52.840,0.609,-84.4104,4.3969,-13.1310,4.4584,91.7269,104.2252,-70.3927,-93.9148,607.3278,106.7747,75.0358,23.5576,6,0,0,0,0
Session_2,2026-01-26 16:56:52.923,0.691,-84.4104,4.3969,-13.1311,4.2002,91.6754,104.2280,-70.4129,-94.3502,606.9807,107.7226,74.9554,24.4217,6,0,0,0,0
Session_2,2026-01-26 16:56:53.004,0.773,-84.4104,4.3970,-13.1311,3.8177,91.3760,104.2239,-70.7115,-95.0253,606.4622,109.1442,74.8557,25.4962,6,0,0,0,0
Session_2,2026-01-26 16:56:53.078,0.846,-84.4104,4.3972,-13.1311,3.8205,91.4523,104.2245,-70.6203,-95.0082,606.4664,109.1244,74.8499,25.5530,6,0,0,0,0
Session_2,2026-01-26 16:56:53.168,0.937,-84.4104,4.3969,-13.1315,3.6488,91.4825,104.2232,-70.5560,-95.2896,606.2316,109.7400,74.7890,26.1773,6,0,0,0,0
Session_2,2026-01-26 16:56:53.234,1.002,-84.4103,4.3964,-13.1321,3.1778,91.4529,104.2245,-70.5154,-96.0705,605.5840,111.4085,74.6182,27.7573,6,0,0,0,0
Session_2,2026-01-26 16:56:53.325,1.093,-84.4103,4.3959,-13.1328,2.1794,91.4001,104.2259,-70.4203,-97.6999,604.1921,114.8207,74.2187,30.9914,6,0,0,0,0
Session_2,2026-01-26 16:56:53.407,1.176,-84.4103,4.3961,-13.1328,1.4481,91.0128,104.2259,-70.7728,-98.9209,603.1555,117.2835,73.9355,32.9753,6,0,0,0,0
Session_2,2026-01-26 16:56:53.489,1.258,-84.4102,4.3849,-13.1826,1.2916,90.7649,104.2266,-71.0177,-99.5041,602.8207,118.0309,73.8623,33.4475,6,0,0,0,0
Session_2,2026-01-26 16:56:53.564,1.332,-84.4097,4.2107,-13.5622,1.7056,90.8041,104.2273,-70.7434,-101.8102,602.4195,118.4636,73.7914,33.9023,6,0,0,0,0
Session_2,2026-01-26 16:56:53.639,1.407,-84.4092,3.7416,-14.5306,2.6326,90.7608,104.2266,-70.1808,-108.0886,601.0878,120.0622,73.5492,35.3942,6,0,0,0,0
Session_2,2026-01-26 16:56:53.721,1.489,-84.4082,3.1853,-16.1026,2.6601,90.6832,104.2239,-69.2105,-118.9448,596.8699,126.1372,72.4263,41.1291,6,0,0,0,0
Session_2,2026-01-26 16:56:53.795,1.563,-84.4078,2.6204,-17.7618,2.9265,90.5507,104.2252,-68.3164,-129.7186,592.4573,131.1449,71.2433,45.7577,6,0,0,0,0
Session_2,2026-01-26 16:56:53.855,1.624,-84.4065,2.0970,-19.1351,3.3302,90.4532,104.2232,-67.5565,-138.6627,588.7053,134.5735,70.2668,48.9018,6,0,0,0,0
Session_2,2026-01-26 16:56:53.926,1.694,-84.3905,1.3766,-20.9387,3.4923,90.3790,104.2259,-66.3997,-150.9857,582.7259,139.3201,68.5925,53.2901,6,0,0,0,0
Session_2,2026-01-26 16:56:54.009,1.777,-84.3903,0.5672,-22.9432,4.4632,90.3330,104.2245,-65.2366,-163.3922,576.8721,142.5537,67.2074,56.2431,6,0,0,0,0
Session_2,2026-01-26 16:56:54.082,1.851,-84.3885,-0.2419,-24.6999,5.7328,90.2980,104.2218,-64.2083,-174.2429,571.7869,144.6183,66.2005,58.1089,6,0,0,0,0
Session_2,2026-01-26 16:56:54.155,1.924,-84.3791,-0.7403,-26.4131,6.0507,90.6647,104.2252,-62.8037,-183.6951,565.7558,147.0553,64.5958,60.6774,6,0,0,0,0
Session_2,2026-01-26 16:56:54.241,2.009,-84.3566,-1.3018,-28.3330,7.5689,91.0107,104.2252,-61.4196,-192.7252,560.7191,148.0606,63.7285,61.9266,6,0,0,0,0
Session_2,2026-01-26 16:56:54.315,2.083,-84.3018,-1.6599,-29.7822,9.0802,91.2497,104.2225,-60.3641,-198.5958,557.5968,148.2633,63.4333,62.3852,6,0,0,0,0
Session_2,2026-01-26 16:56:54.387,2.155,-84.1822,-1.7860,-31.0276,9.6604,91.9480,104.2252,-58.6457,-203.1645,554.1324,148.7030,62.6204,63.5395,6,0,0,0,0
Session_2,2026-01-26 16:56:54.447,2.215,-83.7885,-1.7854,-32.2005,10.2997,92.4122,104.2232,-56.3303,-206.7988,551.3727,148.9766,62.0716,64.6023,6,0,0,0,0
Session_2,2026-01-26 16:56:54.514,2.282,-83.0225,-1.7855,-33.5149,11.0303,92.3277,104.2232,-53.2152,-211.1962,548.2191,149.6821,61.5906,65.9132,6,0,0,0,0
Session_2,2026-01-26 16:56:54.581,2.349,-82.3469,-1.7859,-34.8968,11.2500,92.3806,104.2266,-50.0735,-216.1505,543.8122,150.8583,60.5762,67.6648,6,0,0,0,0
Session_2,2026-01-26 16:56:54.654,2.422,-81.5784,-1.7870,-36.7099,12.1818,92.2254,104.2239,-46.6299,-221.7341,539.0775,151.8589,59.8439,69.1633,6,0,0,0,0
Session_2,2026-01-26 16:56:54.713,2.482,-80.8789,-1.7953,-38.3793,12.7215,92.2254,104.2232,-43.1556,-227.0424,533.9697,152.9350,58.8469,70.7890,6,0,0,0,0
Session_2,2026-01-26 16:56:54.783,2.551,-80.1080,-1.7976,-40.3113,12.8499,91.8979,104.2225,-39.4834,-233.4332,526.9706,154.7840,57.3202,72.8415,6,0,0,0,0
Session_2,2026-01-26 16:56:54.845,2.613,-79.2479,-1.8069,-42.4178,12.7661,91.7743,104.2225,-34.9391,-240.2576,518.6653,156.6454,55.3764,75.1447,6,0,0,0,0
Session_2,2026-01-26 16:56:54.911,2.679,-78.6021,-1.8174,-44.5158,12.8526,91.6267,104.2266,-31.2435,-246.4290,510.4960,158.2356,53.5760,76.9582,6,0,0,0,0
Session_2,2026-01-26 16:56:54.976,2.744,-77.8154,-1.8240,-46.7382,13.5770,91.4509,104.2252,-26.9254,-252.1600,502.9067,159.4036,52.2427,78.5321,6,0,0,0,0
Session_2,2026-01-26 16:56:55.060,2.828,-76.9328,-1.8261,-49.2575,14.8569,91.1735,104.2266,-22.1315,-257.9378,495.0245,160.4356,51.1665,79.9983,6,0,0,0,0
Session_2,2026-01-26 16:56:55.134,2.903,-76.1840,-1.8261,-51.4618,15.9274,90.5994,104.2239,-18.3461,-262.7986,487.8571,161.6340,50.2558,81.2166,6,0,0,0,0
Session_2,2026-01-26 16:56:55.215,2.983,-75.6990,-1.8281,-53.5389,16.8839,90.8274,104.2225,-14.8369,-266.8625,480.8522,162.0949,49.1645,82.2338,6,0,0,0,0
Session_2,2026-01-26 16:56:55.292,3.060,-75.6557,-1.8391,-55.2935,18.0588,90.8830,104.2245,-13.7926,-269.8966,475.5419,162.3791,48.6030,82.5333,6,0,0,0,0
Session_2,2026-01-26 16:56:55.351,3.120,-75.6559,-1.8552,-56.5351,19.0668,90.8315,104.2197,-13.3393,-271.9243,472.0560,162.5695,48.3846,82.6389,6,0,0,0,0
Session_2,2026-01-26 16:56:55.422,3.191,-75.6564,-1.8552,-58.0650,19.6552,90.8205,104.2232,-12.6770,-274.5772,466.4484,163.0912,47.5103,83.0151,6,0,0,0,0
Session_2,2026-01-26 16:56:55.484,3.253,-75.6564,-1.8553,-59.1588,19.9519,90.8981,104.2245,-12.1051,-276.4342,462.1422,163.4437,46.7482,83.3314,6,0,0,0,0
Session_2,2026-01-26 16:56:55.546,3.314,-75.6564,-1.8552,-60.2722,20.8493,90.8638,104.2225,-11.7506,-277.9890,458.9603,163.5891,46.5553,83.4126,6,0,0,0,0
Session_2,2026-01-26 16:56:55.628,3.396,-75.6563,-1.8545,-61.3269,21.7852,90.9730,104.2197,-11.2725,-279.3221,456.1026,163.5552,46.4201,83.4719,6,0,0,0,0
Session_2,2026-01-26 16:56:55.701,3.469,-75.6562,-1.8546,-61.6879,22.2789,91.0904,104.2273,-11.0394,-279.6566,455.4775,163.3738,46.5140,83.4237,6,0,0,0,0
Session_2,2026-01-26 16:56:55.777,3.545,-75.6562,-1.8547,-61.6866,22.7479,91.0190,104.2239,-11.1856,-279.4345,456.4540,163.1951,46.9708,83.2419,6,0,0,0,0
Session_2,2026-01-26 16:56:55.851,3.619,-75.6561,-1.8545,-61.6861,22.7747,91.0801,104.2273,-11.1176,-279.3996,456.5134,163.1225,46.9810,83.2330,6,0,0,0,0
Session_2,2026-01-26 16:56:55.912,3.681,-75.6558,-1.8550,-61.6862,22.8014,91.1522,104.2218,-11.0346,-279.3650,456.5674,163.0499,46.9902,83.2385,6,0,0,0,0
Session_2,2026-01-26 16:56:55.990,3.759,-75.6556,-1.8658,-61.6862,22.6634,91.1673,104.2225,-10.9838,-279.4862,456.2309,163.1141,46.8474,83.2965,6,0,0,0,0
Session_2,2026-01-26 16:56:56.072,3.841,-75.6554,-1.9365,-61.6861,23.2828,91.1529,104.2252,-10.9951,-279.5094,457.1818,162.8331,47.3619,83.0781,6,0,0,0,0
Session_2,2026-01-26 16:56:56.131,3.899,-75.6554,-2.2555,-61.6861,23.3878,91.1948,104.2266,-10.5584,-281.0112,455.9027,162.9085,47.1522,83.1645,6,0,0,0,0
Session_2,2026-01-26 16:56:56.196,3.964,-75.6554,-3.2798,-61.6797,24.5503,90.9943,104.2239,-9.6735,-285.4550,453.4706,163.0130,47.3349,83.0904,6,0,0,0,0
Session_2,2026-01-26 16:56:56.269,4.037,-75.6555,-5.0113,-61.6672,25.6524,90.8597,104.2232,-7.8495,-293.2467,447.4007,163.4606,46.7914,83.3165,6,0,0,0,0
Session_2,2026-01-26 16:56:56.343,4.112,-75.6554,-6.5975,-61.6668,25.0234,90.9551,104.2252,-5.7566,-300.9627,438.1714,164.4905,44.6953,84.1237,6,0,0,0,0
Session_2,2026-01-26 16:56:56.426,4.194,-75.6554,-8.4001,-61.6669,25.0111,90.9489,104.2266,-3.6706,-309.1494,428.8824,165.3524,42.9899,84.7155,6,0,0,0,0
Session_2,2026-01-26 16:56:56.499,4.268,-75.6546,-10.3168,-61.6670,25.4567,90.9764,104.2232,-1.5262,-317.3830,419.6904,165.9911,41.5967,85.1677,6,0,0,0,0
Session_2,2026-01-26 16:56:56.566,4.334,-75.6539,-11.9905,-61.6670,25.6750,91.0018,104.2218,0.3017,-324.3910,411.0762,166.5948,40.2147,85.5820,6,0,0,0,0
Session_2,2026-01-26 16:56:56.628,4.396,-75.6536,-13.6244,-61.6669,25.9655,90.9901,104.2197,1.9794,-331.0001,402.6310,167.1628,38.9446,85.9381,6,0,0,0,0
Session_2,2026-01-26 16:56:56.696,4.465,-75.6522,-15.5402,-61.6668,26.3095,90.9743,104.2232,3.8772,-338.4661,392.4955,167.8000,37.4547,86.3208,6,0,0,0,0
Session_2,2026-01-26 16:56:56.772,4.540,-75.6431,-17.4710,-61.6668,26.6851,90.9668,104.2225,5.7651,-345.6676,382.0886,168.4022,35.9763,86.6858,6,0,0,0,0
Session_2,2026-01-26 16:56:56.856,4.625,-75.5814,-19.3997,-61.6669,27.1568,90.9064,104.2225,7.8307,-352.5424,371.6553,168.9960,34.6014,87.0544,6,0,0,0,0
Session_2,2026-01-26 16:56:56.928,4.696,-75.4015,-20.9669,-61.6667,27.6766,90.8205,104.2252,10.2267,-357.8782,363.2983,169.4500,33.6215,87.4368,6,0,0,0,0
Session_2,2026-01-26 16:56:56.995,4.763,-74.7707,-22.6295,-61.6668,28.1765,90.7121,104.2245,15.5148,-363.2000,354.1591,169.9595,32.5361,88.2848,6,0,0,0,0
Session_2,2026-01-26 16:56:57.078,4.846,-73.5323,-24.3050,-61.6664,29.0156,90.7656,104.2184,24.9629,-367.9711,345.5099,170.1992,31.7242,89.6853,6,0,0,0,0
Session_2,2026-01-26 16:56:57.153,4.921,-72.2503,-25.7523,-61.6666,29.3692,90.5541,104.2218,34.3101,-371.6629,337.1127,170.7645,30.7270,91.1438,6,0,0,0,0
Session_2,2026-01-26 16:56:57.227,4.996,-71.2288,-27.1604,-61.6666,29.6995,90.4326,104.2245,42.1302,-374.9803,328.8100,171.2327,29.7228,92.3354,6,0,0,0,0
Session_2,2026-01-26 16:56:57.287,5.055,-70.6775,-28.2581,-61.6665,29.9171,90.1147,104.2204,46.4000,-377.6155,322.1819,171.8211,28.9564,93.0175,6,0,0,0,0
Session_2,2026-01-26 16:56:57.360,5.128,-70.2020,-29.7442,-61.6666,29.6130,90.0790,104.2239,50.8047,-380.8793,311.8416,172.4186,27.2451,93.7542,6,0,0,0,0
Session_2,2026-01-26 16:56:57.434,5.202,-70.0767,-31.4213,-61.6664,29.7132,90.0824,104.2184,53.0589,-384.6773,301.0004,172.9016,25.7289,94.1014,6,0,0,0,0
Session_2,2026-01-26 16:56:57.498,5.266,-70.0772,-32.8603,-61.6667,29.7908,89.6608,104.2197,53.7049,-387.9703,291.5847,173.7121,24.5209,94.2593,6,0,0,0,0
Session_2,2026-01-26 16:56:57.614,5.383,-70.0770,-34.4435,-61.6668,29.5271,89.5660,104.2163,54.7016,-391.0533,280.3995,174.3450,22.7651,94.4774,6,0,0,0,0
Session_2,2026-01-26 16:56:57.745,5.513,-70.0771,-37.2194,-61.6670,29.1570,89.5743,104.2211,56.3911,-395.6879,260.7877,175.2251,19.7277,94.7950,6,0,0,0,0
Session_2,2026-01-26 16:56:57.818,5.586,-70.0774,-38.3278,-61.6670,29.0417,89.4850,104.2218,56.8702,-397.3326,252.9649,175.6477,18.5679,94.9026,6,0,0,0,0
Session_2,2026-01-26 16:56:57.884,5.653,-70.0773,-39.3661,-61.6668,29.1508,89.5269,104.2197,57.4608,-398.8123,246.0543,175.8606,17.6603,94.9842,6,0,0,0,0
Session_2,2026-01-26 16:56:57.947,5.715,-70.0775,-40.2256,-61.6669,29.1969,89.4809,104.2204,57.8155,-399.9572,240.2216,176.1239,16.8854,95.0476,6,0,0,0,0
Session_2,2026-01-26 16:56:58.008,5.777,-70.0777,-41.2485,-61.6668,29.6500,89.4033,104.2232,58.2622,-401.4714,234.0683,176.3504,16.3536,95.0867,6,0,0,0,0
Session_2,2026-01-26 16:56:58.092,5.860,-70.0778,-42.6567,-61.6668,29.7585,89.2907,104.2218,58.6949,-403.0675,224.5047,176.8041,15.1247,95.1799,6,0,0,0,0
Session_2,2026-01-26 16:56:58.165,5.933,-70.0781,-43.9203,-61.6667,29.9199,88.9117,104.2191,58.7135,-404.4737,216.0238,177.4602,14.1517,95.2507,6,0,0,0,0
Session_2,2026-01-26 16:56:58.231,6.000,-70.0781,-45.0740,-61.6667,30.5743,88.9089,104.2218,59.2028,-405.8329,209.2614,177.5924,13.6693,95.2792,6,0,0,0,0
Session_2,2026-01-26 16:56:58.297,6.065,-70.0789,-46.2059,-61.6667,30.8372,88.7558,104.2177,59.3626,-406.8364,201.8437,177.9667,12.8662,95.3327,6,0,0,0,0
Session_2,2026-01-26 16:56:58.372,6.140,-70.0793,-47.3624,-61.6667,31.1181,88.7414,104.2211,59.6460,-407.6778,194.2634,178.2054,12.0221,95.3773,6,0,0,0,0
Session_2,2026-01-26 16:56:58.454,6.222,-70.0797,-48.6181,-61.6665,31.7251,88.7276,104.2191,59.9871,-408.6765,186.6043,178.3853,11.3977,95.4126,6,0,0,0,0
Session_2,2026-01-26 16:56:58.528,6.296,-70.0798,-49.7246,-61.6666,31.8823,88.8341,104.2170,60.2701,-409.0798,179.0904,178.5244,10.4525,95.4612,6,0,0,0,0
Session_2,2026-01-26 16:56:58.602,6.370,-70.0810,-50.6393,-61.6667,32.1137,88.7393,104.2204,60.2819,-409.4751,173.0723,178.7887,9.8139,95.4864,6,0,0,0,0
Session_2,2026-01-26 16:56:58.668,6.436,-70.0820,-51.3825,-61.6667,32.3232,89.0305,104.2184,60.6956,-409.6013,168.2098,178.6419,9.2255,95.5114,6,0,0,0,0
Session_2,2026-01-26 16:56:58.734,6.502,-70.0907,-52.3430,-61.6666,33.0572,88.9536,104.2218,60.7766,-410.2798,162.8226,178.7729,9.0250,95.5079,6,0,0,0,0
Session_2,2026-01-26 16:56:58.799,6.568,-70.0966,-53.2384,-61.6667,33.0984,89.0826,104.2191,60.8656,-410.1883,156.5477,178.8629,8.1659,95.5375,6,0,0,0,0
Session_2,2026-01-26 16:56:58.890,6.658,-70.0977,-54.4902,-61.6666,33.5886,88.9790,104.2170,60.8057,-410.4162,148.6051,179.1541,7.4536,95.5639,6,0,0,0,0
Session_2,2026-01-26 16:56:58.962,6.731,-70.0980,-55.4037,-61.6664,34.0611,88.8348,104.2191,60.6924,-410.6217,143.0238,179.4036,7.0620,95.5750,6,0,0,0,0
Session_2,2026-01-26 16:56:59.037,6.806,-70.0986,-56.1699,-61.6664,34.0508,88.7132,104.2191,60.4322,-410.3494,137.5702,179.7147,6.3394,95.5967,6,0,0,0,0
Session_2,2026-01-26 16:56:59.110,6.878,-70.0991,-56.7094,-61.6645,34.7807,88.4853,104.2191,60.3289,-410.8862,135.1321,179.8878,6.5817,95.5906,6,0,0,0,0
Session_2,2026-01-26 16:56:59.178,6.946,-70.1038,-57.0678,-61.6642,34.9825,88.2484,104.2197,60.0279,-410.9975,132.9773,-179.8438,6.4886,95.5896,6,0,0,0,0
Session_2,2026-01-26 16:56:59.244,7.012,-70.1088,-57.3034,-61.6641,35.1240,86.8888,104.2239,58.4429,-411.5641,131.6404,-178.5024,6.7315,95.5880,6,0,0,0,0
Session_2,2026-01-26 16:56:59.306,7.074,-70.1205,-57.3130,-61.6637,35.2963,86.3210,104.2197,57.7691,-411.9653,131.9391,-177.9915,7.0289,95.5800,6,0,0,0,0
Session_2,2026-01-26 16:56:59.382,7.150,-70.1907,-57.3131,-61.6613,35.5710,86.3470,104.2232,57.3893,-412.2901,132.4650,-178.0862,7.2909,95.4975,6,0,0,0,0
Session_2,2026-01-26 16:56:59.451,7.219,-70.2471,-57.3130,-61.6591,35.5112,86.1836,104.2211,56.7778,-412.3604,132.3749,-177.9130,7.2752,95.4463,6,0,0,0,0
Session_2,2026-01-26 16:56:59.512,7.280,-70.2705,-57.3129,-61.6583,35.4625,85.4050,104.2218,55.7049,-412.6501,132.3562,-177.1454,7.4201,95.4322,6,0,0,0,0
Session_2,2026-01-26 16:56:59.570,7.338,-70.3123,-57.3123,-61.6341,35.7200,84.9696,104.2204,55.0124,-413.1586,132.9963,-176.7928,7.8003,95.3881,6,0,0,0,0
Session_2,2026-01-26 16:56:59.644,7.412,-70.4712,-57.3131,-61.4907,35.5806,85.2745,104.2204,54.2802,-413.3756,133.3177,-177.0897,7.7287,95.2250,6,0,0,0,0
Session_2,2026-01-26 16:56:59.705,7.473,-70.7356,-57.3293,-61.3604,35.6163,85.5011,104.2170,52.7409,-413.8457,133.8138,-177.3466,7.8181,94.9563,6,0,0,0,0
Session_2,2026-01-26 16:56:59.779,7.547,-71.3111,-57.5221,-61.1936,35.5676,85.0740,104.2191,48.1658,-414.7363,133.1147,-176.9135,7.8505,94.3867,6,0,0,0,0
Session_2,2026-01-26 16:56:59.848,7.616,-71.6101,-57.9332,-61.0104,35.7076,84.7554,104.2197,45.7384,-415.4131,131.2782,-176.5822,7.8436,94.0944,6,0,0,0,0
Session_2,2026-01-26 16:56:59.912,7.680,-71.6024,-58.5078,-60.7646,36.5934,85.7545,104.2204,47.2908,-416.0806,129.8226,-177.6915,8.1382,94.0697,6,0,0,0,0
Session_2,2026-01-26 16:56:59.980,7.748,-71.6030,-59.4753,-60.0814,37.1915,85.7504,104.2191,47.7736,-417.5615,126.9938,-177.7658,8.4432,94.0592,6,0,0,0,0
Session_2,2026-01-26 16:57:00.045,7.813,-71.6032,-60.1861,-59.1601,36.6380,85.9309,104.2170,48.3379,-418.5713,124.8096,-177.8551,8.0665,94.0716,6,0,0,0,0
Session_2,2026-01-26 16:57:00.110,7.878,-71.6026,-60.6419,-58.1888,36.8873,85.6494,104.2211,48.7061,-420.7427,126.2439,-177.7738,8.8767,94.0426,6,0,0,0,0
Session_2,2026-01-26 16:57:00.193,7.961,-71.6028,-61.2008,-56.7781,36.6799,86.8236,104.2129,50.8887,-422.8063,127.8704,-179.0739,9.2125,94.0172,6,0,0,0,0
Session_2,2026-01-26 16:57:00.267,8.035,-71.6035,-61.6223,-55.7909,35.0752,86.5977,104.2149,50.7537,-423.2846,126.0715,-178.5944,8.2614,94.0552,6,0,0,0,0
Session_2,2026-01-26 16:57:00.341,8.110,-71.6036,-62.1894,-55.2122,33.4266,86.8112,104.2170,50.7692,-422.5135,121.3339,-178.3936,6.6228,94.1045,6,0,0,0,0
Session_2,2026-01-26 16:57:00.415,8.183,-71.6040,-63.0053,-54.9120,33.6559,86.7000,104.2204,50.7257,-422.8185,117.1397,-178.2150,6.3729,94.1095,6,0,0,0,0
Session_2,2026-01-26 16:57:00.481,8.249,-71.6057,-63.3017,-54.8104,33.5571,86.7343,104.2184,50.7159,-422.6956,115.2347,-178.1752,6.0797,94.1176,6,0,0,0,0
Session_2,2026-01-26 16:57:00.550,8.319,-71.6057,-63.3068,-54.8104,33.6189,86.6904,104.2177,50.6840,-422.7687,115.3157,-178.1465,6.1454,94.1171,6,0,0,0,0
Session_2,2026-01-26 16:57:00.610,8.379,-71.6059,-63.3068,-54.8104,33.1767,86.6759,104.2197,50.5197,-422.3363,114.4912,-178.0231,5.7204,94.1262,6,0,0,0,0
Session_2,2026-01-26 16:57:00.687,8.456,-71.6063,-63.3067,-54.8105,32.8175,86.5908,104.2163,50.2997,-422.0085,113.8298,-177.8513,5.3931,94.1387,6,0,0,0,0
Session_2,2026-01-26 16:57:00.761,8.529,-71.6064,-63.3067,-54.8105,32.9164,86.6018,104.2191,50.3444,-422.1040,114.0125,-177.8867,5.4864,94.1334,6,0,0,0,0
Session_2,2026-01-26 16:57:00.835,8.603,-71.6065,-63.3068,-54.8109,33.0970,86.5826,104.2184,50.3815,-422.2914,114.3478,-177.9125,5.6657,94.1298,6,0,0,0,0
Session_2,2026-01-26 16:57:00.900,8.668,-71.6075,-63.3065,-54.8109,33.4918,86.3161,104.2184,50.1980,-422.7848,115.1061,-177.7519,6.1140,94.1213,6,0,0,0,0
Session_2,2026-01-26 16:57:00.967,8.735,-71.6095,-63.3061,-54.8108,34.1531,85.2889,104.2177,49.2161,-423.8156,116.4390,-176.9189,7.0072,94.1130,6,0,0,0,0
Session_2,2026-01-26 16:57:01.031,8.799,-71.6288,-63.3055,-54.8108,35.2283,84.3400,104.2191,48.3201,-425.2013,118.5783,-176.2653,8.2825,94.0707,6,0,0,0,0
Session_2,2026-01-26 16:57:01.097,8.865,-71.6332,-63.3052,-54.8107,36.0338,84.6064,104.2177,48.8392,-425.8468,120.0851,-176.7255,8.9980,94.0333,6,0,0,0,0
Session_2,2026-01-26 16:57:01.170,8.938,-71.6337,-63.3052,-54.8112,36.0118,85.0273,104.2191,49.3128,-425.6722,119.9958,-177.1290,8.8731,94.0266,6,0,0,0,0
Session_2,2026-01-26 16:57:01.245,9.013,-71.6337,-63.3052,-54.8117,35.8978,85.0459,104.2163,49.2996,-425.5607,119.7731,-177.1179,8.7574,94.0336,6,0,0,0,0
Session_2,2026-01-26 16:57:01.319,9.088,-71.6341,-63.3054,-54.8123,36.1292,85.0980,104.2218,49.4262,-425.7503,120.2069,-177.2273,8.9684,94.0181,6,0,0,0,0
Session_2,2026-01-26 16:57:01.394,9.162,-71.6343,-63.3054,-54.8124,36.5343,86.8195,104.2225,51.5282,-425.4774,120.8372,-178.9999,8.9381,93.9873,6,0,0,0,0
Session_2,2026-01-26 16:57:01.462,9.230,-71.6342,-63.3055,-54.8130,35.5943,89.4582,104.2218,54.2859,-423.6281,118.9324,178.6782,7.3785,94.0234,6,0,0,0,0
Session_2,2026-01-26 16:57:01.527,9.295,-71.6345,-63.3056,-54.8148,34.6365,90.5871,104.2204,55.2832,-422.2938,117.1073,177.8242,6.1715,94.0612,6,0,0,0,0
Session_2,2026-01-26 16:57:01.599,9.367,-71.6429,-63.3055,-54.8153,35.3767,89.9444,104.2191,54.7124,-423.2442,118.5049,178.2626,7.0461,94.0275,6,0,0,0,0
Session_2,2026-01-26 16:57:01.664,9.433,-71.6511,-63.3054,-54.8152,35.7859,88.6233,104.2184,53.2557,-424.1325,119.3055,179.4402,7.7672,94.0003,6,0,0,0,0
Session_2,2026-01-26 16:57:01.738,9.506,-71.6997,-63.3056,-54.8155,35.2538,88.2394,104.2197,52.2903,-423.8286,118.3020,179.9451,7.3454,93.9673,6,0,0,0,0
Session_2,2026-01-26 16:57:01.813,9.581,-71.8225,-63.3060,-54.8179,34.6035,88.2882,104.2197,51.2346,-423.3010,117.0550,-179.9393,6.7006,93.8644,6,0,0,0,0
Session_2,2026-01-26 16:57:01.887,9.655,-72.0673,-63.3068,-54.8214,33.9594,88.4084,104.2170,49.3600,-422.8404,115.8176,-179.8943,6.0429,93.6402,6,0,0,0,0
Session_2,2026-01-26 16:57:01.960,9.728,-72.5809,-63.3090,-54.8254,33.1039,88.5361,104.2177,45.4453,-422.3590,114.1813,-179.8046,5.1764,93.1467,6,0,0,0,0
Session_2,2026-01-26 16:57:02.042,9.811,-73.1700,-63.3622,-54.8282,32.7193,88.6336,104.2218,41.0795,-422.3267,113.0652,-179.7905,4.7255,92.5628,6,0,0,0,0
Session_2,2026-01-26 16:57:02.124,9.893,-73.3193,-63.5063,-54.8279,33.4039,89.1671,104.2191,40.7705,-422.8186,113.2791,179.5588,5.1186,92.4051,6,0,0,0,0
Session_2,2026-01-26 16:57:02.199,9.968,-73.2873,-63.5189,-54.8279,33.0249,90.2410,104.2218,42.1353,-422.0264,112.4760,178.6148,4.4752,92.4466,6,0,0,0,0
Session_2,2026-01-26 16:57:02.265,10.033,-73.2871,-63.5287,-54.8281,32.6218,90.2348,104.2211,42.0027,-421.6055,111.6572,178.7229,4.0764,92.4551,6,0,0,0,0
Session_2,2026-01-26 16:57:02.339,10.107,-73.2569,-63.6635,-54.8279,32.4818,90.2156,104.2191,42.1225,-421.3232,110.4216,178.8094,3.8150,92.4919,6,0,0,0,0
Session_2,2026-01-26 16:57:02.405,10.173,-73.1804,-63.9473,-54.8269,33.4362,90.2877,104.2191,42.9878,-421.9667,110.1310,178.5737,4.4483,92.5568,6,1,0,0,0
Session_2,2026-01-26 16:57:02.478,10.246,-73.1569,-64.1250,-54.8267,33.3751,90.3262,104.2197,43.1364,-421.7079,108.7280,178.5954,4.2076,92.5843,6,1,0,0,0
Session_2,2026-01-26 16:57:02.553,10.321,-73.1286,-64.1295,-54.8266,33.3394,90.6008,104.2218,43.6512,-421.5489,108.6322,178.3390,4.1011,92.6131,6,1,0,0,0
Session_2,2026-01-26 16:57:02.635,10.403,-72.9692,-64.1295,-54.8263,33.3943,90.7354,104.2239,44.9975,-421.4351,108.7373,178.1948,4.1216,92.7705,6,1,0,0,0
Session_2,2026-01-26 16:57:02.695,10.463,-72.7523,-64.1293,-54.8258,34.0013,91.1151,104.2211,47.2242,-421.7420,109.8751,177.6771,4.6174,92.9821,6,1,0,0,0
Session_2,2026-01-26 16:57:02.767,10.535,-72.4672,-64.1293,-54.8255,34.3542,91.0773,104.2184,49.3900,-421.8689,110.5345,177.6265,4.9692,93.2622,6,1,0,0,0
Session_2,2026-01-26 16:57:02.841,10.609,-72.3936,-64.1293,-54.8256,34.2313,91.1103,104.2211,49.9313,-421.6703,110.3049,177.6248,4.8417,93.3361,6,1,0,0,0
Session_2,2026-01-26 16:57:02.906,10.675,-72.3953,-64.1293,-54.8255,34.3295,90.9352,104.2197,49.7473,-421.8343,110.4850,177.7702,4.9800,93.3319,6,1,0,0,0
Session_2,2026-01-26 16:57:02.980,10.748,-72.3955,-64.1293,-54.8258,34.1077,90.7615,104.2197,49.4748,-421.6766,110.0661,177.9934,4.8073,93.3348,6,1,0,0,0
Session_2,2026-01-26 16:57:03.054,10.822,-72.3956,-64.1295,-54.8259,34.1235,90.6743,104.2191,49.3777,-421.7243,110.0931,178.0741,4.8439,93.3343,6,1,0,0,0
Session_2,2026-01-26 16:57:03.134,10.902,-72.3960,-64.1296,-54.8260,34.0665,90.6166,104.2170,49.2902,-421.6885,109.9845,178.1443,4.8026,93.3367,6,1,0,0,0
Session_2,2026-01-26 16:57:03.217,10.986,-72.3975,-64.1297,-54.8259,34.1888,90.5988,104.2197,49.2976,-421.8186,110.2119,178.1311,4.9254,93.3298,6,1,0,0,0
Session_2,2026-01-26 16:57:03.300,11.068,-72.3983,-64.1306,-54.8261,34.0741,90.6008,104.2239,49.2567,-421.7027,109.9908,178.1574,4.8126,93.3272,6,1,0,0,0
Session_2,2026-01-26 16:57:03.364,11.132,-72.4010,-64.1315,-54.8263,34.0398,90.6097,104.2239,49.2364,-421.6659,109.9194,178.1575,4.7760,93.3254,6,1,0,0,0
Session_2,2026-01-26 16:57:03.440,11.209,-72.4012,-64.1534,-54.8266,33.9223,90.6235,104.2204,49.2068,-421.5221,109.5404,178.1790,4.6374,93.3316,6,1,0,0,0
Session_2,2026-01-26 16:57:03.514,11.282,-72.4011,-64.3231,-54.8266,34.0281,90.5603,104.2142,49.1175,-421.4935,108.5024,178.2565,4.5912,93.3386,6,1,0,0,0
Session_2,2026-01-26 16:57:03.588,11.356,-72.4012,-64.7233,-54.8263,34.1984,90.5267,104.2204,49.0102,-421.2928,105.9098,178.3454,4.3766,93.3365,6,1,0,0,0
Session_2,2026-01-26 16:57:03.662,11.430,-72.4026,-65.0572,-54.8264,34.1709,90.5095,104.2239,48.8649,-420.9359,103.4337,178.4510,4.0306,93.3381,6,1,0,0,0
Session_2,2026-01-26 16:57:03.726,11.495,-72.4025,-65.0921,-54.8263,34.1702,90.4910,104.2170,48.8324,-420.9061,103.1787,178.4783,4.0008,93.3456,6,1,0,0,0
Session_2,2026-01-26 16:57:03.795,11.564,-72.4026,-65.0925,-54.8265,34.0693,90.4971,104.2218,48.8060,-420.7990,102.9888,178.4970,3.9008,93.3425,6,1,0,0,0
Session_2,2026-01-26 16:57:03.868,11.637,-72.4026,-65.0952,-54.8269,34.0171,90.4944,104.2218,48.7845,-420.7424,102.8710,178.5133,3.8479,93.3434,6,1,0,0,0
Session_2,2026-01-26 16:57:03.942,11.710,-72.4025,-65.1304,-54.8271,34.0356,90.4937,104.2259,48.7783,-420.7248,102.6492,178.5178,3.8316,93.3395,6,1,0,0,0
Session_2,2026-01-26 16:57:04.015,11.784,-72.4026,-65.3617,-54.8269,34.4016,90.4546,104.2191,48.7753,-420.8747,101.6459,178.5229,3.9721,93.3438,6,1,0,0,0
Session_2,2026-01-26 16:57:04.081,11.849,-72.4033,-65.9559,-54.8259,35.3032,90.4189,104.2211,48.8193,-421.1734,99.0029,178.4812,4.2797,93.3354,6,1,0,0,0
Session_2,2026-01-26 16:57:04.146,11.914,-72.4108,-66.6049,-54.8150,37.0631,90.4546,104.2136,49.1445,-422.2351,97.6078,178.1698,5.3583,93.3124,6,1,0,0,0
Session_2,2026-01-26 16:57:04.213,11.981,-72.4176,-66.6439,-54.8138,37.0857,90.4937,104.2191,49.1337,-422.2079,97.3715,178.1351,5.3338,93.3008,6,1,0,0,0
Session_2,2026-01-26 16:57:04.287,12.056,-72.4175,-66.6441,-54.8137,37.0782,90.5116,104.2115,49.1526,-422.1937,97.3563,178.1205,5.3222,93.3088,6,1,0,0,0
Session_2,2026-01-26 16:57:04.351,12.120,-72.4178,-66.6442,-54.8138,37.0857,90.5438,104.2197,49.1902,-422.1893,97.3701,178.0866,5.3212,93.3003,6,1,0,0,0
Session_2,2026-01-26 16:57:04.435,12.204,-72.4177,-66.6442,-54.8138,37.0885,90.5459,104.2204,49.1936,-422.1912,97.3749,178.0839,5.3233,93.2996,6,1,0,0,0
Session_2,2026-01-26 16:57:04.509,12.277,-72.4178,-66.6443,-54.8138,37.0761,90.5637,104.2239,49.2102,-422.1724,97.3518,178.0693,5.3068,93.2966,6,1,0,0,0
Session_2,2026-01-26 16:57:04.583,12.351,-72.4178,-66.6443,-54.8138,37.0583,90.5644,104.2136,49.2054,-422.1545,97.3183,178.0741,5.2897,93.3073,6,1,0,0,0
Session_2,2026-01-26 16:57:04.643,12.412,-72.4177,-66.6442,-54.8138,37.0466,90.5685,104.2252,49.2067,-422.1415,97.2968,178.0719,5.2770,93.2959,6,1,0,0,0
Session_2,2026-01-26 16:57:04.725,12.493,-72.4178,-66.6442,-54.8138,37.0370,90.5754,104.2170,49.2108,-422.1296,97.2792,178.0683,5.2663,93.3043,6,1,0,0,0
Session_2,2026-01-26 16:57:04.801,12.570,-72.4182,-66.6441,-54.8138,37.0184,90.5871,104.2232,49.2156,-422.1074,97.2448,178.0611,5.2453,93.2983,6,1,0,0,0
Session_2,2026-01-26 16:57:04.870,12.639,-72.4182,-66.6442,-54.8138,37.0047,90.5878,104.2197,49.2121,-422.0936,97.2192,178.0641,5.2320,93.3020,6,1,0,0,0
Session_2,2026-01-26 16:57:04.945,12.714,-72.4183,-66.6442,-54.8138,37.0109,90.5905,104.2197,49.2169,-422.0986,97.2302,178.0599,5.2372,93.3019,6,1,0,0,0
Session_2,2026-01-26 16:57:05.025,12.794,-72.4184,-66.6443,-54.8140,37.0157,90.6022,104.2156,49.2312,-422.0985,97.2377,178.0479,5.2388,93.3059,6,1,0,0,0
Session_2,2026-01-26 16:57:05.108,12.876,-72.4183,-66.6445,-54.8141,37.0171,90.6118,104.2184,49.2428,-422.0959,97.2390,178.0380,5.2375,93.3033,6,1,0,0,0
Session_2,2026-01-26 16:57:05.181,12.949,-72.4183,-66.6445,-54.8142,37.0157,90.6111,104.2156,49.2416,-422.0947,97.2359,178.0393,5.2363,93.3061,6,1,0,0,0
Session_2,2026-01-26 16:57:05.248,13.017,-72.4184,-66.6445,-54.8142,37.0123,90.6132,104.2163,49.2424,-422.0905,97.2292,178.0381,5.2324,93.3054,6,1,0,0,0
Session_2,2026-01-26 16:57:05.313,13.081,-72.4186,-66.6448,-54.8144,37.0246,90.6200,104.2204,49.2520,-422.0996,97.2496,178.0282,5.2421,93.3008,6,1,0,0,0
Session_2,2026-01-26 16:57:05.388,13.156,-72.4187,-66.6449,-54.8144,37.0184,90.6166,104.2170,49.2458,-422.0947,97.2374,178.0333,5.2370,93.3043,6,1,0,0,0
Session_2,2026-01-26 16:57:05.470,13.239,-72.4186,-66.6450,-54.8145,37.0239,90.6255,104.2211,49.2581,-422.0966,97.2470,178.0230,5.2399,93.3002,6,1,0,0,0
Session_2,2026-01-26 16:57:05.543,13.312,-72.4186,-66.6449,-54.8144,37.0061,90.6214,104.2177,49.2483,-422.0806,97.2141,178.0317,5.2238,93.3041,6,1,0,0,0
Session_2,2026-01-26 16:57:05.610,13.378,-72.4185,-66.6447,-54.8143,36.9999,90.6084,104.2204,49.2320,-422.0797,97.2044,178.0455,5.2212,93.3014,6,1,0,0,0
Session_2,2026-01-26 16:57:05.683,13.451,-72.4184,-66.6443,-54.8141,36.9889,90.5898,104.2136,49.2077,-422.0765,97.1870,178.0667,5.2159,93.3084,6,1,0,0,0
Session_2,2026-01-26 16:57:05.750,13.518,-72.4186,-66.6426,-54.8135,36.9662,90.5939,104.2239,49.2054,-422.0560,97.1596,178.0668,5.1948,93.2984,6,1,0,0,0
Session_2,2026-01-26 16:57:05.823,13.591,-72.4186,-66.6202,-54.8123,36.8976,90.5555,104.2211,49.1482,-422.0305,97.1995,178.1154,5.1608,93.3018,6,1,0,0,0
Session_2,2026-01-26 16:57:05.896,13.665,-72.4186,-66.5609,-54.8117,36.7417,90.5335,104.2225,49.0957,-421.9521,97.3412,178.1604,5.0730,93.3025,6,1,0,0,0
Session_2,2026-01-26 16:57:05.978,13.746,-72.4185,-66.4559,-54.8117,36.5034,90.4999,104.2204,49.0194,-421.8455,97.6607,178.2262,4.9522,93.3072,6,1,0,0,0
Session_2,2026-01-26 16:57:06.053,13.821,-72.4186,-66.3428,-54.8118,36.2837,90.4710,104.2211,48.9562,-421.7630,98.0731,178.2804,4.8559,93.3085,6,1,0,0,0
Session_2,2026-01-26 16:57:06.143,13.911,-72.4186,-66.0538,-54.8119,35.6582,90.3008,104.2218,48.6612,-421.5160,99.0085,178.5286,4.5714,93.3135,6,1,0,0,0
Session_2,2026-01-26 16:57:06.217,13.985,-72.4185,-65.6034,-54.8120,35.6383,90.2499,104.2184,48.7502,-421.9983,102.2475,178.4717,5.0011,93.3078,6,1,0,0,0
Session_2,2026-01-26 16:57:06.291,14.059,-72.4185,-65.0494,-54.8119,35.6719,90.1792,104.2197,48.8566,-422.6190,106.3452,178.3945,5.5879,93.2925,6,1,0,0,0
Session_2,2026-01-26 16:57:06.364,14.132,-72.4185,-64.3234,-54.8122,35.1727,90.1991,104.2225,48.9419,-422.8081,110.6998,178.3187,5.8025,93.2843,6,1,0,0,0
Session_2,2026-01-26 16:57:06.429,14.198,-72.4185,-63.6890,-54.8123,34.9551,90.1572,104.2218,49.0017,-423.1660,114.9182,178.2558,6.2166,93.2738,6,1,0,0,0
Session_2,2026-01-26 16:57:06.495,14.263,-72.4188,-63.0595,-54.8125,34.5760,90.1257,104.2170,49.0085,-423.3211,118.7954,178.2247,6.4669,93.2712,6,1,0,0,0
Session_2,2026-01-26 16:57:06.569,14.338,-72.4189,-62.3500,-54.8126,33.8750,90.0632,104.2273,48.8907,-423.2014,122.6480,178.2820,6.4900,93.2601,6,1,0,0,0
Session_2,2026-01-26 16:57:06.659,14.428,-72.4192,-61.4762,-54.8125,33.7823,89.8537,104.2204,48.8002,-423.7651,128.8545,178.2909,7.2986,93.2418,6,1,0,0,0
Session_2,2026-01-26 16:57:06.741,14.509,-72.4255,-60.5389,-54.8126,33.1190,89.7810,104.2191,48.6411,-423.7079,134.4378,178.2931,7.5819,93.2274,6,1,0,0,0
Session_2,2026-01-26 16:57:06.801,14.569,-72.4268,-59.7877,-54.8125,32.9569,89.7198,104.2184,48.6262,-423.9363,139.6178,178.2049,8.1677,93.2062,6,1,0,0,0
Session_2,2026-01-26 16:57:06.875,14.643,-72.4269,-58.8898,-54.8125,32.5374,89.6285,104.2191,48.5084,-423.9347,145.3747,178.1732,8.6535,93.1871,6,1,0,0,0
Session_2,2026-01-26 16:57:06.959,14.728,-72.4270,-57.9889,-54.8122,32.5195,89.5571,104.2163,48.4990,-424.1938,151.9295,178.0202,9.5268,93.1540,6,1,0,0,0
Session_2,2026-01-26 16:57:07.039,14.808,-72.4278,-57.0344,-54.8123,32.2765,89.4218,104.2259,48.3221,-424.1974,158.4373,177.9694,10.2485,93.1114,6,1,0,0,0
Session_2,2026-01-26 16:57:07.123,14.891,-72.4277,-56.0700,-54.8121,32.1426,89.3127,104.2204,48.1786,-424.1817,165.2296,177.8647,11.0798,93.0770,6,1,0,0,0
Session_2,2026-01-26 16:57:07.183,14.951,-72.4276,-55.2353,-54.8121,31.6035,89.2419,104.2177,47.9498,-423.7401,170.2696,177.8582,11.3835,93.0645,6,1,0,0,0
Session_2,2026-01-26 16:57:07.246,15.015,-72.4276,-54.2676,-54.8119,31.1490,89.1321,104.2204,47.6677,-423.2908,176.4380,177.8325,11.9073,93.0342,6,1,0,0,0
Session_2,2026-01-26 16:57:07.313,15.081,-72.4276,-53.1684,-54.8120,30.4781,88.9041,104.2252,47.1553,-422.5885,183.1243,177.9419,12.3777,93.0040,6,1,0,0,0
Session_2,2026-01-26 16:57:07.394,15.163,-72.4278,-51.8664,-54.8119,30.0689,88.6555,104.2197,46.6163,-421.8892,191.7858,177.9529,13.3029,92.9559,6,1,0,0,0
Session_2,2026-01-26 16:57:07.468,15.236,-72.4277,-50.6637,-54.8117,29.5079,88.5711,104.2252,46.1974,-420.9050,199.3944,177.8664,13.9445,92.9102,6,1,0,0,0
Session_2,2026-01-26 16:57:07.544,15.312,-72.4277,-49.3028,-54.8117,29.1103,88.6068,104.2170,45.8731,-419.7379,208.4421,177.5818,14.8679,92.8563,6,1,0,0,0
Session_2,2026-01-26 16:57:07.617,15.385,-72.4279,-47.9348,-54.8118,28.6743,88.7050,104.2156,45.5494,-418.3257,217.4255,177.2413,15.7451,92.7937,6,1,0,0,0
Session_2,2026-01-26 16:57:07.683,15.452,-72.4278,-46.6648,-54.8117,28.4731,88.7215,104.2149,45.1506,-416.9967,226.1459,176.9408,16.7745,92.7151,6,1,0,0,0
Session_2,2026-01-26 16:57:07.745,15.513,-72.4278,-45.6766,-54.8118,28.0453,88.8183,104.2191,44.8474,-415.6500,232.3485,176.6956,17.2920,92.6681,6,1,0,0,0
Session_2,2026-01-26 16:57:07.803,15.571,-72.4277,-44.7404,-54.8118,27.8867,88.8190,104.2239,44.4724,-414.4619,238.7092,176.4831,18.0429,92.5993,6,1,0,0,0
Session_2,2026-01-26 16:57:07.876,15.644,-72.4276,-43.7298,-54.8117,27.5812,88.8327,104.2170,44.0261,-412.9955,245.2728,176.2798,18.7210,92.5462,6,1,0,0,0
Session_2,2026-01-26 16:57:07.950,15.718,-72.4278,-42.9372,-54.8118,27.4054,88.7716,104.2218,43.5793,-411.8329,250.5331,176.1676,19.3313,92.4847,6,1,0,0,0
Session_2,2026-01-26 16:57:08.034,15.803,-72.4278,-41.9795,-54.8117,27.1362,88.7743,104.2163,43.0923,-410.2849,256.7454,175.9762,19.9958,92.4263,6,1,0,0,0
Session_2,2026-01-26 16:57:08.095,15.864,-72.4277,-41.3379,-54.8117,26.6776,88.7963,104.2266,42.7307,-409.0528,260.3115,175.9003,20.1663,92.3984,6,1,0,0,0
Session_2,2026-01-26 16:57:08.175,15.944,-72.4278,-40.7041,-54.8117,26.0596,88.8952,104.2211,42.4249,-407.6931,263.4743,175.8027,20.1576,92.4045,6,1,0,0,0
Session_2,2026-01-26 16:57:08.244,16.012,-72.4279,-40.4893,-54.8117,26.1248,88.8444,104.2197,42.2638,-407.3889,265.1161,175.7740,20.4405,92.3778,6,1,0,0,0
Session_2,2026-01-26 16:57:08.316,16.085,-72.4304,-40.4852,-54.8117,26.1317,88.7908,104.2232,42.1827,-407.4064,265.1600,175.8212,20.4639,92.3695,6,1,0,0,0
Session_2,2026-01-26 16:57:08.392,16.160,-72.4305,-40.4851,-54.8117,26.1598,88.7345,104.2239,42.1209,-407.4402,265.2203,175.8672,20.5049,92.3648,6,1,0,0,0
Session_2,2026-01-26 16:57:08.467,16.235,-72.4304,-40.4852,-54.8117,26.0774,88.7235,104.2211,42.0964,-407.4043,265.0488,175.9019,20.4282,92.3757,6,1,0,0,0
Session_2,2026-01-26 16:57:08.531,16.300,-72.4304,-40.4853,-54.8118,26.1248,88.7318,104.2184,42.1131,-407.4243,265.1464,175.8818,20.4720,92.3742,6,1,0,0,0
Session_2,2026-01-26 16:57:08.598,16.366,-72.4304,-40.4853,-54.8118,26.1248,88.7331,104.2245,42.1146,-407.4239,265.1453,175.8782,20.4710,92.3676,6,1,0,0,0
Session_2,2026-01-26 16:57:08.671,16.439,-72.4304,-40.4854,-54.8119,26.1296,88.7297,104.2218,42.1116,-407.4274,265.1549,175.8812,20.4766,92.3701,6,1,0,0,0
Session_2,2026-01-26 16:57:08.753,16.521,-72.4305,-40.4853,-54.8119,26.2772,88.7338,104.2225,42.1383,-407.4969,265.4622,175.8356,20.6181,92.3548,6,1,0,0,0
Session_2,2026-01-26 16:57:08.828,16.596,-72.4309,-40.4852,-54.8119,26.3768,88.6878,104.2191,42.0966,-407.5609,265.6713,175.8532,20.7258,92.3473,6,1,0,0,0
Session_2,2026-01-26 16:57:08.895,16.663,-72.4311,-40.4853,-54.8118,26.3926,88.6981,104.2225,42.1100,-407.5649,265.7034,175.8376,20.7382,92.3421,6,1,0,0,0
Session_2,2026-01-26 16:57:08.961,16.729,-72.4458,-40.4852,-54.8118,26.4729,88.7139,104.2259,42.0353,-407.6080,265.8710,175.7985,20.8117,92.3159,6,1,0,0,0
Session_2,2026-01-26 16:57:09.026,16.794,-72.4547,-40.4851,-54.8117,26.5883,88.6720,104.2218,41.9404,-407.6833,266.1140,175.8078,20.9338,92.2990,6,1,0,0,0
Session_2,2026-01-26 16:57:09.099,16.867,-72.4547,-40.4844,-54.8115,26.7284,88.6665,104.2197,41.9544,-407.7495,266.4111,175.7742,21.0712,92.2869,6,1,0,0,0
Session_2,2026-01-26 16:57:09.160,16.929,-72.4600,-40.4842,-54.8115,26.9845,88.6658,104.2191,41.9529,-407.8704,266.9475,175.7027,21.3189,92.2562,6,1,0,0,0
Session_2,2026-01-26 16:57:09.239,17.007,-72.6604,-40.4842,-54.8115,26.9460,88.6878,104.2197,40.5458,-407.9895,266.8665,175.6922,21.2763,92.0594,6,1,0,0,0
Session_2,2026-01-26 16:57:09.322,17.090,-73.0588,-40.4843,-54.8116,26.6940,88.7263,104.2225,37.7175,-408.1323,266.3389,175.7253,21.0234,91.6845,6,1,0,0,0
Session_2,2026-01-26 16:57:09.395,17.163,-73.4990,-40.4842,-54.8117,26.6096,88.6562,104.2218,34.4872,-408.3939,266.1650,175.8168,20.9591,91.2522,6,1,0,0,0
Session_2,2026-01-26 16:57:09.461,17.229,-73.8895,-40.4842,-54.8117,26.5334,88.6590,104.2225,31.6965,-408.5826,266.0061,175.8353,20.8849,90.8688,6,1,0,0,0
Session_2,2026-01-26 16:57:09.536,17.304,-74.3953,-40.4843,-54.8117,26.1578,88.5924,104.2163,27.9597,-408.6873,265.2251,176.0073,20.5390,90.4056,6,1,0,0,0
Session_2,2026-01-26 16:57:09.610,17.378,-75.0593,-40.4844,-54.8121,25.9950,88.5814,104.2170,23.1872,-408.9073,264.8848,176.0632,20.3842,89.7566,6,1,0,0,0
Session_2,2026-01-26 16:57:09.683,17.451,-75.6193,-40.4846,-54.8123,25.6359,88.5333,104.2211,19.0869,-408.9483,264.1388,176.2083,20.0487,89.2260,6,1,0,0,0
Session_2,2026-01-26 16:57:09.757,17.525,-76.2646,-40.4847,-54.8123,24.9884,88.5732,104.2177,14.4449,-408.7893,262.7952,176.3506,19.4139,88.6456,6,1,0,0,0
Session_2,2026-01-26 16:57:09.839,17.607,-77.1117,-40.4847,-54.8124,24.5599,88.3308,104.2211,8.0596,-408.7891,261.9169,176.7012,19.0593,87.8300,6,1,0,0,0
Session_2,2026-01-26 16:57:09.912,17.681,-77.9471,-40.4848,-54.8123,24.5908,88.2463,104.2232,2.0014,-408.9007,261.9837,176.7734,19.1098,86.9883,6,1,0,0,0
Session_2,2026-01-26 16:57:09.987,17.756,-78.8069,-40.4848,-54.8125,24.5496,88.1900,104.2170,-4.2061,-408.8744,261.9001,176.8412,19.0841,86.1380,6,1,0,0,0
Session_2,2026-01-26 16:57:10.059,17.827,-79.5336,-40.4849,-54.8125,24.5194,88.2017,104.2163,-9.3805,-408.7692,261.8365,176.8385,19.0520,85.4149,6,1,0,0,0
Session_2,2026-01-26 16:57:10.127,17.895,-80.2769,-40.4849,-54.8124,24.3512,88.1838,104.2184,-14.7199,-408.5224,261.4906,176.9012,18.8938,84.6842,6,1,0,0,0
Session_2,2026-01-26 16:57:10.194,17.962,-81.0504,-40.4848,-54.8124,24.2345,88.1076,104.2170,-20.3356,-408.2338,261.2530,177.0072,18.7999,83.9214,6,1,0,0,0
Session_2,2026-01-26 16:57:10.261,18.029,-81.9194,-40.4856,-54.8126,24.0079,88.1007,104.2197,-26.5511,-407.7509,260.7799,177.0752,18.5816,83.0694,6,1,0,0,0
Session_2,2026-01-26 16:57:10.335,18.104,-83.0577,-40.4866,-54.8134,23.4167,88.0156,104.2149,-34.7914,-406.8070,259.5573,177.3204,18.0299,81.9857,6,1,0,0,0
Session_2,2026-01-26 16:57:10.394,18.162,-83.8371,-40.5098,-54.8147,22.8083,88.0451,104.2184,-40.3224,-405.9570,258.1412,177.4620,17.4109,81.2552,6,1,0,0,0
Session_2,2026-01-26 16:57:10.475,18.243,-84.7805,-40.6640,-54.8204,22.4801,87.8584,104.2136,-47.2230,-405.2903,256.3768,177.7752,16.9853,80.3537,6,1,0,0,0
Session_2,2026-01-26 16:57:10.559,18.327,-85.5894,-41.2990,-54.8263,22.6085,87.2211,104.2177,-53.6289,-405.6956,252.2100,178.5274,16.6461,79.5749,6,1,0,0,0
Session_2,2026-01-26 16:57:10.641,18.409,-86.2246,-42.2155,-54.8263,22.7218,86.4995,104.2218,-58.9027,-406.5366,246.0711,179.4387,16.0469,78.9923,6,1,0,0,0
Session_2,2026-01-26 16:57:10.716,18.484,-86.6364,-43.3048,-54.8266,22.7774,86.3429,104.2177,-61.9241,-407.6132,238.5401,179.8648,15.0854,78.6579,6,1,0,0,0
Session_2,2026-01-26 16:57:10.790,18.558,-87.0687,-44.6075,-54.8270,22.9807,86.1665,104.2191,-65.1231,-408.8585,229.7696,-179.6767,14.0647,78.2967,6,1,0,0,0
Session_2,2026-01-26 16:57:10.856,18.624,-87.3508,-46.0760,-54.8265,23.4984,85.3899,104.2149,-67.9851,-410.4986,220.4653,-178.6756,13.3358,78.0800,6,1,0,0,0
Session_2,2026-01-26 16:57:10.940,18.708,-87.5603,-48.1783,-54.8258,24.6602,84.3853,104.2163,-70.5823,-413.0142,207.8899,-177.4581,12.6727,77.9322,6,1,0,0,0
Session_2,2026-01-26 16:57:11.010,18.778,-87.5637,-49.6132,-54.8254,25.9854,83.5950,104.2191,-71.4726,-415.0996,200.3156,-176.6623,12.7610,77.9423,6,1,0,0,0
Session_2,2026-01-26 16:57:11.096,18.864,-87.5642,-51.2066,-54.8248,27.8366,83.0271,104.2163,-72.0583,-417.5031,192.5610,-176.1756,13.1501,77.9387,6,1,0,0,0
Session_2,2026-01-26 16:57:11.161,18.929,-87.5671,-52.2123,-54.8249,28.6050,82.4799,104.2204,-72.6932,-418.5710,186.8791,-175.5828,13.0546,77.9553,6,1,0,0,0
Session_2,2026-01-26 16:57:11.229,18.998,-87.5792,-53.1664,-54.8250,28.6839,82.2917,104.2204,-72.9923,-418.9300,180.1476,-175.1758,12.2531,77.9960,6,1,0,0,0
Session_2,2026-01-26 16:57:11.303,19.072,-87.5837,-54.2561,-54.8248,30.0064,82.0953,104.2149,-73.2040,-420.2851,174.8531,-175.0427,12.5263,77.9886,6,1,0,0,0
Session_2,2026-01-26 16:57:11.378,19.146,-87.5987,-55.3105,-54.8246,31.4964,82.0150,104.2156,-73.3524,-421.6492,170.1065,-175.0760,12.9680,77.9501,6,1,0,0,0
Session_2,2026-01-26 16:57:11.451,19.219,-87.6432,-56.3167,-54.8246,32.7585,81.0262,104.2218,-74.8220,-422.6903,165.4079,-174.1792,13.4582,77.9076,6,1,0,0,0
Session_2,2026-01-26 16:57:11.512,19.280,-87.6840,-56.8843,-54.8244,32.8429,80.8662,104.2177,-75.3125,-422.6914,161.4515,-173.8986,13.0292,77.9036,6,1,0,0,0
Session_2,2026-01-26 16:57:11.577,19.346,-87.6820,-56.9961,-54.8244,32.7338,80.8353,104.2184,-75.3389,-422.5945,160.4253,-173.8122,12.8228,77.9183,6,1,0,0,0
Session_2,2026-01-26 16:57:11.652,19.420,-87.6815,-56.9954,-54.8239,33.1210,80.7330,104.2177,-75.4445,-422.9205,161.2114,-173.8114,13.2239,77.9000,6,1,0,0,0
Session_2,2026-01-26 16:57:11.713,19.482,-87.6814,-56.9956,-54.8241,32.6685,80.6355,104.2191,-75.5758,-422.5432,160.3410,-173.6010,12.8092,77.9274,6,1,0,0,0
Session_2,2026-01-26 16:57:11.943,19.711,-87.6752,-56.9977,-54.8250,31.8885,80.7117,104.2204,-75.4664,-421.8804,158.7850,-173.4766,12.0322,77.9728,6,1,0,0,0
Session_2,2026-01-26 16:57:12.090,19.858,-87.6768,-57.0376,-54.8258,31.8391,81.1272,104.2191,-74.9825,-421.8227,158.3158,-173.8586,11.8434,77.9658,6,1,0,0,0
Session_2,2026-01-26 16:57:12.156,19.924,-87.6843,-57.0996,-54.8258,32.0300,81.0599,104.1621,-75.1120,-421.9729,158.2462,-173.8136,11.9784,78.0113,6,1,0,0,0
Session_2,2026-01-26 16:57:12.233,20.001,-87.7109,-57.3544,-54.8258,32.3698,80.0368,104.0982,-76.5221,-422.2124,157.2466,-172.8230,12.3016,78.0748,6,1,0,0,0
Session_2,2026-01-26 16:57:12.353,20.121,-87.7812,-58.1661,-54.8258,33.3243,80.2606,105.0636,-76.7458,-422.7966,153.1211,-173.2890,12.5005,77.0083,6,1,0,0,0
Session_2,2026-01-26 16:57:12.436,20.204,-87.7829,-58.6949,-54.8248,35.3375,80.3616,105.0005,-76.5767,-424.3637,153.1715,-173.7731,13.9006,76.9766,6,1,0,0,0
Session_2,2026-01-26 16:57:12.518,20.286,-87.7842,-58.7533,-54.8249,34.8122,80.8264,104.9785,-76.0471,-423.9151,151.6192,-174.0624,13.2155,77.0216,6,1,0,0,0
Session_2,2026-01-26 16:57:12.592,20.360,-87.7842,-58.7521,-54.8236,35.6307,80.8209,104.9785,-76.0274,-424.5861,153.2454,-174.2788,14.0090,76.9696,6,1,0,0,0
Session_2,2026-01-26 16:57:12.674,20.443,-87.7845,-58.7523,-54.8238,35.5820,81.1409,104.9716,-75.6480,-424.5439,153.0873,-174.5749,13.8786,76.9712,6,1,0,0,0
Session_2,2026-01-26 16:57:12.750,20.518,-87.7847,-58.7524,-54.8239,35.6939,80.9967,104.2259,-75.8186,-424.6344,153.3340,-174.2801,13.9504,77.7322,6,1,0,0,0
Session_2,2026-01-26 16:57:12.809,20.577,-87.7846,-58.7528,-54.8244,35.4213,80.9988,103.3848,-75.8243,-424.4136,152.7897,-174.0086,13.5987,78.6100,6,1,0,0,0
Session_2,2026-01-26 16:57:12.877,20.645,-87.7846,-58.7530,-54.8245,35.3265,80.9129,101.7327,-75.9300,-424.3373,152.6178,-173.5093,13.3450,80.3059,6,1,0,0,0
Session_2,2026-01-26 16:57:12.955,20.723,-87.7847,-58.7536,-54.8249,35.0945,80.9555,99.1592,-75.8869,-424.1463,152.1465,-172.9138,12.8039,82.9383,6,1,0,0,0
Session_2,2026-01-26 16:57:13.030,20.798,-87.7847,-58.7539,-54.8249,34.9791,81.1512,98.1244,-75.6558,-424.0494,151.8813,-172.8593,12.5322,83.9910,6,1,0,0,0
Session_2,2026-01-26 16:57:13.104,20.872,-87.7847,-58.7564,-54.8254,34.3000,81.6634,98.0351,-75.0635,-423.4726,150.4385,-173.2500,11.7748,84.0936,6,1,0,0,0
Session_2,2026-01-26 16:57:13.187,20.955,-87.7847,-58.7566,-54.8254,33.5886,82.5835,98.0180,-73.9815,-422.8426,148.8998,-174.0582,10.9408,84.1167,6,1,0,0,0
Session_2,2026-01-26 16:57:13.261,21.029,-87.7847,-58.7577,-54.8255,33.2487,83.2633,97.9500,-73.1752,-422.5272,148.1310,-174.6716,10.5025,84.1851,6,1,0,0,0
Session_2,2026-01-26 16:57:13.325,21.093,-87.7849,-58.7597,-54.8255,32.9343,83.6211,97.5195,-72.7558,-422.2360,147.4578,-174.9052,10.1018,84.6242,6,1,0,0,0
Session_2,2026-01-26 16:57:13.393,21.161,-87.7862,-58.8259,-54.8256,32.2936,84.1512,95.8887,-72.1499,-421.6122,145.6693,-175.0720,9.1955,86.2794,6,1,0,0,0
Session_2,2026-01-26 16:57:13.475,21.243,-87.7967,-59.0214,-54.8254,32.2346,84.0873,94.5889,-72.3088,-421.4772,144.1376,-174.7793,8.8332,87.5840,6,1,0,0,0
Session_2,2026-01-26 16:57:13.549,21.317,-87.8939,-59.2977,-54.8246,32.4564,84.1779,94.5943,-72.9110,-421.4554,142.5370,-174.8662,8.7728,87.4813,6,1,0,0,0
Session_2,2026-01-26 16:57:13.614,21.383,-88.0104,-59.5485,-54.8247,32.3348,84.7382,94.3801,-73.0986,-421.0734,140.4077,-175.3635,8.3397,87.5813,6,1,0,0,0
Session_2,2026-01-26 16:57:13.704,21.473,-88.2073,-59.8030,-54.8239,32.9226,84.9394,94.1274,-74.2885,-421.2613,139.6565,-175.5520,8.6379,87.6341,6,1,0,0,0
Session_2,2026-01-26 16:57:13.779,21.547,-88.4918,-59.8803,-54.8233,33.4135,85.1248,93.9647,-76.1437,-421.3098,140.0185,-175.7417,9.0257,87.5083,6,1,0,0,0
Session_2,2026-01-26 16:57:13.842,21.610,-88.7922,-59.9017,-54.8211,33.5948,85.5883,93.9283,-77.7879,-421.0631,140.1766,-176.2100,9.1531,87.2406,6,1,0,0,0
Session_2,2026-01-26 16:57:13.927,21.695,-89.0609,-59.9734,-54.8079,33.8811,86.6849,93.4442,-78.4305,-420.9455,140.1744,-177.2416,9.2824,87.4550,6,1,0,0,0
Session_2,2026-01-26 16:57:14.009,21.778,-89.0524,-60.1009,-54.7886,33.6580,88.3019,93.1654,-76.4123,-420.7153,138.8119,-178.7924,8.8488,87.7454,6,1,0,0,0
Session_2,2026-01-26 16:57:14.085,21.853,-89.0528,-60.1753,-54.7569,33.7878,88.2257,93.1249,-76.5051,-420.8685,138.6613,-178.7149,8.9390,87.7853,6,1,0,0,0
Session_2,2026-01-26 16:57:14.143,21.912,-89.0534,-60.1753,-54.6062,33.6896,88.0753,93.1126,-76.6881,-421.0952,139.1499,-178.5656,8.9993,87.7970,6,1,0,0,0
Session_2,2026-01-26 16:57:14.209,21.978,-89.0531,-60.1821,-54.2086,33.2460,88.2230,92.9739,-76.5001,-421.5099,140.0154,-178.6883,8.9354,87.9379,6,1,0,0,0
Session_2,2026-01-26 16:57:14.276,22.044,-89.0530,-60.2316,-53.5371,32.5010,88.1831,92.9423,-76.5364,-422.1861,141.2238,-178.6371,8.8139,87.9710,6,1,0,0,0
Session_2,2026-01-26 16:57:14.358,22.126,-89.0534,-60.5420,-52.4209,31.4147,88.1337,92.9993,-76.5802,-423.3222,141.8614,-178.5816,8.5377,87.9153,6,1,0,0,0
Session_2,2026-01-26 16:57:14.440,22.208,-89.0553,-61.1912,-51.0329,30.2893,88.0540,92.9656,-76.6670,-424.7897,141.1571,-178.4765,8.1549,87.9504,6,1,0,0,0
Session_2,2026-01-26 16:57:14.514,22.282,-89.0554,-61.8237,-49.7593,29.3307,88.1914,92.9107,-76.4784,-426.1465,140.3721,-178.5894,7.8295,88.0080,6,1,0,0,0
Session_2,2026-01-26 16:57:14.588,22.356,-89.0554,-62.3646,-48.6640,28.9030,88.4908,92.7692,-76.0906,-427.6611,140.4694,-178.8753,7.9380,88.1495,6,1,0,0,0
Session_2,2026-01-26 16:57:14.670,22.438,-89.0561,-63.0133,-47.6319,28.2294,88.2717,92.7878,-76.3437,-428.7461,139.0219,-178.6447,7.6592,88.1323,6,1,0,0,0
Session_2,2026-01-26 16:57:14.752,22.520,-89.0583,-63.5976,-46.9487,27.5187,88.1598,92.7356,-76.4893,-429.1087,136.3989,-178.4962,7.0522,88.1867,6,1,0,0,0
Session_2,2026-01-26 16:57:14.823,22.591,-89.0589,-64.2037,-46.5436,27.7501,88.1570,92.6257,-76.4858,-429.8196,134.1362,-178.4813,7.0798,88.2966,6,1,0,0,0
Session_2,2026-01-26 16:57:14.907,22.675,-89.0598,-65.0024,-45.9872,28.2548,88.3452,92.2028,-76.2458,-430.9625,131.6155,-178.6271,7.3234,88.7202,6,1,0,0,0
Session_2,2026-01-26 16:57:14.981,22.750,-89.0644,-65.0889,-45.6015,28.0028,88.3438,91.8670,-76.2745,-431.4201,132.2270,-178.5842,7.3624,89.0538,6,1,0,0,0
Session_2,2026-01-26 16:57:15.051,22.819,-89.0645,-65.0889,-45.3762,27.9314,88.1282,91.6576,-76.5301,-431.7946,133.1173,-178.3461,7.5173,89.2645,6,1,0,0,0
Session_2,2026-01-26 16:57:15.126,22.894,-89.0645,-65.0890,-45.2787,27.4397,88.2312,91.6349,-76.4104,-431.5017,132.6180,-178.4346,7.1196,89.2887,6,1,0,0,0
Session_2,2026-01-26 16:57:15.198,22.966,-89.0874,-65.0890,-45.2788,27.4569,88.0788,91.6541,-76.7676,-431.4901,132.6563,-178.2852,7.1416,89.2464,6,1,0,0,0
Session_2,2026-01-26 16:57:15.272,23.040,-89.1003,-65.0890,-45.2790,27.2578,88.1220,91.6720,-76.8153,-431.2750,132.2755,-178.3247,6.9416,89.2163,6,1,0,0,0
Session_2,2026-01-26 16:57:15.333,23.101,-89.1038,-65.0890,-45.2789,27.1198,88.1625,91.6582,-76.7942,-431.1327,132.0134,-178.3595,6.8022,89.2271,6,1,0,0,0
Session_2,2026-01-26 16:57:15.421,23.190,-89.1109,-65.0890,-45.2790,27.1465,88.2449,91.6548,-76.7474,-431.1486,132.0608,-178.4423,6.8264,89.2233,6,1,0,0,0
Session_2,2026-01-26 16:57:15.497,23.265,-89.1736,-65.0888,-45.2789,27.1136,88.3280,91.6582,-77.1188,-431.0305,131.9965,-178.5248,6.7913,89.1572,6,1,0,0,0
Session_2,2026-01-26 16:57:15.563,23.331,-89.2840,-65.0888,-45.2790,27.0751,88.3246,91.6919,-77.9542,-430.8426,131.9233,-178.5242,6.7538,89.0130,6,1,0,0,0
Session_2,2026-01-26 16:57:15.628,23.396,-89.4104,-65.0889,-45.2794,27.0099,88.4894,91.6967,-78.7053,-430.6021,131.7924,-178.6875,6.6834,88.8819,6,1,0,0,0
Session_2,2026-01-26 16:57:15.694,23.463,-89.4492,-65.0888,-45.2794,27.1287,88.5718,91.6871,-78.8962,-430.6668,132.0157,-178.7723,6.7996,88.8522,6,1,0,0,0
Session_2,2026-01-26 16:57:15.768,23.536,-89.4487,-65.0888,-45.2802,26.7819,89.1238,91.6335,-78.2263,-430.3134,131.3429,-179.3078,6.4353,88.9076,6,1,0,0,0
Session_2,2026-01-26 16:57:15.841,23.609,-89.4490,-65.0887,-45.2804,26.8863,89.1774,91.6260,-78.1626,-430.4172,131.5392,-179.3634,6.5380,88.9145,6,1,0,0,0
Session_2,2026-01-26 16:57:15.908,23.676,-89.4490,-65.0884,-45.2803,27.1390,89.1479,91.5553,-78.1959,-430.6707,132.0196,-179.3328,6.7909,88.9849,6,1,0,0,0
Session_2,2026-01-26 16:57:15.972,23.741,-89.4488,-65.0883,-45.2803,27.7013,89.0902,91.2737,-78.2587,-431.2267,133.0893,-179.2543,7.3511,89.2671,6,1,0,0,0
Session_2,2026-01-26 16:57:16.047,23.815,-89.4488,-65.0875,-45.2803,28.2349,88.8300,90.9132,-78.5693,-431.7465,134.1188,-178.9563,7.8847,89.6294,6,1,0,0,0
Session_2,2026-01-26 16:57:16.121,23.889,-89.4490,-65.0868,-45.2802,28.7773,88.6363,90.9345,-78.8007,-432.2640,135.1692,-178.7746,8.4314,89.6065,6,1,0,0,0
Session_2,2026-01-26 16:57:16.204,23.973,-89.4490,-65.0867,-45.2804,28.0090,88.8409,90.9895,-78.5598,-431.5285,133.6925,-178.9738,7.6607,89.5528,6,1,0,0,0
Session_2,2026-01-26 16:57:16.279,24.047,-89.4490,-65.0868,-45.2851,26.8602,88.9151,90.9805,-78.4808,-430.3853,131.4879,-179.0267,6.5059,89.5643,6,1,0,0,0
Session_2,2026-01-26 16:57:16.349,24.117,-89.4489,-65.0867,-45.2849,26.5869,89.1753,90.9963,-78.1670,-430.1074,130.9688,-179.2840,6.2287,89.5490,6,1,0,0,0
Session_2,2026-01-26 16:57:16.411,24.179,-89.4490,-65.0868,-45.2850,26.3589,89.3216,91.0011,-77.9926,-429.8733,130.5364,-179.4267,5.9981,89.5444,6,1,0,0,0
Session_2,2026-01-26 16:57:16.477,24.246,-89.4490,-65.0868,-45.2849,26.6075,89.3360,91.0258,-77.9729,-430.1263,131.0044,-179.4482,6.2467,89.5191,6,1,0,0,0
Session_2,2026-01-26 16:57:16.542,24.310,-89.4490,-65.0868,-45.2849,26.7854,89.2461,91.0361,-78.0802,-430.3071,131.3406,-179.3626,6.4262,89.5084,6,1,0,0,0
Session_2,2026-01-26 16:57:16.617,24.385,-89.4490,-65.0869,-45.2850,26.7215,89.0957,91.0032,-78.2632,-430.2439,131.2220,-179.2074,6.3644,89.5417,6,1,0,0,0
Session_2,2026-01-26 16:57:16.683,24.451,-89.4491,-65.0871,-45.2851,26.5361,88.9941,90.9895,-78.3888,-430.0564,130.8725,-179.1011,6.1803,89.5558,6,1,0,0,0
Session_2,2026-01-26 16:57:16.753,24.521,-89.4491,-65.0871,-45.2852,26.3246,88.9913,90.9235,-78.3943,-429.8407,130.4745,-179.0877,5.9678,89.6225,6,1,0,0,0
Session_2,2026-01-26 16:57:16.839,24.607,-89.4490,-65.0873,-45.2853,26.1969,88.9906,90.9126,-78.3952,-429.7096,130.2332,-179.0838,5.8397,89.6339,6,1,0,0,0
Session_2,2026-01-26 16:57:16.913,24.681,-89.4491,-65.0874,-45.2855,26.0575,88.9034,90.9318,-78.5034,-429.5662,129.9719,-178.9963,5.7017,89.6147,6,1,0,0,0
Session_2,2026-01-26 16:57:16.978,24.746,-89.4491,-65.0874,-45.2856,26.0960,88.9110,90.9510,-78.4938,-429.6057,130.0436,-179.0064,5.7403,89.5953,6,1,0,0,0
Session_2,2026-01-26 16:57:17.044,24.812,-89.4490,-65.0875,-45.2857,26.0685,88.9481,90.9709,-78.4483,-429.5768,129.9899,-179.0450,5.7124,89.5754,6,1,0,0,0
Session_2,2026-01-26 16:57:17.108,24.877,-89.4489,-65.0879,-45.2870,26.1083,88.9178,90.9922,-78.4838,-429.6154,130.0560,-179.0176,5.7513,89.5541,6,1,0,0,0
Session_2,2026-01-26 16:57:17.175,24.943,-89.4489,-65.0883,-45.2878,26.0005,88.9199,91.0114,-78.4826,-429.5022,129.8473,-179.0197,5.6426,89.5349,6,1,0,0,0
Session_2,2026-01-26 16:57:17.242,25.011,-89.4487,-65.0889,-45.2942,26.0040,88.9000,91.0492,-78.5054,-429.4930,129.8214,-179.0034,5.6401,89.4972,6,1,0,0,0
Session_2,2026-01-26 16:57:17.313,25.081,-89.4481,-65.0892,-45.2945,25.9820,88.9433,91.0499,-78.4486,-429.4700,129.7755,-179.0463,5.6167,89.4971,6,1,0,0,0
Session_2,2026-01-26 16:57:17.389,25.157,-89.4482,-65.0892,-45.2946,26.1708,88.8972,91.0712,-78.5029,-429.6649,130.1299,-179.0060,5.8066,89.4753,6,1,0,0,0
Session_2,2026-01-26 16:57:17.464,25.233,-89.4482,-65.0897,-45.2949,26.2003,88.8842,91.0876,-78.5185,-429.6945,130.1805,-178.9952,5.8359,89.4587,6,1,0,0,0
Session_2,2026-01-26 16:57:17.539,25.307,-89.4482,-65.0900,-45.2950,26.1262,88.9247,91.0787,-78.4705,-429.6174,130.0378,-179.0333,5.7604,89.4678,6,1,0,0,0
Session_2,2026-01-26 16:57:17.605,25.373,-89.4481,-65.0902,-45.2951,26.1433,88.9515,91.0938,-78.4370,-429.6347,130.0677,-179.0620,5.7771,89.4527,6,1,0,0,0
Session_2,2026-01-26 16:57:17.680,25.449,-89.4480,-65.0902,-45.2950,26.3020,89.0311,91.0870,-78.3377,-429.7971,130.3640,-179.1440,5.9341,89.4594,6,1,0,0,0
Session_2,2026-01-26 16:57:17.762,25.530,-89.4480,-65.0902,-45.2951,26.3013,89.0318,91.0822,-78.3373,-429.7962,130.3621,-179.1441,5.9332,89.4642,6,1,0,0,0
Session_2,2026-01-26 16:57:17.836,25.604,-89.4481,-65.0902,-45.2951,26.2628,88.9803,91.1048,-78.4006,-429.7571,130.2910,-179.0942,5.8961,89.4414,6,1,0,0,0
Session_2,2026-01-26 16:57:17.919,25.687,-89.4482,-65.0900,-45.2950,26.4214,88.8471,91.1563,-78.5616,-429.9209,130.5943,-178.9696,6.0585,89.3892,6,0,0,0,0
Session_2,2026-01-26 16:57:17.994,25.762,-89.4482,-65.0900,-45.2950,26.4043,88.8320,91.1893,-78.5801,-429.9035,130.5620,-178.9576,6.0422,89.3561,6,0,0,0,0
Session_2,2026-01-26 16:57:18.066,25.834,-89.4482,-65.0900,-45.2950,26.5196,88.8437,91.1817,-78.5646,-430.0210,130.7790,-178.9709,6.1572,89.3635,6,0,0,0,0
Session_2,2026-01-26 16:57:18.130,25.899,-89.4481,-65.0899,-45.2950,26.5334,88.8945,91.1288,-78.5023,-430.0347,130.8043,-179.0163,6.1691,89.4167,6,0,0,0,0
Session_2,2026-01-26 16:57:18.196,25.964,-89.4482,-65.0899,-45.2949,26.5903,88.9144,91.1323,-78.4781,-430.0924,130.9115,-179.0377,6.2258,89.4130,6,0,0,0,0
Session_2,2026-01-26 16:57:18.265,26.033,-89.4481,-65.0898,-45.2949,26.6837,88.9796,91.1227,-78.3978,-430.1866,131.0864,-179.1037,6.3177,89.4225,6,0,0,0,0
Session_2,2026-01-26 16:57:18.330,26.098,-89.4481,-65.0897,-45.2948,26.7805,89.0895,91.1151,-78.2633,-430.2837,131.2685,-179.2147,6.4126,89.4299,6,0,0,0,0
Session_2,2026-01-26 16:57:18.396,26.165,-89.4481,-65.0896,-45.2948,26.8726,89.1492,91.0760,-78.1903,-430.3759,131.4420,-179.2717,6.5030,89.4690,6,0,0,0,0
Session_2,2026-01-26 16:57:18.461,26.229,-89.4482,-65.0894,-45.2947,26.9254,89.1726,91.0691,-78.1620,-430.4290,131.5432,-179.2953,6.5556,89.4758,6,0,0,0,0
Session_2,2026-01-26 16:57:18.543,26.311,-89.4482,-65.0891,-45.2946,26.9165,89.2028,91.0684,-78.1257,-430.4201,131.5284,-179.3253,6.5465,89.4764,6,0,0,0,0
Session_2,2026-01-26 16:57:18.626,26.394,-89.4482,-65.0888,-45.2944,26.9797,89.2371,91.0574,-78.0829,-430.4839,131.6508,-179.3595,6.6095,89.4874,6,0,0,0,0
Session_2,2026-01-26 16:57:18.696,26.464,-89.4482,-65.0880,-45.2941,27.1905,89.2859,91.0533,-78.0219,-430.6949,132.0562,-179.4118,6.8204,89.4911,6,0,0,0,0
Session_2,2026-01-26 16:57:18.775,26.543,-89.4482,-65.0743,-45.2930,27.7618,89.3092,91.0341,-77.9882,-431.2676,133.2487,-179.4435,7.4057,89.5091,6,0,0,0,0
Session_2,2026-01-26 16:57:18.836,26.604,-89.4483,-65.0299,-45.2925,28.0364,89.5839,91.0348,-77.6528,-431.5568,134.1049,-179.7241,7.7203,89.5075,6,0,0,0,0
Session_2,2026-01-26 16:57:18.911,26.679,-89.4484,-64.8690,-45.2923,27.9705,89.7109,90.9915,-77.4998,-431.5778,135.1890,-179.8469,7.8131,89.5508,6,0,0,0,0
Session_2,2026-01-26 16:57:18.987,26.755,-89.4485,-64.4451,-45.2923,27.7666,89.4610,90.9846,-77.8034,-431.5965,137.9883,-179.5999,8.0372,89.5571,6,0,0,0,0
Session_2,2026-01-26 16:57:19.061,26.829,-89.4484,-63.7263,-45.2924,27.3580,89.4102,90.9922,-77.8649,-431.5214,142.6097,-179.5557,8.3483,89.5488,6,0,0,0,0
Session_2,2026-01-26 16:57:19.153,26.921,-89.4485,-63.1025,-45.2924,27.1815,89.4033,90.9888,-77.8732,-431.5783,146.9600,-179.5562,8.7956,89.5510,6,0,0,0,0
Session_2,2026-01-26 16:57:19.225,26.993,-89.4485,-62.3292,-45.2924,26.8657,89.4335,90.9785,-77.8377,-431.4978,152.1637,-179.5928,9.2524,89.5601,6,0,0,0,0
Session_2,2026-01-26 16:57:19.304,27.072,-89.4485,-61.4678,-45.2924,26.6803,89.4658,90.9743,-77.7985,-431.4803,158.2797,-179.6363,9.9278,89.5624,6,0,0,0,0
Session_2,2026-01-26 16:57:19.382,27.150,-89.4487,-60.4187,-45.2924,26.3480,89.4871,90.9792,-77.7765,-431.2480,165.5150,-179.6710,10.6440,89.5550,6,0,0,0,0
Session_2,2026-01-26 16:57:19.450,27.219,-89.4490,-59.4643,-45.2924,26.3692,89.4775,90.9654,-77.7908,-431.2006,172.7275,-179.6759,11.6196,89.5654,6,0,0,0,0
Session_2,2026-01-26 16:57:19.529,27.297,-89.4493,-58.2715,-45.2925,25.8852,89.4610,90.9462,-77.8190,-430.5627,180.7253,-179.6677,12.3283,89.5822,6,0,0,0,0
Session_2,2026-01-26 16:57:19.613,27.382,-89.4491,-56.7950,-45.2926,25.5672,89.7514,90.8796,-77.4730,-429.7748,191.1566,-179.9623,13.4819,89.6464,6,0,0,0,0
Session_2,2026-01-26 16:57:19.693,27.462,-89.4491,-55.3012,-45.2926,25.2006,89.8867,90.8638,-77.3193,-428.6859,201.5922,179.8882,14.6068,89.6582,6,0,0,0,0
Session_2,2026-01-26 16:57:19.774,27.542,-89.4491,-53.4041,-45.2926,24.8161,90.0872,90.8679,-77.0926,-426.9871,214.9571,179.6620,16.1161,89.6474,6,0,0,0,0
Session_2,2026-01-26 16:57:19.848,27.616,-89.4490,-51.5251,-45.2926,24.3642,90.2671,90.7876,-76.8938,-424.8456,227.9804,179.4839,17.5411,89.7250,6,0,0,0,0
Session_2,2026-01-26 16:57:19.925,27.694,-89.4490,-49.3558,-45.2925,23.9076,90.3406,90.6221,-76.8333,-421.9108,243.0454,179.4421,19.2544,89.8920,6,0,0,0,0
Session_2,2026-01-26 16:57:19.991,27.760,-89.4491,-47.0754,-45.2925,23.3219,90.4944,90.4999,-76.6829,-418.1895,258.5237,179.3142,20.9489,90.0157,6,0,0,0,0
Session_2,2026-01-26 16:57:20.052,27.820,-89.4490,-45.1657,-45.2924,22.9154,90.6537,90.4051,-76.5232,-414.6666,271.5326,179.1789,22.4520,90.1126,6,0,0,0,0
Session_2,2026-01-26 16:57:20.125,27.893,-89.4490,-42.6564,-45.2928,22.3002,90.8549,90.2520,-76.3299,-409.3850,288.2570,179.0311,24.3470,90.2744,6,0,0,0,0
Session_2,2026-01-26 16:57:20.193,27.961,-89.4491,-39.7105,-45.2924,21.7770,90.9730,90.1126,-76.2546,-402.3725,307.9894,178.9702,26.7721,90.4248,6,0,0,0,0
Session_2,2026-01-26 16:57:20.268,28.036,-89.4489,-36.7252,-45.2927,20.8479,91.1700,90.0783,-76.0927,-394.2061,326.7343,178.7869,28.8284,90.4618,6,0,0,0,0
Session_2,2026-01-26 16:57:20.344,28.112,-89.4488,-33.4162,-45.2929,19.5090,91.3287,90.0275,-75.9971,-384.0699,346.3182,178.6550,30.7993,90.5193,6,0,0,0,0
Session_2,2026-01-26 16:57:20.411,28.179,-89.4486,-30.4132,-45.2925,18.5834,91.4639,90.0151,-75.9289,-374.0108,364.1760,178.5263,32.8773,90.5334,6,0,0,0,0
Session_2,2026-01-26 16:57:20.475,28.243,-89.4487,-27.6488,-45.2928,18.0286,91.3767,90.0405,-76.1310,-364.0008,380.7560,178.5948,35.0860,90.5019,6,0,0,0,0
Session_2,2026-01-26 16:57:20.549,28.317,-89.4487,-23.8448,-45.2928,16.8929,91.3369,90.0680,-76.3233,-349.0625,401.9549,178.6105,37.7537,90.4654,6,0,0,0,0
Session_2,2026-01-26 16:57:20.626,28.394,-89.4486,-20.2526,-45.2928,15.9693,91.3609,90.1497,-76.4407,-333.7632,421.3499,178.5116,40.4202,90.3549,6,0,0,0,0
Session_2,2026-01-26 16:57:20.701,28.469,-89.4483,-16.9735,-45.2929,15.6384,91.4207,90.3845,-76.5120,-318.6765,439.2803,178.2163,43.3612,90.0230,6,0,0,0,0
Session_2,2026-01-26 16:57:20.776,28.544,-89.4480,-13.4644,-45.2929,15.3960,91.5168,90.5019,-76.5599,-301.4128,457.7208,177.9521,46.6231,89.8214,6,0,0,0,0
Session_2,2026-01-26 16:57:20.851,28.620,-89.4478,-10.3740,-45.2926,14.7059,91.5724,90.5370,-76.6441,-285.5822,472.0799,177.8095,49.0217,89.7337,6,0,0,0,0
Session_2,2026-01-26 16:57:20.927,28.696,-89.4473,-7.1547,-45.2923,13.3896,91.7640,90.5816,-76.5721,-268.7192,484.9046,177.5200,50.9211,89.6305,6,0,0,0,0
Session_2,2026-01-26 16:57:21.006,28.775,-89.4472,-3.7602,-45.2923,11.8501,91.8567,90.6448,-76.6360,-250.3914,497.0989,177.2950,52.7720,89.4876,6,0,0,0,0
Session_2,2026-01-26 16:57:21.077,28.845,-89.4473,-1.0773,-45.2926,11.3736,91.5484,90.6805,-77.1591,-234.9570,507.4592,177.4807,54.9795,89.3673,6,0,0,0,0
Session_2,2026-01-26 16:57:21.151,28.919,-89.4473,2.1293,-45.2926,11.5405,91.1440,90.6853,-77.8393,-215.3171,520.3445,177.7440,58.3568,89.2466,6,0,0,0,0
Session_2,2026-01-26 16:57:21.212,28.980,-89.4473,4.4030,-45.2926,11.5810,90.8144,90.9723,-78.3767,-201.0306,528.6514,177.4553,60.6628,88.5681,6,0,0,0,0
Session_2,2026-01-26 16:57:21.279,29.047,-89.4475,6.8596,-45.2921,11.7403,90.5143,91.2442,-78.8947,-185.1107,537.2003,177.0140,63.2697,87.7856,6,0,0,0,0
Session_2,2026-01-26 16:57:21.346,29.114,-89.4474,8.8859,-45.2923,12.1234,89.7453,92.1410,-79.9593,-171.4322,544.1870,175.5193,65.6380,85.3565,6,0,0,0,0
Session_2,2026-01-26 16:57:21.428,29.196,-89.4474,10.9674,-45.2923,12.3191,89.4143,93.6296,-80.4968,-157.3260,550.4860,171.6683,67.7482,80.9294,6,0,0,0,0
Session_2,2026-01-26 16:57:21.495,29.263,-89.4473,12.3965,-45.2923,11.0571,89.2818,94.0636,-80.7359,-149.1889,552.0390,170.6678,67.8547,79.7181,6,0,0,0,0
Session_2,2026-01-26 16:57:21.558,29.326,-89.4472,13.2484,-45.2925,9.8046,89.3717,93.9654,-80.6677,-144.9153,551.9762,171.0107,67.4703,80.1556,6,0,0,0,0
Session_2,2026-01-26 16:57:21.639,29.407,-89.4472,14.0591,-45.2920,9.6796,89.3951,93.9104,-80.6910,-139.5758,553.7567,170.7905,68.1523,79.9939,6,0,0,0,0
Session_2,2026-01-26 16:57:21.725,29.493,-89.4472,14.7690,-45.2921,9.9474,89.3875,93.7827,-80.7496,-134.4257,555.9166,170.6257,69.1341,79.8793,6,0,0,0,0
Session_2,2026-01-26 16:57:21.808,29.576,-89.4472,15.0134,-45.2919,10.3773,89.0579,93.7745,-81.1708,-132.2233,557.2358,170.6051,69.8194,79.5536,6,0,0,0,0
Session_2,2026-01-26 16:57:21.875,29.643,-89.4472,15.0077,-45.2923,10.4363,88.9460,93.8246,-81.3068,-132.1896,557.3251,170.5493,69.8704,79.3789,6,0,0,0,0
Session_2,2026-01-26 16:57:21.943,29.711,-89.4472,14.9863,-45.2926,10.3423,88.8114,93.8933,-81.4675,-132.4524,557.1125,170.5606,69.7546,79.2396,6,0,0,0,0
Session_2,2026-01-26 16:57:22.018,29.786,-89.4472,14.9866,-45.2922,11.1051,88.8155,93.8898,-81.4718,-131.4921,558.4368,170.1174,70.5031,78.8278,6,0,0,0,0
Session_2,2026-01-26 16:57:22.093,29.862,-89.4472,14.9864,-45.2921,12.4283,88.7270,93.8947,-81.5957,-129.7906,560.7003,169.3274,71.8017,77.9946,6,0,0,0,0
Session_2,2026-01-26 16:57:22.164,29.932,-89.4472,14.9865,-45.2919,13.1582,89.1115,93.8864,-81.1385,-128.8332,561.9296,168.4574,72.4897,77.5357,6,0,0,0,0
Session_2,2026-01-26 16:57:22.229,29.997,-89.4472,14.9676,-45.2921,12.8938,89.7871,93.8658,-80.3142,-129.3140,561.4396,168.0838,72.1728,77.8309,6,0,0,0,0
Session_2,2026-01-26 16:57:22.310,30.078,-89.4472,14.9319,-45.2922,13.2303,89.9018,93.8734,-80.1771,-129.1146,561.9254,167.7313,72.4569,77.6024,6,0,0,0,0
Session_2,2026-01-26 16:57:22.384,30.152,-89.4471,14.9318,-45.2920,14.0426,90.6104,93.8741,-79.3280,-128.0156,563.2822,166.4269,73.2008,77.0346,6,0,0,0,0
Session_2,2026-01-26 16:57:22.458,30.226,-89.4471,14.9320,-45.2920,15.7544,91.8704,93.8734,-77.8230,-125.6128,566.0966,163.7248,74.7785,75.6518,6,0,0,0,0
Session_2,2026-01-26 16:57:22.539,30.307,-89.4461,14.9311,-45.2920,18.2682,93.8631,93.8658,-75.4431,-121.8711,570.1081,159.0546,77.0673,73.0628,6,0,0,0,0
Session_2,2026-01-26 16:57:22.638,30.406,-89.4453,14.9242,-45.2918,21.4810,93.3371,93.8727,-76.1242,-117.1063,574.9420,153.8549,80.1078,67.4462,6,0,0,0,0
Session_2,2026-01-26 16:57:22.715,30.483,-89.4425,14.9129,-45.2923,21.3485,95.9395,93.8789,-72.9721,-117.1159,574.7628,151.9997,79.8153,68.1918,6,0,0,0,0
Session_2,2026-01-26 16:57:22.793,30.561,-89.4329,14.8849,-45.2926,22.3853,96.3329,93.8754,-72.4926,-115.6526,576.2206,149.3226,80.7189,65.9523,6,0,0,0,0
Session_2,2026-01-26 16:57:22.865,30.633,-89.4330,14.8865,-45.2921,23.3562,96.4407,93.8734,-72.3784,-114.0804,577.6117,146.4808,81.5888,63.2513,6,0,0,0,0
Session_2,2026-01-26 16:57:22.935,30.703,-89.4332,14.8899,-45.2921,23.6021,96.1709,93.8761,-72.7079,-113.6996,577.9608,145.8598,81.8231,62.3684,6,0,0,0,0
Session_2,2026-01-26 16:57:23.013,30.781,-89.4333,14.8899,-45.2921,23.6179,95.4375,93.8775,-73.5924,-113.7727,577.9721,146.3378,81.8773,62.1132,6,0,0,0,0
Session_2,2026-01-26 16:57:23.082,30.850,-89.4333,14.8900,-45.2922,23.8033,94.8498,93.8782,-74.3048,-113.5441,578.2253,146.1224,82.0724,61.3160,6,0,0,0,0
Session_2,2026-01-26 16:57:23.155,30.924,-89.4332,14.8897,-45.2922,23.6927,94.4625,93.8768,-74.7707,-113.7666,578.0651,146.8026,81.9982,61.6052,6,0,0,0,0
Session_2,2026-01-26 16:57:23.232,31.000,-89.4332,14.8895,-45.2923,23.4908,94.6088,93.8734,-74.5907,-114.0776,577.7813,147.4021,81.8141,62.3444,6,0,0,0,0
Session_2,2026-01-26 16:57:23.307,31.076,-89.4332,14.8892,-45.2923,23.9612,94.1425,93.8761,-75.1616,-113.3711,578.4370,146.0779,82.2497,60.5696,6,0,0,0,0
Session_2,2026-01-26 16:57:23.391,31.159,-89.4332,14.8887,-45.2924,24.5750,92.5447,93.8775,-77.1050,-112.5096,579.2786,144.7227,82.8612,57.6369,6,0,0,0,0
Session_2,2026-01-26 16:57:23.460,31.229,-89.4331,14.8884,-45.2925,24.6828,92.0119,93.8727,-77.7522,-112.3686,579.4241,144.6407,82.9832,57.0260,6,0,0,0,0
Session_2,2026-01-26 16:57:23.537,31.305,-89.4331,14.8876,-45.2927,24.4199,91.6390,93.8768,-78.1997,-112.8228,579.0560,146.0324,82.7802,58.0356,6,0,0,0,0
Session_2,2026-01-26 16:57:23.611,31.379,-89.4332,14.8858,-45.2936,23.9124,91.6514,93.8741,-78.1765,-113.6607,578.3412,148.1003,82.3460,60.0987,6,0,0,0,0
Session_2,2026-01-26 16:57:23.678,31.446,-89.4331,14.7968,-45.2960,23.1200,91.6610,93.8816,-78.1458,-115.5817,577.0350,151.1075,81.5681,63.0851,6,0,0,0,0
Session_2,2026-01-26 16:57:23.751,31.519,-89.4332,14.1806,-45.2999,22.3716,91.9913,93.8754,-77.6901,-121.1753,574.6774,154.6299,80.3160,66.8917,6,0,0,0,0
Session_2,2026-01-26 16:57:23.849,31.617,-89.4332,12.3268,-45.3766,20.1839,92.0208,93.8747,-77.4890,-137.8861,566.9525,161.6728,76.4424,73.8236,6,0,0,0,0
Session_2,2026-01-26 16:57:23.923,31.691,-89.4332,10.4036,-45.3929,18.8560,92.1403,93.8734,-77.1929,-153.1707,559.8980,164.8382,73.2801,76.9965,6,0,0,0,0
Session_2,2026-01-26 16:57:24.005,31.774,-89.4332,7.8439,-45.3967,18.5648,91.8368,93.8747,-77.3840,-171.0457,552.1810,167.1298,70.5136,78.8854,6,0,0,0,0
Session_2,2026-01-26 16:57:24.088,31.856,-89.4332,5.2582,-45.3971,18.0629,91.3767,93.8720,-77.7649,-188.9461,543.2043,169.2129,67.5122,80.4009,6,0,0,0,0
Session_2,2026-01-26 16:57:24.168,31.937,-89.4332,2.8352,-45.3976,17.4174,91.1103,93.8741,-77.9244,-205.4730,533.7185,170.7253,64.5035,81.5382,6,0,0,0,0
Session_2,2026-01-26 16:57:24.231,31.999,-89.4332,1.0544,-45.3976,17.0384,90.9956,93.8727,-77.9473,-217.2148,526.4644,171.5708,62.3762,82.1923,6,0,0,0,0
Session_2,2026-01-26 16:57:24.294,32.062,-89.4332,-0.7876,-45.3977,17.0831,91.0107,93.8761,-77.8159,-228.6721,519.4061,172.0831,60.5954,82.6541,6,0,0,0,0
Session_2,2026-01-26 16:57:24.360,32.128,-89.4332,-2.6003,-45.3976,17.0837,91.0705,93.8754,-77.6338,-239.7589,512.0228,172.5069,58.7959,83.0722,6,0,0,0,0
Session_2,2026-01-26 16:57:24.451,32.219,-89.4332,-5.0169,-45.3974,16.6257,91.1755,93.8747,-77.3598,-254.5313,500.7309,173.0736,55.9373,83.6388,6,0,0,0,0
Session_2,2026-01-26 16:57:24.524,32.292,-89.4331,-6.6072,-45.3969,16.4589,91.6074,93.8727,-76.7436,-263.8506,493.2333,173.0124,54.1642,83.9451,6,0,0,0,0
Session_2,2026-01-26 16:57:24.685,32.454,-89.4333,-9.2758,-45.3983,15.7777,91.6692,93.8775,-76.5172,-279.2622,479.2298,173.5570,50.8290,84.4234,6,0,0,0,0
Session_2,2026-01-26 16:57:24.788,32.556,-89.4342,-11.9101,-45.4002,13.5420,91.4241,93.8919,-76.6687,-294.4735,461.4207,174.5345,45.9976,84.9605,6,0,0,0,0
Session_2,2026-01-26 16:57:24.862,32.630,-89.4345,-13.5380,-45.4004,10.8332,91.2772,93.9008,-76.7580,-303.6532,447.2253,175.2390,41.6892,85.3399,6,0,0,0,0
Session_2,2026-01-26 16:57:24.928,32.697,-89.4363,-14.9868,-45.4014,8.2837,91.1817,93.9029,-76.8092,-311.1304,434.0339,175.7923,37.7118,85.6290,6,0,0,0,0
Session_2,2026-01-26 16:57:24.988,32.756,-89.4575,-16.4623,-45.4016,7.0113,91.3335,93.9551,-76.6755,-317.9768,423.2341,175.8934,34.9596,85.7160,6,0,0,0,0
Session_2,2026-01-26 16:57:25.060,32.829,-89.4587,-18.4699,-45.4017,6.9296,91.7791,93.9880,-76.0584,-326.8020,411.7996,175.6383,32.8443,85.7951,6,0,0,0,0
Session_2,2026-01-26 16:57:25.126,32.894,-89.4592,-20.7313,-45.4021,6.8671,91.9109,94.1645,-75.8119,-336.2653,398.6098,175.6267,30.5053,85.7085,6,0,0,0,0
Session_2,2026-01-26 16:57:25.193,32.961,-89.4591,-23.1099,-45.4035,7.2750,91.7798,94.2133,-75.8808,-345.7586,385.3403,175.9198,28.5461,85.7456,6,0,0,0,0
Session_2,2026-01-26 16:57:25.267,33.036,-89.4615,-26.2673,-45.4048,8.3359,91.6205,94.2181,-75.9760,-357.6925,368.2360,176.2717,26.4668,85.8275,6,0,0,0,0
Session_2,2026-01-26 16:57:25.357,33.125,-89.4659,-29.8564,-45.4044,9.5835,91.3843,94.2922,-76.1735,-370.2029,348.1090,176.6842,24.1466,85.8308,6,0,0,0,0
Session_2,2026-01-26 16:57:25.423,33.192,-89.4706,-32.3355,-45.4040,9.2134,91.6383,94.2998,-75.8272,-377.5802,331.1935,176.6790,21.2878,85.9160,6,0,0,0,0
Session_2,2026-01-26 16:57:25.497,33.266,-89.4770,-34.5970,-45.4047,9.3178,91.6390,94.3506,-75.8111,-383.8867,316.4051,176.8444,19.1340,85.9194,6,0,0,0,0
Session_2,2026-01-26 16:57:25.567,33.335,-89.4810,-36.3929,-45.4043,9.9042,91.3781,94.5985,-76.1098,-388.7979,305.5176,177.1260,17.9362,85.6865,6,0,0,0,0
Session_2,2026-01-26 16:57:25.645,33.413,-89.5362,-38.1341,-45.4044,10.4631,91.0355,97.5037,-76.8640,-393.1815,294.7903,176.6998,16.6403,82.6314,6,0,0,0,0
Session_2,2026-01-26 16:57:25.711,33.479,-89.6907,-39.4734,-45.4045,10.9836,90.5562,99.2443,-78.4871,-396.2567,286.6269,176.7966,15.8017,80.6991,6,0,0,0,0
Session_2,2026-01-26 16:57:25.776,33.544,-89.8849,-40.8692,-45.4043,11.9415,89.5894,99.2347,-80.9959,-399.5103,278.8823,177.8273,15.5256,80.5276,6,0,0,0,0
Session_2,2026-01-26 16:57:25.841,33.609,-90.1471,-42.1125,-45.4042,13.0772,89.4191,99.5155,-83.0381,-402.3200,272.4831,177.9361,15.4371,79.9782,6,0,0,0,0
Session_2,2026-01-26 16:57:25.907,33.676,-90.6227,-43.2036,-45.4040,14.0426,89.7700,101.3042,-85.9779,-404.2845,266.7422,177.1270,15.1733,77.6591,6,0,0,0,0
Session_2,2026-01-26 16:57:25.982,33.751,-91.3097,-43.8644,-45.4041,12.9543,91.3101,105.8045,-88.9592,-403.5989,259.8955,174.9514,12.8032,72.4762,6,0,0,0,0
Session_2,2026-01-26 16:57:26.049,33.817,-91.9540,-44.3920,-45.4040,12.9041,92.4994,105.6617,-92.0787,-403.4265,256.1047,174.0087,11.9410,72.0443,6,0,0,0,0
Session_2,2026-01-26 16:57:26.122,33.891,-92.6198,-45.0505,-45.4040,13.9197,92.6360,105.5505,-96.6776,-404.1492,253.4561,173.8013,12.2595,71.4746,6,0,0,0,0
Session_2,2026-01-26 16:57:26.204,33.973,-93.0967,-45.4164,-45.4041,15.4035,92.4802,105.5443,-100.3175,-404.9952,253.8088,173.6370,13.3765,70.9295,6,0,0,0,0
Session_2,2026-01-26 16:57:26.287,34.055,-93.1102,-45.4427,-45.4036,18.8161,89.6684,105.5470,-103.9449,-407.1290,260.4947,175.3488,17.3797,70.5791,6,0,0,0,0
Session_2,2026-01-26 16:57:26.360,34.129,-93.1094,-45.4415,-45.3937,22.0441,88.3205,105.5045,-105.6680,-408.8133,267.2511,175.6811,20.8491,70.2767,6,0,0,0,0
Session_2,2026-01-26 16:57:26.434,34.202,-93.1086,-45.4418,-45.3926,22.0715,89.4946,105.5038,-104.2416,-408.9165,267.2859,174.5514,20.5635,70.3038,6,0,0,0,0
Session_2,2026-01-26 16:57:26.523,34.292,-93.0445,-45.4433,-45.3937,19.4753,90.8974,105.5038,-102.0101,-407.7257,261.9001,173.9911,17.6979,70.6627,6,0,0,0,0
Session_2,2026-01-26 16:57:26.592,34.360,-92.8715,-45.4463,-45.3943,17.8281,90.8549,105.5045,-100.7797,-407.0215,258.4993,174.5136,16.1240,70.9740,6,0,0,0,0
Session_2,2026-01-26 16:57:26.672,34.441,-92.5026,-45.4714,-45.3969,16.7006,90.8267,105.5045,-98.1600,-406.9495,256.0129,174.8733,15.0216,71.4315,6,0,0,0,0
Session_2,2026-01-26 16:57:26.754,34.522,-92.4311,-45.7960,-45.3974,16.8180,90.2671,105.2291,-98.3558,-407.6331,253.9132,175.5421,14.9927,71.7895,6,0,0,0,0
Session_2,2026-01-26 16:57:26.836,34.605,-92.4320,-46.9542,-45.3980,17.2588,90.2081,103.6526,-98.5194,-409.6558,246.4628,176.2033,14.4271,73.4619,6,0,0,0,0
Session_2,2026-01-26 16:57:26.917,34.685,-92.4324,-48.4481,-45.3981,17.7656,90.0879,103.5825,-98.7684,-412.0110,236.6683,176.5838,13.5020,73.5913,6,0,0,0,0
Session_2,2026-01-26 16:57:26.991,34.759,-92.4322,-49.3342,-45.3974,17.7017,90.3159,103.8036,-98.5337,-413.0280,230.1058,176.5488,12.5140,73.4215,6,0,0,0,0
Session_2,2026-01-26 16:57:27.074,34.842,-92.4502,-50.1039,-45.3976,18.0066,88.8389,103.4411,-100.4993,-413.9969,225.1164,178.1757,12.4269,73.7828,6,0,0,0,0
Session_2,2026-01-26 16:57:27.156,34.924,-92.4515,-50.6921,-45.3976,18.5085,89.1705,103.9320,-100.1493,-415.0141,221.8096,177.7681,12.2474,73.2868,6,0,0,0,0
Session_2,2026-01-26 16:57:27.225,34.993,-92.4515,-50.8054,-45.3982,17.6756,89.5592,105.2058,-99.6542,-414.4601,219.3281,177.3773,11.1807,72.0417,6,0,0,0,0
Session_2,2026-01-26 16:57:27.293,35.061,-92.4509,-50.8207,-45.4012,17.2602,89.2564,101.7533,-100.0020,-414.1047,218.3895,178.4516,10.9554,75.5754,6,0,0,0,0
Session_2,2026-01-26 16:57:27.364,35.132,-92.4484,-50.8245,-45.4014,17.6894,88.7524,99.3624,-100.6099,-414.4469,219.2142,179.3407,11.5116,77.9975,6,0,0,0,0
Session_2,2026-01-26 16:57:27.428,35.197,-92.4353,-50.9121,-45.4088,17.5562,88.7242,98.9243,-100.5475,-414.4296,218.2787,179.4945,11.2954,78.4649,6,0,0,0,0
Session_2,2026-01-26 16:57:27.503,35.271,-92.4338,-51.7198,-45.4086,18.1741,89.0998,98.8605,-100.1344,-415.6922,213.5789,179.1666,11.0509,78.5381,6,0,0,0,0
Session_2,2026-01-26 16:57:27.575,35.343,-92.4336,-53.2725,-45.4084,19.2316,89.9808,98.4183,-99.1549,-417.8332,204.2431,178.4571,10.4385,79.0054,6,0,0,0,0
Session_2,2026-01-26 16:57:27.643,35.411,-92.4342,-54.9043,-45.4079,20.6797,90.3921,97.7605,-98.7557,-420.0967,195.0350,178.1966,10.2186,79.6797,6,0,0,0,0
Session_2,2026-01-26 16:57:27.710,35.478,-92.4344,-56.4813,-45.4075,22.3709,90.9716,97.1185,-98.1479,-422.3073,186.6502,177.7232,10.2801,80.3314,6,0,0,0,0
Session_2,2026-01-26 16:57:27.790,35.558,-92.4344,-57.9094,-45.4068,22.5954,91.3589,97.1130,-97.7047,-422.9341,176.4706,177.4935,9.0390,80.3647,6,0,0,0,0
Session_2,2026-01-26 16:57:27.859,35.627,-92.4342,-58.8482,-45.4060,23.1262,91.9535,97.0436,-97.0087,-423.5865,170.5233,176.9660,8.5651,80.4465,6,0,0,0,0
Session_2,2026-01-26 16:57:27.919,35.687,-92.4342,-59.5058,-45.4054,24.8470,91.7736,96.6440,-97.2953,-425.1923,168.9387,177.0785,9.6633,80.8290,6,0,0,0,0
Session_2,2026-01-26 16:57:27.980,35.748,-92.4339,-59.6167,-45.4054,25.1223,92.2089,96.1578,-96.7762,-425.4631,168.6621,176.7107,9.8045,81.3213,6,0,0,0,0
Session_2,2026-01-26 16:57:28.047,35.815,-92.4334,-59.6167,-45.4054,25.1944,92.4211,95.9772,-96.5188,-425.5365,168.8134,176.5234,9.8645,81.5047,6,0,0,0,0
Session_2,2026-01-26 16:57:28.110,35.878,-92.4152,-59.6166,-45.4054,25.3043,92.4795,95.7314,-96.3167,-425.6662,169.0311,176.4968,9.9829,81.7704,6,0,0,0,0
Session_2,2026-01-26 16:57:28.177,35.945,-92.3136,-59.6156,-45.4051,26.8259,92.0510,95.5605,-96.1329,-427.1149,172.0058,176.8000,11.5502,82.0143,6,0,0,0,0
Session_2,2026-01-26 16:57:28.244,36.012,-92.1895,-59.6141,-45.3749,28.4312,91.1625,95.4520,-96.3354,-428.6133,175.3154,177.5427,13.2699,82.2097,6,0,0,0,0
Session_2,2026-01-26 16:57:28.309,36.077,-91.9752,-59.6298,-45.3470,26.4688,89.2289,96.3000,-97.0224,-427.3602,171.4291,179.4881,11.5063,81.5957,6,0,0,0,0
Session_2,2026-01-26 16:57:28.375,36.144,-91.7693,-59.7512,-45.3478,24.4302,89.1341,96.5472,-95.5461,-425.9274,166.5358,179.7867,9.3685,81.5954,6,0,0,0,0
Session_2,2026-01-26 16:57:28.440,36.209,-91.6403,-60.1877,-45.3340,24.8360,88.5759,97.0395,-95.2751,-426.5131,164.1311,-179.7384,9.4180,81.2257,6,0,0,0,0
Session_2,2026-01-26 16:57:28.523,36.291,-91.6113,-60.9215,-45.0274,23.2876,88.3184,97.1095,-95.3433,-425.5522,157.0907,-179.2446,7.4901,81.2208,6,0,0,0,0
Session_2,2026-01-26 16:57:28.593,36.362,-91.6092,-61.5489,-44.3636,22.5474,89.0380,96.7154,-94.4646,-425.9101,154.0188,-179.8240,6.7016,81.6299,6,0,0,0,0
Session_2,2026-01-26 16:57:28.672,36.440,-91.5992,-61.6210,-43.2770,22.0214,88.5718,97.1686,-94.9933,-427.2597,157.4790,-179.4765,7.2457,81.1764,6,0,0,0,0
Session_2,2026-01-26 16:57:28.734,36.503,-91.5603,-61.6971,-42.3478,21.0292,88.8396,97.3203,-94.3942,-427.9109,159.2935,-179.7434,7.0750,81.0644,6,0,0,0,0
Session_2,2026-01-26 16:57:28.811,36.580,-91.3028,-62.6220,-40.9646,20.1812,88.9000,97.0642,-92.4277,-429.6746,157.0990,-179.7230,6.6796,81.5857,6,0,0,0,0
Session_2,2026-01-26 16:57:28.879,36.647,-90.8821,-63.9224,-39.6946,19.0242,89.0923,97.0635,-89.0471,-431.0415,150.9488,-179.7661,5.4777,82.0228,6,0,0,0,0
Session_2,2026-01-26 16:57:28.960,36.728,-90.3881,-65.2288,-37.9900,17.9599,89.6059,97.1233,-84.7147,-433.2052,146.8904,179.8018,4.7533,82.4641,6,0,0,0,0
Session_2,2026-01-26 16:57:29.028,36.796,-90.2672,-65.7875,-36.7553,17.5953,89.5248,97.1205,-83.9052,-434.8969,147.6333,179.8436,5.0723,82.5844,6,0,0,0,0
Session_2,2026-01-26 16:57:29.103,36.871,-90.2723,-66.2675,-35.7169,16.8709,89.3072,97.1123,-84.2118,-435.6871,147.4036,-179.9190,4.9345,82.5894,6,0,0,0,0
Session_2,2026-01-26 16:57:29.170,36.938,-90.2723,-66.8727,-35.0482,16.1588,89.5379,97.0312,-83.9331,-435.8259,144.5408,179.9389,4.2626,82.6770,6,0,0,0,0
Session_2,2026-01-26 16:57:29.251,37.019,-90.2724,-67.4585,-34.6377,16.2227,89.8812,97.0264,-83.5194,-436.3555,142.0730,179.6122,4.1100,82.6830,6,0,0,0,0
Session_2,2026-01-26 16:57:29.318,37.086,-90.2743,-67.7968,-34.4465,16.2962,89.7192,97.1123,-83.7318,-436.6101,140.5049,179.7760,4.0564,82.5956,6,0,0,0,0
Session_2,2026-01-26 16:57:29.409,37.177,-90.2746,-67.8955,-34.4357,16.3950,89.4452,97.1576,-84.0667,-436.6903,139.9854,-179.9567,4.1012,82.5497,6,0,0,0,0
Session_2,2026-01-26 16:57:29.491,37.259,-90.2760,-67.8956,-34.4353,16.7926,89.2488,97.3183,-84.3180,-437.1163,140.7242,-179.8244,4.5210,82.3834,6,0,0,0,0
Session_2,2026-01-26 16:57:29.558,37.327,-90.2761,-67.8956,-34.4351,16.9910,89.3360,97.3265,-84.2139,-437.3292,141.0921,-179.9371,4.7069,82.3729,6,0,0,0,0
Session_2,2026-01-26 16:57:29.640,37.408,-90.2762,-67.8991,-34.4361,16.6814,89.4466,97.4055,-84.0789,-436.9951,140.4854,179.9875,4.3812,82.2968,6,0,0,0,0
Session_2,2026-01-26 16:57:29.715,37.483,-90.2762,-67.9002,-34.4359,16.9601,89.5084,97.3821,-84.0054,-437.2940,140.9934,179.8921,4.6488,82.3174,6,0,0,0,0
Session_2,2026-01-26 16:57:29.783,37.552,-90.2771,-67.9224,-34.4372,16.8221,89.5743,97.4027,-83.9312,-437.1339,140.5616,179.8460,4.4801,82.2976,6,0,0,0,0
Session_2,2026-01-26 16:57:29.856,37.624,-90.2771,-68.0170,-34.4371,16.7940,89.7954,97.3540,-83.6629,-437.0638,139.7856,179.6464,4.3302,82.3478,6,0,0,0,0
Session_2,2026-01-26 16:57:29.925,37.693,-90.2771,-68.0890,-34.4376,16.7844,89.9835,97.3162,-83.4346,-437.0216,139.2159,179.4732,4.2251,82.3866,6,0,0,0,0
Session_2,2026-01-26 16:57:29.994,37.762,-90.2771,-68.2156,-34.4374,16.9210,89.9993,97.4460,-83.4157,-437.1113,138.5027,179.4466,4.2321,82.2565,6,0,0,0,0
Session_2,2026-01-26 16:57:30.060,37.828,-90.2771,-68.4108,-34.4375,17.0377,90.0158,97.4494,-83.3963,-437.1440,137.2273,179.4402,4.1520,82.2537,6,0,0,0,0
Session_2,2026-01-26 16:57:30.135,37.903,-90.2771,-68.5291,-34.4382,17.1304,90.1003,97.4666,-83.2939,-437.1850,136.4920,179.3587,4.1147,82.2369,6,0,0,0,0
Session_2,2026-01-26 16:57:30.216,37.984,-90.2772,-68.5312,-34.4378,17.3975,90.0467,97.4165,-83.3605,-437.4721,136.9711,179.3810,4.3853,82.2845,6,0,0,0,0
Session_2,2026-01-26 16:57:30.283,38.051,-90.2771,-68.5314,-34.4382,17.1984,90.0824,97.4384,-83.3158,-437.2572,136.5996,179.3699,4.1825,82.2645,6,0,0,0,0
Session_2,2026-01-26 16:57:30.357,38.126,-90.2771,-68.5314,-34.4380,17.2396,90.1167,97.4123,-83.2744,-437.3022,136.6770,179.3324,4.2194,82.2903,6,0,0,0,0
Session_2,2026-01-26 16:57:30.430,38.199,-90.2771,-68.5320,-34.4383,17.1545,90.1229,97.4144,-83.2660,-437.2096,136.5138,179.3372,4.1333,82.2891,6,0,0,0,0
Session_2,2026-01-26 16:57:30.504,38.273,-90.2771,-68.5325,-34.4384,17.1455,90.1167,97.4233,-83.2736,-437.1995,136.4930,179.3440,4.1245,82.2802,6,0,0,0,0
Session_2,2026-01-26 16:57:30.578,38.346,-90.2771,-68.5337,-34.4385,17.1140,90.0865,97.4302,-83.3103,-437.1644,136.4249,179.3777,4.0957,82.2736,6,0,0,0,0
Session_2,2026-01-26 16:57:30.651,38.419,-90.2771,-68.5339,-34.4385,17.1133,90.1057,97.4316,-83.2866,-437.1637,136.4222,179.3586,4.0924,82.2723,6,0,0,0,0
Session_2,2026-01-26 16:57:30.734,38.503,-90.2771,-68.5352,-34.4390,17.0824,90.1318,97.4542,-83.2552,-437.1287,136.3527,179.3354,4.0562,82.2499,6,0,0,0,0
Session_2,2026-01-26 16:57:30.817,38.585,-90.2770,-68.5358,-34.4393,17.0679,90.2541,97.4673,-83.1061,-437.1132,136.3211,179.2153,4.0251,82.2372,6,0,0,0,0
Session_2,2026-01-26 16:57:30.900,38.668,-90.2768,-68.5361,-34.4394,16.9725,90.4552,97.5352,-82.8601,-437.0106,136.1439,179.0237,3.9028,82.1706,6,0,0,0,0
Session_2,2026-01-26 16:57:30.973,38.742,-90.2768,-68.5366,-34.4395,17.0329,90.4388,97.5950,-82.8800,-437.0758,136.2513,179.0280,3.9633,82.1102,6,0,0,0,0
Session_2,2026-01-26 16:57:31.056,38.824,-90.2768,-68.5372,-34.4396,17.0920,90.3564,97.5826,-82.9806,-437.1388,136.3540,179.1028,4.0321,82.1218,6,0,0,0,0
Session_2,2026-01-26 16:57:31.145,38.914,-90.2767,-68.5967,-34.4407,17.1016,90.3536,97.5277,-82.9832,-437.1172,135.9122,179.1162,3.9828,82.1774,6,0,0,0,0
Session_2,2026-01-26 16:57:31.208,38.977,-90.2768,-68.7278,-34.4411,17.1291,90.3268,97.5098,-83.0161,-437.0780,134.9596,179.1576,3.8834,82.1961,6,0,0,0,0
Session_2,2026-01-26 16:57:31.285,39.054,-90.2769,-69.1832,-34.4397,17.3213,90.3186,97.4734,-83.0263,-437.0377,131.8431,179.2024,3.6255,82.2347,6,0,0,0,0
Session_2,2026-01-26 16:57:31.363,39.131,-90.2763,-69.6593,-34.4356,17.8384,90.3818,97.4707,-82.9464,-437.3245,129.1757,179.1341,3.6619,82.2378,6,0,0,0,0
Session_2,2026-01-26 16:57:31.433,39.202,-90.2762,-69.6949,-34.4345,18.0038,90.3076,97.5916,-83.0368,-437.4846,129.2131,179.1825,3.7998,82.1155,6,0,0,0,0
Session_2,2026-01-26 16:57:31.494,39.263,-90.2762,-69.6950,-34.4346,17.9366,90.1833,97.6252,-83.1871,-437.4104,129.0878,179.3124,3.7490,82.0822,6,0,0,0,0
Session_2,2026-01-26 16:57:31.564,39.332,-90.2763,-69.6950,-34.4347,17.8844,90.1696,97.5957,-83.2041,-437.3528,128.9907,179.3349,3.6992,82.1121,6,0,0,0,0
Session_2,2026-01-26 16:57:31.632,39.400,-90.2762,-69.6961,-34.4355,17.8082,90.1675,97.6424,-83.2056,-437.2672,128.8388,179.3444,3.6216,82.0661,6,0,0,0,0
Session_2,2026-01-26 16:57:31.696,39.464,-90.2762,-69.7005,-34.4361,17.8645,90.1881,97.6252,-83.1811,-437.3253,128.9057,179.3182,3.6699,82.0829,6,0,0,0,0
Session_2,2026-01-26 16:57:31.766,39.534,-90.2762,-69.7931,-34.4369,17.8164,90.1662,97.6431,-83.2069,-437.2117,128.1069,179.3577,3.5324,82.0662,6,0,0,0,0
Session_2,2026-01-26 16:57:31.827,39.596,-90.2763,-70.1094,-34.4367,17.9853,90.1785,97.7454,-83.1924,-437.1877,126.0019,179.3591,3.3838,81.9648,6,0,0,0,0
Session_2,2026-01-26 16:57:31.895,39.663,-90.2758,-70.5013,-34.4355,18.8759,90.2156,97.7392,-83.1475,-437.8949,124.6479,179.2551,3.8741,81.9672,6,0,0,0,0
Session_2,2026-01-26 16:57:31.976,39.745,-90.2759,-70.5322,-34.4359,19.0304,90.1099,97.8552,-83.2774,-438.0396,124.6941,179.3351,4.0091,81.8494,6,1,0,0,0
Session_2,2026-01-26 16:57:32.044,39.812,-90.2759,-70.5321,-34.4357,18.9720,90.0103,97.8477,-83.3972,-437.9761,124.5880,179.4422,3.9652,81.8575,6,1,0,0,0
Session_2,2026-01-26 16:57:32.108,39.876,-90.2759,-70.5322,-34.4360,18.9322,90.0124,97.8600,-83.3949,-437.9322,124.5130,179.4448,3.9251,81.8455,6,1,0,0,0
Session_2,2026-01-26 16:57:32.183,39.951,-90.2759,-70.5327,-34.4367,18.8958,89.9918,97.8793,-83.4196,-437.8907,124.4381,179.4691,3.8903,81.8265,6,1,0,0,0
Session_2,2026-01-26 16:57:32.244,40.012,-90.2759,-70.5327,-34.4367,18.8100,89.9670,97.8490,-83.4494,-437.7969,124.2801,179.5074,3.8090,81.8575,6,1,0,0,0
Session_2,2026-01-26 16:57:32.316,40.084,-90.2759,-70.5327,-34.4367,18.8148,89.8867,97.8401,-83.5469,-437.8016,124.2890,179.5869,3.8248,81.8663,6,1,0,0,0
Session_2,2026-01-26 16:57:32.389,40.158,-90.2759,-70.5327,-34.4367,18.7736,89.8517,97.8539,-83.5890,-437.7566,124.2138,179.6263,3.7887,81.8529,6,1,0,0,0
Session_2,2026-01-26 16:57:32.465,40.233,-90.2759,-70.5327,-34.4367,18.7468,89.8414,97.8696,-83.6013,-437.7272,124.1643,179.6392,3.7635,81.8374,6,1,0,0,0
Session_2,2026-01-26 16:57:32.548,40.316,-90.2759,-70.5328,-34.4369,18.7509,89.8572,97.8312,-83.5818,-437.7315,124.1705,179.6255,3.7654,81.8759,6,1,0,0,0
Session_2,2026-01-26 16:57:32.623,40.391,-90.2758,-70.5345,-34.4374,18.7495,89.8984,97.8648,-83.5316,-437.7281,124.1527,179.5830,3.7560,81.8423,6,1,0,0,0
Session_2,2026-01-26 16:57:32.695,40.463,-90.2758,-70.5447,-34.4380,18.7454,89.9300,97.9081,-83.4928,-437.7154,124.0641,179.5509,3.7365,81.7992,6,1,0,0,0
Session_2,2026-01-26 16:57:32.761,40.529,-90.2757,-70.5497,-34.4383,18.7523,89.9245,97.9170,-83.4992,-437.7189,124.0376,179.5556,3.7388,81.7902,6,1,0,0,0
Session_2,2026-01-26 16:57:32.823,40.591,-90.2757,-70.5502,-34.4383,18.7310,89.9197,97.8957,-83.5047,-437.6952,123.9941,179.5647,3.7180,81.8118,6,1,0,0,0
Session_2,2026-01-26 16:57:32.900,40.669,-90.2757,-70.5500,-34.4378,18.7331,89.9581,97.8793,-83.4580,-437.6987,124.0017,179.5273,3.7156,81.8283,6,1,0,0,0
Session_2,2026-01-26 16:57:32.961,40.729,-90.2757,-70.5496,-34.4372,18.7502,89.9746,97.8580,-83.4382,-437.7190,124.0389,179.5099,3.7315,81.8495,6,1,0,0,0
Session_2,2026-01-26 16:57:33.039,40.808,-90.2757,-70.5489,-34.4360,18.7598,89.9973,97.8429,-83.4107,-437.7324,124.0678,179.4869,3.7400,81.8646,6,1,0,0,0
Session_2,2026-01-26 16:57:33.106,40.874,-90.2758,-70.5484,-34.4354,18.7420,89.9856,97.8360,-83.4252,-437.7140,124.0411,179.5012,3.7250,81.8715,6,1,0,0,0
Session_2,2026-01-26 16:57:33.188,40.956,-90.2758,-70.5482,-34.4353,18.8031,89.9499,97.8490,-83.4693,-437.7809,124.1554,179.5273,3.7906,81.8578,6,1,0,0,0
Session_2,2026-01-26 16:57:33.272,41.041,-90.2759,-70.5480,-34.4352,18.8759,89.9355,97.9754,-83.4876,-437.8606,124.2918,179.5230,3.8640,81.7304,6,1,0,0,0
Session_2,2026-01-26 16:57:33.346,41.115,-90.2760,-70.5451,-34.4342,18.8567,89.8805,98.0647,-83.5553,-437.8430,124.2830,179.5735,3.8557,81.6409,6,1,0,0,0
Session_2,2026-01-26 16:57:33.420,41.188,-90.2761,-70.5328,-34.4323,18.7660,89.9066,98.0660,-83.5240,-437.7562,124.2191,179.5584,3.7764,81.6402,6,1,0,0,0
Session_2,2026-01-26 16:57:33.501,41.269,-90.2764,-70.5243,-34.3770,18.6507,89.9032,98.0523,-83.5298,-437.7359,124.3223,179.5699,3.7258,81.6542,6,1,0,0,0
Session_2,2026-01-26 16:57:33.576,41.344,-90.2765,-70.5181,-34.2123,18.3334,89.8833,98.0935,-83.5550,-437.6902,124.5347,179.6076,3.5835,81.6140,6,1,0,0,0
Session_2,2026-01-26 16:57:33.643,41.411,-90.2772,-70.5163,-34.0308,18.0663,89.8222,98.1457,-83.6344,-437.7240,124.8820,179.6768,3.5089,81.5618,6,1,0,0,0
Session_2,2026-01-26 16:57:33.724,41.492,-90.2785,-70.5122,-33.8657,17.8116,89.9217,98.2507,-83.5237,-437.7418,125.1948,179.5841,3.4093,81.4560,6,1,0,0,0
Session_2,2026-01-26 16:57:33.790,41.559,-90.2845,-70.4684,-33.8531,17.7271,90.0027,98.3524,-83.4709,-437.6933,125.4321,179.5020,3.3690,81.3486,6,1,0,0,0
Session_2,2026-01-26 16:57:33.865,41.634,-90.2858,-70.3508,-33.8530,17.5713,90.0858,98.4430,-83.3795,-437.6006,126.0469,179.4201,3.3184,81.2570,6,1,0,0,0
Session_2,2026-01-26 16:57:33.940,41.708,-90.2879,-70.0562,-33.8531,17.2904,89.9870,98.4437,-83.5151,-437.4827,127.7837,179.5159,3.3464,81.2539,6,1,0,0,0
Session_2,2026-01-26 16:57:34.014,41.782,-90.2882,-69.6940,-33.8531,17.1600,89.8661,98.4437,-83.6642,-437.5661,130.3133,179.6012,3.5933,81.2514,6,1,0,0,0
Session_2,2026-01-26 16:57:34.079,41.848,-90.2897,-69.4030,-33.8531,16.8771,89.8785,98.4636,-83.6600,-437.4259,132.0179,179.5866,3.5994,81.2299,6,1,0,0,0
Session_2,2026-01-26 16:57:34.155,41.923,-90.2952,-69.1275,-33.8530,16.5722,89.9787,98.4499,-83.5801,-437.2391,133.5638,179.4926,3.5558,81.2385,6,1,0,0,0
Session_2,2026-01-26 16:57:34.219,41.988,-90.2955,-68.9337,-33.8515,16.3662,90.2081,98.4402,-83.3033,-437.1211,134.6725,179.2679,3.5116,81.2483,6,1,0,0,0
Session_2,2026-01-26 16:57:34.292,42.061,-90.2956,-68.4317,-33.8510,15.8972,90.4051,98.5020,-83.0633,-436.8616,137.6479,179.0643,3.5149,81.1865,6,1,0,0,0
Session_2,2026-01-26 16:57:34.357,42.125,-90.2955,-67.4999,-33.8509,15.5491,90.5184,98.5309,-82.9257,-436.8784,144.1203,178.8635,4.0748,81.1522,6,1,0,0,0
Session_2,2026-01-26 16:57:34.424,42.193,-90.2956,-66.3390,-33.8507,15.0952,90.4875,98.6346,-82.9629,-436.7391,152.1394,178.7799,4.7767,81.0398,6,1,0,0,0
Session_2,2026-01-26 16:57:34.498,42.267,-90.2957,-64.8215,-33.8495,14.0652,90.8556,98.7479,-82.5125,-435.8793,161.7963,178.3319,5.2012,80.9210,6,1,0,0,0
Session_2,2026-01-26 16:57:34.563,42.331,-90.2954,-63.2885,-33.8495,12.9261,91.3973,98.9127,-81.8476,-434.6659,171.3346,177.7204,5.5016,80.7530,6,1,0,0,0
Session_2,2026-01-26 16:57:34.662,42.431,-90.2952,-60.5140,-33.8495,11.3214,91.9563,99.0500,-81.1563,-432.3142,189.3418,176.9697,6.5634,80.5999,6,1,0,0,0
Session_2,2026-01-26 16:57:34.730,42.498,-90.2951,-58.5167,-33.8495,10.4116,91.9988,99.1331,-81.0934,-430.3564,202.6613,176.7430,7.6257,80.4953,6,1,0,0,0
Session_2,2026-01-26 16:57:34.803,42.572,-90.2950,-56.2686,-33.8496,9.2601,91.9851,99.2162,-81.0946,-427.5223,217.2929,176.5663,8.7053,80.3862,6,1,0,0,0
Session_2,2026-01-26 16:57:34.879,42.647,-90.2950,-54.2400,-33.8498,8.2150,91.9968,99.2368,-81.0652,-424.5052,230.3629,176.3897,9.6724,80.3396,6,1,0,0,0
Session_2,2026-01-26 16:57:34.943,42.712,-90.2951,-52.6237,-33.8499,7.7351,91.7702,99.3219,-81.3283,-422.0969,241.3679,176.4085,10.8244,80.2171,6,1,0,0,0
Session_2,2026-01-26 16:57:35.017,42.786,-90.2951,-50.8736,-33.8499,6.9379,91.7242,99.5835,-81.3677,-418.9374,252.6518,176.2390,11.7547,79.9186,6,1,0,0,0
Session_2,2026-01-26 16:57:35.100,42.868,-90.2952,-49.1431,-33.8499,6.1125,91.6267,99.9021,-81.4685,-415.4730,263.6234,176.1059,12.6413,79.5583,6,1,0,0,0
Session_2,2026-01-26 16:57:35.183,42.951,-90.2952,-47.3853,-33.8498,5.2988,91.3726,100.0443,-81.7573,-411.6617,274.6915,176.1499,13.6048,79.3704,6,1,0,0,0
Session_2,2026-01-26 16:57:35.266,43.034,-90.2990,-45.8731,-33.8498,4.8491,90.7848,100.3594,-82.4801,-408.3069,284.6066,176.4472,14.7330,78.9863,6,1,0,0,0
Session_2,2026-01-26 16:57:35.342,43.110,-90.3240,-44.4761,-33.8497,4.6671,90.3886,101.1662,-83.1207,-405.1162,294.1613,176.3702,15.9484,78.0569,6,1,0,0,0
Session_2,2026-01-26 16:57:35.405,43.173,-90.3993,-43.4074,-33.8491,4.6369,90.1826,101.4162,-83.8854,-402.5105,301.6433,176.2765,16.9899,77.6561,6,1,0,0,0
Session_2,2026-01-26 16:57:35.483,43.251,-90.6584,-41.9445,-33.8492,3.5541,90.3983,101.4622,-85.3942,-397.8674,309.6659,175.9693,17.3158,77.3277,6,1,0,0,0
Session_2,2026-01-26 16:57:35.566,43.334,-90.9698,-40.5376,-33.8495,2.2714,90.6537,101.4237,-87.1711,-392.9784,316.7775,175.7051,17.3893,77.0522,6,1,0,0,0
Session_2,2026-01-26 16:57:35.655,43.424,-91.0725,-39.4828,-33.8499,1.8670,90.6736,101.3276,-87.7933,-389.7299,323.1776,175.5750,18.0285,77.0075,6,1,0,0,0
Session_2,2026-01-26 16:57:35.730,43.498,-91.0709,-39.1395,-33.8501,1.4983,91.1721,101.2672,-87.1561,-388.5718,324.7689,175.1138,17.9111,77.0824,6,1,0,0,0
Session_2,2026-01-26 16:57:35.796,43.565,-91.0674,-39.1422,-33.8516,1.0128,91.4790,101.2926,-86.7545,-388.2984,323.7547,174.9119,17.3698,77.0968,6,1,0,0,0
Session_2,2026-01-26 16:57:35.879,43.647,-91.0470,-39.1432,-33.8522,0.8604,92.1190,101.4134,-85.8386,-388.2458,323.4556,174.2840,17.0823,77.0135,6,1,0,0,0
Session_2,2026-01-26 16:57:35.960,43.728,-90.8800,-39.1911,-33.8703,0.5239,92.4101,101.7931,-84.3526,-388.4225,322.3684,173.9747,16.5917,76.8177,6,1,0,0,0
Session_2,2026-01-26 16:57:36.025,43.793,-90.3841,-39.3383,-33.8726,0.5637,92.3779,101.8453,-81.0301,-389.5661,321.4359,174.0150,16.4857,77.2657,6,1,0,0,0
Session_2,2026-01-26 16:57:36.108,43.877,-89.2492,-39.7777,-33.8765,0.6118,92.4026,102.0383,-73.2523,-392.3119,318.5207,174.0237,16.0745,78.2261,6,1,0,0,0
Session_2,2026-01-26 16:57:36.174,43.943,-87.9921,-40.2426,-33.8930,1.0547,92.4575,102.3033,-64.5080,-395.3432,316.1672,173.9033,15.9976,79.2126,6,1,0,0,0
Session_2,2026-01-26 16:57:36.250,44.018,-86.4125,-40.9655,-33.8929,1.6047,92.5976,102.7283,-53.2758,-399.1918,312.3251,173.6878,15.7531,80.3675,6,1,0,0,0
Session_2,2026-01-26 16:57:36.331,44.099,-84.7265,-41.8086,-33.8936,1.7406,92.9217,103.1815,-40.9140,-402.7502,306.7866,173.4210,14.9415,81.6400,6,1,0,0,0
Session_2,2026-01-26 16:57:36.398,44.166,-83.6408,-42.3840,-33.8937,2.2845,93.2705,103.4843,-32.6594,-405.1652,303.9129,173.0121,14.7951,82.4264,6,1,0,0,0
Session_2,2026-01-26 16:57:36.465,44.233,-82.5057,-43.1119,-33.8937,2.5008,93.6269,104.0186,-23.9544,-407.5349,299.2937,172.6614,14.1484,83.0574,6,1,0,0,0
Session_2,2026-01-26 16:57:36.539,44.308,-81.5160,-43.7810,-33.8968,2.4019,93.8445,104.4436,-16.4353,-409.2954,294.4060,172.5496,13.2946,83.6678,6,1,0,0,0
Session_2,2026-01-26 16:57:36.620,44.388,-80.6831,-44.5871,-33.8965,2.8777,94.1432,104.9339,-9.7834,-411.5295,289.7117,172.2382,12.8359,84.0320,6,1,0,0,0
Session_2,2026-01-26 16:57:36.704,44.472,-80.0958,-45.2259,-33.8967,3.0377,94.2867,105.4784,-5.1391,-413.0367,285.5260,172.1122,12.2630,84.1005,6,1,0,0,0
Session_2,2026-01-26 16:57:36.786,44.554,-79.5349,-45.6761,-33.8973,3.2279,94.3987,105.9535,-0.7665,-414.1001,282.7192,171.9782,11.9168,84.1999,6,1,0,0,0
Session_2,2026-01-26 16:57:36.867,44.635,-79.2269,-46.3560,-33.8972,3.5506,94.6239,105.9611,2.0279,-415.6306,278.5446,171.8640,11.5116,84.5298,6,1,0,0,0
Session_2,2026-01-26 16:57:36.948,44.716,-79.2176,-47.0539,-33.8977,3.4662,94.9583,105.9521,2.7310,-416.8077,273.4210,171.7695,10.6701,84.6043,6,1,0,0,0
Session_2,2026-01-26 16:57:37.015,44.783,-79.2177,-47.5069,-33.8981,3.5555,95.0551,106.0421,3.0165,-417.6826,270.3612,171.7641,10.2812,84.5364,6,1,0,0,0
Session_2,2026-01-26 16:57:37.089,44.857,-79.2174,-48.2479,-33.8982,3.9771,95.1835,106.1561,3.4838,-419.2961,265.8824,171.7126,9.9229,84.4433,6,1,0,0,0
Session_2,2026-01-26 16:57:37.153,44.922,-79.2165,-49.0615,-33.9013,4.1576,95.2824,106.1492,3.8955,-420.7837,260.3646,171.8007,9.2861,84.4854,6,1,0,0,0
Session_2,2026-01-26 16:57:37.239,45.007,-79.2135,-50.6438,-33.9272,5.3648,95.1643,105.9068,4.4348,-424.2625,251.1118,172.0651,8.9673,84.7447,6,1,0,0,0
Session_2,2026-01-26 16:57:37.311,45.079,-79.2127,-52.6096,-34.0329,7.0663,95.4712,105.8649,5.5806,-428.2628,239.5714,171.8813,8.5343,84.8151,6,1,0,0,0
Session_2,2026-01-26 16:57:37.377,45.145,-79.2114,-54.5498,-34.0742,8.0598,96.1990,105.8904,7.0406,-431.1814,227.0608,171.4559,7.3837,84.8581,6,1,0,0,0
Session_2,2026-01-26 16:57:37.442,45.210,-79.2112,-56.1445,-34.0742,8.2363,96.6749,105.9412,7.9266,-432.7595,215.6142,171.3864,5.8832,84.8725,6,1,0,0,0
Session_2,2026-01-26 16:57:37.508,45.277,-79.2100,-57.5546,-34.0741,8.7273,96.8713,106.1238,8.4661,-434.2789,206.0591,171.4357,4.9188,84.7244,6,1,0,0,0
Session_2,2026-01-26 16:57:37.582,45.350,-79.2036,-59.0822,-34.0748,9.3693,96.9743,106.3017,8.9336,-435.8141,195.8470,171.5706,4.0128,84.5778,6,1,0,0,0
Session_2,2026-01-26 16:57:37.659,45.427,-79.1525,-60.5835,-34.0758,9.8685,97.1150,106.2845,9.7096,-436.9282,185.5214,171.7172,3.0130,84.6688,6,1,0,0,0
Session_2,2026-01-26 16:57:37.731,45.499,-79.0254,-62.0924,-34.0757,10.3615,97.2379,106.2948,10.9988,-437.7772,175.0932,171.8822,2.0017,84.8031,6,1,0,0,0
Session_2,2026-01-26 16:57:37.796,45.564,-78.7606,-63.3044,-34.0760,11.1999,97.3595,106.3037,13.3661,-438.7038,167.5085,171.8697,1.6076,85.0672,6,1,0,0,0
Session_2,2026-01-26 16:57:37.871,45.639,-78.1909,-64.3809,-34.0760,11.9531,97.2922,106.4953,17.8120,-439.3491,160.7405,172.0199,1.2893,85.4467,6,1,0,0,0
Session_2,2026-01-26 16:57:37.944,45.712,-77.4832,-65.3022,-34.0768,12.7586,97.0230,107.1442,23.0875,-439.9149,155.1917,172.2971,1.1662,85.5016,6,1,0,0,0
Session_2,2026-01-26 16:57:38.010,45.778,-76.9972,-66.1100,-34.0767,13.1781,97.0079,107.8384,26.8640,-439.9847,149.8287,172.4160,0.7078,85.3007,6,1,0,0,0
Session_2,2026-01-26 16:57:38.083,45.852,-76.6255,-66.9605,-34.0802,12.9666,97.2201,108.0018,29.8455,-439.2319,143.0111,172.5391,-0.3930,85.5199,6,1,0,0,0
Session_2,2026-01-26 16:57:38.146,45.914,-76.4245,-67.5871,-34.0875,12.9309,97.4899,108.0004,31.6256,-438.7338,138.2095,172.4875,-1.1127,85.7304,6,1,0,0,0
Session_2,2026-01-26 16:57:38.209,45.977,-76.3502,-68.4715,-34.0887,13.0799,97.5153,108.5518,32.1547,-438.4001,131.7780,172.7069,-1.8918,85.2527,6,1,0,0,0
Session_2,2026-01-26 16:57:38.280,46.048,-76.3508,-69.3009,-34.1059,13.0621,97.5675,109.1766,32.0740,-437.8193,125.4046,172.9604,-2.8053,84.6224,6,1,0,0,0
Session_2,2026-01-26 16:57:38.356,46.124,-76.3505,-70.4293,-34.1064,13.6361,97.9562,110.0411,32.4930,-437.5566,117.9435,172.8262,-3.5649,83.7694,6,1,0,0,0
Session_2,2026-01-26 16:57:38.422,46.190,-76.3503,-71.1578,-34.1066,14.2747,98.2034,110.6948,32.8198,-437.6393,113.5929,172.6668,-3.8173,83.1286,6,1,0,0,0
Session_2,2026-01-26 16:57:38.496,46.264,-76.3502,-71.8019,-34.1065,15.2765,98.2899,111.0780,33.0704,-438.2273,110.4862,172.4834,-3.5626,82.7601,6,1,0,0,0
Session_2,2026-01-26 16:57:38.628,46.396,-76.3477,-72.1623,-34.1066,15.5875,98.1848,111.5538,32.9736,-438.2829,108.2829,172.6292,-3.6326,82.2838,6,1,0,0,0
Session_2,2026-01-26 16:57:38.825,46.593,-76.3043,-72.1625,-34.1067,16.2584,98.5618,112.0351,33.9377,-438.9398,109.5257,172.0593,-3.2119,81.8828,6,1,0,0,0
Session_2,2026-01-26 16:57:38.903,46.671,-76.2557,-72.1625,-34.1072,16.1121,98.6778,111.9946,34.4032,-438.7060,109.2866,172.0037,-3.3857,81.9744,6,1,0,0,0
Session_2,2026-01-26 16:57:38.989,46.757,-76.1922,-72.1625,-34.1076,16.1362,98.6236,111.9541,34.8328,-438.7106,109.3174,172.0430,-3.3380,82.0758,6,1,0,0,0
Session_2,2026-01-26 16:57:39.057,46.825,-76.1334,-72.1631,-34.1270,15.5086,98.5707,111.7653,35.0296,-437.9122,108.1170,172.3198,-3.8947,82.3043,6,1,0,0,0
Session_2,2026-01-26 16:57:39.122,46.891,-76.0965,-72.1653,-34.2251,15.5189,98.5357,111.6547,35.2260,-437.7182,107.6782,172.3780,-3.9509,82.4470,6,1,0,0,0
Session_2,2026-01-26 16:57:39.197,46.965,-76.0904,-72.1654,-34.3348,15.9288,98.6133,111.7172,35.4300,-437.9640,107.9224,172.1996,-3.7084,82.4023,6,1,0,0,0
Session_2,2026-01-26 16:57:39.271,47.039,-76.0821,-72.1676,-34.4696,15.6878,98.6387,111.7255,35.3863,-437.3992,106.8930,172.3155,-4.0705,82.3942,6,1,0,0,0
Session_2,2026-01-26 16:57:39.345,47.113,-76.0699,-72.1676,-34.6644,15.7901,98.7829,111.7536,35.5820,-437.0881,106.2372,172.2171,-4.2133,82.3832,6,1,0,0,0
Session_2,2026-01-26 16:57:39.408,47.176,-76.0474,-72.1680,-34.8584,15.8279,98.7980,111.7989,35.6866,-436.7294,105.4475,172.2641,-4.3705,82.3571,6,1,0,0,0
Session_2,2026-01-26 16:57:39.485,47.253,-76.0044,-72.1680,-35.2556,15.9370,98.7273,111.9596,35.7664,-436.0574,103.8753,172.4493,-4.6335,82.2285,6,1,0,0,0
Session_2,2026-01-26 16:57:39.558,47.327,-76.0034,-72.1677,-35.6251,16.4596,98.5934,111.8896,35.5884,-435.9770,103.1346,172.5116,-4.4323,82.2970,6,1,0,0,0
Session_2,2026-01-26 16:57:39.624,47.392,-76.0017,-72.1677,-36.0096,16.8558,98.4327,111.9267,35.3378,-435.7143,102.1050,172.6597,-4.3668,82.2545,6,1,0,0,0
Session_2,2026-01-26 16:57:39.705,47.473,-75.9844,-72.1677,-36.5723,17.1641,98.9003,111.9170,35.8164,-434.7803,100.2593,172.3178,-4.7749,82.2966,6,1,0,0,0
Session_2,2026-01-26 16:57:39.781,47.549,-75.9759,-72.1675,-36.9176,17.7031,99.0493,111.9802,36.0375,-434.6630,99.7120,172.1121,-4.6585,82.2559,6,1,0,0,0
Session_2,2026-01-26 16:57:39.854,47.623,-75.9753,-72.1675,-36.9404,18.0093,98.8564,112.1141,35.8970,-435.0378,100.1080,172.1964,-4.3419,82.1218,6,1,0,0,0
Session_2,2026-01-26 16:57:39.930,47.698,-75.9747,-72.1676,-36.9405,17.9427,98.8344,112.1251,35.8565,-434.9634,99.9862,172.2427,-4.3973,82.1085,6,1,0,0,0
Session_2,2026-01-26 16:57:40.003,47.771,-75.9708,-72.1677,-36.9407,18.0032,98.9085,112.0578,35.9898,-435.0116,100.1037,172.1461,-4.3599,82.1847,6,1,0,0,0
Session_2,2026-01-26 16:57:40.085,47.854,-75.9669,-72.1677,-36.9407,18.0965,98.9079,112.0791,36.0468,-435.1210,100.2665,172.1134,-4.2759,82.1701,6,1,0,0,0
Session_2,2026-01-26 16:57:40.158,47.926,-75.9478,-72.1679,-36.9409,18.0217,99.0472,112.1251,36.3316,-434.9787,100.1599,172.0154,-4.4041,82.1486,6,1,0,0,0
Session_2,2026-01-26 16:57:40.233,48.001,-75.9067,-72.1679,-36.9410,17.9242,99.0314,112.2501,36.5955,-434.8404,99.9870,172.0763,-4.5059,82.0619,6,1,0,0,0
Session_2,2026-01-26 16:57:40.308,48.076,-75.8541,-72.1691,-36.9431,17.7148,98.9580,112.2178,36.8444,-434.5709,99.5918,172.2220,-4.6711,82.1363,6,1,0,0,0
Session_2,2026-01-26 16:57:40.374,48.142,-75.8283,-72.1706,-36.9453,17.7601,98.8886,112.1910,36.9721,-434.6223,99.6357,172.2688,-4.6031,82.1865,6,1,0,0,0
Session_2,2026-01-26 16:57:40.438,48.206,-75.8026,-72.1807,-36.9579,17.7498,98.8330,112.1155,37.0896,-434.5719,99.4769,172.3269,-4.6027,82.2835,6,1,0,0,0
Session_2,2026-01-26 16:57:40.520,48.288,-75.6800,-72.2331,-36.9889,17.8205,98.7348,112.1704,37.8951,-434.4822,99.0519,172.4273,-4.5851,82.3461,6,1,0,0,0
Session_2,2026-01-26 16:57:40.603,48.372,-75.3214,-72.3958,-36.9982,18.0883,98.5268,112.2494,40.4037,-434.4178,98.2154,172.5909,-4.4287,82.6188,6,1,0,0,0
Session_2,2026-01-26 16:57:40.672,48.440,-74.9241,-72.5761,-36.9980,18.6953,97.8133,112.2913,42.7274,-434.8672,97.7936,173.0956,-3.7701,82.9522,6,1,0,0,0
Session_2,2026-01-26 16:57:40.743,48.511,-74.6137,-72.6612,-36.9976,19.2165,97.0258,112.3737,44.3111,-435.3983,97.9428,173.6660,-3.0781,83.1558,6,1,0,0,0
Session_2,2026-01-26 16:57:40.817,48.585,-74.6075,-72.6612,-36.9976,19.1087,96.9976,112.2913,44.2910,-435.2759,97.7504,173.7284,-3.1582,83.2407,6,1,0,0,0
Session_2,2026-01-26 16:57:40.899,48.668,-74.6072,-72.6612,-36.9975,18.9198,96.9949,111.9857,44.2287,-435.0539,97.4200,173.7846,-3.2989,83.5411,6,1,0,0,0
Session_2,2026-01-26 16:57:40.981,48.749,-74.6072,-72.6612,-36.9975,18.7502,97.1040,111.9857,44.3001,-434.8183,97.1403,173.7464,-3.4970,83.5418,6,1,0,0,0
Session_2,2026-01-26 16:57:41.040,48.808,-74.6073,-72.6612,-36.9975,18.6637,97.1782,112.0056,44.3573,-434.6920,97.0007,173.7109,-3.6070,83.5229,6,1,0,0,0
Session_2,2026-01-26 16:57:41.122,48.890,-74.6076,-72.6610,-36.9975,18.5889,97.1954,111.9864,44.3502,-434.5980,96.8743,173.7216,-3.6806,83.5406,6,1,0,0,0
Session_2,2026-01-26 16:57:41.198,48.966,-74.6092,-72.6610,-36.9975,18.5394,97.2283,111.9706,44.3600,-434.5299,96.7937,173.7083,-3.7370,83.5549,6,1,0,0,0
Session_2,2026-01-26 16:57:41.263,49.031,-74.6132,-72.6609,-36.9974,18.4900,97.2592,111.9919,44.3501,-434.4643,96.7131,173.6994,-3.7966,83.5299,6,1,0,0,0
Session_2,2026-01-26 16:57:41.338,49.106,-74.6147,-72.6609,-36.9973,18.4406,97.2997,111.9960,44.3688,-434.3938,96.6339,173.6804,-3.8579,83.5246,6,1,0,0,0
Session_2,2026-01-26 16:57:41.412,49.180,-74.6159,-72.6608,-36.9971,18.4014,97.3162,111.9946,44.3663,-434.3432,96.5700,173.6795,-3.9000,83.5245,6,1,0,0,0
Session_2,2026-01-26 16:57:41.476,49.245,-74.6187,-72.6608,-36.9969,18.3877,97.3341,112.0084,44.3612,-434.3239,96.5505,173.6688,-3.9206,83.5084,6,1,0,0,0
Session_2,2026-01-26 16:57:41.543,49.311,-74.6209,-72.6606,-36.9967,18.3259,97.3766,112.0448,44.3741,-434.2386,96.4517,173.6547,-3.9975,83.4702,6,1,0,0,0
Session_2,2026-01-26 16:57:41.606,49.375,-74.6236,-72.6607,-36.9966,18.3121,97.4000,112.0544,44.3764,-434.2170,96.4317,173.6388,-4.0200,83.4585,6,1,0,0,0
Session_2,2026-01-26 16:57:41.673,49.441,-74.6243,-72.6606,-36.9966,18.2806,97.4014,112.0358,44.3621,-434.1794,96.3779,173.6480,-4.0476,83.4755,6,1,0,0,0
Session_2,2026-01-26 16:57:41.737,49.505,-74.6247,-72.6606,-36.9966,18.2867,97.3835,112.0331,44.3405,-434.1928,96.3861,173.6621,-4.0349,83.4773,6,1,0,0,0
Session_2,2026-01-26 16:57:41.813,49.582,-74.6247,-72.6604,-36.9964,18.3520,97.2970,111.9720,44.2618,-434.2988,96.4874,173.7138,-3.9352,83.5363,6,0,0,0,0
Session_2,2026-01-26 16:57:41.881,49.649,-74.6246,-72.6602,-36.9963,18.3609,97.2956,111.9534,44.2643,-434.3105,96.5053,173.7104,-3.9240,83.5551,6,0,0,0,0
Session_2,2026-01-26 16:57:41.952,49.720,-74.6246,-72.6598,-36.9959,18.3753,97.3052,111.9054,44.2802,-434.3259,96.5364,173.6925,-3.9082,83.6037,6,0,0,0,0
Session_2,2026-01-26 16:57:42.036,49.804,-74.6248,-72.6570,-36.9946,18.4206,97.3100,111.9102,44.3010,-434.3849,96.6426,173.6700,-3.8646,83.6002,6,0,0,0,0
Session_2,2026-01-26 16:57:42.108,49.877,-74.6265,-72.6490,-36.9904,18.5923,97.2414,111.9102,44.2698,-434.6307,97.0089,173.6655,-3.6684,83.6002,6,0,0,0,0
Session_2,2026-01-26 16:57:42.176,49.944,-74.6269,-72.6409,-36.9860,18.5374,97.2063,111.8367,44.2132,-434.5951,96.9881,173.7092,-3.6868,83.6705,6,0,0,0,0
Session_2,2026-01-26 16:57:42.251,50.019,-74.6279,-72.6050,-36.9832,18.3904,97.2242,111.7062,44.1907,-434.4620,97.0172,173.7241,-3.7797,83.7975,6,0,0,0,0
Session_2,2026-01-26 16:57:42.324,50.092,-74.6279,-72.4418,-36.9825,18.0883,97.2009,111.6328,44.1155,-434.2953,97.7188,173.7918,-3.8917,83.8664,6,0,0,0,0
Session_2,2026-01-26 16:57:42.405,50.173,-74.6281,-71.9656,-36.9826,17.4731,96.8534,111.5723,43.6535,-434.1961,100.1774,174.1628,-3.8876,83.9095,6,0,0,0,0
Session_2,2026-01-26 16:57:42.474,50.242,-74.6287,-71.2984,-36.9828,16.2934,96.0658,111.4865,42.5353,-433.7277,103.0387,175.0792,-4.0691,83.9544,6,0,0,0,0
Session_2,2026-01-26 16:57:42.544,50.312,-74.6568,-70.9701,-36.9829,15.8938,95.3668,111.2661,41.4668,-433.8188,104.7280,175.7423,-3.8640,84.1242,6,0,0,0,0
Session_2,2026-01-26 16:57:42.645,50.414,-74.6821,-70.9384,-36.9825,16.4410,95.5749,110.7971,41.7094,-434.4699,105.9353,175.3104,-3.3608,84.5864,6,0,0,0,0
Session_2,2026-01-26 16:57:42.719,50.488,-74.6820,-70.9347,-36.9818,17.2698,96.0466,110.7264,42.5322,-435.3161,107.4662,174.5701,-2.7417,84.6875,6,0,0,0,0
Session_2,2026-01-26 16:57:42.793,50.561,-74.6821,-70.7815,-36.9788,17.1812,96.1324,110.5616,42.6445,-435.3379,108.4882,174.4581,-2.6927,84.8556,6,0,0,0,0
Session_2,2026-01-26 16:57:42.868,50.636,-74.6831,-70.1202,-36.9786,17.1613,95.9525,110.1180,42.5865,-435.9769,113.4111,174.3869,-1.9854,85.2994,6,0,0,0,0
Session_2,2026-01-26 16:57:42.957,50.725,-74.7298,-68.1782,-36.9781,16.8571,95.3036,109.3723,41.7816,-437.3375,127.4483,174.4331,-0.1517,85.9840,6,0,0,0,0
Session_2,2026-01-26 16:57:43.030,50.798,-75.0030,-65.6689,-36.9778,15.8842,94.7070,108.9899,39.0458,-437.8927,144.5881,174.4980,1.5323,86.0666,6,0,0,0,0
Session_2,2026-01-26 16:57:43.105,50.873,-75.4131,-63.2351,-36.9776,14.5074,94.1844,108.9082,35.0578,-437.3925,160.3880,174.6518,2.7093,85.7092,6,0,0,0,0
Session_2,2026-01-26 16:57:43.179,50.948,-75.9461,-60.7213,-36.9769,13.0140,93.8548,108.8807,30.1832,-436.1282,176.5121,174.6338,3.7842,85.1749,6,0,0,0,0
Session_2,2026-01-26 16:57:43.246,51.014,-76.6003,-58.1008,-36.9766,11.1738,94.0684,108.7317,24.8082,-433.6774,192.7059,174.1905,4.4691,84.6579,6,0,0,0,0
Session_2,2026-01-26 16:57:43.312,51.080,-77.0508,-55.7782,-36.9746,10.2592,93.9887,108.1432,20.7799,-431.6044,208.2660,173.8703,5.8928,84.7519,6,0,0,0,0
Session_2,2026-01-26 16:57:43.373,51.142,-77.3578,-53.2205,-36.9723,9.8369,94.1315,107.6825,18.0397,-429.0163,226.4032,173.1250,7.9343,84.8310,6,0,0,0,0
Session_2,2026-01-26 16:57:43.452,51.221,-77.7100,-49.2049,-36.9688,9.7806,94.6644,107.2389,14.8882,-423.7293,255.7968,171.4751,11.6111,84.7396,6,0,0,0,0
Session_2,2026-01-26 16:57:43.537,51.305,-78.0143,-44.6349,-36.9662,9.7572,94.7509,107.3234,10.9620,-415.4062,288.7218,169.9446,15.9047,84.0137,6,0,0,0,0
Session_2,2026-01-26 16:57:43.609,51.378,-78.2274,-40.3709,-36.9626,9.1825,94.6699,107.0336,7.1630,-405.1119,317.5722,168.9134,19.4936,83.7306,6,0,0,0,0
Session_2,2026-01-26 16:57:43.677,51.446,-78.3267,-36.1464,-36.9615,8.2583,94.5305,106.6999,3.7458,-392.8146,344.5213,168.0724,22.7384,83.5778,6,0,0,0,0
Session_2,2026-01-26 16:57:43.743,51.512,-78.3425,-31.8267,-36.9616,7.9376,94.5058,106.4912,0.6457,-378.4622,372.3590,166.8096,26.5881,83.2087,6,0,0,0,0
Session_2,2026-01-26 16:57:43.825,51.594,-78.3422,-26.6939,-36.9614,7.5455,94.4707,106.8777,-3.4400,-358.8598,403.8607,164.8671,30.9841,81.9257,6,0,0,0,0
Session_2,2026-01-26 16:57:43.900,51.669,-78.3423,-22.2103,-36.9610,6.5877,94.4083,107.3728,-7.4763,-339.6753,428.5036,163.1603,34.1704,80.5685,6,0,0,0,0
Session_2,2026-01-26 16:57:43.974,51.743,-78.3422,-17.1452,-36.9603,4.7701,94.5902,107.4380,-12.1237,-316.0563,452.8737,161.4861,37.1203,79.6568,6,0,0,0,0
Session_2,2026-01-26 16:57:44.047,51.815,-78.3420,-13.3423,-36.9599,3.0295,94.7475,107.1764,-15.8114,-297.2381,468.9473,160.5542,39.0718,79.3812,6,0,0,0,0
Session_2,2026-01-26 16:57:44.122,51.891,-78.3422,-8.8761,-36.9597,1.0828,94.6761,107.1826,-20.6803,-274.0707,486.3674,159.3378,41.4142,78.5410,6,0,0,0,0
Session_2,2026-01-26 16:57:44.188,51.956,-78.3420,-5.1947,-36.9593,0.2939,94.7626,107.3158,-24.7729,-253.7141,501.0428,157.5654,43.9899,77.3107,6,0,0,0,0
Session_2,2026-01-26 16:57:44.269,52.037,-78.3420,-0.4120,-36.9579,-0.9167,94.6383,107.8143,-30.5878,-226.2737,517.7086,155.0107,47.0508,75.0720,6,0,0,0,0
Session_2,2026-01-26 16:57:44.351,52.119,-78.3418,4.0162,-36.9576,-2.4397,94.4639,108.0547,-36.1858,-200.1826,530.2403,152.8893,49.5708,73.2042,6,0,0,0,0
Session_2,2026-01-26 16:57:44.433,52.202,-78.3417,8.1186,-36.9571,-3.4174,94.2188,108.0959,-41.6770,-175.0353,540.8843,150.5934,52.3399,71.1939,6,0,0,0,0
Session_2,2026-01-26 16:57:44.516,52.284,-78.3417,12.1778,-36.9551,-3.6880,93.5973,108.3485,-47.8088,-149.0381,550.9475,147.3223,55.5882,67.8835,6,0,0,0,0
Session_2,2026-01-26 16:57:44.597,52.366,-78.3417,15.3837,-36.9512,-3.6152,92.9697,109.1155,-52.9662,-127.8030,558.0934,143.2617,57.9772,63.5793,6,0,0,0,0
Session_2,2026-01-26 16:57:44.671,52.439,-78.3418,17.7481,-36.9405,-3.9372,92.9903,110.4284,-56.1705,-112.1504,561.9299,139.0682,58.7189,59.4912,6,0,0,0,0
Session_2,2026-01-26 16:57:44.745,52.514,-78.3418,19.9464,-36.9348,-3.9022,93.2080,111.2242,-59.0180,-97.0450,565.4974,134.9359,59.7311,55.8442,6,0,0,0,0
Session_2,2026-01-26 16:57:44.819,52.587,-78.3418,22.0389,-36.9115,-3.4449,93.1043,111.3094,-62.2420,-82.0416,569.1012,131.0129,61.4309,52.3001,6,0,0,0,0
Session_2,2026-01-26 16:57:44.894,52.662,-78.3419,23.5885,-36.9065,-3.6042,92.5784,111.5737,-65.0332,-71.6668,570.5226,128.6227,62.2349,49.6115,6,0,0,0,0
Session_2,2026-01-26 16:57:44.958,52.726,-78.3419,24.7881,-36.9053,-3.5630,92.2453,111.6431,-67.1548,-63.3819,571.6937,126.5019,62.9996,47.3892,6,0,0,0,0
Session_2,2026-01-26 16:57:45.021,52.789,-78.3418,25.8796,-36.8996,-3.1201,91.9899,111.6438,-69.1528,-55.2303,573.2670,123.7391,63.9229,44.6703,6,0,0,0,0
Session_2,2026-01-26 16:57:45.090,52.858,-78.3419,27.0753,-36.8771,-2.3504,91.9089,111.8449,-71.2167,-45.7135,575.2662,119.6061,64.7945,40.8192,6,0,0,0,0
Session_2,2026-01-26 16:57:45.172,52.941,-78.3418,28.3151,-36.8089,-0.8356,92.8022,112.2466,-72.4846,-34.2104,578.2426,113.0286,65.5496,35.6516,6,0,0,0,0
Session_2,2026-01-26 16:57:45.248,53.016,-78.3416,29.3234,-36.5271,-0.8425,92.9491,113.2045,-74.0263,-25.8572,579.0110,109.4086,65.1238,32.3625,6,0,0,0,0
Session_2,2026-01-26 16:57:45.323,53.091,-78.3414,30.0245,-36.0617,-1.1591,93.6303,113.5753,-74.5603,-19.1870,579.4667,107.1916,64.9777,30.9786,6,0,0,0,0
Session_2,2026-01-26 16:57:45.388,53.156,-78.3414,30.4832,-35.3428,-1.6383,93.6475,113.6749,-75.6924,-13.5975,580.0029,105.5612,65.1028,29.5057,6,0,0,0,0
Session_2,2026-01-26 16:57:45.451,53.220,-78.3414,31.0723,-34.5929,-3.4298,93.7491,113.6275,-76.5174,-8.9905,578.6453,106.5984,64.9944,30.5526,6,0,0,0,0
Session_2,2026-01-26 16:57:45.536,53.304,-78.3413,31.8560,-33.7814,-4.6719,93.6839,113.6048,-78.0531,-1.9388,578.0047,105.8238,65.1356,29.7882,6,0,0,0,0
Session_2,2026-01-26 16:57:45.609,53.377,-78.3413,32.1192,-33.5138,-3.0274,93.1819,113.5904,-79.8095,3.5660,580.5740,100.8166,65.7817,24.7343,6,0,0,0,0
Session_2,2026-01-26 16:57:45.675,53.444,-78.3412,32.1333,-33.5005,-1.4722,92.9897,113.5801,-80.5964,6.2273,582.6400,97.0172,66.1126,21.0734,6,0,0,0,0
Session_2,2026-01-26 16:57:45.749,53.518,-78.3411,32.1331,-33.5012,-2.1279,93.4566,113.5787,-79.8239,5.2814,581.7841,98.5965,65.9704,22.9832,6,0,0,0,0
Session_2,2026-01-26 16:57:45.840,53.608,-78.3409,32.1331,-33.5013,-1.9666,93.3241,113.5801,-80.0340,5.5053,581.9954,98.2110,66.0078,22.4988,6,0,0,0,0
