session_name,timestamp,elapsed_time,j1,j2,j3,j4,j5,j6,x,y,z,rx,ry,rz,robot_mode,tooldo1,tooldo2,do1,do2
Session_3,2026-01-26 16:57:49.267,0.005,-78.3403,32.1234,-33.5132,-1.3307,89.5386,113.5155,-84.6987,5.3996,582.8055,96.7972,66.3583,17.4292,6,0,0,0,0
Session_3,2026-01-26 16:57:49.342,0.080,-78.3403,32.1196,-33.5156,-3.0954,90.5061,113.5293,-82.9416,2.6914,580.4718,101.1136,66.0309,22.3435,6,0,0,0,0
Session_3,2026-01-26 16:57:49.416,0.154,-78.3403,32.1145,-33.5164,-6.3611,91.8375,113.5478,-80.2875,-2.1808,575.9242,108.6579,65.0390,30.5348,6,0,0,0,0
Session_3,2026-01-26 16:57:49.488,0.226,-78.3402,32.1134,-33.5177,-8.3228,91.6720,113.6028,-79.8623,-5.2342,573.0450,112.9336,64.3157,34.2282,6,0,0,0,0
Session_3,2026-01-26 16:57:49.555,0.293,-78.3402,32.1135,-33.5177,-6.8582,91.7022,113.6240,-80.2861,-2.9992,575.2028,109.7316,64.8198,31.3628,6,0,0,0,0
Session_3,2026-01-26 16:57:49.623,0.361,-78.3402,32.1136,-33.5174,-5.1821,91.6706,113.6268,-80.8629,-0.3936,577.5999,105.9475,65.3386,27.8991,6,0,0,0,0
Session_3,2026-01-26 16:57:49.690,0.428,-78.3402,32.1138,-33.5173,-4.7001,91.6988,113.6137,-80.9876,0.3796,578.2748,104.8376,65.4791,26.9193,6,0,0,0,0
Session_3,2026-01-26 16:57:49.761,0.499,-78.3402,32.1139,-33.5173,-4.4721,91.6411,113.6062,-81.1307,0.7272,578.5914,104.3140,65.5512,26.3862,6,0,0,0,0
Session_3,2026-01-26 16:57:49.858,0.596,-78.3402,32.1139,-33.5173,-4.5174,91.5676,113.5945,-81.2026,0.6346,578.5284,104.4309,65.5583,26.4207,6,0,0,0,0
Session_3,2026-01-26 16:57:50.121,0.860,-78.3401,32.1137,-33.5176,-4.8951,91.3733,113.6089,-81.3077,-0.0222,578.0012,105.3166,65.4661,27.0321,6,0,0,0,0
Session_3,2026-01-26 16:57:50.183,0.922,-78.3400,32.0975,-33.5219,-5.8818,91.6397,113.6543,-80.6452,-1.6344,576.6061,107.5770,65.1057,29.3449,6,0,0,0,0
Session_3,2026-01-26 16:57:50.263,1.001,-78.3400,31.5527,-33.6504,-6.5499,92.3209,113.6996,-78.7261,-6.8480,575.5615,110.4473,64.5298,32.6108,6,0,0,0,0
Session_3,2026-01-26 16:57:50.328,1.067,-78.3400,30.2680,-33.8138,-4.8065,92.1210,113.6323,-77.5038,-13.9697,577.9688,109.8754,64.7245,31.9063,6,0,0,0,0
Session_3,2026-01-26 16:57:50.419,1.157,-78.3400,27.4370,-34.2319,-2.9677,92.0874,113.3892,-73.6227,-32.9787,579.5774,113.1200,64.4337,34.8420,6,0,0,0,0
Session_3,2026-01-26 16:57:50.494,1.232,-78.3397,24.4521,-34.8707,-1.7207,92.0654,113.2848,-69.1168,-54.9445,578.7462,118.1094,63.5104,39.3245,6,0,0,0,0
Session_3,2026-01-26 16:57:50.561,1.299,-78.3392,21.6283,-35.5112,-1.2483,92.1815,113.2045,-64.4729,-76.7486,575.5895,123.8104,62.0461,44.5277,6,0,0,0,0
Session_3,2026-01-26 16:57:50.636,1.374,-78.3301,17.9382,-36.4195,0.5603,92.1918,113.0287,-58.8792,-103.7204,571.4907,128.7551,60.5813,48.9354,6,0,0,0,0
Session_3,2026-01-26 16:57:50.709,1.447,-78.3243,14.1269,-37.1520,3.7148,92.5475,113.0308,-53.2437,-128.8171,568.0956,130.7986,59.6290,51.0493,6,0,0,0,0
Session_3,2026-01-26 16:57:50.775,1.513,-78.3215,10.5617,-37.6457,6.5156,92.3579,113.0823,-48.7404,-151.7102,563.6174,132.7037,58.8297,52.4934,6,0,0,0,0
Session_3,2026-01-26 16:57:50.849,1.587,-78.3147,6.1899,-38.2779,9.2800,92.4266,113.0253,-42.7526,-180.1696,554.8413,135.8738,57.3468,55.2765,6,0,0,0,0
Session_3,2026-01-26 16:57:50.922,1.660,-78.2520,2.0521,-38.7419,10.0264,92.3820,112.9360,-36.8193,-208.0638,541.4782,140.8182,54.6604,59.4372,6,0,0,0,0
Session_3,2026-01-26 16:57:50.988,1.726,-78.0790,-1.8459,-39.0291,9.9879,92.0496,113.0143,-31.2067,-233.7341,526.1057,145.5132,51.5083,63.0369,6,0,0,0,0
Session_3,2026-01-26 16:57:51.065,1.804,-77.6448,-6.5666,-39.1685,11.2164,91.2126,113.0795,-24.3422,-261.9538,508.4791,149.4774,48.8764,65.7778,6,0,0,0,0
Session_3,2026-01-26 16:57:51.136,1.874,-77.1895,-10.0764,-39.1682,12.1468,90.9421,113.1709,-18.1592,-281.6525,494.3807,151.8312,46.8333,67.7058,6,0,0,0,0
Session_3,2026-01-26 16:57:51.210,1.949,-76.3791,-14.6881,-39.1682,13.3594,89.2893,113.1798,-10.2466,-306.6017,474.0677,155.7937,44.6057,70.0598,6,0,0,0,0
Session_3,2026-01-26 16:57:51.301,2.039,-75.4461,-19.4858,-39.1684,14.5473,89.4775,113.1729,1.0805,-330.2148,450.7592,158.3172,41.4991,72.8601,6,0,0,0,0
Session_3,2026-01-26 16:57:51.374,2.113,-74.7589,-23.3577,-39.1675,14.8322,88.6137,114.7536,8.8826,-348.2625,429.1281,160.2402,38.2248,73.0435,6,0,0,0,0
Session_3,2026-01-26 16:57:51.448,2.187,-74.0790,-26.6800,-39.1683,14.7746,88.8657,115.0193,17.3525,-362.2247,408.9442,162.0632,35.1609,74.7756,6,0,0,0,0
Session_3,2026-01-26 16:57:51.512,2.251,-73.4895,-29.6568,-39.1688,14.8164,88.5663,114.9362,24.1900,-373.8032,390.3728,164.1659,32.7795,76.4241,6,0,0,0,0
Session_3,2026-01-26 16:57:51.572,2.310,-72.9446,-32.3579,-39.1688,15.2449,88.6137,114.7220,30.7972,-383.3123,373.8251,165.5758,30.8404,77.9152,6,0,0,0,0
Session_3,2026-01-26 16:57:51.634,2.372,-72.3762,-35.6404,-39.1691,15.6638,87.2788,115.0832,36.4953,-394.3055,352.9249,168.1129,28.8010,78.7271,6,0,0,0,0
Session_3,2026-01-26 16:57:51.711,2.449,-72.1894,-39.1320,-39.1698,15.5443,86.5867,117.0655,40.2441,-404.5922,328.7994,169.7087,25.5763,77.5759,6,0,0,0,0
Session_3,2026-01-26 16:57:51.771,2.509,-72.1911,-41.9083,-39.1702,15.6988,86.4212,118.2465,42.3381,-411.8045,309.6877,170.7864,23.1942,76.8864,6,0,0,0,0
Session_3,2026-01-26 16:57:51.850,2.589,-72.1918,-46.2205,-39.1704,16.5839,86.6766,118.4340,45.7392,-421.3964,280.6452,172.3754,20.0985,77.3992,6,0,0,0,0
Session_3,2026-01-26 16:57:51.932,2.671,-72.1917,-50.0022,-39.1700,15.4516,88.1804,119.3939,49.3091,-426.5512,250.6251,173.3989,15.0222,77.2828,6,0,0,0,0
Session_3,2026-01-26 16:57:52.004,2.743,-72.1913,-52.9475,-39.1710,13.1870,90.1215,119.2724,52.1651,-427.7340,224.3502,174.4311,9.5815,78.0810,6,0,0,0,0
Session_3,2026-01-26 16:57:52.080,2.818,-72.1911,-54.6260,-39.1712,13.4823,90.1703,117.8881,52.7790,-429.4464,212.5011,175.2863,8.4720,79.5859,6,0,0,0,0
Session_3,2026-01-26 16:57:52.144,2.882,-72.1913,-56.4152,-39.1712,14.2088,89.5084,116.6576,52.6117,-431.5557,200.6036,176.5455,7.9200,80.8748,6,0,0,0,0
Session_3,2026-01-26 16:57:52.204,2.942,-72.1915,-58.1631,-39.1717,14.3564,89.3463,115.2074,52.7369,-432.5934,187.8434,177.5872,6.6281,82.4212,6,0,0,0,0
Session_3,2026-01-26 16:57:52.282,3.020,-72.1931,-60.7044,-39.1713,16.3099,89.3937,113.1413,53.5793,-435.0669,172.4991,178.0188,6.1527,84.5250,6,0,0,0,0
Session_3,2026-01-26 16:57:52.347,3.085,-72.1970,-62.3092,-39.1706,18.0643,89.4122,113.0507,54.1356,-436.8217,163.7283,177.9521,6.2866,84.6060,6,0,0,0,0
Session_3,2026-01-26 16:57:52.421,3.159,-72.1987,-63.4357,-39.1709,17.9874,89.4122,113.0768,54.0635,-436.6395,155.0814,178.4258,5.1793,84.6257,6,0,0,0,0
Session_3,2026-01-26 16:57:52.495,3.234,-72.1991,-64.1146,-39.1708,18.4083,88.8217,112.8076,53.4681,-437.1388,150.7549,179.0948,5.1780,84.8996,6,0,0,0,0
Session_3,2026-01-26 16:57:52.569,3.307,-72.2059,-64.7260,-39.1710,19.2055,88.8258,111.4288,53.6240,-437.7758,147.6214,179.1478,5.3694,86.2708,6,0,0,0,0
Session_3,2026-01-26 16:57:52.642,3.381,-72.2090,-65.3843,-39.1717,19.2721,88.7263,109.9319,53.4362,-437.6621,142.7679,179.5859,4.8671,87.7890,6,0,0,0,0
Session_3,2026-01-26 16:57:52.707,3.446,-72.2308,-66.0851,-39.1717,20.0061,88.8636,109.2247,53.5758,-438.0909,138.8281,179.5054,4.8580,88.4764,6,0,0,0,0
Session_3,2026-01-26 16:57:52.772,3.510,-72.2914,-66.9158,-39.1719,20.1908,89.2433,108.9109,53.4816,-437.7909,132.8774,179.3837,4.1265,88.7484,6,0,0,0,0
Session_3,2026-01-26 16:57:52.837,3.576,-72.3965,-67.7663,-39.1718,20.7106,89.6711,108.4866,53.1873,-437.7753,127.3978,179.1141,3.6819,89.0776,6,0,0,0,0
Session_3,2026-01-26 16:57:52.904,3.642,-72.5789,-68.4930,-39.1719,21.0340,90.1133,108.0114,52.2591,-437.6342,122.4940,178.8495,3.1688,89.3812,6,0,0,0,0
Session_3,2026-01-26 16:57:52.980,3.718,-72.7075,-68.7278,-39.1719,20.6612,89.5152,107.4985,50.4065,-437.3963,120.0415,179.6314,2.7793,89.7734,6,0,0,0,0
Session_3,2026-01-26 16:57:53.045,3.783,-72.7280,-68.7271,-39.1715,20.8672,89.7288,107.3076,50.5666,-437.5598,120.4225,179.3750,2.9147,89.9415,6,0,0,0,0
Session_3,2026-01-26 16:57:53.128,3.866,-72.7262,-68.7269,-39.1717,20.5671,90.1964,107.2533,51.0211,-437.0674,119.8764,179.0205,2.4901,90.0037,6,0,0,0,0
Session_3,2026-01-26 16:57:53.194,3.933,-72.7276,-68.7271,-39.1719,19.8495,90.3296,106.8880,50.9217,-436.2383,118.5763,179.1178,1.7707,90.3763,6,0,0,0,0
Session_3,2026-01-26 16:57:53.260,3.998,-72.7293,-68.7270,-39.1720,18.9226,90.5953,106.3339,50.8953,-435.1111,116.9161,179.1408,0.8148,90.9360,6,0,0,0,0
Session_3,2026-01-26 16:57:53.321,4.060,-72.7392,-68.7259,-39.1719,18.7612,91.5896,105.8869,51.9156,-434.5803,116.6601,178.2348,0.3954,91.3798,6,0,0,0,0
Session_3,2026-01-26 16:57:53.388,4.126,-72.7439,-68.7074,-39.1711,18.6644,91.9672,105.8787,52.2882,-434.3554,116.6445,177.8929,0.2178,91.3869,6,0,0,0,0
Session_3,2026-01-26 16:57:53.472,4.211,-72.8169,-68.7076,-39.1713,17.7642,91.3376,105.8031,50.6854,-433.6130,115.0271,178.7442,-0.4746,91.3838,6,0,0,0,0
Session_3,2026-01-26 16:57:53.554,4.292,-73.1121,-68.7067,-39.1712,17.2485,91.0224,105.3932,47.9015,-433.3762,114.1209,179.1813,-0.8782,91.4953,6,0,0,0,0
Session_3,2026-01-26 16:57:53.620,4.359,-73.4207,-68.6985,-39.1711,17.4703,90.9936,105.0437,45.6133,-433.9062,114.5711,179.1441,-0.6435,91.5369,6,0,0,0,0
Session_3,2026-01-26 16:57:53.704,4.442,-73.6027,-68.6984,-39.1712,17.6125,91.3328,104.6132,44.6785,-434.0996,114.8296,178.7752,-0.5850,91.7874,6,0,0,0,0
Session_3,2026-01-26 16:57:53.786,4.524,-73.6026,-68.6975,-39.1711,17.7306,91.6342,104.5445,45.0703,-434.1353,115.0533,178.4528,-0.5440,91.8582,6,0,0,0,0
Session_3,2026-01-26 16:57:53.859,4.597,-73.6027,-68.6956,-39.1712,17.6214,91.7207,104.4889,45.1337,-433.9795,114.8783,178.3954,-0.6681,91.9141,6,0,0,0,0
Session_3,2026-01-26 16:57:53.934,4.672,-73.6018,-68.6948,-39.1713,17.4188,92.1808,104.2891,45.6055,-433.5843,114.5472,177.9970,-0.9716,92.1176,6,0,0,0,0
Session_3,2026-01-26 16:57:53.993,4.732,-73.6018,-68.6949,-39.1715,17.2863,92.3298,104.0652,45.7326,-433.3769,114.3208,177.8809,-1.1288,92.3420,6,0,0,0,0
Session_3,2026-01-26 16:57:54.064,4.802,-73.6019,-68.6945,-39.1714,17.2149,92.0956,104.0385,45.4349,-433.3733,114.1887,178.1247,-1.1398,92.3664,6,0,0,0,0
Session_3,2026-01-26 16:57:54.139,4.877,-73.6019,-68.6949,-39.1718,16.6354,92.0922,103.9341,45.2277,-432.6833,113.1737,178.2657,-1.6988,92.4672,6,0,0,0,0
Session_3,2026-01-26 16:57:54.221,4.959,-73.6018,-68.6951,-39.1720,16.2824,92.2501,103.5880,45.2870,-432.2037,112.5667,178.1850,-2.0689,92.8118,6,0,0,0,0
Session_3,2026-01-26 16:57:54.287,5.025,-73.6016,-68.6950,-39.1719,16.5997,92.3634,103.3230,45.5325,-432.5475,113.1235,177.9920,-1.7776,93.0804,6,0,0,0,0
Session_3,2026-01-26 16:57:54.350,5.088,-73.6017,-68.6952,-39.1720,16.5145,92.3291,103.3182,45.4620,-432.4565,112.9716,178.0450,-1.8528,93.0843,6,0,0,0,0
Session_3,2026-01-26 16:57:54.411,5.150,-73.6016,-68.6957,-39.1723,16.5049,92.1705,103.3189,45.2742,-432.4980,112.9427,178.2018,-1.8263,93.0824,6,0,0,0,0
Session_3,2026-01-26 16:57:54.494,5.232,-73.6017,-68.6959,-39.1725,16.5118,92.0709,103.2887,45.1603,-432.5396,112.9479,178.2962,-1.7962,93.1119,6,0,0,0,0
Session_3,2026-01-26 16:57:54.559,5.297,-73.6016,-68.6961,-39.1734,16.5131,92.1018,103.2543,45.1963,-432.5288,112.9463,178.2650,-1.8020,93.1464,6,0,0,0,0
Session_3,2026-01-26 16:57:54.621,5.359,-73.6016,-68.6961,-39.1736,16.4486,92.1382,103.2111,45.2160,-432.4383,112.8349,178.2430,-1.8721,93.1895,6,0,0,0,0
Session_3,2026-01-26 16:57:54.692,5.430,-73.6016,-68.6961,-39.1739,16.5207,92.0915,103.1067,45.1870,-432.5404,112.9565,178.2688,-1.7883,93.2941,6,0,0,0,0
Session_3,2026-01-26 16:57:54.756,5.494,-73.6016,-68.6965,-39.1758,16.4211,92.1355,102.8828,45.2018,-432.4011,112.7744,178.2417,-1.8907,93.5176,6,0,0,0,0
Session_3,2026-01-26 16:57:54.839,5.578,-73.6015,-68.6966,-39.1785,16.4191,92.1320,102.7428,45.1958,-432.3944,112.7585,178.2415,-1.8903,93.6576,6,0,0,0,0
Session_3,2026-01-26 16:57:54.920,5.658,-73.6015,-68.6968,-39.1816,16.4397,92.1224,102.5642,45.1901,-432.4159,112.7782,178.2413,-1.8659,93.8362,6,0,0,0,0
Session_3,2026-01-26 16:57:54.995,5.733,-73.6015,-68.6969,-39.1824,16.4390,92.2179,102.3816,45.3003,-432.3808,112.7772,178.1424,-1.8823,94.0195,6,0,0,0,0
Session_3,2026-01-26 16:57:55.070,5.808,-73.6015,-68.6969,-39.1830,16.6244,92.3009,102.3143,45.4623,-432.5742,113.1002,178.0196,-1.7173,94.0887,6,0,0,0,0
Session_3,2026-01-26 16:57:55.151,5.889,-73.6016,-68.6969,-39.1831,16.9032,92.2906,102.2449,45.5474,-432.9109,113.5841,177.9685,-1.4403,94.1594,6,0,0,0,0
Session_3,2026-01-26 16:57:55.218,5.956,-73.6016,-68.6969,-39.1831,17.4518,92.0867,102.1859,45.5017,-433.6298,114.5332,178.0506,-0.8590,94.2193,6,0,0,0,0
Session_3,2026-01-26 16:57:55.280,6.018,-73.6015,-68.6969,-39.1831,18.1316,91.8821,102.0390,45.4976,-434.4921,115.7217,178.1068,-0.1465,94.3661,6,0,0,0,0
Session_3,2026-01-26 16:57:55.361,6.099,-73.6015,-68.6970,-39.1831,18.2593,91.8718,101.8714,45.5286,-434.6429,115.9467,178.0902,-0.0139,94.5335,6,0,0,0,0
Session_3,2026-01-26 16:57:55.448,6.186,-73.6015,-68.6970,-39.1830,18.1858,91.9466,101.8089,45.5911,-434.5327,115.8201,178.0320,-0.0990,94.5965,6,0,0,0,0
Session_3,2026-01-26 16:57:55.531,6.269,-73.6015,-68.6969,-39.1830,18.1535,91.9782,101.7911,45.6170,-434.4848,115.7654,178.0076,-0.1362,94.6145,6,0,0,0,0
Session_3,2026-01-26 16:57:55.604,6.342,-73.6015,-68.6967,-39.1829,17.8246,92.0963,101.7842,45.6419,-434.0632,115.1915,177.9590,-0.4818,94.6218,6,0,0,0,0
Session_3,2026-01-26 16:57:55.678,6.416,-73.6010,-68.6968,-39.1831,17.2355,92.4108,101.7842,45.8080,-433.2638,114.1707,177.7715,-1.1230,94.6231,6,0,0,0,0
Session_3,2026-01-26 16:57:55.752,6.490,-73.6011,-68.6966,-39.1829,17.5925,92.3140,101.7924,45.8189,-433.7175,114.7941,177.7934,-0.7537,94.6152,6,0,0,0,0
Session_3,2026-01-26 16:57:55.825,6.564,-73.6011,-68.6967,-39.1829,17.4181,92.4177,101.7883,45.8791,-433.4771,114.4919,177.7275,-0.9456,94.6196,6,0,0,0,0
Session_3,2026-01-26 16:57:55.900,6.639,-73.6010,-68.6966,-39.1829,17.2959,92.4259,101.7973,45.8465,-433.3305,114.2793,177.7445,-1.0671,94.6104,6,0,0,0,0
Session_3,2026-01-26 16:57:55.981,6.719,-73.6011,-68.6961,-39.1823,16.8022,92.9903,101.8137,46.3305,-432.5536,113.4564,177.2930,-1.6654,94.5965,6,0,0,0,0
Session_3,2026-01-26 16:57:56.041,6.779,-73.6010,-68.6955,-39.1813,16.5454,93.3055,101.8192,46.6077,-432.1412,113.0402,177.0368,-1.9800,94.5926,6,0,0,0,0
Session_3,2026-01-26 16:57:56.114,6.852,-73.6012,-68.6956,-39.1813,16.6051,92.9945,101.8185,46.2657,-432.3191,113.1229,177.3291,-1.8579,94.5903,6,0,0,0,0
Session_3,2026-01-26 16:57:56.202,6.940,-73.6011,-68.6957,-39.1814,16.2563,92.9230,101.8199,46.0595,-431.9229,112.5131,177.4706,-2.1849,94.5858,6,0,0,0,0
Session_3,2026-01-26 16:57:56.286,7.024,-73.6011,-68.6960,-39.1818,15.9171,93.1510,101.7911,46.2034,-431.4322,111.9385,177.3158,-2.5630,94.6140,6,0,0,0,0
Session_3,2026-01-26 16:57:56.362,7.100,-73.6009,-68.6963,-39.1822,15.9405,93.2499,101.7719,46.3279,-431.4259,111.9814,177.2134,-2.5601,94.6346,6,0,0,0,0
Session_3,2026-01-26 16:57:56.437,7.175,-73.6009,-68.6962,-39.1821,16.2474,92.9450,101.7471,46.0833,-431.9026,112.4925,177.4484,-2.1961,94.6590,6,1,0,0,0
Session_3,2026-01-26 16:57:56.519,7.257,-73.6011,-68.6963,-39.1823,16.2543,92.4966,101.7361,45.5624,-432.0632,112.4768,177.8858,-2.0981,94.6661,6,1,0,0,0
Session_3,2026-01-26 16:57:56.585,7.323,-73.6010,-68.6964,-39.1823,16.2460,92.4788,101.7046,45.5394,-432.0591,112.4608,177.9038,-2.1015,94.6976,6,1,0,0,0
Session_3,2026-01-26 16:57:56.656,7.394,-73.6010,-68.6968,-39.1827,16.3854,92.3882,101.6895,45.4832,-432.2572,112.6924,177.9639,-1.9469,94.7130,6,1,0,0,0
Session_3,2026-01-26 16:57:56.742,7.481,-73.6010,-68.6969,-39.1830,16.4740,92.3504,101.6716,45.4706,-432.3763,112.8417,177.9825,-1.8522,94.7312,6,1,0,0,0
Session_3,2026-01-26 16:57:56.816,7.554,-73.6009,-68.6972,-39.1834,16.5269,92.1691,101.6592,45.2785,-432.5005,112.9205,178.1491,-1.7641,94.7427,6,1,0,0,0
Session_3,2026-01-26 16:57:56.887,7.625,-73.6009,-68.6975,-39.1855,16.4479,92.0908,101.6558,45.1582,-432.4276,112.7685,178.2421,-1.8279,94.7451,6,1,0,0,0
Session_3,2026-01-26 16:57:56.956,7.694,-73.6009,-68.6977,-39.1965,16.4520,92.0421,101.6373,45.0966,-432.4267,112.7239,178.2907,-1.8244,94.7633,6,1,0,0,0
Session_3,2026-01-26 16:57:57.024,7.762,-73.6005,-68.6983,-39.3054,16.3923,91.9556,101.6256,44.9126,-432.1617,112.1344,178.4092,-1.9725,94.7738,6,1,0,0,0
Session_3,2026-01-26 16:57:57.097,7.835,-73.5999,-68.6986,-39.6459,16.5207,91.9720,101.5940,44.7766,-431.6136,110.8640,178.4347,-2.1829,94.8045,6,1,0,0,0
Session_3,2026-01-26 16:57:57.178,7.916,-73.5992,-68.6991,-40.4611,16.5578,92.1087,101.4416,44.4530,-429.9092,107.3766,178.4496,-2.9689,94.9515,6,1,0,0,0
Session_3,2026-01-26 16:57:57.239,7.977,-73.5991,-68.6991,-41.3150,17.5651,92.1149,101.3702,44.2911,-429.3297,105.3921,178.4095,-2.8178,95.0247,6,1,0,0,0
Session_3,2026-01-26 16:57:57.335,8.073,-73.5987,-68.6987,-42.8666,19.5975,92.3943,101.4059,44.3590,-428.3493,102.1819,178.0420,-2.4024,94.9954,6,1,0,0,0
Session_3,2026-01-26 16:57:57.409,8.148,-73.5987,-68.6984,-43.9097,21.5318,92.7061,101.4093,44.7284,-428.2684,101.0438,177.5601,-1.5902,95.0004,6,1,0,0,0
Session_3,2026-01-26 16:57:57.492,8.231,-73.5984,-68.6971,-44.3857,24.2063,94.2998,101.2926,47.1871,-429.7812,103.8230,175.5638,0.2607,95.1411,6,1,0,0,0
Session_3,2026-01-26 16:57:57.555,8.294,-73.5977,-68.6964,-44.3809,24.7213,95.0139,101.2967,48.1933,-430.1223,104.8420,174.7619,0.6314,95.1487,6,1,0,0,0
Session_3,2026-01-26 16:57:57.624,8.363,-73.5894,-68.6967,-44.3811,24.2702,94.9404,101.3969,48.0219,-429.6360,104.0229,174.9218,0.1940,95.0565,6,1,0,0,0
Session_3,2026-01-26 16:57:57.691,8.430,-73.5894,-68.6969,-44.3815,23.9639,94.6740,101.4622,47.6111,-429.3807,103.4461,175.2434,-0.0598,94.9871,6,1,0,0,0
Session_3,2026-01-26 16:57:57.756,8.494,-73.5894,-68.6968,-44.3815,23.7854,94.4563,101.4999,47.2992,-429.2524,103.1077,175.4922,-0.1947,94.9459,6,1,0,0,0
Session_3,2026-01-26 16:57:57.821,8.559,-73.5894,-68.6968,-44.3815,23.6343,94.2572,101.5144,47.0171,-429.1483,102.8214,175.7175,-0.3041,94.9283,6,1,0,0,0
Session_3,2026-01-26 16:57:57.890,8.628,-73.5895,-68.6969,-44.3820,22.9463,94.1336,101.5233,46.6392,-428.3955,101.5920,175.9758,-0.9549,94.9160,6,1,0,0,0
Session_3,2026-01-26 16:57:57.959,8.697,-73.5895,-68.6969,-44.3821,22.6964,93.8315,101.5350,46.2022,-428.2063,101.1261,176.3221,-1.1406,94.8994,6,1,0,0,0
Session_3,2026-01-26 16:57:58.030,8.768,-73.5894,-68.6970,-44.3822,22.2865,93.7237,101.5425,45.9352,-427.7596,100.3991,176.5098,-1.5214,94.8887,6,1,0,0,0
Session_3,2026-01-26 16:57:58.104,8.843,-73.5894,-68.6972,-44.3827,21.9143,93.3865,101.5562,45.4127,-427.4304,99.7218,176.9152,-1.8201,94.8689,6,1,0,0,0
Session_3,2026-01-26 16:57:58.179,8.917,-73.5893,-68.6974,-44.3831,21.8120,93.2520,101.5665,45.2204,-427.3526,99.5319,177.0680,-1.8945,94.8566,6,1,0,0,0
Session_3,2026-01-26 16:57:58.240,8.978,-73.5887,-68.6974,-44.3832,21.8360,93.2465,101.5947,45.2275,-427.3824,99.5724,177.0695,-1.8714,94.8292,6,1,0,0,0
Session_3,2026-01-26 16:57:58.304,9.042,-73.5880,-68.6976,-44.3836,21.8065,93.0734,101.6888,45.0203,-427.4045,99.5067,177.2482,-1.8707,94.7339,6,1,0,0,0
Session_3,2026-01-26 16:57:58.385,9.123,-73.5870,-68.6978,-44.3842,21.8175,92.8324,101.7945,44.7512,-427.4973,99.5063,177.4856,-1.8166,94.6271,6,1,0,0,0
Session_3,2026-01-26 16:57:58.448,9.186,-73.5867,-68.6976,-44.3841,21.8834,92.8633,101.7780,44.8126,-427.5660,99.6246,177.4413,-1.7574,94.6445,6,1,0,0,0
Session_3,2026-01-26 16:57:58.514,9.252,-73.5871,-68.6967,-44.3832,22.0990,92.8743,101.7547,44.8995,-427.8231,100.0110,177.3855,-1.5457,94.6689,6,1,0,0,0
Session_3,2026-01-26 16:57:58.590,9.329,-73.5875,-68.6936,-44.3816,22.1532,92.9347,101.7169,44.9880,-427.8743,100.1391,177.3134,-1.4985,94.7072,6,1,0,0,0
Session_3,2026-01-26 16:57:58.673,9.411,-73.5880,-68.6204,-44.3815,21.9740,92.9800,101.6366,44.9974,-427.7257,100.3706,177.2882,-1.6076,94.7868,6,1,0,0,0
Session_3,2026-01-26 16:57:58.755,9.493,-73.5880,-68.4521,-44.3814,21.8669,93.0199,101.6235,45.0594,-427.7657,101.4296,177.2365,-1.5550,94.8005,6,1,0,0,0
Session_3,2026-01-26 16:57:58.821,9.560,-73.5879,-68.2594,-44.3815,21.5682,93.0281,101.6263,45.0246,-427.6109,102.3319,177.2499,-1.6608,94.7973,6,1,0,0,0
Session_3,2026-01-26 16:57:58.896,9.634,-73.5883,-68.1157,-44.3815,21.4405,92.9718,101.6421,44.9561,-427.6284,103.1674,177.3023,-1.6344,94.7807,6,1,0,0,0
Session_3,2026-01-26 16:57:58.970,9.708,-73.5883,-68.0989,-44.3817,21.1315,93.0741,101.6393,44.9706,-427.2406,102.7598,177.2609,-1.9414,94.7826,6,1,0,0,0
Session_3,2026-01-26 16:57:59.032,9.770,-73.5885,-68.0991,-44.3819,20.9818,93.0446,101.6785,44.8818,-427.0699,102.4962,177.3215,-2.0843,94.7419,6,1,0,0,0
Session_3,2026-01-26 16:57:59.094,9.832,-73.5888,-68.0988,-44.3817,21.4453,92.9004,101.7039,44.8762,-427.6759,103.2946,177.3696,-1.6019,94.7179,6,0,0,0,0
Session_3,2026-01-26 16:57:59.161,9.899,-73.5888,-68.0988,-44.3818,21.2297,92.7452,101.6895,44.6197,-427.4709,102.9103,177.5649,-1.7810,94.7297,6,0,0,0,0
Session_3,2026-01-26 16:57:59.221,9.960,-73.5888,-68.0985,-44.3817,21.0594,92.4809,101.6517,44.2520,-427.3571,102.6034,177.8570,-1.8924,94.7641,6,0,0,0,0
Session_3,2026-01-26 16:57:59.308,10.046,-73.5888,-68.0855,-44.3815,20.8363,92.5694,101.5418,44.2797,-427.0715,102.3187,177.8086,-2.1117,94.8732,6,0,0,0,0
Session_3,2026-01-26 16:57:59.377,10.115,-73.5888,-67.9813,-44.3814,20.7676,92.6422,101.4725,44.3722,-427.0729,102.9719,177.7276,-2.0887,94.9434,6,0,0,0,0
Session_3,2026-01-26 16:57:59.450,10.188,-73.5888,-67.6238,-44.3816,20.3899,92.6326,101.4004,44.3346,-426.9857,104.9522,177.7384,-2.1038,95.0153,6,0,0,0,0
Session_3,2026-01-26 16:57:59.516,10.255,-73.5887,-67.1717,-44.3815,20.4016,92.6079,101.3969,44.4414,-427.4516,108.3039,177.6709,-1.6441,95.0216,6,0,0,0,0
Session_3,2026-01-26 16:57:59.583,10.321,-73.5884,-66.5922,-44.3816,20.2560,92.5893,101.4148,44.5272,-427.8169,112.3252,177.6037,-1.2159,95.0060,6,0,0,0,0
Session_3,2026-01-26 16:57:59.648,10.386,-73.5883,-66.1265,-44.3817,20.1015,92.4760,101.4368,44.4607,-428.0730,115.4867,177.6536,-0.8895,94.9844,6,0,0,0,0
Session_3,2026-01-26 16:57:59.724,10.462,-73.5883,-65.8978,-44.3816,20.2567,92.4994,101.4464,44.5964,-428.4332,117.4514,177.5548,-0.5181,94.9759,6,0,0,0,0
Session_3,2026-01-26 16:57:59.798,10.536,-73.5883,-65.8911,-44.3814,20.5554,92.6656,101.4375,44.8928,-428.7283,118.0388,177.3312,-0.2510,94.9866,6,0,0,0,0
Session_3,2026-01-26 16:57:59.880,10.618,-73.5883,-65.8839,-44.3786,21.2222,92.8722,101.4375,45.3613,-429.4312,119.2999,176.9946,0.3713,94.9886,6,0,0,0,0
Session_3,2026-01-26 16:57:59.953,10.691,-73.5879,-65.8600,-44.3727,21.4474,93.0597,101.4532,45.6654,-429.6513,119.9170,176.7603,0.5832,94.9748,6,0,0,0,0
Session_3,2026-01-26 16:58:00.042,10.780,-73.5873,-65.8609,-44.3739,20.8939,92.8290,101.4539,45.2166,-429.0992,118.9046,177.0965,0.0845,94.9729,6,0,0,0,0
Session_3,2026-01-26 16:58:00.112,10.850,-73.5824,-65.8626,-44.3744,20.8541,92.9107,101.4546,45.3338,-429.0195,118.8242,177.0248,0.0271,94.9779,6,0,0,0,0
Session_3,2026-01-26 16:58:00.184,10.922,-73.5543,-65.8688,-44.3750,20.8850,92.9979,101.4684,45.6544,-428.9966,118.8361,176.9345,0.0327,94.9933,6,0,0,0,0
Session_3,2026-01-26 16:58:00.249,10.987,-73.4821,-65.8902,-44.3761,20.8713,93.0686,101.5102,46.2667,-428.8796,118.6524,176.8724,-0.0192,95.0244,6,0,0,0,0
Session_3,2026-01-26 16:58:00.331,11.069,-73.2626,-65.8931,-44.3764,21.1514,93.1441,101.5611,48.0921,-428.9886,119.1327,176.7430,0.2342,95.1939,6,0,0,0,0
Session_3,2026-01-26 16:58:00.413,11.151,-73.0008,-65.8935,-44.3764,21.4481,93.0288,101.6016,50.0200,-429.1396,119.6511,176.7964,0.5452,95.4135,6,0,0,0,0
Session_3,2026-01-26 16:58:00.479,11.217,-72.9283,-65.9309,-44.3899,21.2846,92.8352,101.6098,50.2655,-428.9047,119.0108,177.0290,0.3738,95.4761,6,0,0,0,0
Session_3,2026-01-26 16:58:00.553,11.291,-72.9301,-66.1238,-44.3947,21.2737,92.3236,101.6119,49.6062,-428.9153,117.5130,177.5720,0.2722,95.4676,6,0,0,0,0
Session_3,2026-01-26 16:58:00.636,11.374,-72.9313,-66.4720,-44.3948,21.5655,92.3737,101.5796,49.6698,-428.9471,115.4534,177.5344,0.2081,95.4991,6,0,0,0,0
Session_3,2026-01-26 16:58:00.709,11.447,-72.9313,-66.6824,-44.3958,21.6245,92.3476,101.5789,49.6054,-428.8443,113.9932,177.5905,0.0641,95.4996,6,0,0,0,0
Session_3,2026-01-26 16:58:00.775,11.513,-72.9305,-66.7017,-44.3969,21.9143,92.3154,101.5823,49.6692,-429.1664,114.3591,177.5681,0.3344,95.4965,6,0,0,0,0
Session_3,2026-01-26 16:58:00.840,11.578,-72.9305,-66.7027,-44.3982,21.6850,92.3264,101.5727,49.6014,-428.8978,113.9382,177.6038,0.1056,95.5065,6,0,0,0,0
Session_3,2026-01-26 16:58:00.914,11.653,-72.9305,-66.7146,-44.4132,21.7090,92.2639,101.5796,49.5242,-428.9058,113.8241,177.6656,0.1150,95.4990,6,0,0,0,0
Session_3,2026-01-26 16:58:00.987,11.725,-72.9306,-66.7212,-44.4296,21.6795,92.2426,101.5803,49.4758,-428.8397,113.6501,177.6970,0.0679,95.4981,6,0,0,0,0
Session_3,2026-01-26 16:58:01.062,11.800,-72.9309,-66.7223,-44.4570,21.8470,92.1101,101.5878,49.3609,-429.0197,113.8136,177.7989,0.2304,95.4891,6,0,0,0,0
Session_3,2026-01-26 16:58:01.136,11.874,-72.9309,-66.7246,-44.4744,21.8697,92.0675,101.5878,49.3081,-429.0219,113.7584,177.8400,0.2418,95.4888,6,0,0,0,0
Session_3,2026-01-26 16:58:01.219,11.957,-72.9307,-66.7330,-44.4943,21.8058,92.0229,101.5899,49.2200,-428.9158,113.4940,177.9022,0.1604,95.4867,6,0,0,0,0
Session_3,2026-01-26 16:58:01.300,12.038,-72.9301,-66.7942,-44.5726,21.9177,92.0119,101.5981,49.1839,-428.8287,112.8962,177.9185,0.1354,95.4789,6,0,0,0,0
Session_3,2026-01-26 16:58:01.385,12.123,-72.9303,-66.8487,-44.9246,22.3991,91.9315,101.6077,49.0140,-428.6115,111.8045,177.9821,0.2244,95.4686,6,0,0,0,0
Session_3,2026-01-26 16:58:01.452,12.191,-72.9307,-66.8486,-45.4390,22.8529,91.9851,101.6029,48.8938,-428.0088,110.3687,177.9418,0.1547,95.4734,6,0,0,0,0
Session_3,2026-01-26 16:58:01.524,12.263,-72.9306,-66.8484,-46.0625,23.3556,92.1616,101.5830,48.8600,-427.1681,108.5556,177.7932,0.0017,95.4947,6,0,0,0,0
Session_3,2026-01-26 16:58:01.599,12.337,-72.9304,-66.8483,-46.5686,24.3478,92.3202,101.5961,49.0519,-427.1334,108.1286,177.5402,0.4456,95.4828,6,0,0,0,0
Session_3,2026-01-26 16:58:01.664,12.403,-72.9304,-66.8483,-46.9638,24.7762,92.4204,101.6160,49.0504,-426.7125,107.1812,177.4352,0.4571,95.4638,6,0,0,0,0
Session_3,2026-01-26 16:58:01.740,12.478,-72.9303,-66.8485,-47.2248,24.8820,92.3854,101.6146,48.8696,-426.2663,106.2362,177.5007,0.3121,95.4651,6,0,0,0,0
Session_3,2026-01-26 16:58:01.805,12.543,-72.9303,-66.8485,-47.2526,25.3427,92.3792,101.6208,49.0032,-426.7265,106.9366,177.4196,0.7370,95.4581,6,0,0,0,0
Session_3,2026-01-26 16:58:01.872,12.610,-72.9303,-66.8485,-47.2524,25.7829,92.4314,101.6441,49.2143,-427.1993,107.7300,177.2794,1.1568,95.4338,6,0,0,0,0
Session_3,2026-01-26 16:58:01.946,12.684,-72.9305,-66.8486,-47.2527,25.4292,92.3827,101.7018,49.0352,-426.8223,107.0911,177.3977,0.8173,95.3767,6,0,0,0,0
Session_3,2026-01-26 16:58:02.028,12.766,-72.9306,-66.8496,-47.2531,25.3468,92.2522,101.7444,48.8544,-426.7746,106.9277,177.5419,0.7598,95.3332,6,0,0,0,0
Session_3,2026-01-26 16:58:02.102,12.840,-72.9306,-66.8505,-47.2532,25.5254,92.1986,101.8158,48.8532,-426.9926,107.2383,177.5570,0.9415,95.2608,6,0,0,0,0
Session_3,2026-01-26 16:58:02.175,12.913,-72.9306,-66.8841,-47.2552,25.5130,91.9329,101.8927,48.5295,-427.0365,106.9479,177.8256,0.9460,95.1819,6,0,0,0,0
Session_3,2026-01-26 16:58:02.251,12.989,-72.9307,-67.1605,-47.2551,25.9765,91.9714,101.9868,48.6494,-427.2685,105.7419,177.7476,1.1175,95.0874,6,0,0,0,0
Session_3,2026-01-26 16:58:02.332,13.071,-72.9310,-67.9908,-47.2539,27.4624,92.4424,102.0039,49.4362,-427.8941,102.3149,177.1500,1.6615,95.0710,6,0,0,0,0
Session_3,2026-01-26 16:58:02.407,13.145,-72.9395,-68.4336,-47.2525,28.3475,92.8482,101.9854,49.9939,-428.2495,100.6725,176.6616,2.0123,95.0826,6,0,0,0,0
Session_3,2026-01-26 16:58:02.471,13.210,-72.9392,-68.4358,-47.2521,28.0605,92.8379,101.9483,49.8880,-427.9406,100.1366,176.7328,1.7340,95.1218,6,0,0,0,0
Session_3,2026-01-26 16:58:02.546,13.284,-72.9391,-68.4359,-47.2520,27.6979,92.7459,101.9833,49.6608,-427.5772,99.4753,176.8969,1.3963,95.0879,6,0,0,0,0
Session_3,2026-01-26 16:58:02.636,13.374,-72.9392,-68.4362,-47.2523,27.3354,92.5674,102.0444,49.3304,-427.2399,98.8093,177.1457,1.0751,95.0265,6,1,0,0,0
Session_3,2026-01-26 16:58:02.702,13.440,-72.9388,-68.4375,-47.2530,27.2104,92.4966,102.1619,49.2082,-427.1228,98.5684,177.2394,0.9600,94.9094,6,1,0,0,0
Session_3,2026-01-26 16:58:02.777,13.515,-72.9384,-68.4616,-47.2536,27.1500,92.4390,102.4269,49.1147,-427.0474,98.2761,177.3096,0.8765,94.6446,6,1,0,0,0
Session_3,2026-01-26 16:58:02.852,13.591,-72.9378,-68.5619,-47.2538,27.3237,92.4156,102.7167,49.1170,-427.1361,97.8457,177.3119,0.9394,94.3553,6,1,0,0,0
Session_3,2026-01-26 16:58:02.949,13.688,-72.9378,-68.6760,-47.2538,27.5050,92.4129,102.8142,49.1358,-427.2101,97.3290,177.2981,1.0009,94.2575,6,1,0,0,0
Session_3,2026-01-26 16:58:03.023,13.761,-72.9379,-68.6761,-47.2538,27.4988,92.4280,102.7448,49.1510,-427.1979,97.3185,177.2859,0.9949,94.3270,6,1,0,0,0
Session_3,2026-01-26 16:58:03.088,13.826,-72.9378,-68.6760,-47.2537,27.4850,92.4218,102.7702,49.1400,-427.1851,97.2943,177.2945,0.9818,94.3017,6,1,0,0,0
Session_3,2026-01-26 16:58:03.162,13.900,-72.9378,-68.6761,-47.2537,27.4624,92.4197,102.8238,49.1296,-427.1605,97.2529,177.3007,0.9575,94.2482,6,1,0,0,0
Session_3,2026-01-26 16:58:03.236,13.974,-72.9378,-68.6763,-47.2537,27.4150,92.4053,102.9096,49.0966,-427.1128,97.1661,177.3239,0.9104,94.1625,6,1,0,0,0
Session_3,2026-01-26 16:58:03.297,14.036,-72.9377,-68.6782,-47.2537,27.3985,92.3682,102.9666,49.0485,-427.1052,97.1205,177.3633,0.8981,94.1054,6,1,0,0,0
Session_3,2026-01-26 16:58:03.370,14.108,-72.9375,-68.6848,-47.2538,27.3875,92.3243,102.9776,48.9930,-427.1008,97.0495,177.4099,0.8902,94.0942,6,1,0,0,0
Session_3,2026-01-26 16:58:03.452,14.190,-72.9369,-68.7556,-47.2538,27.5434,92.3099,102.9858,49.0089,-427.1985,96.8055,177.4047,0.9759,94.0861,6,1,0,0,0
Session_3,2026-01-26 16:58:03.522,14.260,-72.9350,-68.7852,-47.2538,27.6340,92.2920,102.9460,49.0233,-427.2702,96.7495,177.4091,1.0413,94.1274,6,1,0,0,0
Session_3,2026-01-26 16:58:03.591,14.329,-72.9344,-68.7861,-47.2538,27.6752,92.2906,102.8925,49.0395,-427.3150,96.8167,177.4024,1.0833,94.1813,6,1,0,0,0
Session_3,2026-01-26 16:58:03.652,14.391,-72.9345,-68.7860,-47.2537,27.6794,92.2941,102.8444,49.0447,-427.3186,96.8250,177.3990,1.0888,94.2293,6,1,0,0,0
Session_3,2026-01-26 16:58:03.732,14.470,-72.9345,-68.7860,-47.2536,27.6416,92.2900,102.9055,49.0265,-427.2784,96.7574,177.4103,1.0502,94.1682,6,1,0,0,0
Session_3,2026-01-26 16:58:03.815,14.553,-72.9344,-68.7859,-47.2534,27.6224,92.2920,102.8485,49.0236,-427.2567,96.7243,177.4135,1.0339,94.2254,6,1,0,0,0
Session_3,2026-01-26 16:58:03.888,14.626,-72.9345,-68.7856,-47.2532,27.6842,92.3470,102.4901,49.1078,-427.3068,96.8418,177.3529,1.0991,94.5837,6,1,0,0,0
Session_3,2026-01-26 16:58:03.953,14.692,-72.9366,-68.7811,-47.2525,27.8167,92.5056,101.9559,49.3228,-427.4054,97.1241,177.1796,1.2256,95.1163,6,1,0,0,0
Session_3,2026-01-26 16:58:04.028,14.766,-72.9387,-68.7515,-47.2504,27.9410,92.5653,101.6606,49.4301,-427.5612,97.5788,177.0960,1.3808,95.4091,6,1,0,0,0
Session_3,2026-01-26 16:58:04.102,14.841,-72.9386,-68.6340,-47.2421,27.8600,92.7287,101.6833,49.6389,-427.5643,98.3459,176.9264,1.3905,95.3880,6,1,0,0,0
Session_3,2026-01-26 16:58:04.169,14.907,-72.9385,-68.1889,-47.2421,27.3395,93.1579,101.6998,50.1105,-427.3258,100.7221,176.5211,1.2289,95.3770,6,1,0,0,0
Session_3,2026-01-26 16:58:04.237,14.975,-72.9385,-67.3945,-47.2419,27.1582,92.9649,101.7519,50.0775,-428.0154,106.2557,176.5840,1.8655,95.3192,6,1,0,0,0
Session_3,2026-01-26 16:58:04.308,15.047,-72.9394,-66.2416,-47.2421,26.1104,92.7713,101.7911,49.8275,-428.0222,112.8688,176.7508,2.0052,95.2762,6,1,0,0,0
Session_3,2026-01-26 16:58:04.397,15.136,-72.9396,-64.8257,-47.2421,25.2734,92.7438,101.7911,49.8656,-428.2665,121.8194,176.6593,2.5776,95.2709,6,1,0,0,0
Session_3,2026-01-26 16:58:04.638,15.377,-73.1476,-60.0795,-47.2420,21.7310,92.3504,101.4965,47.4325,-427.1883,150.3648,176.8174,3.8527,95.3394,6,1,0,0,0
Session_3,2026-01-26 16:58:04.720,15.458,-73.4908,-58.6174,-47.2419,21.1700,92.3682,101.3688,44.7968,-427.1334,160.1030,176.6300,4.7397,95.1107,6,1,0,0,0
Session_3,2026-01-26 16:58:04.795,15.533,-73.9359,-57.4280,-47.2417,20.7154,92.3971,101.2891,41.3876,-427.0311,168.0153,176.4635,5.4595,94.7329,6,1,0,0,0
Session_3,2026-01-26 16:58:04.869,15.607,-74.7306,-56.1982,-47.2406,20.0054,92.3737,101.2267,35.2077,-426.7429,175.7249,176.3900,5.9787,93.9904,6,1,0,0,0
Session_3,2026-01-26 16:58:04.935,15.674,-75.6240,-55.3183,-47.2406,19.5989,91.9624,101.2061,27.9153,-426.7754,181.3967,176.7020,6.5241,93.1026,6,1,0,0,0
Session_3,2026-01-26 16:58:05.019,15.757,-77.1580,-54.6759,-47.2388,19.7136,91.9233,101.1346,16.4134,-427.2881,186.3341,176.5999,7.2801,91.6221,6,1,0,0,0
Session_3,2026-01-26 16:58:05.092,15.830,-78.7469,-54.5835,-47.2204,20.3419,91.6706,101.0516,4.3741,-428.2177,188.2926,176.7139,8.0585,90.0947,6,1,0,0,0
Session_3,2026-01-26 16:58:05.160,15.898,-80.3143,-54.5838,-47.2177,20.9084,91.0540,100.8009,-7.9881,-428.8281,189.3776,177.2453,8.7468,88.7580,6,1,0,0,0
Session_3,2026-01-26 16:58:05.228,15.966,-82.2004,-54.5848,-47.2175,21.9775,90.1991,99.8575,-22.9938,-429.4299,191.4352,178.0441,9.9893,87.7889,6,1,0,0,0
Session_3,2026-01-26 16:58:05.311,16.049,-84.0682,-54.5938,-47.2185,22.0324,89.7363,98.9243,-37.5314,-428.5611,191.4713,178.6582,10.1359,86.8649,6,1,0,0,0
Session_3,2026-01-26 16:58:05.385,16.123,-85.5484,-54.6447,-47.2192,22.0406,89.1850,98.2006,-49.2536,-427.5288,191.1157,179.3396,10.1879,86.1196,6,1,0,0,0
Session_3,2026-01-26 16:58:05.468,16.206,-86.7223,-54.7808,-47.2192,22.3819,87.9689,97.2743,-59.4543,-426.8682,190.8131,-179.3144,10.5545,85.8821,6,1,0,0,0
Session_3,2026-01-26 16:58:05.549,16.287,-87.6326,-55.1527,-47.2194,22.2404,87.2740,96.1688,-67.0685,-425.9298,187.8274,-178.3605,10.1036,86.1082,6,1,0,0,0
Session_3,2026-01-26 16:58:05.632,16.370,-88.2009,-55.7321,-47.2192,22.5783,85.8932,94.6397,-72.9456,-425.7925,184.3047,-176.6914,9.9272,87.1009,6,1,0,0,0
Session_3,2026-01-26 16:58:05.715,16.453,-88.5334,-55.9211,-47.2194,21.4254,84.6847,93.1496,-76.9016,-424.3778,180.8037,-175.1494,8.5641,88.2951,6,1,0,0,0
Session_3,2026-01-26 16:58:05.798,16.537,-88.6723,-55.9208,-47.2192,21.0292,84.7101,91.8533,-77.9084,-423.8145,180.0450,-174.9686,8.0559,89.4640,6,1,0,0,0
Session_3,2026-01-26 16:58:05.879,16.617,-88.6715,-55.9208,-47.2192,20.6831,85.1530,91.7297,-77.3754,-423.4771,179.3369,-175.3834,7.6858,89.5894,6,1,0,0,0
Session_3,2026-01-26 16:58:05.952,16.690,-88.6719,-55.9207,-47.2192,20.5149,85.2910,91.6706,-77.2150,-423.3115,179.0039,-175.5085,7.5090,89.6487,6,1,0,0,0
Session_3,2026-01-26 16:58:06.018,16.756,-88.6719,-55.9195,-47.2187,20.6728,85.7030,91.6747,-76.7131,-423.4588,179.2768,-175.9257,7.6569,89.6431,6,1,0,0,0
Session_3,2026-01-26 16:58:06.092,16.830,-88.6719,-55.9186,-47.2185,20.8315,86.0504,91.6981,-76.2894,-423.6063,179.5572,-176.2811,7.8080,89.6182,6,1,0,0,0
Session_3,2026-01-26 16:58:06.168,16.906,-88.6758,-55.9189,-47.2190,20.7182,85.8094,91.7400,-76.6124,-423.4951,179.3566,-176.0423,7.7039,89.5731,6,1,0,0,0
Session_3,2026-01-26 16:58:06.239,16.977,-88.6766,-55.9198,-47.2196,20.7793,85.4894,91.7331,-77.0036,-423.5573,179.4930,-175.7233,7.7726,89.5797,6,1,0,0,0
Session_3,2026-01-26 16:58:06.303,17.041,-88.6745,-55.9777,-47.2392,20.8033,85.3150,91.7173,-77.1988,-423.5687,179.0388,-175.5451,7.7232,89.5983,6,1,0,0,0
Session_3,2026-01-26 16:58:06.380,17.118,-88.6729,-56.6392,-47.2419,21.6836,84.4409,90.9689,-78.2205,-424.5659,175.9261,-174.5739,7.8951,90.3536,6,1,0,0,0
Session_3,2026-01-26 16:58:06.462,17.200,-88.6746,-58.2406,-47.2409,23.3933,84.1113,89.7047,-78.5893,-426.3815,167.3999,-174.0706,7.8814,91.6219,6,1,0,0,0
Session_3,2026-01-26 16:58:06.538,17.276,-88.6745,-59.1891,-47.2389,22.9154,85.0342,88.5409,-77.4855,-425.8758,159.3729,-174.8705,6.3590,92.7881,6,1,0,0,0
Session_3,2026-01-26 16:58:06.603,17.342,-88.6739,-59.6332,-47.2388,22.9752,85.2361,87.5391,-77.2369,-425.8760,156.1791,-174.9784,5.8932,93.7916,6,1,0,0,0
Session_3,2026-01-26 16:58:06.678,17.416,-88.6737,-59.6726,-47.2390,22.7630,84.4251,86.8119,-78.2203,-425.6670,155.5765,-174.1089,5.5328,94.5141,6,1,0,0,0
Session_3,2026-01-26 16:58:06.752,17.490,-88.6728,-59.7215,-47.2400,22.1436,84.3153,84.9937,-78.3610,-425.0204,154.0645,-173.8859,4.6672,96.3255,6,1,0,0,0
Session_3,2026-01-26 16:58:06.834,17.572,-88.6612,-60.1713,-47.2389,23.0239,84.6510,84.1566,-77.8505,-425.8502,152.3505,-174.1083,5.0409,97.1793,6,1,0,0,0
Session_3,2026-01-26 16:58:06.917,17.655,-88.6578,-61.0223,-47.2345,24.3210,84.8035,84.0605,-77.6146,-426.9667,148.4835,-174.2045,5.4948,97.2846,6,1,0,0,0
Session_3,2026-01-26 16:58:06.981,17.719,-88.6581,-61.4448,-47.2336,24.6478,84.5206,84.0777,-77.9541,-427.1723,145.9986,-173.9349,5.3733,97.2632,6,1,0,0,0
Session_3,2026-01-26 16:58:07.065,17.804,-88.6578,-61.7159,-47.2337,25.4093,84.3620,83.5764,-78.1277,-427.8512,145.4369,-173.6757,5.7897,97.7674,6,1,0,0,0
Session_3,2026-01-26 16:58:07.148,17.886,-88.6571,-62.2828,-47.2327,26.2209,84.6346,83.1603,-77.7789,-428.4504,142.7262,-173.8748,6.0199,98.1904,6,1,0,0,0
Session_3,2026-01-26 16:58:07.212,17.950,-88.6568,-63.0130,-47.2299,26.9762,85.0143,83.2091,-77.3079,-428.8886,138.6886,-174.2531,6.0975,98.1470,6,1,0,0,0
Session_3,2026-01-26 16:58:07.271,18.009,-88.6568,-63.5448,-47.2265,28.1635,85.3754,83.2386,-76.8498,-429.8019,136.9538,-174.5362,6.7970,98.1304,6,1,0,0,0
Session_3,2026-01-26 16:58:07.337,18.075,-88.6568,-63.7076,-47.1984,28.9002,85.7119,83.1809,-76.4267,-430.4805,137.2385,-174.7906,7.4290,98.2009,6,1,0,0,0
Session_3,2026-01-26 16:58:07.413,18.151,-88.6558,-63.7077,-47.1898,28.1765,86.0648,83.1844,-76.0080,-429.7948,135.8659,-175.2270,6.7610,98.1916,6,1,0,0,0
Session_3,2026-01-26 16:58:07.497,18.235,-88.6556,-63.7132,-47.1899,28.0474,86.1225,83.2146,-75.9402,-429.6644,135.5735,-175.3039,6.6364,98.1601,6,1,0,0,0
Session_3,2026-01-26 16:58:07.578,18.317,-88.6558,-63.7144,-47.1899,27.9224,86.3711,83.3080,-75.6431,-429.5362,135.3083,-175.5762,6.5477,98.0669,6,1,0,0,0
Session_3,2026-01-26 16:58:07.638,18.376,-88.6560,-63.7280,-47.1900,27.5221,86.5887,83.5366,-75.3912,-429.1266,134.4316,-175.8656,6.1783,97.8337,6,1,0,0,0
Session_3,2026-01-26 16:58:07.719,18.457,-88.6565,-63.7339,-47.1898,27.3340,86.6965,84.2631,-75.2687,-428.9323,134.0255,-176.0711,6.0481,97.1030,6,1,0,0,0
Session_3,2026-01-26 16:58:07.794,18.532,-88.6571,-63.7343,-47.1887,27.2921,86.5929,84.8021,-75.3996,-428.8936,133.9560,-176.0288,6.0344,96.5606,6,1,0,0,0
Session_3,2026-01-26 16:58:07.860,18.598,-88.6575,-63.7566,-47.1887,27.0538,86.5324,85.0198,-75.4814,-428.6409,133.3454,-176.0145,5.7846,96.3392,6,1,0,0,0
Session_3,2026-01-26 16:58:07.935,18.673,-88.6575,-63.8124,-47.1872,27.5880,86.5311,85.2086,-75.4712,-429.1517,133.9441,-175.9917,6.2758,96.1541,6,1,0,0,0
Session_3,2026-01-26 16:58:08.010,18.748,-88.6575,-63.8183,-47.1840,27.9238,86.5215,85.2326,-75.4749,-429.4891,134.5504,-175.9568,6.6086,96.1330,6,1,0,0,0
Session_3,2026-01-26 16:58:08.084,18.823,-88.6575,-63.8230,-47.1804,27.9602,86.3560,85.3033,-75.6745,-429.5329,134.6131,-175.7973,6.6352,96.0613,6,1,0,0,0
Session_3,2026-01-26 16:58:08.165,18.903,-88.6574,-63.8479,-47.1792,27.8105,86.2592,85.2903,-75.7949,-429.3755,134.1565,-175.7137,6.4535,96.0723,6,1,0,0,0
Session_3,2026-01-26 16:58:08.241,18.979,-88.6574,-63.9492,-47.1791,27.9890,86.1802,85.2388,-75.8874,-429.4991,133.7453,-175.6228,6.5202,96.1242,6,1,0,0,0
Session_3,2026-01-26 16:58:08.316,19.054,-88.6577,-64.1807,-47.1707,27.9966,86.4603,85.2999,-75.5532,-429.3874,132.0489,-175.9266,6.3331,96.0622,6,1,0,0,0
Session_3,2026-01-26 16:58:08.396,19.135,-88.6705,-64.3468,-47.1108,27.7267,86.9568,85.6995,-75.0533,-429.1122,130.5342,-176.4942,6.0233,95.6478,6,1,0,0,0
Session_3,2026-01-26 16:58:08.480,19.218,-88.6747,-64.3466,-46.6372,27.0229,87.1497,86.0387,-74.8459,-429.3475,131.3239,-176.7384,5.8279,95.3022,6,1,0,0,0
Session_3,2026-01-26 16:58:08.569,19.307,-88.6747,-64.3493,-45.5848,25.0289,87.2198,86.2791,-74.7596,-429.3972,132.2896,-176.8946,4.9036,95.0555,6,1,0,0,0
Session_3,2026-01-26 16:58:08.645,19.383,-88.6746,-64.4388,-44.6532,24.5867,87.0941,86.7103,-74.8802,-430.7303,134.9948,-176.7831,5.3190,94.6251,6,1,0,0,0
Session_3,2026-01-26 16:58:08.712,19.450,-88.6763,-64.6125,-43.9314,24.5888,86.7171,87.0097,-75.3196,-432.0413,136.9820,-176.4057,5.8654,94.3248,6,1,0,0,0
Session_3,2026-01-26 16:58:08.786,19.524,-88.6782,-64.8630,-43.2181,24.1528,86.8428,87.0811,-75.1634,-432.8220,137.5036,-176.5371,5.9030,94.2519,6,1,0,0,0
Session_3,2026-01-26 16:58:08.869,19.608,-88.6825,-64.9480,-42.6317,23.1791,86.7405,87.0124,-75.3183,-432.8818,137.7031,-176.4527,5.4219,94.3137,6,1,0,0,0
Session_3,2026-01-26 16:58:08.954,19.692,-88.6877,-64.9814,-42.5198,23.0363,86.3244,87.0255,-75.8606,-432.9298,137.7231,-176.0419,5.3371,94.2936,6,1,0,0,0
Session_3,2026-01-26 16:58:09.020,19.758,-88.6901,-65.2156,-42.5202,22.9690,86.4068,87.0275,-75.7829,-432.7381,135.8274,-176.1401,5.0400,94.2881,6,1,0,0,0
Session_3,2026-01-26 16:58:09.086,19.824,-88.7000,-65.6474,-42.5191,23.4483,86.7412,87.0337,-75.4471,-432.9902,133.4543,-176.4720,5.1062,94.2733,6,1,0,0,0
Session_3,2026-01-26 16:58:09.167,19.905,-88.7595,-66.3225,-42.5159,24.2221,87.3351,87.0570,-75.1679,-433.3165,129.7939,-177.0618,5.2398,94.1926,6,1,0,0,0
Session_3,2026-01-26 16:58:09.238,19.977,-88.8478,-66.4458,-42.4976,24.8758,87.1916,87.0138,-75.9966,-433.8370,130.1806,-176.8857,5.7781,94.1501,6,1,0,0,0
Session_3,2026-01-26 16:58:09.307,20.045,-88.9552,-66.4457,-42.2473,24.4611,87.0158,86.9664,-77.0219,-433.7534,130.5447,-176.7142,5.6022,94.0888,6,1,0,0,0
Session_3,2026-01-26 16:58:09.373,20.112,-88.9695,-66.4490,-41.8640,23.9543,86.8201,86.8545,-77.3633,-433.9476,131.3158,-176.5149,5.4584,94.1855,6,1,0,0,0
Session_3,2026-01-26 16:58:09.435,20.173,-88.9695,-66.4494,-41.5403,23.8060,86.8442,86.7693,-77.3262,-434.4091,132.4992,-176.5209,5.6293,94.2719,6,1,0,0,0
Session_3,2026-01-26 16:58:09.515,20.253,-88.9698,-66.4502,-41.0640,23.4352,86.9019,86.6217,-77.2488,-434.9209,133.9539,-176.5577,5.7282,94.4205,6,1,0,0,0
Session_3,2026-01-26 16:58:09.600,20.338,-88.9786,-66.4502,-40.7849,23.0761,87.0083,86.4068,-77.1843,-435.0581,134.5407,-176.6474,5.6421,94.6272,6,1,0,0,0
Session_3,2026-01-26 16:58:09.668,20.406,-89.0233,-66.4502,-40.7663,22.9037,87.0419,86.2770,-77.4855,-434.8547,134.3000,-176.6783,5.4833,94.7118,6,1,0,0,0
Session_3,2026-01-26 16:58:09.737,20.475,-89.1442,-66.4513,-40.7665,22.5055,86.9740,86.0944,-78.4912,-434.2771,133.5502,-176.6204,5.0694,94.7713,6,1,0,0,0
Session_3,2026-01-26 16:58:09.798,20.536,-89.2582,-66.4601,-40.7666,22.2741,86.8250,85.9467,-79.5390,-433.8739,133.0612,-176.4759,4.8104,94.8031,6,1,0,0,0
Session_3,2026-01-26 16:58:09.875,20.613,-89.3623,-66.5089,-40.7669,22.1670,86.7899,85.7133,-80.3709,-433.5880,132.4943,-176.4331,4.6377,94.9318,6,1,0,0,0
Session_3,2026-01-26 16:58:09.942,20.680,-89.3666,-66.5099,-40.7668,22.0317,87.0433,85.6343,-80.0979,-433.4364,132.2194,-176.6897,4.5162,95.0069,6,1,0,0,0
Session_3,2026-01-26 16:58:10.010,20.748,-89.3667,-66.5098,-40.7667,22.0420,87.3200,85.6316,-79.7635,-433.4450,132.2230,-176.9645,4.5475,95.0108,6,1,0,0,0
Session_3,2026-01-26 16:58:10.078,20.816,-89.3667,-66.5099,-40.7667,21.9981,87.6805,85.6693,-79.3275,-433.3950,132.1220,-177.3302,4.5329,94.9740,6,1,0,0,0
Session_3,2026-01-26 16:58:10.162,20.900,-89.3667,-66.5099,-40.7667,22.0180,87.7533,85.6920,-79.2392,-433.4156,132.1560,-177.4030,4.5593,94.9516,6,1,0,0,0
Session_3,2026-01-26 16:58:10.229,20.967,-89.3668,-66.5098,-40.7666,22.0551,87.7574,85.7112,-79.2340,-433.4550,132.2254,-177.4059,4.5976,94.9326,6,1,0,0,0
Session_3,2026-01-26 16:58:10.312,21.051,-89.3667,-66.5098,-40.7667,21.8752,87.8817,85.7009,-79.0848,-433.2624,131.8851,-177.5425,4.4269,94.9423,6,1,0,0,0
Session_3,2026-01-26 16:58:10.397,21.135,-89.3667,-66.5098,-40.7666,21.8628,87.9655,85.6831,-78.9832,-433.2485,131.8589,-177.6256,4.4202,94.9605,6,1,0,0,0
Session_3,2026-01-26 16:58:10.480,21.219,-89.3666,-66.5098,-40.7667,21.9143,88.0396,85.6995,-78.8926,-433.3026,131.9512,-177.6969,4.4778,94.9445,6,1,0,0,0
Session_3,2026-01-26 16:58:10.566,21.304,-89.3668,-66.5098,-40.7667,21.9074,88.0087,85.7133,-78.9312,-433.2954,131.9396,-177.6677,4.4691,94.9304,6,1,0,0,0
Session_3,2026-01-26 16:58:10.634,21.372,-89.3667,-66.5098,-40.7667,21.9170,87.9538,85.7263,-78.9973,-433.3062,131.9598,-177.6132,4.4752,94.9173,6,1,0,0,0
Session_3,2026-01-26 16:58:10.702,21.440,-89.3666,-66.5098,-40.7667,21.8079,87.9703,85.7263,-78.9776,-433.1897,131.7565,-177.6378,4.3675,94.9168,6,1,0,0,0
Session_3,2026-01-26 16:58:10.769,21.508,-89.3666,-66.5099,-40.7667,21.7488,88.0218,85.7174,-78.9159,-433.1259,131.6444,-177.6929,4.3120,94.9256,6,1,0,0,0
Session_3,2026-01-26 16:58:10.836,21.574,-89.3666,-66.5099,-40.7668,21.8285,88.0527,85.7243,-78.8777,-433.2107,131.7906,-177.7183,4.3940,94.9193,6,1,0,0,0
Session_3,2026-01-26 16:58:10.903,21.642,-89.3665,-66.5099,-40.7668,21.8662,88.0609,85.7565,-78.8662,-433.2511,131.8600,-177.7262,4.4335,94.8873,6,1,0,0,0
Session_3,2026-01-26 16:58:10.969,21.708,-89.3665,-66.5099,-40.7668,21.9218,88.0307,85.7730,-78.9024,-433.3106,131.9643,-177.6932,4.4874,94.8710,6,1,0,0,0
Session_3,2026-01-26 16:58:11.060,21.798,-89.3663,-66.5106,-40.7672,21.7790,88.0149,85.7964,-78.9217,-433.1574,131.6933,-177.6899,4.3437,94.8469,6,1,0,0,0
Session_3,2026-01-26 16:58:11.121,21.859,-89.3665,-66.5106,-40.7670,21.8436,88.0135,85.8101,-78.9238,-433.2264,131.8132,-177.6848,4.4086,94.8334,6,1,0,0,0
Session_3,2026-01-26 16:58:11.188,21.926,-89.3663,-66.5107,-40.7671,21.8051,88.1076,85.8073,-78.8086,-433.1845,131.7372,-177.7812,4.3768,94.8364,6,1,0,0,0
Session_3,2026-01-26 16:58:11.251,21.989,-89.3663,-66.5106,-40.7670,22.1148,88.1454,85.8060,-78.7595,-433.5139,132.3114,-177.7960,4.6885,94.8396,6,1,0,0,0
Session_3,2026-01-26 16:58:11.325,22.064,-89.3662,-66.5106,-40.7669,22.2659,88.0788,85.8279,-78.8380,-433.6746,132.5960,-177.7203,4.8354,94.8184,6,0,0,0,0
Session_3,2026-01-26 16:58:11.386,22.124,-89.3661,-66.5106,-40.7670,22.2432,88.0808,85.8458,-78.8350,-433.6506,132.5532,-177.7255,4.8135,94.8004,6,0,0,0,0
Session_3,2026-01-26 16:58:11.447,22.185,-89.3662,-66.5107,-40.7670,22.1732,88.0444,85.8396,-78.8802,-433.5768,132.4238,-177.6938,4.7407,94.8061,6,0,0,0,0
Session_3,2026-01-26 16:58:11.519,22.258,-89.3661,-66.5108,-40.7672,21.9727,88.0609,85.8382,-78.8624,-433.3636,132.0488,-177.7248,4.5416,94.8064,6,0,0,0,0
Session_3,2026-01-26 16:58:11.594,22.332,-89.3661,-66.5107,-40.7671,22.0358,88.1124,85.8437,-78.7986,-433.4307,132.1654,-177.7720,4.6087,94.8014,6,0,0,0,0
Session_3,2026-01-26 16:58:11.668,22.407,-89.3660,-66.5106,-40.7670,22.1869,88.2024,85.8492,-78.6876,-433.5901,132.4440,-177.8511,4.7664,94.7971,6,0,0,0,0
Session_3,2026-01-26 16:58:11.736,22.474,-89.3660,-66.5104,-40.7669,22.3277,88.3706,85.8575,-78.4820,-433.7371,132.7013,-178.0093,4.9194,94.7901,6,0,0,0,0
Session_3,2026-01-26 16:58:11.802,22.540,-89.3660,-66.5102,-40.7667,22.4870,88.4983,85.8561,-78.3248,-433.9036,132.9967,-178.1249,5.0879,94.7929,6,0,0,0,0
Session_3,2026-01-26 16:58:11.869,22.607,-89.3661,-66.5095,-40.7664,22.6044,88.6885,85.8582,-78.0936,-434.0251,133.2169,-178.3061,5.2198,94.7919,6,0,0,0,0
Session_3,2026-01-26 16:58:11.941,22.679,-89.3662,-66.4972,-40.7620,23.0431,88.9700,85.8513,-77.7478,-434.4916,134.1443,-178.5530,5.6942,94.8024,6,0,0,0,0
Session_3,2026-01-26 16:58:12.008,22.746,-89.3662,-66.4437,-40.7141,23.2697,89.1664,85.8533,-77.5061,-434.8383,135.1893,-178.7251,6.0356,94.8031,6,0,0,0,0
Session_3,2026-01-26 16:58:12.085,22.823,-89.3662,-66.1213,-40.4487,23.0713,89.4981,85.8362,-77.0985,-435.2769,138.4628,-179.0254,6.4476,94.8240,6,0,0,0,0
Session_3,2026-01-26 16:58:12.160,22.898,-89.3663,-65.3144,-39.8377,22.6236,89.3848,85.8128,-77.2262,-436.2256,146.5396,-178.8379,7.4065,94.8559,6,0,0,0,0
Session_3,2026-01-26 16:58:12.223,22.961,-89.3663,-64.3811,-39.0424,21.7323,89.4452,85.8444,-77.1453,-436.9111,155.6050,-178.8404,8.2466,94.8326,6,0,0,0,0
Session_3,2026-01-26 16:58:12.292,23.030,-89.3665,-63.2378,-38.0817,20.4250,89.6203,85.8547,-76.9310,-437.2454,166.2603,-178.9576,9.0539,94.8311,6,0,0,0,0
Session_3,2026-01-26 16:58:12.353,23.091,-89.3668,-62.2092,-37.3201,19.4794,89.6732,85.8691,-76.8682,-437.3578,175.8303,-178.9501,9.9005,94.8265,6,0,0,0,0
Session_3,2026-01-26 16:58:12.427,23.165,-89.3669,-60.7144,-36.3987,18.2414,89.9636,85.8836,-76.5202,-437.0000,189.1394,-179.1547,11.0966,94.8281,6,0,0,0,0
Session_3,2026-01-26 16:58:12.511,23.249,-89.3668,-58.7060,-35.3911,16.8297,90.2788,85.8897,-76.1504,-435.7963,206.4109,-179.3501,12.7192,94.8470,6,0,0,0,0
Session_3,2026-01-26 16:58:12.587,23.325,-89.3669,-56.7829,-34.4703,15.7036,90.4086,85.9014,-76.0129,-434.0931,223.1419,-179.3522,14.4419,94.8655,6,0,0,0,0
Session_3,2026-01-26 16:58:12.663,23.401,-89.3670,-54.5604,-33.5801,14.3845,90.7237,85.9145,-75.6630,-431.1690,241.5146,-179.5325,16.2531,94.8886,6,0,0,0,0
Session_3,2026-01-26 16:58:12.748,23.486,-89.3673,-51.8480,-32.7791,13.0861,91.1247,85.9200,-75.2295,-426.5836,263.0043,-179.7610,18.4906,94.9345,6,0,0,0,0
Session_3,2026-01-26 16:58:12.831,23.569,-89.3671,-48.6597,-31.8631,11.7540,91.4097,85.9467,-74.9572,-419.8763,288.1973,-179.8326,21.2752,94.9818,6,0,0,0,0
Session_3,2026-01-26 16:58:12.895,23.633,-89.3668,-46.1197,-31.0912,10.8421,91.4873,85.9721,-74.9309,-413.4934,308.4594,-179.7224,23.6738,95.0304,6,0,0,0,0
Session_3,2026-01-26 16:58:12.973,23.711,-89.3671,-43.1840,-30.2779,9.7174,91.4550,86.0607,-75.0676,-404.8905,330.9264,-179.5097,26.2888,95.0260,6,0,0,0,0
Session_3,2026-01-26 16:58:13.041,23.779,-89.3668,-40.3162,-29.6905,8.7808,91.5752,86.1335,-75.0240,-395.4653,351.7368,-179.4494,28.8087,95.0452,6,0,0,0,0
Session_3,2026-01-26 16:58:13.107,23.845,-89.3669,-37.2404,-29.1607,7.9850,91.5662,86.1809,-75.1591,-384.2746,373.4318,-179.2160,31.6100,95.1171,6,0,0,0,0
Session_3,2026-01-26 16:58:13.185,23.923,-89.3669,-33.9867,-28.6596,7.4391,91.5333,86.2392,-75.3436,-371.2025,396.0074,-178.9183,34.8077,95.2133,6,0,0,0,0
Session_3,2026-01-26 16:58:13.246,23.985,-89.3667,-31.3817,-28.2797,6.7195,91.5669,86.2592,-75.4268,-359.8312,412.7931,-178.7402,37.0681,95.3217,6,0,0,0,0
Session_3,2026-01-26 16:58:13.335,24.073,-89.3659,-27.4603,-27.7703,4.3911,92.1526,86.2461,-74.9135,-341.6084,434.0794,-179.0918,39.2013,95.4772,6,0,0,0,0
Session_3,2026-01-26 16:58:13.403,24.142,-89.3654,-24.2486,-27.3841,2.8928,92.3964,86.2317,-74.7923,-325.6353,451.2454,-179.0863,41.3090,95.6496,6,0,0,0,0
Session_3,2026-01-26 16:58:13.479,24.217,-89.3648,-20.4443,-27.0376,1.8162,92.3751,86.2530,-75.0367,-305.5687,471.3412,-178.7101,44.3698,95.8760,6,0,0,0,0
Session_3,2026-01-26 16:58:13.564,24.302,-89.3647,-16.0700,-26.9483,0.6310,92.4307,86.3086,-75.2335,-281.7010,491.5849,-178.3823,47.6389,96.1134,6,0,0,0,0
Session_3,2026-01-26 16:58:13.631,24.369,-89.3646,-12.5943,-26.9484,-0.6496,92.6807,86.3278,-75.1471,-262.1372,505.3857,-178.3292,49.8402,96.3286,6,0,0,0,0
Session_3,2026-01-26 16:58:13.700,24.438,-89.3645,-9.2251,-26.9483,-2.7555,93.2842,86.3381,-74.6275,-243.0198,515.8846,-178.7434,51.1360,96.4679,6,0,0,0,0
Session_3,2026-01-26 16:58:13.774,24.513,-89.3635,-5.6246,-26.9492,-5.9518,93.8377,86.4995,-74.1794,-222.6626,523.9453,-179.4324,51.5744,96.2618,6,0,0,0,0
Session_3,2026-01-26 16:58:13.834,24.572,-89.3617,-3.0993,-26.9489,-7.0937,94.0849,87.1010,-74.0432,-207.4161,531.0750,179.7489,52.9679,95.4432,6,0,0,0,0
Session_3,2026-01-26 16:58:13.901,24.639,-89.3524,-0.6358,-26.9481,-6.5238,93.3069,88.4908,-75.1356,-191.1308,540.7211,178.9227,55.9501,93.3392,6,0,0,0,0
Session_3,2026-01-26 16:58:13.983,24.721,-89.3521,2.4489,-26.9480,-6.1386,92.2371,88.6693,-76.6656,-170.3739,551.1326,-179.9894,59.3881,93.2598,6,0,0,0,0
Session_3,2026-01-26 16:58:14.064,24.803,-89.3524,5.1515,-26.9476,-7.0175,91.4983,88.5505,-77.7600,-152.8800,557.0088,-178.8625,61.1909,93.6555,6,0,0,0,0
Session_3,2026-01-26 16:58:14.147,24.885,-89.3527,7.4820,-26.9475,-7.2318,90.0330,88.7345,-79.7163,-137.0844,562.4538,-177.5182,63.2758,93.4623,6,0,0,0,0
Session_3,2026-01-26 16:58:14.229,24.968,-89.3526,9.8088,-26.9468,-7.0759,89.4720,89.3978,-80.5822,-120.6754,567.9430,-178.1336,65.7735,92.1150,6,0,0,0,0
Session_3,2026-01-26 16:58:14.303,25.041,-89.3525,11.9424,-26.9470,-7.4625,89.5729,89.7823,-80.6248,-106.0524,571.4293,-179.0466,67.5303,91.2170,6,0,0,0,0
Session_3,2026-01-26 16:58:14.376,25.114,-89.3526,13.5119,-26.9468,-8.1491,89.6642,89.7583,-80.6311,-95.7122,572.9419,-179.0533,68.4133,91.3043,6,0,0,0,0
Session_3,2026-01-26 16:58:14.450,25.188,-89.3527,15.3307,-26.9468,-10.1163,89.7336,89.7459,-80.6666,-85.1208,572.2851,-179.0963,68.2649,91.3334,6,0,0,0,0
Session_3,2026-01-26 16:58:14.524,25.262,-89.3526,16.5972,-26.9469,-13.1637,90.1250,89.7480,-80.2531,-79.6950,568.6082,-179.5458,66.4859,91.2790,6,0,0,0,0
Session_3,2026-01-26 16:58:14.586,25.324,-89.3527,17.3504,-26.9470,-14.5974,90.2019,89.7041,-80.2015,-76.0092,567.0070,-179.5432,65.8054,91.3694,6,0,0,0,0
Session_3,2026-01-26 16:58:14.662,25.400,-89.3527,18.0952,-26.9463,-12.5134,88.7359,89.5688,-82.0664,-68.3501,571.6938,-177.6345,68.6218,91.8300,6,0,0,0,0
Session_3,2026-01-26 16:58:14.738,25.476,-89.3528,18.7395,-26.9463,-11.7190,86.2262,89.4781,-85.1714,-62.7048,573.8616,-174.7926,70.0334,92.1723,6,0,0,0,0
Session_3,2026-01-26 16:58:14.802,25.541,-89.3528,19.1313,-26.9466,-11.9518,84.1594,89.3985,-87.6999,-60.0327,573.9413,-172.5001,70.1631,92.4108,6,0,0,0,0
Session_3,2026-01-26 16:58:14.868,25.606,-89.3528,19.1810,-26.9465,-11.8350,83.7817,89.3909,-88.1616,-59.4910,574.2107,-172.0878,70.3246,92.4458,6,0,0,0,0
Session_3,2026-01-26 16:58:14.941,25.679,-89.3527,19.1804,-26.9470,-12.2964,84.4718,89.3951,-87.3214,-60.1452,573.3802,-172.8285,69.8700,92.3971,6,0,0,0,0
Session_3,2026-01-26 16:58:15.017,25.755,-89.3527,19.1803,-26.9470,-12.2374,85.2003,89.3903,-86.4413,-60.1370,573.4555,-173.5362,69.9361,92.4186,6,0,0,0,0
Session_3,2026-01-26 16:58:15.091,25.830,-89.3526,19.1778,-26.9481,-11.7574,84.2233,89.2838,-87.6290,-59.4699,574.3192,-172.2226,70.3877,92.7706,6,0,0,0,0
Session_3,2026-01-26 16:58:15.156,25.894,-89.3527,19.1777,-26.9481,-11.4299,83.9452,89.2509,-87.9696,-59.0275,574.8950,-171.8160,70.7069,92.9025,6,0,0,0,0
Session_3,2026-01-26 16:58:15.223,25.961,-89.3526,19.1757,-26.9485,-11.3097,84.2294,89.2625,-87.6278,-58.9213,575.0868,-172.1179,70.8297,92.8823,6,0,0,0,0
Session_3,2026-01-26 16:58:15.297,26.035,-89.3526,19.1052,-26.9581,-11.2994,83.5703,89.2708,-88.4176,-59.3796,575.0406,-171.4938,70.7529,92.8461,6,0,0,0,0
Session_3,2026-01-26 16:58:15.362,26.100,-89.3526,18.9114,-26.9582,-11.3400,82.5671,89.2467,-89.6109,-60.6920,574.8197,-170.4563,70.5021,92.8857,6,0,0,0,0
Session_3,2026-01-26 16:58:15.448,26.186,-89.3526,18.4493,-26.9579,-11.3358,82.0885,88.9343,-90.1498,-63.9211,574.3591,-169.1883,69.9821,93.7322,6,0,0,0,0
Session_3,2026-01-26 16:58:15.523,26.262,-89.3526,18.0535,-26.9581,-11.5418,81.7211,88.6150,-90.5567,-66.9476,573.5779,-168.0866,69.3106,94.5292,6,0,0,0,0
Session_3,2026-01-26 16:58:15.589,26.327,-89.3526,17.6639,-26.9594,-11.9346,81.2240,88.5642,-91.1172,-70.1280,572.4612,-167.6148,68.5061,94.5227,6,0,0,0,0
Session_3,2026-01-26 16:58:15.654,26.392,-89.3526,17.1238,-26.9596,-11.9016,81.2377,88.5944,-91.0579,-73.9271,571.8488,-167.7929,68.0067,94.3590,6,0,0,0,0
Session_3,2026-01-26 16:58:15.738,26.476,-89.3526,16.3896,-26.9593,-11.8268,81.8275,88.6253,-90.2913,-79.1320,570.9752,-168.5589,67.3693,94.1855,6,0,0,0,0
Session_3,2026-01-26 16:58:15.801,26.539,-89.3526,15.9978,-26.9595,-11.9813,81.7966,88.6466,-90.2951,-82.0801,570.1564,-168.6628,66.8272,94.0532,6,0,0,0,0
Session_3,2026-01-26 16:58:15.868,26.606,-89.3526,15.8349,-26.9597,-12.3301,81.5556,88.6178,-90.5672,-83.5953,569.3131,-168.4357,66.3049,94.0513,6,0,0,0,0
Session_3,2026-01-26 16:58:15.943,26.682,-89.3525,15.8292,-26.9713,-13.6842,80.5785,88.4956,-91.7217,-85.0404,566.8959,-167.4067,64.8863,94.1462,6,0,0,0,0
Session_3,2026-01-26 16:58:16.033,26.771,-89.3524,15.1869,-27.1780,-15.1192,79.6825,87.3317,-92.7175,-91.6733,562.8520,-164.6622,62.2966,96.3015,6,0,0,0,0
Session_3,2026-01-26 16:58:16.107,26.845,-89.3524,13.6373,-27.3666,-14.6015,79.7848,86.9176,-92.4718,-102.6001,560.7435,-164.2896,60.9768,96.9096,6,0,0,0,0
Session_3,2026-01-26 16:58:16.180,26.918,-89.3524,11.6370,-27.3828,-14.4360,80.0773,86.9067,-91.9676,-116.2994,557.2009,-164.9505,59.1486,96.5973,6,0,0,0,0
Session_3,2026-01-26 16:58:16.264,27.002,-89.3524,8.8677,-27.3830,-14.1277,80.0587,86.0463,-91.7802,-134.8432,551.7804,-164.1385,56.4728,97.7106,6,0,0,0,0
Session_3,2026-01-26 16:58:16.346,27.084,-89.3524,5.3929,-27.3836,-13.9300,79.9544,85.6460,-91.6447,-157.8689,543.3674,-164.1949,53.1038,97.8003,6,0,0,0,0
Session_3,2026-01-26 16:58:16.408,27.146,-89.3524,2.5746,-27.3850,-13.5935,79.4387,85.6254,-92.0554,-175.9824,535.9484,-164.1568,50.5955,97.4315,6,0,0,0,0
Session_3,2026-01-26 16:58:16.479,27.217,-89.3524,-1.2873,-27.3860,-12.6617,79.6783,85.5080,-91.4966,-200.1100,525.2092,-164.7801,47.6706,97.2181,6,0,0,0,0
Session_3,2026-01-26 16:58:16.568,27.306,-89.3524,-6.4626,-27.3847,-10.7275,80.6087,86.1795,-90.0339,-231.1516,509.7048,-166.8531,44.6780,95.9521,6,0,0,0,0
Session_3,2026-01-26 16:58:16.642,27.380,-89.3530,-10.8041,-27.3845,-9.6975,80.4034,91.9748,-89.9982,-256.2594,493.5033,-172.1776,42.4130,88.0093,6,0,0,0,0
Session_3,2026-01-26 16:58:16.725,27.463,-89.3515,-15.3496,-27.3848,-7.3540,80.3149,92.5186,-89.8166,-281.0670,477.2325,-172.4122,40.2900,87.3930,6,0,0,0,0
Session_3,2026-01-26 16:58:16.790,27.529,-89.3512,-18.7737,-27.3850,-4.8951,80.3787,93.9036,-89.5373,-298.8850,465.1658,-173.5349,39.4928,85.6591,6,0,0,0,0
Session_3,2026-01-26 16:58:16.864,27.602,-89.3515,-22.8380,-27.3853,-3.1064,80.1981,93.8528,-89.5239,-319.2673,447.1383,-173.0668,37.2314,85.8783,6,0,0,0,0
Session_3,2026-01-26 16:58:16.933,27.672,-89.3515,-26.2140,-27.3856,-3.9812,80.3053,92.7054,-89.2144,-335.2861,426.0262,-172.0170,32.8351,87.4743,6,0,0,0,0
Session_3,2026-01-26 16:58:17.004,27.742,-89.3496,-30.2989,-27.3867,-3.8198,80.6225,91.3754,-88.6222,-353.0806,401.8336,-171.3632,28.7099,89.1031,6,0,0,0,0
Session_3,2026-01-26 16:58:17.078,27.817,-89.3497,-34.2974,-27.3871,-1.5793,80.7921,91.3190,-88.2341,-369.4460,381.3983,-171.4515,26.9398,89.1897,6,0,0,0,0
Session_3,2026-01-26 16:58:17.160,27.899,-89.3490,-38.9605,-27.3887,0.9970,81.1581,91.0581,-87.5930,-386.8592,356.0522,-171.6399,24.8060,89.4992,6,0,0,0,0
Session_3,2026-01-26 16:58:17.219,27.957,-89.3491,-42.7063,-27.3891,2.0709,81.4444,90.6001,-87.1119,-399.0246,332.6194,-171.6845,22.0635,90.0106,6,0,0,0,0
Session_3,2026-01-26 16:58:17.292,28.030,-89.3494,-47.1071,-27.3889,2.7672,81.6483,89.4630,-86.7322,-411.1220,302.9765,-171.4734,18.1923,91.2098,6,0,0,0,0
Session_3,2026-01-26 16:58:17.367,28.105,-89.3515,-51.1106,-27.3880,3.7175,82.2395,89.0325,-85.9316,-420.4317,275.8255,-171.9800,15.0861,91.6414,6,0,0,0,0
Session_3,2026-01-26 16:58:17.440,28.178,-89.3513,-53.9419,-27.3878,3.9269,83.4453,88.9007,-84.4209,-425.5733,255.2100,-173.2025,12.4694,91.7672,6,0,0,0,0
Session_3,2026-01-26 16:58:17.516,28.254,-89.3510,-55.9026,-27.3890,3.9015,83.4192,88.8863,-84.4184,-428.3817,240.5789,-173.2133,10.4803,91.7741,6,0,0,0,0
Session_3,2026-01-26 16:58:17.588,28.326,-89.3511,-57.6675,-27.3890,4.2503,83.2283,88.8306,-84.6215,-430.8173,228.0801,-173.0418,9.0541,91.8247,6,0,0,0,0
Session_3,2026-01-26 16:58:17.664,28.402,-89.3512,-59.0923,-27.3891,4.5992,82.9578,88.6528,-84.9280,-432.5769,218.0783,-172.7691,7.9504,91.9988,6,0,0,0,0
Session_3,2026-01-26 16:58:17.729,28.467,-89.3514,-60.5615,-27.3893,6.0500,82.8115,88.3878,-85.0762,-435.1929,209.7766,-172.5868,7.8944,92.2634,6,0,0,0,0
Session_3,2026-01-26 16:58:17.790,28.528,-89.3624,-61.8794,-27.3896,7.5902,82.4881,88.1200,-85.5222,-437.5643,202.7609,-172.2197,8.0710,92.5201,6,0,0,0,0
Session_3,2026-01-26 16:58:17.862,28.600,-89.4584,-63.5803,-27.3893,8.0413,83.4439,87.8803,-85.0916,-438.7935,190.5007,-173.1873,6.8249,92.6624,6,0,0,0,0
Session_3,2026-01-26 16:58:17.936,28.674,-89.4811,-64.9211,-27.3892,8.7025,84.5460,87.8693,-83.9255,-439.9048,181.3506,-174.3123,6.1854,92.6523,6,0,0,0,0
Session_3,2026-01-26 16:58:18.026,28.764,-89.4807,-66.0948,-27.3891,10.3052,84.5219,87.7334,-83.9345,-441.7723,175.3677,-174.2565,6.5996,92.7906,6,0,0,0,0
Session_3,2026-01-26 16:58:18.091,28.830,-89.4813,-66.8886,-27.3897,10.1987,84.6503,87.7863,-83.7839,-441.7610,169.0395,-174.4259,5.7097,92.7338,6,0,0,0,0
Session_3,2026-01-26 16:58:18.157,28.895,-89.4817,-67.6037,-27.3890,10.6059,84.7664,87.8144,-83.6428,-442.1968,164.2869,-174.5564,5.4098,92.7045,6,0,0,0,0
Session_3,2026-01-26 16:58:18.232,28.970,-89.4887,-68.3714,-27.3897,10.1253,84.4038,87.7787,-84.1396,-441.6240,157.5201,-174.2394,4.1444,92.7278,6,0,0,0,0
Session_3,2026-01-26 16:58:18.313,29.051,-89.5118,-69.0623,-27.3897,9.7002,84.8563,87.7869,-83.7768,-440.9966,151.3742,-174.7351,3.0475,92.6954,6,0,0,0,0
Session_3,2026-01-26 16:58:18.397,29.135,-89.5135,-69.5245,-27.3893,9.3789,85.3253,87.8947,-83.2269,-440.5042,147.1924,-175.2382,2.2918,92.5864,6,0,0,0,0
Session_3,2026-01-26 16:58:18.479,29.217,-89.5135,-69.6354,-27.3895,9.0122,85.2209,87.9030,-83.3572,-440.0504,145.6881,-175.1516,1.8113,92.5772,6,0,0,0,0
Session_3,2026-01-26 16:58:18.545,29.283,-89.5130,-69.6356,-27.3895,9.2793,85.6020,87.7162,-82.8895,-440.3539,146.1325,-175.5159,2.0774,92.7656,6,0,0,0,0
Session_3,2026-01-26 16:58:18.634,29.372,-89.5124,-69.6426,-27.3898,9.3123,86.3519,87.3083,-81.9774,-440.3843,146.0732,-176.2490,2.1062,93.1756,6,0,0,0,0
Session_3,2026-01-26 16:58:18.725,29.463,-89.5121,-69.8131,-27.3905,9.6714,86.2763,87.1848,-82.0638,-440.7344,145.4171,-176.1598,2.2820,93.2994,6,0,0,0,0
Session_3,2026-01-26 16:58:18.922,29.661,-89.5148,-71.1771,-27.3899,11.7403,87.7444,86.9389,-80.2908,-442.4923,138.5959,-177.5781,3.0482,93.5483,6,0,0,0,0
Session_3,2026-01-26 16:58:18.997,29.735,-89.5169,-71.5390,-27.3900,12.1131,88.1419,86.8895,-79.8233,-442.7262,136.4684,-177.9718,3.0786,93.5965,6,0,0,0,0
Session_3,2026-01-26 16:58:19.066,29.805,-89.5168,-71.5719,-27.3901,12.0458,88.0506,86.8675,-79.9342,-442.6354,136.0957,-177.8849,2.9728,93.6181,6,0,0,0,0
Session_3,2026-01-26 16:58:19.147,29.885,-89.5168,-71.5717,-27.3898,12.0980,88.1433,86.8243,-79.8210,-442.6933,136.1898,-177.9723,3.0289,93.6617,6,0,0,0,0
Session_3,2026-01-26 16:58:19.228,29.966,-89.5273,-71.5709,-27.3895,12.0506,88.0135,86.7693,-80.0598,-442.6277,136.1158,-177.8425,2.9734,93.7058,6,0,0,0,0
Session_3,2026-01-26 16:58:19.310,30.048,-89.5315,-71.5707,-27.3895,11.8426,87.9579,86.7522,-80.1622,-442.3896,135.7408,-177.7979,2.7621,93.7180,6,0,0,0,0
Session_3,2026-01-26 16:58:19.384,30.122,-89.5340,-71.5682,-27.3888,11.8316,88.0671,86.7096,-80.0488,-442.3753,135.7381,-177.9053,2.7589,93.7584,6,0,0,0,0
Session_3,2026-01-26 16:58:19.459,30.197,-89.5362,-71.5575,-27.3877,11.8570,88.0767,86.7144,-80.0542,-442.4078,135.8718,-177.9129,2.7968,93.7514,6,0,0,0,0
Session_3,2026-01-26 16:58:19.519,30.258,-89.5403,-71.5567,-27.3875,11.8604,88.0396,86.7137,-80.1304,-442.4070,135.8868,-177.8756,2.7991,93.7480,6,0,0,0,0
Session_3,2026-01-26 16:58:19.592,30.330,-89.5903,-71.5436,-27.3872,11.3880,87.9256,86.7206,-80.6584,-441.8119,135.1349,-177.7885,2.3345,93.6897,6,0,0,0,0
Session_3,2026-01-26 16:58:19.655,30.393,-89.6971,-71.5356,-27.3870,11.0680,87.9854,86.7020,-81.4115,-441.3001,134.6157,-177.8653,2.0260,93.6009,6,0,0,0,0
Session_3,2026-01-26 16:58:19.723,30.462,-89.8206,-71.5206,-27.3862,11.0138,88.0177,86.6492,-82.3234,-441.0707,134.6358,-177.8979,1.9876,93.5302,6,0,0,0,0
Session_3,2026-01-26 16:58:19.798,30.536,-89.9473,-71.4502,-27.3859,10.7391,88.2477,86.5496,-83.0200,-440.6098,134.6738,-178.1363,1.7941,93.5032,6,0,0,0,0
Session_3,2026-01-26 16:58:19.858,30.596,-90.0058,-71.4459,-27.3857,10.6169,88.3280,86.4816,-83.3724,-440.3864,134.4850,-178.2216,1.6794,93.5126,6,0,0,0,0
Session_3,2026-01-26 16:58:19.919,30.658,-90.0633,-71.4457,-27.3856,10.5991,88.6343,86.3779,-83.4433,-440.2827,134.4446,-178.5253,1.6779,93.5592,6,0,0,0,0
Session_3,2026-01-26 16:58:19.993,30.731,-90.1862,-71.4304,-27.3827,10.7522,88.7194,86.3470,-84.2843,-440.2929,134.8495,-178.5984,1.8536,93.4678,6,0,0,0,0
Session_3,2026-01-26 16:58:20.067,30.805,-90.4306,-71.4306,-27.3819,10.5503,88.6597,86.3374,-86.2324,-439.6966,134.4893,-178.5514,1.6486,93.2325,6,0,0,0,0
Session_3,2026-01-26 16:58:20.133,30.871,-90.6666,-71.4309,-27.3820,10.4398,88.6597,86.3086,-88.0416,-439.2090,134.2878,-178.5577,1.5372,93.0251,6,0,0,0,0
Session_3,2026-01-26 16:58:20.202,30.940,-90.7865,-71.4316,-27.3826,10.2688,88.8492,86.1912,-88.7277,-438.8266,133.9672,-178.7551,1.3748,93.0227,6,0,0,0,0
Session_3,2026-01-26 16:58:20.282,31.020,-90.7855,-71.4313,-27.3820,10.6382,89.6141,85.8891,-87.7987,-439.2715,134.6241,-179.4842,1.7925,93.3273,6,0,0,0,0
Session_3,2026-01-26 16:58:20.355,31.093,-90.7852,-71.4311,-27.3817,10.7645,89.9691,85.7057,-87.3678,-439.4243,134.8528,-179.8230,1.9439,93.5115,6,0,0,0,0
Session_3,2026-01-26 16:58:20.429,31.167,-90.7852,-71.4315,-27.3819,10.6327,90.0158,85.6357,-87.3091,-439.2724,134.6116,-179.8773,1.8152,93.5813,6,0,0,0,0
Session_3,2026-01-26 16:58:20.512,31.250,-90.7776,-71.4315,-27.3819,10.7597,90.4360,85.4764,-86.7432,-439.4374,134.8424,179.7189,1.9746,93.7485,6,0,0,0,0
Session_3,2026-01-26 16:58:20.586,31.324,-90.7700,-71.4316,-27.3820,10.7494,90.5967,85.3528,-86.4898,-439.4395,134.8248,179.5622,1.9779,93.8797,6,0,0,0,0
Session_3,2026-01-26 16:58:20.654,31.392,-90.7706,-71.4319,-27.3824,10.6114,90.4202,85.3487,-86.7061,-439.2756,134.5699,179.7269,1.8253,93.8830,6,0,0,0,0
Session_3,2026-01-26 16:58:20.720,31.458,-90.7702,-71.4355,-27.3845,10.4610,90.5788,85.1976,-86.5083,-439.0992,134.2637,179.5606,1.6837,94.0340,6,0,0,0,0
Session_3,2026-01-26 16:58:20.785,31.523,-90.7685,-71.4355,-27.3844,10.5125,90.6276,85.1605,-86.4371,-439.1623,134.3571,179.5175,1.7395,94.0729,6,0,0,0,0
Session_3,2026-01-26 16:58:20.852,31.590,-90.7676,-71.4361,-27.3844,10.5737,90.6372,85.1406,-86.4189,-439.2345,134.4630,179.5136,1.8008,94.0939,6,0,0,0,0
Session_3,2026-01-26 16:58:20.926,31.664,-90.7673,-71.4365,-27.3845,10.6245,90.6372,85.1221,-86.4179,-439.2933,134.5507,179.5185,1.8511,94.1129,6,0,0,0,0
Session_3,2026-01-26 16:58:20.991,31.730,-90.7603,-71.4398,-27.3849,10.5421,90.6420,85.1063,-86.3570,-439.2061,134.3754,179.5069,1.7659,94.1354,6,0,0,0,0
Session_3,2026-01-26 16:58:21.074,31.812,-90.7601,-71.4421,-27.3849,10.8167,90.4642,85.1104,-86.5752,-439.5197,134.8504,179.7072,2.0221,94.1324,6,1,0,0,0
Session_3,2026-01-26 16:58:21.155,31.893,-90.7587,-71.4426,-27.3850,10.8497,90.4333,85.1035,-86.6027,-439.5588,134.9050,179.7410,2.0516,94.1407,6,1,0,0,0
Session_3,2026-01-26 16:58:21.230,31.968,-90.7586,-71.4432,-27.3851,10.8682,90.4257,85.0939,-86.6111,-439.5797,134.9332,179.7504,2.0688,94.1506,6,1,0,0,0
Session_3,2026-01-26 16:58:21.311,32.050,-90.7576,-71.4442,-27.3852,10.8476,90.3914,85.0733,-86.6445,-439.5563,134.8876,179.7834,2.0443,94.1721,6,1,0,0,0
Session_3,2026-01-26 16:58:21.387,32.125,-90.7560,-71.4452,-27.3855,10.8016,90.3996,85.0438,-86.6220,-439.5049,134.7964,179.7722,1.9981,94.2031,6,1,0,0,0
Session_3,2026-01-26 16:58:21.461,32.199,-90.7549,-71.4454,-27.3855,10.8037,90.4147,85.0225,-86.5947,-439.5091,134.7980,179.7581,2.0013,94.2256,6,1,0,0,0
Session_3,2026-01-26 16:58:21.534,32.272,-90.7531,-71.4462,-27.3858,10.7192,90.3687,85.0177,-86.6354,-439.4128,134.6376,179.7966,1.9120,94.2319,6,1,0,0,0
Session_3,2026-01-26 16:58:21.600,32.338,-90.7484,-71.4612,-27.3869,10.6403,90.3543,85.0136,-86.6157,-439.3187,134.3756,179.8029,1.8162,94.2405,6,1,0,0,0
Session_3,2026-01-26 16:58:21.673,32.412,-90.7480,-71.4623,-27.3872,10.6169,90.2554,85.0204,-86.7321,-439.2897,134.3234,179.8990,1.7830,94.2339,6,1,0,0,0
Session_3,2026-01-26 16:58:21.736,32.474,-90.7460,-71.4637,-27.3874,10.6128,90.2561,85.0108,-86.7161,-439.2869,134.3037,179.8981,1.7773,94.2455,6,1,0,0,0
Session_3,2026-01-26 16:58:21.805,32.543,-90.7433,-71.4650,-27.3875,10.5022,90.1778,85.0067,-86.7886,-439.1606,134.0944,179.9665,1.6590,94.2521,6,1,0,0,0
Session_3,2026-01-26 16:58:21.871,32.609,-90.7312,-71.4854,-27.3881,10.3828,90.1140,85.0067,-86.7713,-439.0268,133.7197,-179.9822,1.5134,94.2638,6,1,0,0,0
Session_3,2026-01-26 16:58:21.935,32.673,-90.7162,-71.5380,-27.3885,10.3340,90.0453,85.0101,-86.7390,-438.9617,133.2266,-179.9227,1.4061,94.2751,6,1,0,0,0
Session_3,2026-01-26 16:58:22.001,32.739,-90.7128,-71.6308,-27.3890,10.2599,90.0556,85.0136,-86.6984,-438.8269,132.3794,-179.9476,1.2402,94.2748,6,1,0,0,0
Session_3,2026-01-26 16:58:22.083,32.822,-90.7120,-71.8680,-27.3889,10.4542,90.1250,85.0321,-86.6089,-438.9189,130.9061,179.9792,1.2036,94.2570,6,1,0,0,0
Session_3,2026-01-26 16:58:22.149,32.888,-90.7120,-72.0337,-27.3889,10.5345,90.1037,85.0170,-86.6350,-438.9122,129.7772,179.9933,1.1167,94.2719,6,1,0,0,0
Session_3,2026-01-26 16:58:22.218,32.956,-90.7074,-72.0456,-27.3888,10.5640,90.2019,85.0129,-86.4808,-438.9483,129.7393,179.8971,1.1429,94.2807,6,1,0,0,0
Session_3,2026-01-26 16:58:22.299,33.037,-90.6480,-72.0457,-27.3888,10.4967,90.1984,85.0101,-86.0289,-438.9582,129.6181,179.8947,1.0754,94.3427,6,1,0,0,0
Session_3,2026-01-26 16:58:22.366,33.104,-90.6078,-72.0458,-27.3888,10.3773,90.1971,85.0129,-85.7215,-438.8770,129.4043,179.8856,0.9562,94.3800,6,1,0,0,0
Session_3,2026-01-26 16:58:22.440,33.178,-90.6013,-72.0460,-27.3889,10.3539,90.1531,85.0115,-85.7245,-438.8584,129.3608,179.9274,0.9289,94.3878,6,1,0,0,0
Session_3,2026-01-26 16:58:22.504,33.242,-90.6012,-72.0478,-27.3890,10.3175,90.0446,85.0280,-85.8548,-438.8128,129.2817,-179.9681,0.8813,94.3714,6,1,0,0,0
Session_3,2026-01-26 16:58:22.579,33.317,-90.5945,-72.0560,-27.3892,10.2784,89.9169,85.0644,-85.9581,-438.7693,129.1479,-179.8455,0.8230,94.3416,6,1,0,0,0
Session_3,2026-01-26 16:58:22.653,33.391,-90.5925,-72.0715,-27.3897,10.1788,89.7322,85.1166,-86.1655,-438.6409,128.8504,-179.6721,0.6922,94.2912,6,1,0,0,0
Session_3,2026-01-26 16:58:22.735,33.473,-90.5907,-72.1236,-27.3906,10.1706,89.5688,85.1846,-86.3495,-438.5970,128.4328,-179.5152,0.6178,94.2249,6,1,0,0,0
Session_3,2026-01-26 16:58:22.799,33.537,-90.5805,-72.2138,-27.3915,10.2104,89.3978,85.2621,-86.4782,-438.5980,127.8101,-179.3499,0.5533,94.1574,6,1,0,0,0
Session_3,2026-01-26 16:58:22.883,33.621,-90.5752,-72.4370,-27.4119,10.3217,89.3992,85.2930,-86.4361,-438.5562,126.2029,-179.3624,0.4219,94.1316,6,1,0,0,0
Session_3,2026-01-26 16:58:22.964,33.703,-90.5575,-72.9657,-27.4107,11.6187,89.3161,85.3768,-86.4125,-439.7548,124.4590,-179.2182,1.1831,94.0663,6,1,0,0,0
Session_3,2026-01-26 16:58:23.034,33.772,-90.5581,-73.2450,-27.4070,12.4894,88.8574,85.3596,-86.9815,-440.5687,123.8978,-178.7125,1.7389,94.0835,6,1,0,0,0
Session_3,2026-01-26 16:58:23.111,33.849,-90.5576,-73.2415,-27.4024,12.3644,88.8904,85.3123,-86.9365,-440.4355,123.7199,-178.7535,1.6241,94.1311,6,1,0,0,0
Session_3,2026-01-26 16:58:23.202,33.940,-90.5576,-73.2387,-27.4004,12.2292,88.7737,85.2594,-87.0762,-440.2825,123.5109,-178.6464,1.4833,94.1835,6,1,0,0,0
Session_3,2026-01-26 16:58:23.276,34.014,-90.5577,-73.2360,-27.4000,12.1701,88.7654,85.2038,-87.0868,-440.2159,123.4272,-178.6415,1.4255,94.2388,6,1,0,0,0
Session_3,2026-01-26 16:58:23.350,34.088,-90.5576,-73.2359,-27.4000,12.1461,88.7022,85.1942,-87.1624,-440.1873,123.3865,-178.5803,1.3961,94.2484,6,1,0,0,0
Session_3,2026-01-26 16:58:23.423,34.161,-90.5577,-73.2358,-27.4000,12.1310,88.6713,85.1818,-87.2000,-440.1694,123.3612,-178.5505,1.3783,94.2606,6,1,0,0,0
Session_3,2026-01-26 16:58:23.489,34.227,-90.5577,-73.2356,-27.4000,12.0973,88.5944,85.1358,-87.2930,-440.1293,123.3047,-178.4756,1.3373,94.3064,6,1,0,0,0
Session_3,2026-01-26 16:58:23.579,34.318,-90.5579,-73.2355,-27.4000,12.0335,88.3617,85.0163,-87.5760,-440.0516,123.1989,-178.2464,1.2505,94.4249,6,1,0,0,0
Session_3,2026-01-26 16:58:23.653,34.391,-90.5579,-73.2351,-27.4000,11.9504,88.1893,84.9525,-87.7839,-439.9524,123.0588,-178.0807,1.1509,94.4881,6,1,0,0,0
Session_3,2026-01-26 16:58:23.727,34.465,-90.5578,-73.2343,-27.3999,11.9016,88.2079,84.8680,-87.7602,-439.8964,122.9777,-178.1017,1.1021,94.5726,6,1,0,0,0
Session_3,2026-01-26 16:58:23.810,34.548,-90.5578,-73.2341,-27.3999,11.8900,88.2408,84.7973,-87.7202,-439.8833,122.9573,-178.1342,1.0913,94.6434,6,1,0,0,0
Session_3,2026-01-26 16:58:23.875,34.613,-90.5577,-73.2340,-27.3999,11.9064,88.2607,84.7520,-87.6955,-439.9030,122.9863,-178.1517,1.1081,94.6889,6,1,0,0,0
Session_3,2026-01-26 16:58:23.949,34.688,-90.5577,-73.2338,-27.3999,11.9909,88.3088,84.7025,-87.6378,-440.0028,123.1372,-178.1908,1.1952,94.7387,6,1,0,0,0
Session_3,2026-01-26 16:58:24.024,34.762,-90.5578,-73.2333,-27.3998,12.1097,88.4035,84.6545,-87.5251,-440.1432,123.3516,-178.2730,1.3215,94.7871,6,1,0,0,0
Session_3,2026-01-26 16:58:24.097,34.835,-90.5579,-73.2222,-27.3996,12.1763,88.4866,84.5899,-87.4259,-440.2301,123.5542,-178.3468,1.4048,94.8520,6,1,0,0,0
Session_3,2026-01-26 16:58:24.168,34.907,-90.5583,-73.1929,-27.3991,12.1351,88.6343,84.4505,-87.2500,-440.2054,123.7034,-178.4915,1.4037,94.9913,6,1,0,0,0
Session_3,2026-01-26 16:58:24.245,34.983,-90.5587,-73.0376,-27.3991,11.7348,88.7579,84.2960,-87.0997,-439.8504,124.1780,-178.6350,1.1682,95.1451,6,1,0,0,0
Session_3,2026-01-26 16:58:24.335,35.073,-90.5585,-72.8900,-27.3992,11.5116,88.8217,84.2473,-87.0194,-439.6942,124.9117,-178.7051,1.0982,95.1940,6,1,0,0,0
Session_3,2026-01-26 16:58:24.417,35.155,-90.5588,-72.8884,-27.3989,11.8906,89.1094,84.2130,-86.6767,-440.1420,125.5982,-178.9523,1.5053,95.2296,6,1,0,0,0
Session_3,2026-01-26 16:58:24.492,35.230,-90.5591,-72.8756,-27.3985,12.3576,89.2694,84.2226,-86.4909,-440.6924,126.5371,-179.0633,1.9994,95.2214,6,1,0,0,0
Session_3,2026-01-26 16:58:24.574,35.312,-90.5606,-72.6684,-27.3981,12.1056,89.3882,84.1985,-86.3567,-440.5406,127.6786,-179.1852,1.9668,95.2439,6,1,0,0,0
Session_3,2026-01-26 16:58:24.648,35.386,-90.5606,-72.1280,-27.3985,11.5137,89.2001,84.1779,-86.5810,-440.1962,130.7731,-179.0025,1.8958,95.2641,6,1,0,0,0
Session_3,2026-01-26 16:58:24.730,35.468,-90.5596,-71.4064,-27.3987,10.6506,89.1808,84.1230,-86.5910,-439.6102,134.7671,-178.9961,1.7519,95.3196,6,1,0,0,0
Session_3,2026-01-26 16:58:24.812,35.550,-90.5592,-70.8600,-27.3986,10.5036,89.3401,84.0427,-86.3960,-439.7155,138.7011,-179.1106,2.1645,95.4020,6,1,0,0,0
Session_3,2026-01-26 16:58:24.886,35.624,-90.5594,-70.4741,-27.3985,10.4404,89.6203,83.9582,-86.0585,-439.8157,141.5510,-179.3520,2.5136,95.4881,6,1,0,0,0
Session_3,2026-01-26 16:58:24.960,35.698,-90.5593,-69.8591,-27.3986,10.2386,89.7322,83.8387,-85.9225,-439.8201,145.9120,-179.4136,2.9349,95.6100,6,1,0,0,0
Session_3,2026-01-26 16:58:25.033,35.771,-90.5589,-68.9917,-27.3985,10.1122,89.9664,83.7385,-85.6361,-439.9271,152.3525,-179.5600,3.6962,95.7157,6,1,0,0,0
Session_3,2026-01-26 16:58:25.108,35.846,-90.5577,-67.9253,-27.3985,9.7723,90.3694,83.6176,-85.1358,-439.7336,159.9285,-179.8716,4.4620,95.8441,6,1,0,0,0
Session_3,2026-01-26 16:58:25.180,35.918,-90.5573,-66.8756,-27.3984,9.7806,90.4498,83.5407,-85.0356,-439.7664,168.0165,-179.8255,5.5221,95.9321,6,1,0,0,0
Session_3,2026-01-26 16:58:25.257,35.995,-90.5557,-65.2015,-27.3984,9.2203,90.6908,83.3986,-84.7230,-438.9450,179.8268,-179.9217,6.6557,96.0903,6,1,0,0,0
Session_3,2026-01-26 16:58:25.321,36.059,-90.5358,-63.7376,-27.3984,8.8845,91.0334,83.2798,-84.1474,-438.1383,190.4203,179.8860,7.8159,96.2466,6,1,0,0,0
Session_3,2026-01-26 16:58:25.397,36.135,-90.4582,-61.6689,-27.3984,8.0077,91.1742,83.1967,-83.3674,-436.2590,204.5519,179.9019,9.0159,96.4291,6,1,0,0,0
Session_3,2026-01-26 16:58:25.471,36.209,-90.3384,-59.5364,-27.3985,7.1535,91.1742,83.1823,-82.4402,-433.9255,219.1115,-179.9397,10.2850,96.5897,6,1,0,0,0
Session_3,2026-01-26 16:58:25.546,36.284,-90.2667,-57.1947,-27.3988,6.1805,91.3156,83.1418,-81.7096,-430.6677,234.8940,-179.9032,11.6601,96.7349,6,1,0,0,0
Session_3,2026-01-26 16:58:25.628,36.366,-90.2666,-54.6812,-27.3988,4.8216,91.3891,83.1198,-81.5991,-426.1498,251.0195,-179.8269,12.8147,96.7881,6,1,0,0,0
Session_3,2026-01-26 16:58:25.702,36.440,-90.2666,-52.0821,-27.3987,3.6385,91.5298,83.0855,-81.4043,-420.9627,267.8956,-179.7785,14.2368,96.8656,6,1,0,0,0
Session_3,2026-01-26 16:58:25.767,36.505,-90.2667,-50.0430,-27.3988,2.8901,91.5862,83.0841,-81.3158,-416.5282,281.3069,-179.6677,15.5241,96.9097,6,1,0,0,0
Session_3,2026-01-26 16:58:25.840,36.578,-90.2667,-47.3884,-27.3986,2.2364,91.6658,83.1033,-81.1907,-410.2999,299.1555,-179.4907,17.5191,96.9641,6,1,0,0,0
Session_3,2026-01-26 16:58:25.915,36.653,-90.2665,-44.6711,-27.3992,1.6102,91.6775,83.1294,-81.1418,-403.1489,317.1754,-179.2324,19.5945,97.0255,6,1,0,0,0
Session_3,2026-01-26 16:58:25.989,36.727,-90.2662,-42.1309,-27.3989,0.9517,91.8285,83.1679,-80.9220,-395.7044,333.5430,-179.1407,21.4797,97.0748,6,1,0,0,0
Session_3,2026-01-26 16:58:26.055,36.793,-90.2662,-39.7434,-27.3984,0.4580,91.8361,83.2070,-80.8773,-388.1468,348.8623,-178.9015,23.3600,97.1328,6,1,0,0,0
Session_3,2026-01-26 16:58:26.129,36.867,-90.2642,-37.1677,-27.3991,-0.5308,91.8292,83.2496,-80.8311,-379.1690,364.0438,-178.6893,24.9329,97.1799,6,1,0,0,0
Session_3,2026-01-26 16:58:26.204,36.942,-90.2590,-34.5827,-27.3986,-1.6898,91.7722,83.3176,-80.8216,-369.4938,378.5018,-178.4602,26.3424,97.1984,6,1,0,0,0
Session_3,2026-01-26 16:58:26.268,37.006,-90.2574,-32.5577,-27.3990,-3.0130,91.6589,83.3883,-80.9122,-361.3929,388.6220,-178.2817,27.0269,97.1661,6,1,0,0,0
Session_3,2026-01-26 16:58:26.343,37.082,-90.2564,-30.5413,-27.3990,-4.0849,91.5910,83.4700,-80.9510,-353.0700,398.9291,-178.1195,27.9583,97.1381,6,1,0,0,0
Session_3,2026-01-26 16:58:26.433,37.171,-90.2564,-28.4303,-27.3993,-4.7880,91.3726,83.5915,-81.1757,-344.0975,410.2831,-177.7635,29.3341,97.0974,6,1,0,0,0
Session_3,2026-01-26 16:58:26.516,37.254,-90.2563,-27.1303,-27.3992,-5.5543,91.4632,83.6808,-81.0394,-338.3270,416.4024,-177.8258,29.8770,97.0340,6,1,0,0,0
Session_3,2026-01-26 16:58:26.599,37.337,-90.2540,-26.1392,-27.3992,-6.4476,91.6706,83.7543,-80.7542,-333.7971,420.3221,-178.0595,29.9992,96.9596,6,1,0,0,0
Session_3,2026-01-26 16:58:26.682,37.420,-90.2539,-25.5927,-27.3991,-6.4744,91.7173,83.7797,-80.6865,-331.3439,423.4424,-178.0450,30.5209,96.9686,6,1,0,0,0
Session_3,2026-01-26 16:58:26.755,37.493,-90.2539,-25.4747,-27.3990,-6.5788,91.7441,83.7749,-80.6516,-330.7952,423.9040,-178.0667,30.5373,96.9753,6,1,0,0,0
Session_3,2026-01-26 16:58:26.830,37.568,-90.2499,-25.4749,-27.3992,-6.8026,91.8560,83.7769,-80.4925,-330.7665,423.4278,-178.2117,30.3270,96.9608,6,1,0,0,0
Session_3,2026-01-26 16:58:26.913,37.651,-90.1715,-25.4753,-27.3997,-7.0312,91.7901,83.8051,-80.1198,-330.8433,422.9332,-178.1959,30.0930,96.9897,6,1,0,0,0
Session_3,2026-01-26 16:58:26.985,37.724,-89.7494,-25.4769,-27.4009,-7.4432,91.5484,83.9225,-77.9735,-331.3676,422.0331,-178.0824,29.6594,97.2461,6,1,0,0,0
Session_3,2026-01-26 16:58:27.052,37.790,-88.7895,-25.4805,-27.4019,-7.6547,90.8391,84.1106,-73.2717,-332.6333,421.5409,-177.5148,29.3781,97.9720,6,1,0,0,0
Session_3,2026-01-26 16:58:27.134,37.873,-86.9780,-25.4813,-27.4020,-7.4432,90.2424,84.3867,-63.4400,-334.8676,421.9809,-177.0506,29.5407,99.4774,6,1,0,0,0
Session_3,2026-01-26 16:58:27.196,37.934,-85.4416,-25.4830,-27.4021,-7.4824,89.6004,84.6531,-55.2149,-336.5103,421.8880,-176.5691,29.4536,100.7017,6,1,0,0,0
Session_3,2026-01-26 16:58:27.268,38.006,-83.3976,-25.4896,-27.4043,-8.3050,88.8911,85.0232,-44.0478,-338.2292,420.0981,-176.1676,28.5864,102.2712,6,1,0,0,0
Session_3,2026-01-26 16:58:27.344,38.082,-81.2840,-25.4948,-27.4065,-9.1592,88.5409,85.4105,-31.9901,-339.5160,418.2493,-176.1189,27.7255,103.9007,6,1,0,0,0
Session_3,2026-01-26 16:58:27.425,38.163,-79.1107,-25.4979,-27.4070,-10.1884,88.0616,86.6121,-19.7129,-340.3338,416.0593,-176.3499,26.7414,104.6813,6,1,0,0,0
Session_3,2026-01-26 16:58:27.499,38.238,-77.3131,-25.5181,-27.4122,-11.7073,88.2319,88.2923,-8.9080,-340.3724,412.7000,-177.4241,25.2977,104.5749,6,1,0,0,0
Session_3,2026-01-26 16:58:27.560,38.298,-75.9188,-25.7325,-27.4337,-11.3750,87.8460,88.8815,-0.8192,-341.6300,412.0855,-177.3145,25.4116,105.3187,6,1,0,0,0
Session_3,2026-01-26 16:58:27.634,38.372,-74.4823,-26.6292,-27.4335,-8.7177,87.6448,89.4939,8.7597,-346.1089,412.5023,-177.3849,27.1977,106.0862,6,1,0,0,0
Session_3,2026-01-26 16:58:27.707,38.446,-73.5193,-27.7699,-27.4329,-7.0958,87.0955,90.4697,15.4411,-351.1854,409.2360,-177.3419,27.7242,105.9508,6,1,0,0,0
Session_3,2026-01-26 16:58:27.780,38.518,-72.9945,-28.8850,-27.4334,-7.4570,87.1209,91.3733,20.0255,-355.3971,401.7827,-177.7977,26.2855,105.4758,6,1,0,0,0
Session_3,2026-01-26 16:58:27.857,38.595,-72.6545,-30.0535,-27.4334,-7.2640,86.6093,92.4005,22.9754,-360.0436,395.1212,-177.7433,25.3674,104.6933,6,1,0,0,0
Session_3,2026-01-26 16:58:27.932,38.671,-72.5628,-31.3980,-27.4334,-7.0876,86.6059,94.0505,25.1559,-365.1280,387.2046,-178.4228,24.2568,103.0015,6,1,0,0,0
Session_3,2026-01-26 16:58:28.008,38.747,-72.5637,-32.8277,-27.4339,-6.8905,86.6986,94.0643,26.9099,-370.3582,378.6606,-178.4175,23.0212,103.0270,6,1,0,0,0
Session_3,2026-01-26 16:58:28.084,38.822,-72.5639,-34.3151,-27.4337,-6.7614,86.9987,93.9503,28.9007,-375.4860,369.4584,-178.5595,21.6429,103.1916,6,1,0,0,0
Session_3,2026-01-26 16:58:28.156,38.894,-72.5638,-35.8714,-27.4337,-6.4606,87.1786,93.8953,30.7795,-380.7405,360.0312,-178.6196,20.3771,103.2854,6,1,0,0,0
Session_3,2026-01-26 16:58:28.216,38.954,-72.5640,-37.1270,-27.4338,-6.3480,87.2404,93.9448,32.1221,-384.7682,352.0514,-178.6109,19.2341,103.2625,6,1,0,0,0
Session_3,2026-01-26 16:58:28.282,39.020,-72.5635,-38.6412,-27.4343,-6.0068,87.3626,93.9970,33.7705,-389.5118,342.7213,-178.6601,18.0565,103.2366,6,1,0,0,0
Session_3,2026-01-26 16:58:28.355,39.093,-72.5635,-40.4643,-27.4352,-5.8646,87.6826,94.0169,35.8052,-394.6953,330.7560,-178.8569,16.3573,103.2534,6,1,0,0,0
Session_3,2026-01-26 16:58:28.419,39.157,-72.5635,-42.1756,-27.4352,-5.4561,87.9613,93.9674,37.6466,-399.4316,319.9258,-179.0234,15.0375,103.3307,6,1,0,0,0
Session_3,2026-01-26 16:58:28.502,39.241,-72.5639,-44.7611,-27.4350,-4.3314,88.3987,93.8953,40.3885,-406.3999,304.2906,-179.3349,13.5496,103.4307,6,1,0,0,0
Session_3,2026-01-26 16:58:28.584,39.322,-72.5638,-46.6959,-27.4349,-4.0780,88.6816,93.8047,42.1184,-410.7625,291.2035,-179.4782,11.8523,103.5495,6,1,0,0,0
Session_3,2026-01-26 16:58:28.658,39.396,-72.5658,-48.1483,-27.4351,-4.5998,88.4241,93.7484,42.5858,-413.3383,279.9003,-179.0756,9.8985,103.6306,6,1,0,0,0
Session_3,2026-01-26 16:58:28.732,39.470,-72.5658,-49.6724,-27.4352,-4.2702,88.2916,93.7566,43.3956,-416.4545,269.6697,-178.8644,8.7154,103.6353,6,1,0,0,0
Session_3,2026-01-26 16:58:28.806,39.544,-72.5667,-51.5503,-27.4357,-3.6488,88.4523,93.7141,44.7186,-420.0383,257.3394,-178.9352,7.4499,103.6890,6,1,0,0,0
Session_3,2026-01-26 16:58:28.879,39.618,-72.5708,-53.4086,-27.4361,-2.8544,88.5155,93.6612,45.8352,-423.4381,245.3495,-178.9224,6.3828,103.7464,6,1,0,0,0
Session_3,2026-01-26 16:58:28.954,39.693,-72.5848,-55.4668,-27.4363,-1.1618,88.4681,93.3151,46.9899,-427.6538,233.4495,-178.8150,6.0137,104.0829,6,1,0,0,0
Session_3,2026-01-26 16:58:29.019,39.758,-72.5998,-57.0711,-27.4362,-0.1208,89.1101,92.7624,48.4731,-430.1523,223.5242,-179.3708,5.4085,104.6258,6,1,0,0,0
Session_3,2026-01-26 16:58:29.096,39.834,-72.5997,-58.6366,-27.4364,0.1346,89.7384,92.2254,49.7133,-431.5593,212.3540,-179.8966,4.0686,105.1692,6,1,0,0,0
Session_3,2026-01-26 16:58:29.169,39.907,-72.5997,-59.9235,-27.4373,0.8528,89.9403,92.1094,50.4706,-433.1572,204.0674,179.9310,3.4919,105.2870,6,1,0,0,0
Session_3,2026-01-26 16:58:29.236,39.975,-72.6119,-61.0403,-27.4372,1.3781,89.6622,92.1375,50.4365,-434.4807,196.6652,-179.7707,2.9112,105.2479,6,1,0,0,0
Session_3,2026-01-26 16:58:29.302,40.040,-72.6369,-62.0276,-27.4396,1.2689,89.4397,92.1588,50.0935,-434.9168,189.0509,-179.5080,1.8216,105.2033,6,1,0,0,0
Session_3,2026-01-26 16:58:29.369,40.107,-72.6787,-63.2457,-27.4455,1.4694,89.5420,92.1622,50.0857,-435.5287,180.2314,-179.5717,0.7949,105.1589,6,1,0,0,0
Session_3,2026-01-26 16:58:29.441,40.180,-72.7494,-64.6833,-27.4944,1.4729,89.8194,92.1101,49.9234,-435.6625,169.2037,-179.7936,-0.6977,105.1404,6,1,0,0,0
Session_3,2026-01-26 16:58:29.526,40.264,-72.8901,-66.4708,-27.5319,2.4177,90.5212,92.0702,49.9796,-436.5511,157.2193,179.5365,-1.6028,105.0389,6,1,0,0,0
Session_3,2026-01-26 16:58:29.599,40.337,-73.0813,-67.8129,-27.5355,3.2753,90.9929,91.8594,49.3011,-437.3090,148.5607,179.0749,-2.1043,105.0583,6,1,0,0,0
Session_3,2026-01-26 16:58:29.673,40.412,-73.2578,-68.9319,-27.5387,3.8947,90.9613,91.6864,48.0303,-437.8457,141.1509,179.1150,-2.6031,105.0543,6,1,0,0,0
Session_3,2026-01-26 16:58:29.747,40.485,-73.2814,-69.8816,-27.5391,4.6438,90.9283,91.5546,47.9619,-438.3760,135.2419,179.1474,-2.8010,105.1624,6,1,0,0,0
Session_3,2026-01-26 16:58:29.821,40.559,-73.2813,-70.7307,-27.5446,4.6781,91.1275,91.4461,48.0624,-437.8703,128.8565,178.9638,-3.6245,105.2700,6,1,0,0,0
Session_3,2026-01-26 16:58:29.898,40.636,-73.2814,-71.5214,-27.5495,5.6408,91.2737,91.3925,48.4415,-438.5177,124.4773,178.8101,-3.4601,105.3239,6,1,0,0,0
Session_3,2026-01-26 16:58:29.973,40.711,-73.2813,-72.0388,-27.5533,5.7280,91.4742,91.2991,48.5958,-438.1834,120.6959,178.6139,-3.8965,105.4170,6,1,0,0,0
Session_3,2026-01-26 16:58:30.055,40.793,-73.2809,-72.2952,-27.6007,5.6669,91.4996,91.2902,48.5218,-437.8187,118.4453,178.5961,-4.2616,105.4258,6,1,0,0,0
Session_3,2026-01-26 16:58:30.129,40.867,-73.2808,-72.2998,-27.7959,5.9319,91.3163,91.4674,48.3083,-437.8773,117.9842,178.7909,-4.1961,105.2483,6,1,0,0,0
Session_3,2026-01-26 16:58:30.213,40.951,-73.2810,-72.3018,-28.3220,6.1002,91.1597,91.8258,47.9100,-437.2171,115.9238,178.9852,-4.5583,104.8878,6,1,0,0,0
Session_3,2026-01-26 16:58:30.287,41.025,-73.2806,-72.3017,-29.4044,7.1645,91.2566,91.8979,47.8496,-436.5994,112.9316,178.8948,-4.5808,104.8158,6,1,0,0,0
Session_3,2026-01-26 16:58:30.369,41.107,-73.2806,-72.3014,-30.7850,8.9765,91.2998,91.8526,47.8285,-436.3466,109.8882,178.8339,-4.1498,104.8624,6,1,0,0,0
Session_3,2026-01-26 16:58:30.451,41.189,-73.2807,-72.3004,-32.2061,11.5803,91.1556,91.7935,47.8373,-436.9847,108.0308,178.9366,-2.9610,104.9238,6,1,0,0,0
Session_3,2026-01-26 16:58:30.525,41.263,-73.2808,-72.2999,-33.2437,12.7229,91.3355,91.6425,47.8685,-436.3342,105.4200,178.7459,-2.8578,105.0751,6,1,0,0,0
Session_3,2026-01-26 16:58:30.597,41.335,-73.2807,-72.2985,-33.7796,14.0893,91.1646,91.5772,47.8612,-437.0270,105.4062,178.8906,-2.0201,105.1414,6,1,0,0,0
Session_3,2026-01-26 16:58:30.680,41.419,-73.2811,-72.2937,-34.2290,15.5518,90.9428,91.5559,47.8669,-437.9927,105.9869,179.0839,-0.9961,105.1629,6,1,0,0,0
Session_3,2026-01-26 16:58:30.763,41.501,-73.2815,-72.2727,-34.5609,15.9151,91.2119,91.2916,48.1180,-437.7025,105.3183,178.8091,-0.9456,105.4271,6,1,0,0,0
Session_3,2026-01-26 16:58:30.832,41.571,-73.2818,-72.1485,-34.5830,15.7379,91.2820,91.1288,48.1577,-437.5481,105.8528,178.7379,-1.0186,105.5895,6,1,0,0,0
Session_3,2026-01-26 16:58:30.911,41.649,-73.2819,-71.6148,-34.5848,14.5548,90.7224,91.0760,47.2354,-436.8406,107.8093,179.3087,-1.6580,105.6417,6,1,0,0,0
Session_3,2026-01-26 16:58:30.991,41.729,-73.2794,-71.4336,-34.6586,14.8343,90.0529,91.0966,46.5866,-437.4362,109.3283,179.9712,-1.2587,105.6238,6,1,0,0,0
Session_3,2026-01-26 16:58:31.064,41.802,-73.3140,-71.4340,-34.9618,14.4834,90.1421,91.0052,46.1213,-436.4156,107.3818,179.8914,-1.9146,105.6802,6,1,0,0,0
Session_3,2026-01-26 16:58:31.141,41.879,-73.3250,-71.4210,-35.7654,15.7352,90.6709,90.8047,46.6321,-436.1751,106.1097,179.3496,-1.4605,105.8701,6,1,0,0,0
Session_3,2026-01-26 16:58:31.215,41.953,-73.3253,-71.3275,-36.6183,16.3223,91.2099,90.6001,46.9813,-435.0726,104.0927,178.8072,-1.6362,106.0744,6,1,0,0,0
Session_3,2026-01-26 16:58:31.289,42.027,-73.3284,-71.0996,-37.3485,16.4404,90.9805,90.5424,46.3572,-434.0366,102.8047,179.0385,-2.0169,106.1289,6,1,0,0,0
Session_3,2026-01-26 16:58:31.355,42.093,-73.3274,-70.7191,-38.1330,16.5653,90.9840,90.5637,46.0450,-432.9541,102.4430,179.0386,-2.2964,106.1085,6,1,0,0,0
Session_3,2026-01-26 16:58:31.429,42.167,-73.3267,-70.3595,-39.1647,16.8523,91.1288,90.5740,45.7856,-431.4587,101.1345,178.8980,-2.6830,106.0987,6,1,0,0,0
Session_3,2026-01-26 16:58:31.511,42.250,-73.3267,-70.1402,-40.3586,18.0361,91.2167,90.6303,45.6278,-430.5605,99.6173,178.8104,-2.4759,106.0425,6,1,0,0,0
Session_3,2026-01-26 16:58:31.593,42.332,-73.3262,-70.0592,-41.4209,20.1173,91.3506,90.9991,45.8807,-430.8253,99.2072,178.6733,-1.3860,105.6747,6,1,0,0,0
Session_3,2026-01-26 16:58:31.668,42.406,-73.3268,-70.0399,-42.1649,21.8134,91.4042,91.0828,46.0617,-431.2181,99.0833,178.6035,-0.4180,105.5907,6,1,0,0,0
Session_3,2026-01-26 16:58:31.742,42.480,-73.3258,-70.0370,-42.5242,22.1175,91.7249,91.1440,46.3134,-430.6784,98.0916,178.2843,-0.4780,105.5307,6,1,0,0,0
Session_3,2026-01-26 16:58:31.815,42.553,-73.3254,-70.0114,-42.5962,22.2556,91.6685,91.1529,46.2609,-430.7298,98.2098,178.3389,-0.3856,105.5222,6,1,0,0,0
Session_3,2026-01-26 16:58:31.891,42.630,-73.3252,-70.0112,-42.5960,22.1711,91.6088,91.2044,46.1633,-430.6520,98.0617,178.4007,-0.4699,105.4708,6,1,0,0,0
Session_3,2026-01-26 16:58:31.966,42.705,-73.3255,-70.0095,-42.5958,21.9733,91.5985,91.2270,46.0801,-430.4254,97.7283,178.4154,-0.6661,105.4478,6,1,0,0,0
Session_3,2026-01-26 16:58:32.041,42.779,-73.3255,-69.9314,-42.5957,21.5723,91.5848,91.1803,45.9485,-430.0433,97.6079,178.4352,-0.9873,105.4945,6,1,0,0,0
Session_3,2026-01-26 16:58:32.123,42.862,-73.3254,-69.7034,-42.5960,20.7278,91.6301,91.1618,45.7755,-429.2721,97.8329,178.4021,-1.6044,105.5128,6,1,0,0,0
Session_3,2026-01-26 16:58:32.197,42.935,-73.3253,-69.4829,-42.5969,20.0899,91.5161,91.2868,45.4853,-428.7829,98.3578,178.5290,-2.0234,105.3876,6,1,0,0,0
Session_3,2026-01-26 16:58:32.271,43.009,-73.3251,-69.4831,-42.5995,20.1853,91.5621,91.3431,45.5731,-428.8770,98.5105,178.4828,-1.9334,105.3315,6,1,0,0,0
Session_3,2026-01-26 16:58:32.363,43.101,-73.3257,-69.4833,-42.6092,20.0864,91.5250,91.4117,45.4829,-428.7481,98.2958,178.5249,-2.0430,105.2621,6,1,0,0,0
Session_3,2026-01-26 16:58:32.579,43.317,-73.3250,-69.4856,-42.6452,20.2478,91.4509,91.9123,45.4363,-428.8871,98.3992,178.6128,-1.9304,104.7622,6,1,0,0,0
Session_3,2026-01-26 16:58:32.666,43.404,-73.3251,-69.4857,-42.6774,20.3384,91.4275,92.0325,45.4202,-428.9337,98.4148,178.6381,-1.8742,104.6420,6,1,0,0,0
Session_3,2026-01-26 16:58:32.734,43.473,-73.3247,-69.4857,-42.6784,20.3268,91.4406,92.0366,45.4331,-428.9125,98.3907,178.6256,-1.8874,104.6382,6,1,0,0,0
Session_3,2026-01-26 16:58:32.800,43.538,-73.3242,-69.4860,-42.6786,20.3570,91.4502,92.0977,45.4589,-428.9448,98.4404,178.6169,-1.8595,104.5777,6,1,0,0,0
Session_3,2026-01-26 16:58:32.891,43.629,-73.3239,-69.4866,-42.6788,20.3817,91.4715,92.1368,45.4947,-428.9659,98.4781,178.5961,-1.8374,104.5389,6,1,0,0,0
Session_3,2026-01-26 16:58:32.965,43.704,-73.3239,-69.4869,-42.6793,20.3535,91.5388,92.1465,45.5619,-428.9071,98.4280,178.5302,-1.8689,104.5293,6,1,0,0,0
Session_3,2026-01-26 16:58:33.038,43.776,-73.3240,-69.4870,-42.6793,20.3364,91.5937,92.1609,45.6187,-428.8671,98.3991,178.4764,-1.8887,104.5148,6,1,0,0,0
Session_3,2026-01-26 16:58:33.105,43.843,-73.3240,-69.4870,-42.6792,20.2952,91.6177,92.1815,45.6321,-428.8088,98.3294,178.4547,-1.9312,104.4942,6,1,0,0,0
Session_3,2026-01-26 16:58:33.170,43.908,-73.3240,-69.4870,-42.6792,20.2753,91.5896,92.2213,45.5922,-428.7943,98.2939,178.4849,-1.9512,104.4543,6,1,0,0,0
Session_3,2026-01-26 16:58:33.232,43.970,-73.3240,-69.4871,-42.6793,20.3350,91.4323,92.2282,45.4308,-428.9214,98.3912,178.6399,-1.8856,104.4473,6,0,0,0,0
Session_3,2026-01-26 16:58:33.309,44.048,-73.3240,-69.4872,-42.6793,20.4153,91.2943,92.2234,45.2997,-429.0667,98.5249,178.7746,-1.8000,104.4521,6,0,0,0,0
Session_3,2026-01-26 16:58:33.392,44.130,-73.3239,-69.4871,-42.6793,20.5534,91.2614,92.2179,45.3123,-429.2451,98.7624,178.8020,-1.6607,104.4578,6,0,0,0,0
Session_3,2026-01-26 16:58:33.465,44.203,-73.3239,-69.4871,-42.6792,20.7010,91.2840,92.2069,45.3917,-429.4156,99.0191,178.7733,-1.5137,104.4690,6,0,0,0,0
Session_3,2026-01-26 16:58:33.548,44.286,-73.3235,-69.4867,-42.6789,21.1755,91.3039,92.2144,45.5887,-429.9777,99.8479,178.7353,-1.0398,104.4623,6,0,0,0,0
Session_3,2026-01-26 16:58:33.622,44.361,-73.3235,-69.4855,-42.6785,21.4172,91.4914,92.1368,45.8932,-430.2016,100.2853,178.5375,-0.8020,104.5402,6,0,0,0,0
Session_3,2026-01-26 16:58:33.696,44.435,-73.3238,-69.4627,-42.6773,21.4618,91.6363,91.9968,46.0831,-430.2318,100.5430,178.3883,-0.7348,104.6801,6,0,0,0,0
Session_3,2026-01-26 16:58:33.770,44.509,-73.3240,-69.3175,-42.6766,21.4281,91.7681,91.9151,46.2701,-430.3036,101.5700,178.2518,-0.6247,104.7617,6,0,0,0,0
Session_3,2026-01-26 16:58:33.845,44.583,-73.3253,-68.8480,-42.6768,20.6248,91.7537,91.8615,46.1056,-429.8501,103.6489,178.2765,-0.9566,104.8138,6,0,0,0,0
Session_3,2026-01-26 16:58:33.919,44.657,-73.3255,-68.0917,-42.6772,19.8228,91.5779,91.8519,45.8397,-429.7090,107.8519,178.4535,-0.9967,104.8231,6,0,0,0,0
Session_3,2026-01-26 16:58:33.984,44.722,-73.3252,-67.2648,-42.6770,19.9223,91.3499,91.8629,45.8363,-430.6548,114.1581,178.6514,-0.0633,104.8124,6,0,0,0,0
Session_3,2026-01-26 16:58:34.059,44.797,-73.3255,-66.1848,-42.6771,19.5014,91.2524,91.8409,45.8318,-431.0596,121.4381,178.7277,0.5989,104.8339,6,0,0,0,0
Session_3,2026-01-26 16:58:34.119,44.857,-73.3254,-65.2781,-42.6769,19.3998,91.3053,91.8086,46.0435,-431.5401,128.0055,178.6497,1.4028,104.8659,6,0,0,0,0
Session_3,2026-01-26 16:58:34.192,44.930,-73.3258,-63.8316,-42.6768,19.5742,91.2614,91.8059,46.2763,-432.5123,139.1039,178.6426,3.0245,104.8663,6,0,0,0,0
Session_3,2026-01-26 16:58:34.265,45.003,-73.3267,-62.1383,-42.6768,19.4300,91.1755,91.8018,46.2930,-432.9559,151.4815,178.6797,4.5757,104.8661,6,0,0,0,0
Session_3,2026-01-26 16:58:34.340,45.078,-73.3268,-59.7466,-42.6767,19.2460,90.9112,91.8031,45.9905,-433.0652,169.0014,178.8736,6.7907,104.8575,6,0,0,0,0
Session_3,2026-01-26 16:58:34.414,45.152,-73.3271,-57.3373,-42.6768,19.1773,90.6770,91.8045,45.5439,-432.5716,186.8551,179.0323,9.1373,104.8453,6,0,0,0,0
Session_3,2026-01-26 16:58:34.484,45.222,-73.3275,-54.9221,-42.6763,19.1965,90.5308,91.7976,45.0053,-431.4012,204.8871,179.1006,11.5757,104.8376,6,0,0,0,0
Session_3,2026-01-26 16:58:34.545,45.283,-73.3277,-52.4960,-42.6756,19.1251,90.6200,91.7976,44.5008,-429.3439,222.7540,178.9338,13.9271,104.8203,6,0,0,0,0
Session_3,2026-01-26 16:58:34.626,45.365,-73.3279,-49.2581,-42.6751,19.1663,90.5294,91.7001,43.2744,-425.6389,246.6989,178.9436,17.2096,104.8923,6,0,0,0,0
Session_3,2026-01-26 16:58:34.709,45.447,-73.3328,-45.6019,-42.6745,19.0860,90.4195,91.7029,41.3631,-419.8444,273.1615,178.9337,20.7875,104.8458,6,0,0,0,0
Session_3,2026-01-26 16:58:34.782,45.520,-73.3489,-42.2261,-42.6743,18.9356,90.2520,91.6946,39.0061,-413.0799,297.0399,178.9926,24.0166,104.7958,6,0,0,0,0
Session_3,2026-01-26 16:58:34.865,45.603,-73.3498,-38.1184,-42.6742,19.0009,89.9368,91.6747,35.6325,-403.1558,325.9893,179.1650,28.1970,104.7499,6,0,0,0,0
Session_3,2026-01-26 16:58:34.939,45.677,-73.3498,-34.5508,-42.6743,19.1499,89.7466,91.6486,32.3293,-392.9140,350.6662,179.2263,31.9172,104.7079,6,0,0,0,0
Session_3,2026-01-26 16:58:35.005,45.743,-73.3496,-31.2259,-42.6746,19.3936,89.7247,91.6576,29.0344,-381.9867,373.2443,179.0934,35.4840,104.6146,6,0,0,0,0
Session_3,2026-01-26 16:58:35.070,45.808,-73.3494,-28.3527,-42.6738,19.5673,89.6684,91.6672,25.8396,-371.5387,392.1197,179.0037,38.5312,104.5192,6,0,0,0,0
Session_3,2026-01-26 16:58:35.138,45.876,-73.3493,-24.9844,-42.6735,19.5515,89.5159,91.6768,21.6639,-358.2198,413.0454,178.9800,41.8858,104.3982,6,0,0,0,0
Session_3,2026-01-26 16:58:35.215,45.953,-73.3493,-21.5192,-42.6734,19.3909,89.4370,91.6418,17.1153,-343.3439,433.3743,178.9099,45.1907,104.3209,6,0,0,0,0
Session_3,2026-01-26 16:58:35.281,46.019,-73.3489,-18.3608,-42.6731,19.3751,89.5386,91.5923,12.8591,-328.6744,451.3292,178.6719,48.3291,104.2558,6,0,0,0,0
Session_3,2026-01-26 16:58:35.348,46.087,-73.3485,-15.5972,-42.6706,19.4444,89.5592,91.5401,8.8122,-315.0495,466.5098,178.5272,51.1628,104.1952,6,0,0,0,0
Session_3,2026-01-26 16:58:35.430,46.169,-73.3481,-12.1215,-42.6667,19.6161,89.5399,91.5092,3.3579,-296.8883,484.7692,178.3189,54.8118,104.0323,6,0,0,0,0
Session_3,2026-01-26 16:58:35.495,46.233,-73.3477,-9.0613,-42.6647,19.5454,89.4665,91.4426,-1.7152,-280.2308,499.4195,178.2415,57.8040,103.9442,6,0,0,0,0
Session_3,2026-01-26 16:58:35.570,46.309,-73.3472,-5.6998,-42.6648,19.4369,89.3511,91.4406,-7.5656,-261.1529,514.3505,178.0429,61.0558,103.6753,6,0,0,0,0
Session_3,2026-01-26 16:58:35.637,46.375,-73.3469,-2.4820,-42.6648,18.9363,89.1026,91.4399,-13.4314,-242.5902,526.7921,177.9731,63.7753,103.3936,6,0,0,0,0
Session_3,2026-01-26 16:58:35.710,46.449,-73.3467,0.9000,-42.6638,18.3540,88.7647,91.5141,-19.8622,-222.5184,538.6005,177.7387,66.5767,102.8431,6,0,0,0,0
Session_3,2026-01-26 16:58:35.783,46.522,-73.3461,4.3450,-42.6599,17.6042,88.1152,91.5532,-26.8971,-201.7415,549.1029,177.7762,69.2847,102.2616,6,0,0,0,0
Session_3,2026-01-26 16:58:35.866,46.605,-73.3462,7.5187,-42.6276,18.0203,85.9646,91.5601,-35.7941,-181.0904,559.6337,178.9541,72.9522,101.3386,6,0,0,0,0
Session_3,2026-01-26 16:58:35.940,46.678,-73.3466,10.0229,-42.4555,19.0022,82.6344,91.5340,-45.3261,-163.2526,568.5880,-179.0727,76.6807,100.0359,6,0,0,0,0
Session_3,2026-01-26 16:58:36.016,46.755,-73.3467,12.2502,-41.4318,17.5479,79.5232,91.4104,-54.1137,-146.8832,574.7332,-176.3787,78.5398,99.6566,6,0,0,0,0
Session_3,2026-01-26 16:58:36.098,46.836,-73.3468,13.4940,-39.1175,15.0101,78.3895,91.4111,-59.5933,-133.2748,579.9807,-175.9250,79.5795,98.9893,6,0,0,0,0
Session_3,2026-01-26 16:58:36.171,46.909,-73.3468,13.6740,-36.0172,12.7029,78.0853,91.4289,-62.9499,-123.3138,585.0167,-176.5152,80.5517,98.1054,6,0,0,0,0
Session_3,2026-01-26 16:58:36.255,46.993,-73.3467,13.6716,-32.1568,10.3409,77.3204,91.4303,-67.4330,-111.4891,590.9653,-177.3581,82.0471,96.5163,6,0,0,0,0
Session_3,2026-01-26 16:58:36.337,47.075,-73.3466,13.6651,-28.1381,8.5975,75.9794,91.4935,-73.1723,-97.8247,597.3393,179.3461,84.2997,91.9046,6,0,0,0,0
Session_3,2026-01-26 16:58:36.411,47.149,-73.3466,13.6378,-25.1115,6.5815,75.0675,91.4962,-77.0544,-88.5834,600.5791,177.1876,85.2677,88.8469,6,0,0,0,0
Session_3,2026-01-26 16:58:36.493,47.231,-73.3464,13.5804,-22.4670,4.7454,74.3479,91.5120,-80.2698,-80.7715,602.8986,174.3814,85.9933,85.3304,6,0,0,0,0
Session_3,2026-01-26 16:58:36.567,47.306,-73.3464,13.4596,-20.5125,3.7491,74.6006,91.5388,-81.7094,-74.9282,604.7689,168.2959,86.7472,79.5073,6,0,0,0,0
Session_3,2026-01-26 16:58:36.641,47.379,-73.3464,13.4009,-19.2180,3.0357,75.3992,91.5360,-81.9244,-70.9449,605.8474,162.7895,87.1822,74.8062,6,0,0,0,0
Session_3,2026-01-26 16:58:36.707,47.445,-73.3464,13.4010,-18.1407,2.5104,76.0048,91.5553,-82.3197,-67.1397,606.8070,154.8562,87.6103,67.4851,6,0,0,0,0
Session_3,2026-01-26 16:58:36.772,47.511,-73.3464,13.3991,-17.2019,1.9720,76.2060,91.5635,-83.0184,-63.9769,607.4952,147.6425,87.8952,60.4778,6,0,0,0,0
Session_3,2026-01-26 16:58:36.847,47.585,-73.3461,13.3487,-16.1855,1.4598,76.0487,91.5951,-84.1589,-60.8099,608.2477,136.6220,88.1613,49.3061,6,0,0,0,0
Session_3,2026-01-26 16:58:36.920,47.658,-73.3460,13.0545,-15.6502,1.1666,76.0872,91.5621,-84.0082,-61.1554,608.4374,138.7119,88.1538,51.4342,6,0,0,0,0
Session_3,2026-01-26 16:58:36.986,47.725,-73.3460,12.6798,-15.3085,1.4145,76.2314,91.5594,-83.5686,-62.0324,608.9692,132.8785,88.2667,45.7478,6,0,0,0,0
Session_3,2026-01-26 16:58:37.060,47.799,-73.3460,12.5683,-15.0703,1.3616,76.4085,91.5855,-83.3892,-61.9034,609.1541,130.0817,88.2784,43.1289,6,0,0,0,0
Session_3,2026-01-26 16:58:37.134,47.872,-73.3461,12.5684,-15.0600,1.4516,76.0803,91.6273,-83.8453,-61.7284,609.2786,126.2498,88.2925,38.9697,6,0,0,0,0
Session_3,2026-01-26 16:58:37.201,47.939,-73.3461,12.5683,-15.0601,1.3808,75.5907,91.7297,-84.4031,-61.8728,609.1957,126.5232,88.1919,38.7517,6,0,0,0,0
Session_3,2026-01-26 16:58:37.266,48.005,-73.3461,12.5684,-15.0600,1.4097,75.1945,91.7860,-84.8982,-61.8405,609.2330,124.7247,88.1636,36.5568,6,0,0,0,0
Session_3,2026-01-26 16:58:37.340,48.078,-73.3461,12.5685,-15.0599,1.3733,75.1389,91.7654,-84.9476,-61.9030,609.1895,126.1721,88.1686,37.9483,6,0,0,0,0
Session_3,2026-01-26 16:58:37.407,48.145,-73.3461,12.5685,-15.0600,1.2531,75.2275,91.7592,-84.7803,-62.0998,609.0437,129.6868,88.1247,41.5498,6,0,0,0,0
Session_3,2026-01-26 16:58:37.481,48.219,-73.3461,12.5685,-15.0601,1.2318,75.3573,91.7255,-84.6121,-62.1307,609.0168,130.9100,88.1385,42.9029,6,0,0,0,0
Session_3,2026-01-26 16:58:37.555,48.293,-73.3461,12.5685,-15.0601,1.3156,75.4500,91.7269,-84.5415,-61.9870,609.1177,128.4995,88.1712,40.5862,6,0,0,0,0
Session_3,2026-01-26 16:58:37.620,48.358,-73.3460,12.5684,-15.0601,1.2847,75.6347,91.7036,-84.3021,-62.0301,609.0790,129.7925,88.1729,42.0638,6,0,0,0,0
Session_3,2026-01-26 16:58:37.694,48.432,-73.3461,12.5687,-15.0599,1.4468,75.8002,91.7338,-84.1833,-61.7487,609.2747,124.4270,88.2089,36.8658,6,0,0,0,0
Session_3,2026-01-26 16:58:37.768,48.506,-73.3462,12.5692,-15.0579,1.2675,75.7411,91.6610,-84.1693,-62.0382,609.0610,131.0359,88.1970,43.4136,6,0,0,0,0
