session_name,timestamp,elapsed_time,j1,j2,j3,j4,j5,j6,x,y,z,rx,ry,rz,robot_mode,tooldo1,tooldo2,do1,do2
Session_9,2026-01-26 17:05:40.721,0.000,-84.3906,1.0759,-2.6202,0.9586,93.3810,116.2127,-69.8749,-78.3760,614.3941,91.3218,63.7467,10.1761,6,0,0,0,0
Session_9,2026-01-26 17:05:40.794,0.073,-84.3905,0.9616,-2.6201,0.9792,93.5191,116.2127,-69.6253,-79.2060,614.2767,91.5327,63.7375,10.5033,6,0,0,0,0
Session_9,2026-01-26 17:05:40.862,0.141,-84.3904,0.7094,-2.6207,0.7203,93.7690,116.2113,-69.0885,-81.5745,613.6332,92.6817,63.6854,11.7836,6,0,0,0,0
Session_9,2026-01-26 17:05:40.927,0.206,-84.3902,-0.0120,-2.6208,1.0822,93.9949,116.2127,-68.3276,-86.5216,613.1180,93.4852,63.6371,12.7297,6,0,0,0,0
Session_9,2026-01-26 17:05:40.995,0.274,-84.3893,-1.0398,-2.6291,0.8123,94.1295,116.2141,-67.3324,-94.9734,611.2608,96.3822,63.4379,15.4586,6,0,0,0,0
Session_9,2026-01-26 17:05:41.062,0.341,-84.3863,-2.5733,-2.6316,1.1076,94.2716,116.2127,-66.0400,-106.3168,609.1395,99.0899,63.1912,18.0229,6,0,0,0,0
Session_9,2026-01-26 17:05:41.129,0.408,-84.3794,-4.3023,-2.6340,0.8954,94.5243,116.2079,-64.3831,-119.9111,605.6442,103.2189,62.6915,21.9594,6,0,0,0,0
Session_9,2026-01-26 17:05:41.206,0.485,-84.3790,-6.9628,-2.6389,0.5850,94.9885,116.2058,-61.7883,-140.5370,599.4658,109.1989,61.6554,27.7102,6,0,0,0,0
Session_9,2026-01-26 17:05:41.290,0.569,-84.3772,-10.0767,-2.6445,-0.5782,95.6250,116.2072,-58.5658,-165.3803,589.7375,116.9639,59.6759,35.1095,6,0,0,0,0
Session_9,2026-01-26 17:05:41.373,0.652,-84.3745,-13.4118,-2.6541,-2.2872,96.1077,116.2024,-55.3648,-191.8605,576.8998,124.8793,56.8046,42.3135,6,0,0,0,0
Session_9,2026-01-26 17:05:41.454,0.733,-84.3683,-16.6108,-2.6838,-5.7431,96.4847,116.1859,-52.2716,-218.3919,559.6097,133.5267,52.3680,49.7340,6,0,0,0,0
Session_9,2026-01-26 17:05:41.541,0.820,-84.3616,-20.1778,-2.7849,-9.0266,96.8562,116.1804,-49.1051,-245.6574,539.0296,140.6706,47.1581,55.5324,6,0,0,0,0
Session_9,2026-01-26 17:05:41.625,0.904,-84.3502,-23.5255,-3.0102,-13.0854,97.2887,116.1660,-46.0979,-270.2827,515.4716,146.9044,40.9700,60.2477,6,0,0,0,0
Session_9,2026-01-26 17:05:41.709,0.988,-84.3114,-26.6688,-3.6872,-14.8618,97.4913,116.1646,-43.5426,-291.6691,494.3940,150.7772,36.2584,62.8567,6,0,0,0,0
Session_9,2026-01-26 17:05:41.777,1.056,-84.2192,-29.2127,-4.6747,-14.0316,97.7261,116.1639,-41.1151,-308.2774,479.5575,152.3647,33.8841,64.0232,6,0,0,0,0
Session_9,2026-01-26 17:05:41.851,1.130,-83.6705,-31.6321,-5.9334,-14.9146,97.7529,116.1646,-36.3481,-324.7057,459.8390,155.1127,29.9635,66.0428,6,0,0,0,0
Session_9,2026-01-26 17:05:41.917,1.196,-82.7802,-33.3213,-7.2441,-14.8741,97.9617,116.1708,-29.6202,-336.4868,445.2868,156.6217,27.3105,67.7744,6,0,0,0,0
Session_9,2026-01-26 17:05:41.993,1.272,-81.6242,-34.8423,-8.8168,-14.5754,98.1532,116.1667,-21.0786,-347.3018,430.7498,157.9802,24.7916,69.6354,6,0,0,0,0
Session_9,2026-01-26 17:05:42.061,1.340,-80.2488,-36.4622,-10.6446,-14.1696,98.2658,116.1660,-10.8011,-358.1705,414.3288,159.4647,22.0700,71.6586,6,0,0,0,0
Session_9,2026-01-26 17:05:42.130,1.409,-79.0418,-37.9157,-12.5825,-13.4782,98.3887,116.1722,-1.3301,-367.4770,398.6092,160.7086,19.6295,73.3596,6,0,0,0,0
Session_9,2026-01-26 17:05:42.199,1.478,-78.0998,-39.2661,-14.6375,-11.9016,98.2123,116.1722,6.2983,-376.0086,384.4388,161.7498,18.0804,74.5632,6,0,0,0,0
Session_9,2026-01-26 17:05:42.275,1.554,-77.3694,-40.6912,-17.1573,-8.7678,98.1924,116.1694,13.1386,-385.1418,370.5969,162.1579,17.3688,75.4124,6,0,0,0,0
Session_9,2026-01-26 17:05:42.338,1.617,-77.0972,-41.6821,-19.3030,-5.3613,98.0811,116.1687,16.2547,-391.5372,362.0908,162.1045,17.6459,75.6201,6,0,0,0,0
Session_9,2026-01-26 17:05:42.411,1.690,-76.9953,-42.5934,-22.0628,-2.8070,98.0509,116.1701,18.5210,-398.2226,347.9759,162.6833,16.6745,75.8844,6,0,0,0,0
Session_9,2026-01-26 17:05:42.484,1.763,-76.9942,-43.3604,-25.3792,-0.7333,97.8085,116.1687,19.4668,-403.5784,331.5618,163.8410,14.9867,76.1136,6,0,0,0,0
Session_9,2026-01-26 17:05:42.545,1.824,-76.9819,-43.7134,-28.5456,0.7430,97.8552,116.1715,20.2866,-406.4945,317.2890,164.7487,13.1420,76.3596,6,0,0,0,0
Session_9,2026-01-26 17:05:42.610,1.889,-76.9498,-43.9470,-32.7618,4.0663,97.7612,116.1694,21.1285,-409.6327,302.4645,165.3482,12.1754,76.4961,6,0,0,0,0
Session_9,2026-01-26 17:05:42.679,1.958,-76.8051,-43.9793,-37.7154,9.4524,97.5819,116.1729,22.6236,-412.4885,289.5084,165.3206,12.6089,76.5775,6,0,0,0,0
Session_9,2026-01-26 17:05:42.745,2.024,-76.5095,-43.9691,-43.0486,13.6272,97.5593,116.1701,24.8925,-413.0700,272.3996,165.8660,11.5922,76.9834,6,0,0,0,0
Session_9,2026-01-26 17:05:42.813,2.092,-76.0745,-43.9691,-48.1915,16.5434,97.4632,116.1729,27.5726,-411.5143,253.5307,166.9579,9.6386,77.5913,6,0,0,0,0
Session_9,2026-01-26 17:05:42.879,2.158,-75.4529,-43.9680,-53.7788,23.2821,97.2743,116.1763,31.6836,-410.7383,240.2903,166.6028,10.7513,78.0980,6,0,0,0,0
Session_9,2026-01-26 17:05:42.954,2.232,-74.4741,-43.7505,-59.6153,31.3097,96.5417,116.1612,37.3620,-408.6337,230.1664,166.1451,13.2227,78.7850,6,0,0,0,0
Session_9,2026-01-26 17:05:43.013,2.292,-73.7494,-43.4413,-63.1589,33.5790,96.3412,116.1674,41.2695,-404.6779,220.1477,166.7638,12.4451,79.5811,6,0,0,0,0
Session_9,2026-01-26 17:05:43.082,2.361,-72.8524,-42.9248,-66.2596,32.6857,96.2835,116.1681,45.7964,-398.3741,207.4241,168.3956,9.3581,80.7710,6,0,0,0,0
Session_9,2026-01-26 17:05:43.159,2.438,-71.8372,-42.7709,-68.8553,36.0427,96.0974,116.1694,51.9919,-395.6110,203.1871,168.1463,10.2578,81.6975,6,0,0,0,0
Session_9,2026-01-26 17:05:43.228,2.507,-71.1838,-42.7863,-70.3726,40.4331,95.6291,116.1653,56.0823,-395.5196,204.9269,167.2512,13.0155,82.0463,6,0,0,0,0
Session_9,2026-01-26 17:05:43.294,2.573,-70.4622,-42.9286,-72.1996,44.8997,95.4478,116.1619,60.7064,-394.4421,204.7011,166.2440,15.3208,82.4670,6,0,0,0,0
Session_9,2026-01-26 17:05:43.361,2.640,-70.0529,-43.2868,-73.6688,46.4447,95.7074,116.1591,63.2914,-392.4421,198.7542,166.1522,14.9588,82.9422,6,0,0,0,0
Session_9,2026-01-26 17:05:43.430,2.709,-70.0448,-43.6706,-74.8063,45.9009,95.9821,116.1694,62.8801,-390.1778,189.9128,166.8723,12.9966,83.2014,6,0,0,0,0
Session_9,2026-01-26 17:05:43.496,2.775,-70.0854,-43.8986,-75.5293,47.5241,95.9525,116.1736,62.4578,-389.9236,188.4409,166.5858,13.6083,83.0820,6,0,0,0,0
Session_9,2026-01-26 17:05:43.564,2.843,-70.0848,-43.9094,-75.6461,49.9899,95.8667,116.1681,62.7588,-391.0458,192.9173,165.5656,15.7303,82.8011,6,0,0,0,0
Session_9,2026-01-26 17:05:43.627,2.906,-70.0834,-43.9099,-75.6458,51.0116,95.7520,116.1674,62.8130,-391.5743,195.0247,165.1790,16.6880,82.6542,6,0,0,0,0
Session_9,2026-01-26 17:05:43.701,2.980,-70.0838,-43.9522,-75.6473,49.5188,95.8653,116.1681,62.6855,-390.8300,191.6455,165.8102,15.2723,82.8669,6,0,0,0,0
Session_9,2026-01-26 17:05:43.768,3.047,-70.0854,-44.1628,-75.6476,50.0187,95.9621,116.1729,62.9059,-391.1267,191.2605,165.5885,15.4871,82.8353,6,0,0,0,0
Session_9,2026-01-26 17:05:43.843,3.122,-70.0853,-44.8063,-75.6451,51.5341,95.8681,116.1660,63.1627,-392.1654,190.0286,165.2571,16.3071,82.7179,6,0,0,0,0
Session_9,2026-01-26 17:05:43.916,3.195,-70.0855,-45.6443,-75.6447,51.5595,96.0033,116.1749,63.4264,-392.4199,184.3888,165.5229,15.5243,82.8299,6,0,0,0,0
Session_9,2026-01-26 17:05:43.990,3.269,-70.0858,-46.6296,-75.6202,52.9733,95.8022,116.1694,63.5635,-393.5191,180.6803,165.4840,16.0148,82.7537,6,0,0,0,0
Session_9,2026-01-26 17:05:44.067,3.346,-70.0859,-47.6101,-75.6122,52.3025,95.7527,116.1756,63.4581,-393.4037,172.6212,166.3005,14.5710,82.9464,6,0,0,0,0
Session_9,2026-01-26 17:05:44.142,3.421,-70.0866,-48.8436,-75.5743,53.9751,95.3943,116.1701,63.4324,-394.6157,167.7575,166.3895,15.1510,82.8551,6,0,0,0,0
Session_9,2026-01-26 17:05:44.222,3.501,-70.0926,-50.0370,-75.5346,54.3727,95.3325,116.1694,63.4195,-394.9202,160.5617,166.7988,14.5040,82.9342,6,0,0,0,0
Session_9,2026-01-26 17:05:44.295,3.574,-70.0945,-50.8500,-75.5339,52.4940,95.0860,116.1694,62.6859,-393.8065,151.1327,168.2631,12.2090,83.1967,6,0,0,0,0
Session_9,2026-01-26 17:05:44.360,3.639,-70.0941,-50.9856,-75.5340,52.4707,95.0482,116.1701,62.6289,-393.7753,150.1545,168.3692,12.0831,83.2084,6,0,0,0,0
Session_9,2026-01-26 17:05:44.436,3.715,-70.0941,-50.9835,-75.5328,55.1775,94.5353,116.1681,62.6326,-395.6062,155.6522,167.5599,14.7224,82.8701,6,0,0,0,0
Session_9,2026-01-26 17:05:44.509,3.788,-70.0940,-50.9788,-75.5036,55.7027,93.0508,116.1708,61.0814,-396.5991,156.7799,168.5901,15.8600,82.6573,6,0,0,0,0
Session_9,2026-01-26 17:05:44.577,3.856,-70.0941,-50.9790,-75.5034,54.2072,92.4692,116.1667,60.1211,-396.0191,153.6729,169.8082,14.7824,82.7987,6,0,0,0,0
Session_9,2026-01-26 17:05:44.646,3.925,-70.0945,-50.9792,-75.5041,53.5494,92.0235,116.1756,59.4715,-395.8183,152.3034,170.5071,14.3880,82.8326,6,0,0,0,0
Session_9,2026-01-26 17:05:44.723,4.002,-70.0952,-50.9789,-75.5055,53.7870,91.1440,116.1626,58.5173,-396.3299,152.7563,171.1723,14.9836,82.7531,6,0,0,0,0
Session_9,2026-01-26 17:05:44.804,4.083,-70.0960,-50.9788,-75.5049,53.6696,89.4081,116.1660,56.5079,-396.9815,152.5103,172.7554,15.6372,82.6525,6,0,0,0,0
Session_9,2026-01-26 17:05:44.977,4.256,-70.0916,-50.9853,-75.5123,50.0056,86.7137,116.1571,52.5749,-395.6250,145.1387,176.8784,13.5464,82.9912,6,0,0,0,0
Session_9,2026-01-26 17:05:45.075,4.354,-70.0969,-50.9866,-75.5138,48.0192,83.5469,116.1790,48.3755,-395.3728,141.5034,-179.3686,13.1670,83.1454,6,0,0,0,0
Session_9,2026-01-26 17:05:45.157,4.436,-70.0920,-50.9897,-75.5135,46.6205,84.3517,116.1653,48.9215,-393.9328,138.6440,-179.4443,11.5597,83.2985,6,0,0,0,0
Session_9,2026-01-26 17:05:45.227,4.506,-70.0920,-51.0112,-75.5139,44.2852,83.7289,116.1633,47.4771,-392.1507,134.0709,-177.8133,9.7247,83.5050,6,0,0,0,0
Session_9,2026-01-26 17:05:45.307,4.586,-70.0917,-51.2195,-75.5139,43.0451,82.7030,116.1639,45.8566,-391.2997,130.4674,-176.2377,8.8784,83.6336,6,0,0,0,0
Session_9,2026-01-26 17:05:45.389,4.668,-70.0904,-51.8441,-75.5130,44.0401,82.9591,116.1983,46.3621,-391.7641,128.1266,-176.6407,9.1006,83.5672,6,0,0,0,0
Session_9,2026-01-26 17:05:45.473,4.752,-70.0690,-52.8305,-75.5122,45.1881,83.8998,116.2402,47.7363,-391.8071,123.5552,-177.5676,8.8331,83.5136,6,0,0,0,0
Session_9,2026-01-26 17:05:45.555,4.834,-70.0681,-53.7891,-75.5109,47.1959,84.1333,115.4567,48.4286,-392.8727,120.9063,-178.1185,9.6456,84.2287,6,0,0,0,0
Session_9,2026-01-26 17:05:45.637,4.916,-70.0561,-54.0401,-75.5068,49.2860,83.3979,113.4380,48.2687,-394.7943,123.3517,-177.8543,11.5531,86.1600,6,0,0,0,0
Session_9,2026-01-26 17:05:45.710,4.989,-70.0286,-54.0290,-75.4634,51.8253,82.2244,112.1608,47.8922,-397.3488,128.7583,-177.5249,14.3395,87.2807,6,0,0,0,0
Session_9,2026-01-26 17:05:45.776,5.055,-69.8991,-54.0302,-75.3908,50.6044,81.8413,111.7570,48.0750,-396.6249,126.7076,-176.6165,13.3995,87.9413,6,0,0,0,0
Session_9,2026-01-26 17:05:45.844,5.123,-69.4462,-54.0332,-75.3923,47.8063,83.9809,108.9857,52.7662,-393.0510,120.9328,-177.0513,9.8793,91.3816,6,0,0,0,0
Session_9,2026-01-26 17:05:45.909,5.188,-68.6033,-54.0376,-75.3926,48.2272,83.1775,108.7008,57.7758,-392.9304,121.8193,-176.3750,10.5154,92.5042,6,0,0,0,0
Session_9,2026-01-26 17:05:45.983,5.262,-67.3325,-54.0376,-75.3922,49.0910,80.9335,104.6455,64.2667,-393.2561,123.8613,-173.6773,11.6332,97.8990,6,0,0,0,0
Session_9,2026-01-26 17:05:46.073,5.352,-65.8183,-54.0379,-75.3925,48.1270,79.3742,104.1785,72.5596,-391.3459,122.3167,-171.8183,11.0254,99.9839,6,0,0,0,0
Session_9,2026-01-26 17:05:46.154,5.433,-64.9557,-54.0374,-75.3921,48.9516,76.8830,103.2166,76.0344,-392.0400,124.5254,-169.3820,12.2524,101.8734,6,0,0,0,0
Session_9,2026-01-26 17:05:46.237,5.516,-64.8123,-54.0359,-75.3913,49.6355,74.7915,104.1003,74.9945,-393.3321,126.4755,-167.6910,13.5790,101.1920,6,0,0,0,0
Session_9,2026-01-26 17:05:46.329,5.608,-64.8247,-54.0362,-75.3914,49.1357,73.3715,107.9661,73.1965,-393.5967,125.9700,-167.1006,14.3244,97.4149,6,0,0,0,0
Session_9,2026-01-26 17:05:46.410,5.689,-64.8248,-54.0364,-75.3915,48.1009,73.7320,113.7332,73.2017,-392.6241,123.8530,-168.5149,14.4479,91.6607,6,0,0,0,0
Session_9,2026-01-26 17:05:46.493,5.772,-64.8268,-54.0363,-75.3915,47.3174,73.4010,115.3544,72.5338,-392.1394,122.4682,-168.2798,14.1945,90.1305,6,0,0,0,0
Session_9,2026-01-26 17:05:46.575,5.853,-64.8439,-54.0364,-75.3916,46.4653,73.2493,115.1415,71.9196,-391.5174,120.9011,-167.7186,13.4403,90.4299,6,0,0,0,0
Session_9,2026-01-26 17:05:46.657,5.936,-64.9443,-54.0367,-75.3916,45.9572,73.6201,115.4258,71.4264,-391.0383,119.8132,-167.9072,12.8843,90.0597,6,0,0,0,0
Session_9,2026-01-26 17:05:46.732,6.011,-65.2478,-54.0374,-75.3916,45.2788,74.4653,117.8373,69.9865,-390.4284,118.2541,-168.9023,12.3884,87.3245,6,0,0,0,0
Session_9,2026-01-26 17:05:46.799,6.077,-65.9040,-54.0378,-75.3915,45.0117,76.1359,118.5157,67.2127,-390.2087,117.2398,-170.4184,11.4976,85.8680,6,0,0,0,0
Session_9,2026-01-26 17:05:46.859,6.138,-66.5515,-54.0383,-75.3912,45.3921,77.0492,118.9030,63.9481,-390.8866,117.6948,-171.4960,11.4595,84.7229,6,0,0,0,0
Session_9,2026-01-26 17:05:46.941,6.220,-67.3044,-54.0383,-75.3722,46.5511,76.7223,118.9847,58.9011,-392.9205,120.0465,-171.8030,12.6599,83.7896,6,0,0,0,0
Session_9,2026-01-26 17:05:47.015,6.294,-67.7645,-54.0407,-75.3627,46.1021,78.2659,119.1989,57.3004,-392.3563,118.8168,-172.9993,11.5580,83.0569,6,0,0,0,0
Session_9,2026-01-26 17:05:47.081,6.360,-67.8384,-54.0541,-75.3593,46.4035,79.4669,119.2738,58.2404,-392.1918,119.0320,-174.2208,11.2378,82.8118,6,0,0,0,0
Session_9,2026-01-26 17:05:47.154,6.433,-67.8213,-54.0553,-75.2368,47.1231,79.2959,118.9840,58.5516,-393.1913,120.9277,-174.4297,12.0256,83.0471,6,0,0,0,0
Session_9,2026-01-26 17:05:47.236,6.515,-67.8218,-54.0900,-74.7315,46.0142,79.5493,119.1632,58.9393,-393.3511,120.5844,-174.3726,11.3634,82.9166,6,0,0,0,0
Session_9,2026-01-26 17:05:47.311,6.590,-67.8223,-54.3981,-74.1164,45.0233,79.8788,119.3184,59.4784,-393.6398,119.0639,-174.3522,10.6221,82.8078,6,0,0,0,0
Session_9,2026-01-26 17:05:47.393,6.672,-67.8232,-55.4464,-73.3946,45.1360,79.7621,119.8959,59.7974,-394.8072,115.1437,-174.2494,10.5510,82.2479,6,0,0,0,0
Session_9,2026-01-26 17:05:47.466,6.745,-67.8234,-56.5975,-72.8021,45.8679,79.4504,119.8409,59.9426,-396.1532,111.1791,-174.0536,10.8500,82.3031,6,0,0,0,0
Session_9,2026-01-26 17:05:47.533,6.812,-67.8234,-57.2657,-72.2107,47.4609,78.6779,119.5752,60.0343,-398.8150,112.2215,-174.0892,12.5192,82.4576,6,0,0,0,0
Session_9,2026-01-26 17:05:47.599,6.878,-67.8232,-57.2673,-71.5164,46.9569,78.2542,119.4537,60.0918,-400.2869,114.1807,-173.7841,12.8780,82.5832,6,0,0,0,0
Session_9,2026-01-26 17:05:47.680,6.959,-67.8233,-57.2680,-70.6957,44.9890,77.9713,119.5148,59.9052,-400.7197,113.8577,-172.9678,12.0247,82.6624,6,0,0,0,0
Session_9,2026-01-26 17:05:47.748,7.027,-67.8231,-57.2690,-70.3661,44.5036,77.9322,119.6095,60.0189,-401.1183,114.2932,-172.8742,11.9191,82.5853,6,0,0,0,0
Session_9,2026-01-26 17:05:47.812,7.091,-67.8232,-57.2705,-70.3386,44.2021,78.0682,119.6473,60.0857,-400.8569,113.7920,-172.8629,11.6176,82.5667,6,0,0,0,0
Session_9,2026-01-26 17:05:47.888,7.167,-67.8232,-57.2803,-70.3409,43.2511,78.6470,119.6521,60.3661,-399.7220,111.7868,-172.8893,10.4965,82.6187,6,0,0,0,0
Session_9,2026-01-26 17:05:47.961,7.240,-67.8231,-57.2814,-70.3424,42.9730,79.2190,119.8155,60.8933,-399.2104,111.1213,-173.2804,9.9906,82.4443,6,0,0,0,0
Session_9,2026-01-26 17:05:48.026,7.305,-67.8230,-57.2892,-70.3429,43.0479,78.6497,119.8093,60.2870,-399.5172,111.3374,-172.8128,10.3286,82.4794,6,0,0,0,0
Session_9,2026-01-26 17:05:48.101,7.380,-67.8231,-57.4416,-70.3431,42.9517,78.6491,119.7901,60.1941,-399.2920,110.1132,-172.6836,10.1104,82.5210,6,0,0,0,0
Session_9,2026-01-26 17:05:48.173,7.452,-67.8231,-57.8736,-70.3438,42.7162,79.2128,119.9007,60.5646,-398.4240,106.5858,-172.8615,9.2656,82.4304,6,0,0,0,0
Session_9,2026-01-26 17:05:48.249,7.528,-67.8232,-58.4362,-70.3443,42.5047,79.8802,119.9364,60.9946,-397.3706,102.2036,-173.0627,8.2671,82.4126,6,0,0,0,0
Session_9,2026-01-26 17:05:48.323,7.602,-67.8234,-59.2551,-70.3432,44.3017,79.5362,119.8169,60.9858,-398.4403,100.0032,-173.2343,9.2732,82.4782,6,0,0,0,0
Session_9,2026-01-26 17:05:48.406,7.685,-67.8234,-59.5588,-70.3434,44.7150,79.6797,119.8183,61.1757,-398.4537,98.6608,-173.4154,9.2976,82.4594,6,0,0,0,0
Session_9,2026-01-26 17:05:48.488,7.767,-67.8246,-59.5582,-70.3431,44.6478,79.9818,119.3871,61.4773,-398.2601,98.4762,-173.5785,9.0426,82.8804,6,0,0,0,0
Session_9,2026-01-26 17:05:48.561,7.840,-67.8379,-59.5580,-70.3431,44.4596,80.1837,119.2731,61.5354,-398.0042,98.0872,-173.6456,8.7677,82.9850,6,0,0,0,0
Session_9,2026-01-26 17:05:48.627,7.906,-67.8400,-59.5572,-70.3429,44.3024,80.4076,119.2023,61.7081,-397.7566,97.7565,-173.7551,8.5148,83.0534,6,0,0,0,0
Session_9,2026-01-26 17:05:48.710,7.988,-67.9152,-59.5566,-70.3425,44.3285,80.7770,119.2017,61.6093,-397.7036,97.7376,-174.0936,8.3592,82.9577,6,0,0,0,0
Session_9,2026-01-26 17:05:48.784,8.063,-68.0178,-59.5567,-70.3429,44.4589,80.9583,119.1989,61.1499,-397.8612,97.9419,-174.3167,8.3845,82.8395,6,0,0,0,0
Session_9,2026-01-26 17:05:48.866,8.145,-68.0253,-59.5570,-70.3431,44.4150,80.7447,119.1996,60.8422,-397.9179,97.8989,-174.1070,8.4494,82.8452,6,0,0,0,0
Session_9,2026-01-26 17:05:48.932,8.211,-68.0258,-59.5570,-70.3430,44.3944,80.8958,119.1996,60.9992,-397.8330,97.8321,-174.2299,8.3582,82.8386,6,0,0,0,0
Session_9,2026-01-26 17:05:48.999,8.278,-68.0261,-59.5570,-70.3431,44.4665,80.9377,119.2003,61.0720,-397.8854,97.9567,-174.3022,8.4007,82.8303,6,0,0,0,0
Session_9,2026-01-26 17:05:49.089,8.368,-68.0276,-59.5572,-70.3433,44.4775,81.1491,119.1989,61.3019,-397.8051,97.9351,-174.4933,8.3071,82.8193,6,0,0,0,0
Session_9,2026-01-26 17:05:49.162,8.441,-68.0589,-59.5574,-70.3433,44.4342,81.3778,119.1989,61.3231,-397.6966,97.8120,-174.6731,8.1582,82.7804,6,0,0,0,0
Session_9,2026-01-26 17:05:49.237,8.516,-68.1696,-59.5574,-70.3434,44.4033,81.5089,119.2051,60.6892,-397.7271,97.7310,-174.7740,8.0680,82.6597,6,0,0,0,0
Session_9,2026-01-26 17:05:49.319,8.598,-68.4456,-59.5576,-70.3433,44.3855,82.0679,119.2010,59.3925,-397.7578,97.6003,-175.2558,7.7803,82.3652,6,0,0,0,0
Session_9,2026-01-26 17:05:49.394,8.673,-68.9389,-59.5577,-70.3433,44.4486,83.2400,119.2037,57.3104,-397.8235,97.5352,-176.3159,7.2652,81.8226,6,0,0,0,0
Session_9,2026-01-26 17:05:49.468,8.747,-69.5991,-59.5597,-70.3451,44.3697,84.3997,119.2044,54.0062,-397.8951,97.2171,-177.2914,6.6280,81.1349,6,0,0,0,0
Session_9,2026-01-26 17:05:49.529,8.808,-69.8060,-59.5597,-70.3448,44.3566,84.6929,119.2044,52.8978,-397.9556,97.1602,-177.5418,6.4740,80.9222,6,0,0,0,0
Session_9,2026-01-26 17:05:49.608,8.887,-69.7702,-59.5596,-70.3448,44.4102,84.3173,119.2023,52.7395,-398.1299,97.3038,-177.2392,6.7038,80.9655,6,0,0,0,0
Session_9,2026-01-26 17:05:49.689,8.968,-69.7625,-59.5596,-70.3449,44.5825,84.4519,119.1975,53.0089,-398.2393,97.6069,-177.4412,6.7882,80.9649,6,0,0,0,0
Session_9,2026-01-26 17:05:49.771,9.050,-69.7482,-59.5598,-70.3449,44.5791,84.1491,119.1982,52.7629,-398.3460,97.6354,-177.1743,6.9326,80.9857,6,0,0,0,0
Session_9,2026-01-26 17:05:49.844,9.123,-69.6554,-59.5597,-70.3449,44.6581,83.8401,119.1982,53.0866,-398.4650,97.8216,-176.9426,7.1521,81.0816,6,0,0,0,0
Session_9,2026-01-26 17:05:49.926,9.205,-69.3752,-59.5598,-70.3451,44.6697,83.0951,119.2003,54.1956,-398.5200,97.9449,-176.2954,7.5251,81.3806,6,0,0,0,0
Session_9,2026-01-26 17:05:50.009,9.288,-69.0620,-59.5597,-70.3452,44.8496,82.7065,119.1934,56.0017,-398.5564,98.3370,-176.0421,7.8707,81.7016,6,0,0,0,0
Session_9,2026-01-26 17:05:50.091,9.370,-68.9579,-59.5597,-70.3454,45.1833,82.5190,119.1859,56.6388,-398.8564,98.9874,-176.0411,8.2524,81.7966,6,0,0,0,0
Session_9,2026-01-26 17:05:50.180,9.459,-68.9589,-59.5597,-70.3495,45.0783,82.2306,119.1852,56.2634,-398.8654,98.8209,-175.7338,8.2973,81.8142,6,0,0,0,0
Session_9,2026-01-26 17:05:50.247,9.526,-68.9591,-59.5598,-70.3508,44.9684,82.1819,119.1907,56.1652,-398.7758,98.6188,-175.6370,8.2244,81.8183,6,0,0,0,0
Session_9,2026-01-26 17:05:50.312,9.591,-68.9587,-59.5598,-70.3513,44.8867,82.1255,119.1907,56.0730,-398.7181,98.4738,-175.5469,8.1800,81.8265,6,0,0,0,0
Session_9,2026-01-26 17:05:50.388,9.667,-68.9585,-59.5598,-70.3515,44.7123,81.9882,119.1941,55.8540,-398.6043,98.1712,-175.3407,8.0946,81.8408,6,0,0,0,0
Session_9,2026-01-26 17:05:50.469,9.748,-68.9584,-59.5602,-70.3529,44.5702,81.7905,119.1955,55.5771,-398.5432,97.9328,-175.0962,8.0652,81.8577,6,0,0,0,0
Session_9,2026-01-26 17:05:50.527,9.806,-68.9584,-59.5608,-70.3549,44.5482,81.8289,119.1962,55.6099,-398.4996,97.8736,-175.1180,8.0251,81.8571,6,0,0,0,0
Session_9,2026-01-26 17:05:50.592,9.871,-68.9585,-59.5630,-70.3581,44.4527,81.8124,119.1969,55.5499,-398.4016,97.6718,-175.0540,7.9451,81.8638,6,0,0,0,0
Session_9,2026-01-26 17:05:50.673,9.952,-68.9575,-59.5639,-70.3590,44.4775,81.7925,119.1962,55.5429,-398.4299,97.7113,-175.0477,7.9748,81.8649,6,0,0,0,0
Session_9,2026-01-26 17:05:50.757,10.036,-68.9570,-59.5649,-70.3589,44.5770,81.7994,119.1948,55.5910,-398.5238,97.8880,-175.1021,8.0574,81.8596,6,1,0,0,0
Session_9,2026-01-26 17:05:50.831,10.110,-68.9572,-59.5652,-70.3589,44.5715,81.7987,119.1962,55.5869,-398.5185,97.8758,-175.0988,8.0528,81.8585,6,1,0,0,0
Session_9,2026-01-26 17:05:50.913,10.192,-68.9575,-59.5652,-70.3589,44.5489,81.7980,119.1948,55.5758,-398.4968,97.8341,-175.0868,8.0333,81.8612,6,1,0,0,0
Session_9,2026-01-26 17:05:50.994,10.273,-68.9577,-59.5652,-70.3588,44.5049,81.8200,119.1969,55.5825,-398.4447,97.7493,-175.0849,7.9845,81.8610,6,1,0,0,0
Session_9,2026-01-26 17:05:51.061,10.340,-68.9577,-59.5652,-70.3588,44.4685,81.8145,119.1927,55.5619,-398.4113,97.6829,-175.0615,7.9551,81.8678,6,1,0,0,0
Session_9,2026-01-26 17:05:51.136,10.415,-68.9576,-59.5656,-70.3592,44.4754,81.8056,119.1948,55.5552,-398.4202,97.6929,-175.0570,7.9649,81.8659,6,1,0,0,0
Session_9,2026-01-26 17:05:51.209,10.488,-68.9579,-59.5653,-70.3586,44.5310,81.9285,119.1941,55.7132,-398.4258,97.7793,-175.1927,7.9544,81.8572,6,1,0,0,0
Session_9,2026-01-26 17:05:51.291,10.570,-68.9578,-59.5645,-70.3577,44.6917,82.0974,119.1900,55.9658,-398.5161,98.0577,-175.4205,8.0137,81.8435,6,1,0,0,0
Session_9,2026-01-26 17:05:51.365,10.644,-68.9583,-59.5622,-70.3572,44.8407,82.1736,119.1886,56.1058,-398.6345,98.3400,-175.5621,8.1091,81.8310,6,1,0,0,0
Session_9,2026-01-26 17:05:51.432,10.711,-68.9592,-59.5521,-70.3563,45.4415,82.1262,119.1859,56.2745,-399.2495,99.5415,-175.8221,8.6659,81.7905,6,1,0,0,0
Session_9,2026-01-26 17:05:51.508,10.787,-68.9593,-59.3853,-70.3460,45.5040,82.2842,119.1872,56.5535,-399.4472,100.8182,-176.0795,8.7982,81.7656,6,1,0,0,0
Session_9,2026-01-26 17:05:51.580,10.859,-68.9595,-58.9102,-70.3462,44.6725,81.9093,119.1914,56.0126,-399.2994,102.5813,-175.5744,8.6696,81.8015,6,1,0,0,0
Session_9,2026-01-26 17:05:51.662,10.941,-68.9595,-57.9720,-70.3463,44.7047,81.3702,119.1907,55.7658,-400.4596,109.1761,-175.5811,9.7782,81.7456,6,1,0,0,0
Session_9,2026-01-26 17:05:51.734,11.013,-68.9662,-56.7979,-70.3474,43.9968,81.1917,119.1852,55.6528,-400.8907,115.9400,-175.6542,10.2701,81.7110,6,1,0,0,0
Session_9,2026-01-26 17:05:51.794,11.073,-68.9697,-55.7141,-70.3474,43.7167,80.6424,119.1866,55.2232,-401.6729,122.9737,-175.5720,11.2378,81.6522,6,1,0,0,0
Session_9,2026-01-26 17:05:51.867,11.146,-68.9919,-53.9025,-70.3474,43.3273,79.6646,119.1866,54.2477,-402.8194,134.9219,-175.4251,12.9519,81.5185,6,1,0,0,0
Session_9,2026-01-26 17:05:51.957,11.236,-69.0829,-51.2040,-70.3474,42.5260,78.1643,119.1900,52.0325,-403.7868,152.3451,-175.0666,15.3313,81.2505,6,1,0,0,0
Session_9,2026-01-26 17:05:52.022,11.301,-69.2276,-49.0279,-70.3472,41.7899,77.5381,119.1866,50.1784,-403.8098,166.0798,-175.2554,16.8857,80.9298,6,1,0,0,0
Session_9,2026-01-26 17:05:52.104,11.383,-69.5318,-45.7993,-70.3477,39.5707,77.8477,119.1824,47.6001,-401.8604,183.8186,-176.0550,17.6092,80.4616,6,1,0,0,0
Session_9,2026-01-26 17:05:52.187,11.466,-69.9878,-42.6446,-70.3519,37.1496,78.1396,119.1907,43.6146,-399.0569,200.4588,-176.6993,18.0989,79.8698,6,1,0,0,0
Session_9,2026-01-26 17:05:52.270,11.549,-70.6205,-40.0632,-70.3551,36.1491,77.1158,119.1845,37.1623,-397.3618,216.1993,-176.6345,19.9598,79.0001,6,1,0,0,0
Session_9,2026-01-26 17:05:52.352,11.631,-71.6938,-38.0286,-70.3562,35.4611,76.7924,119.1907,28.5662,-395.7390,228.5917,-177.0809,21.2768,77.6725,6,1,0,0,0
Session_9,2026-01-26 17:05:52.427,11.706,-72.8727,-36.7029,-70.3576,34.6248,77.0499,119.1838,20.1095,-394.2094,235.6936,-177.5728,21.5707,76.3969,6,1,0,0,0
Session_9,2026-01-26 17:05:52.500,11.779,-74.1772,-35.6800,-70.3568,34.6694,77.2153,119.1866,10.9695,-393.2808,242.5661,-178.3102,22.4074,74.8652,6,1,0,0,0
Session_9,2026-01-26 17:05:52.566,11.845,-75.1640,-34.8109,-70.3570,34.0487,77.2696,119.1831,3.8609,-391.8998,247.0527,-178.4948,22.5937,73.8284,6,1,0,0,0
Session_9,2026-01-26 17:05:52.641,11.920,-76.5446,-33.9809,-70.3578,33.6106,77.1673,119.1900,-6.0419,-390.4810,251.6670,-178.6266,22.9787,72.3569,6,1,0,0,0
Session_9,2026-01-26 17:05:52.714,11.993,-77.9947,-33.9133,-70.3784,33.1094,76.7182,119.1845,-16.5314,-389.8842,251.1033,-177.9753,22.8083,71.0188,6,1,0,0,0
Session_9,2026-01-26 17:05:52.780,12.059,-79.5764,-34.3520,-70.4684,32.3321,77.4454,119.1797,-26.4168,-389.2604,246.0060,-177.8906,21.3326,69.7000,6,1,0,0,0
Session_9,2026-01-26 17:05:52.844,12.123,-80.8625,-35.1498,-70.6595,33.1670,77.7351,119.1914,-34.5913,-389.8604,241.4565,-178.0657,21.0594,68.4266,6,1,0,0,0
Session_9,2026-01-26 17:05:52.927,12.206,-82.5243,-37.0195,-70.9031,35.6493,77.7674,119.1866,-45.3898,-392.1541,232.9212,-178.2945,21.3607,66.6962,6,1,0,0,0
Session_9,2026-01-26 17:05:52.992,12.271,-83.5454,-38.7230,-70.9049,36.9800,77.6452,119.1845,-52.2150,-393.9514,224.2300,-177.9809,21.0982,65.7538,6,1,0,0,0
Session_9,2026-01-26 17:05:53.067,12.346,-84.3919,-40.9036,-70.9030,38.5167,77.3643,119.1907,-58.0719,-396.1111,212.7002,-177.3857,20.6830,65.0314,6,1,0,0,0
Session_9,2026-01-26 17:05:53.148,12.427,-84.5827,-43.6489,-70.8946,42.6318,77.7345,119.1838,-58.5240,-400.4064,202.2972,-178.4636,21.6872,64.5682,6,1,0,0,0
Session_9,2026-01-26 17:05:53.223,12.502,-84.5693,-45.8829,-70.8515,46.5965,77.4261,119.1852,-58.4602,-403.9675,195.3087,-179.1838,23.3574,64.2041,6,1,0,0,0
Session_9,2026-01-26 17:05:53.304,12.583,-84.5694,-47.7282,-70.8318,46.7612,77.1130,119.1831,-58.7476,-404.8691,183.0262,-177.9795,22.0871,64.5690,6,1,0,0,0
Session_9,2026-01-26 17:05:53.378,12.657,-84.5689,-49.2377,-70.8284,47.5200,76.5864,119.1893,-59.2908,-405.6850,174.2447,-177.1055,21.7018,64.7285,6,1,0,0,0
Session_9,2026-01-26 17:05:53.443,12.722,-84.5600,-50.8703,-70.8262,48.4119,76.9002,119.1790,-58.7934,-406.3513,164.6248,-176.9747,20.9130,64.8867,6,1,0,0,0
Session_9,2026-01-26 17:05:53.519,12.798,-84.5642,-52.4116,-70.8058,49.9528,76.9002,119.1852,-58.7388,-407.2315,157.0953,-176.9879,20.9306,64.8720,6,1,0,0,0
Session_9,2026-01-26 17:05:53.595,12.874,-84.5631,-53.7127,-70.6432,51.2972,76.0034,112.5900,-59.7019,-408.1936,151.6845,-173.7483,20.9721,71.9105,6,1,0,0,0
Session_9,2026-01-26 17:05:53.666,12.945,-84.5618,-54.8124,-70.1446,51.4085,75.6965,114.4940,-59.9733,-409.0595,146.4538,-173.9678,20.8519,69.9768,6,1,0,0,0
Session_9,2026-01-26 17:05:53.732,13.011,-84.5612,-55.7089,-69.4229,51.0075,75.9087,115.8858,-59.6206,-410.0866,142.4003,-174.4131,20.3861,68.5836,6,1,0,0,0
Session_9,2026-01-26 17:05:53.807,13.086,-84.5562,-56.8962,-68.5269,51.0480,75.4768,115.6174,-59.9476,-411.6373,138.0965,-173.7977,20.3210,68.9358,6,1,0,0,0
Session_9,2026-01-26 17:05:53.889,13.168,-84.5556,-58.0663,-67.3387,50.6065,76.1229,115.1402,-59.0088,-413.4311,133.8458,-174.0206,19.6152,69.4781,6,1,0,0,0
Session_9,2026-01-26 17:05:53.963,13.242,-84.5558,-58.8307,-66.3259,50.3490,76.0975,114.4240,-58.8777,-415.1380,132.2527,-173.7397,19.5413,70.2362,6,1,0,0,0
Session_9,2026-01-26 17:05:54.038,13.317,-84.5504,-59.4395,-65.2171,49.4172,75.8681,114.0999,-58.9630,-416.6798,130.8718,-173.2202,19.2067,70.6585,6,1,0,0,0
Session_9,2026-01-26 17:05:54.118,13.397,-84.5501,-59.6334,-64.2537,47.0215,76.1243,112.6517,-58.6239,-417.0357,128.7799,-172.2888,17.4367,72.3773,6,1,0,0,0
Session_9,2026-01-26 17:05:54.202,13.481,-84.5496,-59.6368,-63.6663,45.9421,76.4133,111.8662,-58.2288,-417.5538,129.0665,-172.1220,16.7645,73.2352,6,1,0,0,0
Session_9,2026-01-26 17:05:54.267,13.546,-84.5495,-59.6469,-63.3775,45.6461,76.3289,109.8791,-58.2873,-417.9854,129.6784,-171.4478,16.4942,75.2942,6,1,0,0,0
Session_9,2026-01-26 17:05:54.350,13.629,-84.5495,-59.6912,-63.3122,45.1023,75.9842,105.0499,-58.7213,-417.7057,128.6674,-169.5914,15.3017,80.3099,6,1,0,0,0
Session_9,2026-01-26 17:05:54.415,13.694,-84.5496,-59.8657,-63.3121,45.0604,75.7679,103.5832,-58.9905,-417.5712,127.3982,-168.9350,14.8714,81.8271,6,1,0,0,0
Session_9,2026-01-26 17:05:54.481,13.760,-84.5497,-60.1671,-63.3110,45.2891,75.6244,103.2687,-59.1619,-417.5580,125.7375,-168.6948,14.7734,82.1572,6,1,0,0,0
Session_9,2026-01-26 17:05:54.542,13.821,-84.5497,-60.6036,-63.3072,45.7478,75.3642,103.9265,-59.4620,-417.6323,123.6089,-168.6163,14.9880,81.5006,6,1,0,0,0
Session_9,2026-01-26 17:05:54.614,13.893,-84.5501,-60.9404,-63.2823,46.3960,74.8684,105.0815,-60.0165,-417.9706,122.7311,-168.5274,15.6642,80.3288,6,1,0,0,0
Session_9,2026-01-26 17:05:54.679,13.958,-84.5499,-60.9400,-63.2038,46.2950,74.7743,105.7571,-60.1154,-418.0807,122.9001,-168.6158,15.8013,79.6478,6,1,0,0,0
Session_9,2026-01-26 17:05:54.742,14.021,-84.5499,-60.9401,-63.0027,45.9895,74.7283,106.1629,-60.1470,-418.3151,123.1739,-168.6535,15.7932,79.2451,6,1,0,0,0
Session_9,2026-01-26 17:05:54.819,14.098,-84.5499,-60.9402,-62.6104,45.4463,74.7709,106.4136,-60.0503,-418.8019,123.7735,-168.7201,15.6858,78.9993,6,1,0,0,0
Session_9,2026-01-26 17:05:54.879,14.158,-84.5500,-60.9402,-62.3937,45.2170,74.7565,107.0247,-60.0376,-419.1246,124.2583,-168.8713,15.7965,78.3782,6,1,0,0,0
Session_9,2026-01-26 17:05:54.942,14.221,-84.5501,-60.9402,-62.3048,45.0961,74.9302,107.3687,-59.8238,-419.2271,124.3492,-169.1257,15.7812,78.0197,6,1,0,0,0
Session_9,2026-01-26 17:05:55.008,14.287,-84.5503,-60.9402,-62.3042,44.9155,74.8979,107.3982,-59.8764,-419.0884,124.0073,-169.0465,15.6246,78.0064,6,1,0,0,0
Session_9,2026-01-26 17:05:55.083,14.362,-84.5500,-60.9401,-62.3033,44.9238,74.8361,108.0457,-59.9461,-419.1002,124.0470,-169.1683,15.7742,77.3491,6,1,0,0,0
Session_9,2026-01-26 17:05:55.145,14.424,-84.5502,-60.9400,-62.3031,44.7858,74.8389,108.4749,-59.9547,-418.9916,123.7767,-169.2448,15.7230,76.9230,6,1,0,0,0
Session_9,2026-01-26 17:05:55.223,14.502,-84.5505,-60.9402,-62.3032,44.1911,74.6761,109.6635,-60.1924,-418.5229,122.6623,-169.2117,15.4352,75.7751,6,1,0,0,0
Session_9,2026-01-26 17:05:55.304,14.583,-84.5505,-60.9401,-62.3031,43.9817,74.5615,112.3407,-60.3428,-418.3587,122.2904,-169.7597,15.7688,73.0709,6,1,0,0,0
Session_9,2026-01-26 17:05:55.380,14.659,-84.5504,-60.9401,-62.3022,43.9062,74.7359,112.4135,-60.1443,-418.2900,122.0922,-169.9149,15.6473,72.9923,6,1,0,0,0
Session_9,2026-01-26 17:05:55.449,14.728,-84.5506,-60.9401,-62.3017,43.8464,74.9529,112.7307,-59.8955,-418.2306,121.9106,-170.1829,15.5655,72.6592,6,1,0,0,0
Session_9,2026-01-26 17:05:55.538,14.817,-84.5507,-60.9401,-62.3008,43.8073,75.0943,112.7705,-59.7334,-418.1925,121.7943,-170.3114,15.4830,72.6129,6,1,0,0,0
Session_9,2026-01-26 17:05:55.599,14.878,-84.5508,-60.9401,-62.3006,43.7276,75.1712,113.1606,-59.6503,-418.1230,121.6166,-170.4577,15.4455,72.2172,6,1,0,0,0
Session_9,2026-01-26 17:05:55.663,14.942,-84.5511,-60.9401,-62.3003,43.6576,75.3271,114.1830,-59.4757,-418.0565,121.4343,-170.8533,15.4859,71.1673,6,1,0,0,0
Session_9,2026-01-26 17:05:55.737,15.016,-84.5516,-60.9402,-62.3002,43.5477,75.3072,114.4185,-59.5112,-417.9657,121.2266,-170.8520,15.4314,70.9395,6,1,0,0,0
Session_9,2026-01-26 17:05:55.819,15.098,-84.5517,-60.9403,-62.3002,43.4592,75.2893,114.5544,-59.5401,-417.8924,121.0592,-170.8342,15.3797,70.8115,6,1,0,0,0
Session_9,2026-01-26 17:05:55.899,15.178,-84.5521,-60.9404,-62.3001,43.3575,75.5612,114.6616,-59.2320,-417.7909,120.7795,-171.0712,15.1924,70.6946,6,1,0,0,0
Session_9,2026-01-26 17:05:55.966,15.245,-84.5524,-60.9403,-62.2998,43.3157,75.8043,115.2644,-58.9519,-417.7415,120.6279,-171.4390,15.1450,70.0655,6,1,0,0,0
Session_9,2026-01-26 17:05:56.032,15.311,-84.5531,-60.9406,-62.2999,43.1502,75.7082,115.3358,-59.0829,-417.6060,120.3332,-171.2959,15.0466,70.0173,6,1,0,0,0
Session_9,2026-01-26 17:05:56.094,15.373,-84.5532,-60.9407,-62.2999,43.1179,75.5763,115.5157,-59.2416,-417.5861,120.3084,-171.2079,15.1006,69.8457,6,1,0,0,0
Session_9,2026-01-26 17:05:56.170,15.449,-84.5537,-60.9408,-62.2999,43.2813,75.7281,115.5288,-59.0537,-417.7151,120.5799,-171.4241,15.1852,69.8025,6,1,0,0,0
Session_9,2026-01-26 17:05:56.253,15.532,-84.5538,-60.9408,-62.3000,43.5409,75.7713,115.5343,-58.9828,-417.9311,121.0717,-171.5820,15.4016,69.7632,6,1,0,0,0
Session_9,2026-01-26 17:05:56.335,15.614,-84.5531,-60.9402,-62.2998,43.9604,76.1545,115.7135,-58.4930,-418.2592,121.7825,-172.1731,15.6411,69.5047,6,1,0,0,0
Session_9,2026-01-26 17:05:56.425,15.704,-84.5529,-60.9371,-62.2993,44.1781,76.3241,115.6805,-58.2746,-418.4321,122.1842,-172.4201,15.7629,69.5013,6,1,0,0,0
Session_9,2026-01-26 17:05:56.499,15.778,-84.5526,-60.9278,-62.2990,44.5873,76.4436,115.6641,-58.0988,-418.7655,123.0199,-172.7157,16.0859,69.4594,6,1,0,0,0
Session_9,2026-01-26 17:05:56.565,15.844,-84.5524,-60.8903,-62.2980,45.3248,76.4024,115.6325,-58.0880,-419.3810,124.7544,-173.0236,16.7970,69.3941,6,1,0,0,0
Session_9,2026-01-26 17:05:56.639,15.918,-84.5524,-60.7036,-62.2969,45.4697,76.3536,115.5624,-58.1219,-419.6266,126.4019,-173.1104,17.1084,69.4249,6,1,0,0,0
Session_9,2026-01-26 17:05:56.710,15.989,-84.5524,-60.3097,-62.2971,45.2376,76.3879,115.4230,-58.0740,-419.7046,128.7668,-173.1732,17.2224,69.5461,6,1,0,0,0
Session_9,2026-01-26 17:05:56.787,16.066,-84.5523,-59.6102,-62.2971,44.9100,76.2630,115.4512,-58.2049,-419.8794,133.1876,-173.2376,17.6135,69.4724,6,1,0,0,0
Session_9,2026-01-26 17:05:56.860,16.139,-84.5524,-58.9643,-62.2974,43.8128,76.2788,115.9545,-58.2331,-419.3939,135.6569,-173.2001,17.2609,69.0103,6,1,0,0,0
Session_9,2026-01-26 17:05:56.941,16.220,-84.5520,-58.7920,-62.2982,42.2836,76.3907,118.4518,-58.2042,-418.2740,133.8507,-173.3914,16.2987,66.6037,6,1,0,0,0
Session_9,2026-01-26 17:05:57.016,16.295,-84.5520,-58.7954,-62.2987,41.8078,77.2256,121.5747,-57.2558,-417.8304,132.6666,-174.7675,15.7915,63.3967,6,1,0,0,0
Session_9,2026-01-26 17:05:57.090,16.369,-84.5522,-58.7947,-62.2981,42.5858,76.7477,122.3170,-57.7617,-418.4958,134.3250,-175.0074,16.7669,62.5275,6,1,0,0,0
Session_9,2026-01-26 17:05:57.155,16.434,-84.5524,-58.7949,-62.2983,42.2005,76.8974,122.3142,-57.6160,-418.1746,133.5271,-174.9167,16.3632,62.5851,6,1,0,0,0
Session_9,2026-01-26 17:05:57.217,16.496,-84.5523,-58.7949,-62.2984,42.1745,77.0842,122.2785,-57.3964,-418.1421,133.4257,-175.0519,16.2387,62.6174,6,1,0,0,0
Session_9,2026-01-26 17:05:57.280,16.559,-84.5527,-58.7949,-62.2983,42.2376,76.8240,122.1412,-57.7017,-418.2090,133.6198,-174.8237,16.4179,62.7623,6,1,0,0,0
Session_9,2026-01-26 17:05:57.358,16.637,-84.5525,-58.7949,-62.2985,42.1518,77.0114,122.1247,-57.4859,-418.1275,133.4002,-174.9319,16.2447,62.7839,6,1,0,0,0
Session_9,2026-01-26 17:05:57.427,16.706,-84.5525,-58.7949,-62.2984,42.2012,76.9688,121.9750,-57.5325,-418.1707,133.5091,-174.8795,16.2957,62.9335,6,1,0,0,0
Session_9,2026-01-26 17:05:57.504,16.783,-84.5526,-58.7950,-62.2986,42.0275,77.0039,121.9084,-57.5050,-418.0257,133.1584,-174.7931,16.1244,63.0279,6,1,0,0,0
Session_9,2026-01-26 17:05:57.565,16.844,-84.5526,-58.7950,-62.2986,42.0193,76.9572,121.8713,-57.5612,-418.0216,133.1545,-174.7375,16.1386,63.0699,6,1,0,0,0
Session_9,2026-01-26 17:05:57.645,16.924,-84.5527,-58.7950,-62.2988,41.8325,76.8940,121.6935,-57.6512,-417.8708,132.8058,-174.5281,15.9970,63.2861,6,1,0,0,0
Session_9,2026-01-26 17:05:57.718,16.997,-84.5527,-58.7951,-62.2991,41.6176,76.9441,121.4236,-57.6092,-417.6882,132.3716,-174.3765,15.7623,63.5951,6,1,0,0,0
Session_9,2026-01-26 17:05:57.784,17.063,-84.5527,-58.7952,-62.2992,41.5565,76.9839,121.3124,-57.5668,-417.6342,132.2403,-174.3463,15.6786,63.7172,6,1,0,0,0
Session_9,2026-01-26 17:05:57.858,17.137,-84.5527,-58.7957,-62.2995,41.3889,77.0382,121.2994,-57.5162,-417.4887,131.8945,-174.2979,15.5060,63.7525,6,1,0,0,0
Session_9,2026-01-26 17:05:57.939,17.218,-84.5527,-58.8027,-62.2998,41.2159,76.9393,121.3055,-57.6477,-417.3439,131.5334,-174.1155,15.4043,63.7776,6,1,0,0,0
Session_9,2026-01-26 17:05:58.008,17.287,-84.5527,-58.8035,-62.2998,41.1637,77.0245,121.0089,-57.5513,-417.2935,131.4035,-174.0799,15.2848,64.0865,6,1,0,0,0
Session_9,2026-01-26 17:05:58.090,17.369,-84.5531,-58.8036,-62.2998,40.9673,76.9633,117.5304,-57.6425,-417.1291,131.0383,-172.9976,14.7520,67.6943,6,1,0,0,0
Session_9,2026-01-26 17:05:58.156,17.435,-84.5530,-58.8036,-62.2998,40.7325,77.0684,115.2885,-57.5371,-416.9196,130.5545,-172.4102,14.2107,70.0121,6,1,0,0,0
Session_9,2026-01-26 17:05:58.237,17.516,-84.5529,-58.8046,-62.2998,40.6274,76.9338,114.6739,-57.7042,-416.8368,130.3802,-172.0864,14.0881,70.6595,6,1,0,0,0
Session_9,2026-01-26 17:05:58.316,17.595,-84.5529,-58.8112,-62.2999,40.5897,76.7670,114.6698,-57.9047,-416.8109,130.3051,-171.9121,14.1162,70.6783,6,1,0,0,0
Session_9,2026-01-26 17:05:58.401,17.680,-84.5528,-58.8228,-62.3001,40.4544,76.6592,113.9220,-58.0431,-416.6927,129.9897,-171.5649,13.9187,71.4629,6,1,0,0,0
Session_9,2026-01-26 17:05:58.492,17.771,-84.5530,-58.9487,-62.3001,40.4345,76.5287,111.8340,-58.2068,-416.6058,129.0883,-170.8806,13.5158,73.6088,6,1,0,0,0
Session_9,2026-01-26 17:05:58.567,17.846,-84.5526,-59.1845,-62.3000,40.5746,76.5857,110.2636,-58.1400,-416.5750,127.6591,-170.5320,13.1528,75.2065,6,1,0,0,0
Session_9,2026-01-26 17:05:58.642,17.921,-84.5528,-59.4723,-62.3000,40.7243,76.3069,108.6678,-58.4753,-416.5342,125.9709,-169.8553,12.8423,76.8470,6,1,0,0,0
Session_9,2026-01-26 17:05:58.723,18.002,-84.5525,-59.4983,-62.2993,41.3237,75.8585,106.7548,-58.9522,-417.0724,127.0729,-169.1664,13.1753,78.7632,6,1,0,0,0
Session_9,2026-01-26 17:05:58.797,18.076,-84.5526,-59.4982,-62.2990,41.9939,75.3175,106.0057,-59.5337,-417.6763,128.5347,-168.6574,13.8245,79.5041,6,1,0,0,0
Session_9,2026-01-26 17:05:58.871,18.150,-84.5524,-59.4986,-62.2993,41.6725,75.5530,106.0483,-59.2819,-417.3902,127.8366,-168.8059,13.4595,79.4697,6,1,0,0,0
Session_9,2026-01-26 17:05:58.935,18.214,-84.5523,-59.4986,-62.2993,41.6176,75.6608,106.0133,-59.1587,-417.3371,127.6982,-168.8872,13.3707,79.5029,6,1,0,0,0
Session_9,2026-01-26 17:05:58.995,18.274,-84.5523,-59.4987,-62.2994,41.4480,75.7706,105.9254,-59.0437,-417.1847,127.3358,-168.9260,13.1608,79.5965,6,1,0,0,0
Session_9,2026-01-26 17:05:59.068,18.347,-84.5523,-59.4989,-62.2995,41.3299,75.8414,105.8052,-58.9706,-417.0780,127.0844,-168.9344,13.0047,79.7212,6,1,0,0,0
Session_9,2026-01-26 17:05:59.148,18.427,-84.5522,-59.5007,-62.2998,41.1617,75.9801,105.8093,-58.8207,-416.9216,126.7054,-169.0231,12.8046,79.7203,6,1,0,0,0
Session_9,2026-01-26 17:05:59.225,18.504,-84.5521,-59.5010,-62.2998,41.1877,76.0309,105.8004,-58.7578,-416.9410,126.7388,-169.0778,12.8141,79.7251,6,1,0,0,0
Session_9,2026-01-26 17:05:59.291,18.570,-84.5519,-59.5011,-62.2998,41.1898,76.2314,105.7928,-58.5205,-416.9299,126.6845,-169.2719,12.7609,79.7223,6,1,0,0,0
Session_9,2026-01-26 17:05:59.353,18.632,-84.5521,-59.5013,-62.2998,41.2173,76.1449,105.7207,-58.6211,-416.9591,126.7612,-169.1792,12.7968,79.7976,6,1,0,0,0
Session_9,2026-01-26 17:05:59.430,18.709,-84.5518,-59.5028,-62.2998,41.2166,76.3364,105.4131,-58.3941,-416.9454,126.6946,-169.2969,12.6868,80.0979,6,1,0,0,0
Session_9,2026-01-26 17:05:59.505,18.784,-84.5519,-59.5062,-62.2999,41.1362,76.2973,105.0808,-58.4475,-416.8754,126.5257,-169.1631,12.5539,80.4393,6,1,0,0,0
Session_9,2026-01-26 17:05:59.586,18.865,-84.5520,-59.5334,-62.2999,41.1534,76.2698,104.9249,-58.4810,-416.8737,126.3721,-169.0996,12.5217,80.5980,6,1,0,0,0
Session_9,2026-01-26 17:05:59.649,18.928,-84.5520,-59.5361,-62.2999,41.1067,76.3927,104.6922,-58.3400,-416.8230,126.2279,-169.1564,12.3992,80.8288,6,1,0,0,0
Session_9,2026-01-26 17:05:59.727,19.006,-84.5523,-59.5537,-62.2999,40.9406,76.5459,104.6049,-58.1771,-416.6544,125.7392,-169.2401,12.1670,80.9188,6,1,0,0,0
Session_9,2026-01-26 17:05:59.798,19.077,-84.5519,-59.6597,-62.2997,41.0861,76.7951,104.6104,-57.8750,-416.6935,125.1945,-169.4952,12.1447,80.8997,6,1,0,0,0
Session_9,2026-01-26 17:05:59.866,19.145,-84.5523,-59.9895,-62.2991,41.4404,76.6578,104.5445,-58.0321,-416.7824,123.5614,-169.3534,12.1909,80.9707,6,1,0,0,0
Session_9,2026-01-26 17:05:59.933,19.212,-84.5525,-60.5239,-62.2980,42.7560,75.8208,104.2348,-58.9479,-417.5860,122.5267,-168.6639,13.0941,81.2793,6,1,0,0,0
Session_9,2026-01-26 17:06:00.007,19.286,-84.5530,-61.0000,-62.2974,43.8574,74.9934,103.7446,-59.8682,-418.1997,121.5081,-167.8913,13.7978,81.7782,6,1,0,0,0
Session_9,2026-01-26 17:06:00.080,19.359,-84.5530,-61.0209,-62.2966,43.8066,75.0387,103.7185,-59.8204,-418.1413,121.2491,-167.9124,13.7129,81.8062,6,1,0,0,0
Session_9,2026-01-26 17:06:00.144,19.423,-84.5529,-61.0208,-62.2960,43.7400,75.0813,103.7645,-59.7754,-418.0853,121.1096,-167.9492,13.6486,81.7616,6,1,0,0,0
Session_9,2026-01-26 17:06:00.220,19.499,-84.5531,-61.0208,-62.2959,43.6700,75.0916,103.7631,-59.7700,-418.0265,120.9706,-167.9420,13.5779,81.7663,6,1,0,0,0
Session_9,2026-01-26 17:06:00.293,19.572,-84.5532,-61.0199,-62.2958,43.6260,75.1650,103.7906,-59.6878,-417.9866,120.8698,-168.0102,13.5248,81.7373,6,1,0,0,0
Session_9,2026-01-26 17:06:00.374,19.653,-84.5534,-61.0184,-62.2954,43.5690,75.2543,103.9581,-59.5889,-417.9360,120.7446,-168.1238,13.4851,81.5671,6,1,0,0,0
Session_9,2026-01-26 17:06:00.457,19.736,-84.5536,-61.0155,-62.2692,43.3884,75.2811,103.9842,-59.5674,-417.8468,120.5183,-168.1188,13.3371,81.5479,6,1,0,0,0
Session_9,2026-01-26 17:06:00.540,19.819,-84.5540,-61.0088,-62.1697,43.2903,75.7521,103.9918,-59.0026,-417.9767,120.6602,-168.5851,13.2348,81.5158,6,1,0,0,0
Session_9,2026-01-26 17:06:00.609,19.888,-84.5542,-61.0071,-62.0168,43.0664,76.0487,103.9931,-58.6384,-418.1321,120.8062,-168.8593,13.0975,81.5037,6,1,0,0,0
Session_9,2026-01-26 17:06:00.697,19.976,-84.5542,-61.0056,-61.6286,42.3365,76.1668,103.9918,-58.4714,-418.4191,121.0315,-168.8908,12.7391,81.5182,6,1,0,0,0
Session_9,2026-01-26 17:06:00.764,20.043,-84.5542,-61.0056,-61.1513,41.4191,76.3206,103.9973,-58.2586,-418.7382,121.2623,-168.9344,12.2764,81.5289,6,1,0,0,0
Session_9,2026-01-26 17:06:00.838,20.117,-84.5540,-61.0057,-60.4523,40.2017,76.8123,103.9959,-57.6240,-419.2700,121.7853,-169.2885,11.6561,81.5340,6,1,0,0,0
Session_9,2026-01-26 17:06:00.921,20.200,-84.5537,-61.0063,-59.7943,39.0770,77.2408,103.9952,-57.0665,-419.7625,122.3432,-169.5933,11.1005,81.5381,6,1,0,0,0
Session_9,2026-01-26 17:06:00.986,20.264,-84.5539,-61.0065,-59.4903,38.6973,77.8786,103.9945,-56.2790,-420.0759,122.7624,-170.1988,10.8748,81.5146,6,1,0,0,0
Session_9,2026-01-26 17:06:01.068,20.347,-84.5542,-61.0066,-59.4122,38.6904,78.2446,103.9938,-55.8304,-420.2230,122.9951,-170.5741,10.8565,81.4967,6,1,0,0,0
Session_9,2026-01-26 17:06:01.142,20.421,-84.5544,-61.0069,-59.4128,38.7337,78.1526,103.9986,-55.9374,-420.2679,123.0961,-170.4954,10.9204,81.4934,6,1,0,0,0
Session_9,2026-01-26 17:06:01.208,20.487,-84.5544,-61.0068,-59.4127,38.7110,78.0888,103.9959,-56.0150,-420.2522,123.0691,-170.4269,10.9133,81.4998,6,1,0,0,0
Session_9,2026-01-26 17:06:01.274,20.553,-84.5547,-61.0068,-59.4128,38.5854,77.7516,104.0021,-56.4274,-420.1623,122.9134,-170.0674,10.8728,81.5132,6,1,0,0,0
Session_9,2026-01-26 17:06:01.357,20.636,-84.5841,-61.0069,-59.4128,38.3540,77.2483,104.0131,-57.2584,-419.9577,122.6013,-169.5203,10.7699,81.5054,6,1,0,0,0
Session_9,2026-01-26 17:06:01.431,20.710,-84.6181,-61.0073,-59.4147,37.9880,76.3893,104.0611,-58.5534,-419.6425,122.1284,-168.5984,10.6261,81.4803,6,1,0,0,0
Session_9,2026-01-26 17:06:01.498,20.776,-84.6237,-61.0073,-59.4147,38.2372,76.6811,104.0625,-58.2289,-419.8470,122.5212,-168.9453,10.7988,81.4480,6,0,0,0,0
Session_9,2026-01-26 17:06:01.573,20.852,-84.6237,-61.0074,-59.4147,38.3588,76.7107,104.0646,-58.1832,-419.9571,122.7443,-169.0044,10.9100,81.4390,6,0,0,0,0
Session_9,2026-01-26 17:06:01.654,20.933,-84.6237,-61.0074,-59.4147,38.3842,76.5740,104.0611,-58.3425,-419.9902,122.8306,-168.8762,10.9665,81.4476,6,0,0,0,0
Session_9,2026-01-26 17:06:01.737,21.016,-84.6238,-61.0072,-59.4145,38.9204,76.3042,104.0591,-58.6148,-420.4980,123.9346,-168.7432,11.5513,81.4369,6,0,0,0,0
Session_9,2026-01-26 17:06:01.806,21.085,-84.6238,-61.0071,-59.4144,39.3386,76.3289,104.0625,-58.5504,-420.8706,124.7323,-168.8712,11.9521,81.4113,6,0,0,0,0
Session_9,2026-01-26 17:06:01.877,21.156,-84.6237,-61.0065,-59.4136,39.8096,76.3667,104.0598,-58.4661,-421.2847,125.6375,-169.0244,12.4011,81.3877,6,0,0,0,0
Session_9,2026-01-26 17:06:01.951,21.230,-84.6237,-61.0047,-59.4132,39.8859,76.4594,104.0563,-58.3506,-421.3472,125.7737,-169.1339,12.4544,81.3826,6,0,0,0,0
Session_9,2026-01-26 17:06:02.024,21.303,-84.6238,-60.9957,-59.4132,39.8474,76.5575,104.0577,-58.2377,-421.3135,125.7366,-169.2231,12.4026,81.3782,6,0,0,0,0
Session_9,2026-01-26 17:06:02.100,21.379,-84.6238,-60.9474,-59.4131,39.7630,76.5692,104.0563,-58.2277,-421.2724,125.9195,-169.2253,12.3646,81.3809,6,0,0,0,0
Session_9,2026-01-26 17:06:02.175,21.454,-84.6238,-60.7810,-59.4132,39.4553,76.7299,104.0570,-58.0534,-421.1053,126.4827,-169.3479,12.1892,81.3802,6,0,0,0,0
Session_9,2026-01-26 17:06:02.247,21.526,-84.6238,-60.4079,-59.4136,38.7158,77.0739,104.0604,-57.6854,-420.6743,127.6559,-169.5949,11.7518,81.3800,6,0,0,0,0
Session_9,2026-01-26 17:06:02.321,21.600,-84.6236,-59.9880,-59.4138,38.0978,77.5484,104.0584,-57.1503,-420.3546,129.3705,-170.0100,11.4456,81.3712,6,0,0,0,0
Session_9,2026-01-26 17:06:02.387,21.666,-84.6240,-59.8689,-59.4138,38.4370,77.3843,104.0625,-57.3117,-420.7408,130.9252,-169.9635,11.9302,81.3508,6,0,0,0,0
Session_9,2026-01-26 17:06:02.459,21.738,-84.6240,-59.8689,-59.4139,38.7385,77.2373,104.0611,-57.4605,-421.0156,131.5456,-169.8941,12.2575,81.3430,6,0,0,0,0
Session_9,2026-01-26 17:06:02.537,21.816,-84.6240,-59.8685,-59.4138,39.0894,77.0918,104.0625,-57.6043,-421.3300,132.2668,-169.8391,12.6334,81.3291,6,0,0,0,0
Session_9,2026-01-26 17:06:02.599,21.878,-84.6241,-59.8548,-59.4135,39.3386,77.1062,104.0611,-57.5672,-421.5508,132.8468,-169.9184,12.8850,81.3152,6,0,0,0,0
Session_9,2026-01-26 17:06:02.676,21.955,-84.6269,-59.7069,-59.4133,40.0637,76.7388,104.0584,-57.9565,-422.2573,135.4303,-169.7760,13.8194,81.2811,6,0,0,0,0
Session_9,2026-01-26 17:06:02.758,22.037,-84.6280,-58.6866,-59.4136,40.0850,76.4415,104.0591,-58.2709,-422.7502,142.9468,-169.7467,14.9005,81.2274,6,0,0,0,0
Session_9,2026-01-26 17:06:02.840,22.119,-84.6279,-56.8475,-59.4135,40.1653,75.7521,104.0659,-59.0305,-423.3341,156.6467,-169.5609,16.9274,81.1175,6,0,0,0,0
Session_9,2026-01-26 17:06:02.923,22.202,-84.6278,-54.8185,-59.4136,39.7472,75.4905,104.0625,-59.3598,-423.1114,170.6118,-169.7204,18.5501,81.0058,6,0,0,0,0
Session_9,2026-01-26 17:06:03.057,22.336,-84.6280,-52.4576,-59.4135,39.5247,75.2447,104.0639,-59.7164,-422.4138,187.3501,-170.0454,20.6800,80.8250,6,0,0,0,0
Session_9,2026-01-26 17:06:03.208,22.487,-84.6276,-46.1965,-59.4119,37.2890,75.6367,104.0694,-59.7918,-416.6609,227.7215,-171.5461,24.4808,80.3759,6,0,0,0,0
Session_9,2026-01-26 17:06:03.313,22.592,-84.6275,-42.8110,-59.4115,36.9141,75.8757,104.0742,-59.9330,-412.1566,250.9316,-172.6614,27.3297,79.9784,6,0,0,0,0
Session_9,2026-01-26 17:06:03.375,22.654,-84.6275,-40.6828,-59.4102,36.7534,76.0913,104.0728,-60.0054,-408.6734,265.5141,-173.4719,29.1744,79.6893,6,0,0,0,0
Session_9,2026-01-26 17:06:03.457,22.736,-84.6276,-37.6857,-59.4002,36.3503,76.0927,104.0810,-60.5522,-402.8466,285.5531,-174.3052,31.6794,79.2607,6,0,0,0,0
Session_9,2026-01-26 17:06:03.531,22.810,-84.6276,-34.9624,-59.3912,35.6534,76.2177,104.0858,-60.9864,-396.6625,302.7405,-175.1096,33.6031,78.8857,6,0,0,0,0
Session_9,2026-01-26 17:06:03.621,22.900,-84.6273,-31.5441,-59.3701,35.0951,76.5768,104.0790,-61.3887,-387.8408,324.5384,-176.4720,36.2741,78.3054,6,0,0,0,0
Session_9,2026-01-26 17:06:03.704,22.983,-84.6275,-27.5598,-59.2449,34.9599,76.7155,104.0893,-62.3492,-375.8939,350.8810,-178.1392,40.0305,77.3485,6,0,0,0,0
Session_9,2026-01-26 17:06:03.786,23.065,-84.6274,-23.0042,-58.9008,34.4023,76.9462,104.1106,-63.5688,-360.0064,380.0127,179.7457,44.0888,76.0643,6,0,0,0,0
Session_9,2026-01-26 17:06:03.863,23.142,-84.6274,-17.9134,-58.1488,33.7040,76.6008,104.1154,-65.9453,-339.0951,412.6581,177.4848,49.0002,74.1734,6,0,0,0,0
Session_9,2026-01-26 17:06:03.929,23.208,-84.6272,-12.8610,-56.9726,32.2696,76.8329,104.1051,-67.9139,-315.2211,443.4214,174.3729,53.3807,71.9312,6,0,0,0,0
Session_9,2026-01-26 17:06:04.003,23.282,-84.6272,-7.3481,-55.2393,29.5649,77.3863,104.1662,-70.0118,-285.9267,474.0341,170.4145,57.3609,69.0894,6,0,0,0,0
Session_9,2026-01-26 17:06:04.085,23.364,-84.6271,-1.2597,-52.7858,27.0394,78.8345,104.1662,-71.8424,-248.1016,507.1225,163.4017,62.2989,64.2747,6,0,0,0,0
Session_9,2026-01-26 17:06:04.160,23.439,-84.6273,3.6685,-50.0964,25.9888,79.8988,104.1621,-74.0511,-211.0745,534.8431,153.7052,67.4508,56.4605,6,0,0,0,0
Session_9,2026-01-26 17:06:04.226,23.505,-84.6277,7.2522,-47.4324,24.9850,79.6028,104.1641,-77.3439,-179.8457,554.4825,143.5698,71.3116,46.6829,6,0,0,0,0
Session_9,2026-01-26 17:06:04.300,23.579,-84.6273,10.4853,-44.0427,22.9092,79.7807,104.1682,-80.1168,-148.0828,570.9998,131.0569,73.9270,34.9070,6,0,0,0,0
Session_9,2026-01-26 17:06:04.374,23.653,-84.6272,12.6616,-40.0939,20.9791,80.2112,104.1779,-82.2489,-119.9186,584.2754,116.2232,75.4839,21.0165,6,0,0,0,0
Session_9,2026-01-26 17:06:04.450,23.729,-84.6271,13.7644,-35.8889,17.8239,80.8614,104.1895,-83.3845,-99.5341,592.5613,107.6354,75.8549,13.3414,6,0,0,0,0
Session_9,2026-01-26 17:06:04.531,23.810,-84.6270,14.0048,-30.2224,15.3204,80.8601,104.1998,-85.4601,-77.4805,602.1285,93.6421,75.9154,-0.2351,6,0,0,0,0
Session_9,2026-01-26 17:06:04.597,23.876,-84.6267,14.0043,-25.3193,9.3336,80.6321,104.2115,-86.8043,-66.0992,604.0413,98.0935,75.9769,3.8552,6,0,0,0,0
Session_9,2026-01-26 17:06:04.676,23.955,-84.6259,13.9955,-18.1281,2.3978,82.0438,104.2177,-86.9913,-46.0281,607.0435,97.0788,75.9194,4.2826,6,0,0,0,0
Session_9,2026-01-26 17:06:04.762,24.041,-84.6249,13.9806,-12.9543,-2.2337,81.9656,104.2252,-88.5149,-30.8315,608.1032,94.9112,75.8938,2.1027,6,0,0,0,0
Session_9,2026-01-26 17:06:04.835,24.114,-84.6156,13.5663,-8.2908,-5.5611,81.7987,104.2307,-89.8502,-18.7610,608.9048,91.1531,75.8073,-1.6990,6,0,0,0,0
Session_9,2026-01-26 17:06:04.900,24.179,-84.6161,12.5860,-5.0267,-6.1626,82.2800,104.2280,-89.8463,-12.6416,610.9164,84.4571,75.5195,-7.7062,6,0,0,0,0
Session_9,2026-01-26 17:06:04.960,24.239,-84.6169,11.5083,-2.6977,-7.5785,83.4995,104.2355,-88.3386,-12.9959,610.9738,85.0805,75.5740,-5.8840,6,0,0,0,0
Session_9,2026-01-26 17:06:05.025,24.304,-84.6173,10.3554,-1.0050,-8.5522,86.2894,104.2383,-84.6717,-15.9848,610.9520,86.7759,75.6883,-1.4525,6,0,0,0,0
Session_9,2026-01-26 17:06:05.092,24.371,-84.6173,9.3835,-0.0646,-8.0427,87.7341,104.2335,-82.6965,-18.2934,612.0811,84.8444,75.6604,-1.8795,6,0,0,0,0
Session_9,2026-01-26 17:06:05.164,24.443,-84.6173,8.6251,0.4006,-7.9225,86.6952,104.2390,-83.6187,-21.9231,612.3986,85.5501,75.6560,-2.2344,6,0,0,0,0
Session_9,2026-01-26 17:06:05.231,24.510,-84.6173,8.3557,0.4342,-7.7124,86.8009,104.2376,-83.3428,-23.4868,612.6017,85.6515,75.6627,-2.0305,6,0,0,0,0
Session_9,2026-01-26 17:06:05.306,24.585,-84.6171,8.1603,0.4338,-7.4309,86.9286,104.2369,-83.0917,-24.5019,612.8779,85.3071,75.6546,-2.2363,6,0,0,0,0
Session_9,2026-01-26 17:06:05.388,24.667,-84.6168,8.0138,0.4327,-7.4426,87.0213,104.2362,-82.8694,-25.6631,612.8195,85.9442,75.6772,-1.5261,6,0,0,0,0
Session_9,2026-01-26 17:06:05.459,24.738,-84.6169,7.7932,0.4327,-7.1006,86.8744,104.2355,-82.9431,-26.7786,613.1517,85.4587,75.6599,-2.1435,6,0,0,0,0
Session_9,2026-01-26 17:06:05.544,24.823,-84.6167,7.5806,0.4316,-7.5407,86.3278,104.2390,-83.3758,-29.2405,612.5536,88.0917,75.7232,-0.1384,6,0,0,0,0
Session_9,2026-01-26 17:06:05.610,24.889,-84.6168,7.5814,0.4316,-7.6190,86.4789,104.2376,-83.1802,-29.3666,612.4603,88.4041,75.7329,0.3153,6,0,0,0,0
Session_9,2026-01-26 17:06:05.683,24.962,-84.6169,7.5818,0.4316,-7.4886,86.5812,104.2383,-83.0782,-29.1287,612.6166,87.8752,75.7210,-0.0950,6,0,0,0,0
Session_9,2026-01-26 17:06:05.766,25.045,-84.6170,7.5818,0.4304,-7.7824,86.8387,104.2369,-82.7168,-29.6408,612.2633,89.0680,75.7486,1.3184,6,0,0,0,0
Session_9,2026-01-26 17:06:05.827,25.106,-84.6170,7.5817,0.4253,-8.0173,86.8318,104.2355,-82.6840,-30.0779,611.9754,90.0419,75.7650,2.2554,6,0,0,0,0
Session_9,2026-01-26 17:06:05.912,25.191,-84.6171,7.5815,0.4200,-8.6236,86.7535,104.2369,-82.6767,-31.1666,611.2308,92.5300,75.7850,4.5889,6,0,0,0,0
Session_9,2026-01-26 17:06:05.981,25.260,-84.6171,7.5811,0.4030,-9.6398,86.5524,104.2383,-82.7474,-33.0132,609.9504,96.7365,75.7670,8.4653,6,0,0,0,0
Session_9,2026-01-26 17:06:06.055,25.334,-84.6171,7.5749,0.3357,-10.6677,86.8421,104.2369,-82.1979,-35.1039,608.5731,101.1771,75.6539,13.0584,6,0,0,0,0
Session_9,2026-01-26 17:06:06.137,25.416,-84.6171,7.4766,-0.0095,-10.0683,86.8112,104.2355,-82.1151,-36.3823,608.9830,100.5540,75.6767,12.4238,6,0,0,0,0
Session_9,2026-01-26 17:06:06.219,25.498,-84.6171,7.4612,-0.6084,-9.8692,86.8263,104.2383,-81.8661,-38.8293,608.6652,102.2105,75.6165,14.0436,6,0,0,0,0
Session_9,2026-01-26 17:06:06.301,25.580,-84.6171,7.4600,-1.1834,-9.3089,86.7954,104.2376,-81.7507,-40.4532,608.8291,102.2753,75.6164,14.0756,6,0,0,0,0
Session_9,2026-01-26 17:06:06.383,25.662,-84.6170,7.4560,-1.8249,-8.3173,86.7844,104.2335,-81.6497,-41.6659,609.4668,100.8971,75.6693,12.7296,6,0,0,0,0
Session_9,2026-01-26 17:06:06.457,25.736,-84.6170,7.1961,-2.8419,-7.8326,86.7721,104.2383,-81.1258,-47.3862,608.8535,104.0421,75.5431,15.7634,6,0,0,0,0
Session_9,2026-01-26 17:06:06.532,25.811,-84.6172,6.2636,-4.3881,-6.2238,87.0783,104.2383,-79.6830,-58.7449,608.4328,107.4082,75.3393,19.3269,6,0,0,0,0
Session_9,2026-01-26 17:06:06.598,25.877,-84.6172,4.5903,-6.3152,-2.0874,87.0667,104.2369,-78.3228,-73.3320,609.6829,105.3380,75.4615,17.3119,6,0,0,0,0
Session_9,2026-01-26 17:06:06.672,25.951,-84.6174,2.4650,-8.6925,1.0423,86.6183,104.2362,-76.8197,-95.0763,607.3974,110.6218,75.1577,21.9760,6,0,0,0,0
Session_9,2026-01-26 17:06:06.744,26.023,-84.6173,0.3157,-11.2456,0.0089,86.7226,104.2287,-73.9631,-124.0456,597.3200,129.3301,72.6363,40.0714,6,0,0,0,0
Session_9,2026-01-26 17:06:06.820,26.099,-84.6173,-1.9576,-13.9143,1.4777,87.4642,104.2355,-70.6283,-149.8609,588.5588,137.5053,70.3168,48.5485,6,0,0,0,0
Session_9,2026-01-26 17:06:06.893,26.172,-84.6173,-4.6115,-16.8641,6.0480,87.6572,104.2355,-68.0497,-174.7344,581.3675,139.5633,69.5604,50.6681,6,0,0,0,0
Session_9,2026-01-26 17:06:06.959,26.238,-84.6173,-7.4845,-19.8649,9.6796,87.6613,104.2321,-65.4774,-201.9810,569.8622,143.7656,67.9143,54.5899,6,0,0,0,0
Session_9,2026-01-26 17:06:07.034,26.313,-84.6174,-10.2565,-22.7520,9.5059,87.7457,104.2232,-62.5775,-231.6690,550.2811,152.1982,63.2254,62.3585,6,0,0,0,0
Session_9,2026-01-26 17:06:07.109,26.388,-84.6175,-12.9591,-25.5726,7.4192,86.5530,104.1964,-61.3091,-260.5399,525.1727,160.7768,56.8904,68.7570,6,0,0,0,0
Session_9,2026-01-26 17:06:07.182,26.461,-84.6176,-16.0406,-28.5986,7.5339,86.9973,104.2081,-58.2141,-287.6594,499.3683,164.6734,51.3419,72.2799,6,0,0,0,0
Session_9,2026-01-26 17:06:07.263,26.542,-84.6180,-19.2937,-31.5659,6.4538,86.9135,104.2081,-55.8909,-313.4203,468.1742,168.7628,44.5712,75.2587,6,0,0,0,0
Session_9,2026-01-26 17:06:07.346,26.625,-84.6183,-22.5156,-34.3702,2.9787,86.7508,104.1854,-54.0176,-335.4240,430.6313,172.9369,35.6164,77.8660,6,0,0,0,0
Session_9,2026-01-26 17:06:07.420,26.699,-84.6191,-25.0026,-36.4996,-1.8608,87.2191,104.1071,-52.2367,-348.3329,396.0601,175.6946,26.4480,79.6031,6,0,0,0,0
Session_9,2026-01-26 17:06:07.502,26.781,-84.6189,-27.8019,-38.8064,-3.0199,89.0092,104.1463,-48.9520,-360.0530,365.9210,175.7680,19.9693,80.3114,6,0,0,0,0
Session_9,2026-01-26 17:06:07.584,26.863,-84.6288,-30.9208,-41.4144,0.1648,89.4280,104.1758,-47.2793,-373.0656,340.6570,176.0476,17.4090,80.5004,6,0,0,0,0
Session_9,2026-01-26 17:06:07.658,26.937,-84.6317,-33.7369,-43.7988,10.6423,88.3315,104.1806,-47.2792,-387.4794,332.6439,175.6352,22.7708,79.9673,6,0,0,0,0
Session_9,2026-01-26 17:06:07.750,27.029,-84.6323,-35.7293,-45.4240,20.8932,85.7737,104.1888,-49.5088,-396.9159,333.1546,176.0654,29.7764,79.0098,6,0,0,0,0
Session_9,2026-01-26 17:06:07.815,27.094,-84.6317,-35.7134,-45.4369,23.0212,85.8925,104.1909,-49.3380,-397.1538,337.7310,175.2444,31.7899,78.6492,6,0,0,0,0
Session_9,2026-01-26 17:06:07.889,27.168,-84.6323,-35.1275,-45.0402,24.0456,84.2850,104.2012,-51.4623,-395.3495,345.9865,176.0802,34.1024,78.2220,6,0,0,0,0
Session_9,2026-01-26 17:06:07.964,27.243,-84.6312,-34.7023,-44.5355,24.5895,83.4061,104.2039,-52.6689,-393.7645,352.5861,176.3857,35.7244,77.8963,6,0,0,0,0
Session_9,2026-01-26 17:06:08.039,27.318,-84.6314,-34.6942,-44.0052,25.8069,82.1091,104.2142,-54.2759,-393.3608,357.9825,176.9561,37.7145,77.4622,6,0,0,0,0
Session_9,2026-01-26 17:06:08.119,27.398,-84.6288,-34.6968,-43.2796,25.7561,82.1008,104.2108,-54.3125,-392.8854,361.3874,176.7032,38.3560,77.3068,6,0,0,0,0
Session_9,2026-01-26 17:06:08.193,27.472,-84.6282,-34.7085,-42.4833,25.5858,81.2411,104.2136,-55.3939,-392.3651,364.9309,177.2801,39.1503,77.1360,6,0,0,0,0
Session_9,2026-01-26 17:06:08.259,27.538,-84.6275,-34.7404,-41.8073,25.3276,80.9438,104.2142,-55.7829,-391.9813,367.4863,177.4083,39.5896,77.0321,6,0,0,0,0
Session_9,2026-01-26 17:06:08.332,27.611,-84.6270,-35.2131,-41.1693,25.6194,79.7717,104.2142,-57.0878,-393.0463,368.1962,178.3473,40.3109,76.8977,6,0,0,0,0
Session_9,2026-01-26 17:06:08.399,27.678,-84.6269,-36.3665,-40.8252,27.1493,79.7031,104.2108,-56.8454,-396.4852,365.3099,178.1138,41.0110,76.7046,6,0,0,0,0
Session_9,2026-01-26 17:06:08.465,27.744,-84.6274,-37.9254,-40.7544,29.2868,79.3577,104.2184,-56.8126,-401.2711,359.5737,178.1612,41.7104,76.5064,6,0,0,0,0
Session_9,2026-01-26 17:06:08.539,27.818,-84.6275,-39.9565,-40.7550,29.6040,78.8345,104.2136,-56.8239,-407.8123,346.2441,179.3953,40.2143,76.9845,6,0,0,0,0
Session_9,2026-01-26 17:06:08.613,27.892,-84.6275,-42.0236,-40.7542,30.2509,78.7136,104.2088,-56.3893,-413.9752,333.0732,-179.9086,38.8955,77.3568,6,0,0,0,0
Session_9,2026-01-26 17:06:08.678,27.957,-84.6274,-43.8458,-40.7533,31.4724,78.5941,104.2136,-56.0606,-418.9796,322.6728,-179.5600,38.3542,77.4985,6,0,0,0,0
Session_9,2026-01-26 17:06:08.753,28.032,-84.6265,-45.9386,-40.7461,32.4900,77.9095,104.2142,-56.3648,-424.3597,309.8627,-178.4820,37.5052,77.7559,6,0,0,0,0
Session_9,2026-01-26 17:06:08.826,28.105,-84.6265,-48.0266,-40.7391,32.4406,76.7670,104.2149,-57.2591,-429.2897,294.7473,-176.5732,35.7522,78.2431,6,0,0,0,0
Session_9,2026-01-26 17:06:08.909,28.188,-84.6267,-50.6785,-40.7385,32.6452,77.1144,104.2142,-56.3260,-434.8381,275.4373,-176.0505,33.3259,78.7264,6,0,0,0,0
Session_9,2026-01-26 17:06:08.974,28.253,-84.6270,-52.9636,-40.7378,32.2380,79.6770,104.2129,-52.8969,-438.8112,256.8910,-177.6601,30.1158,79.1578,6,0,0,0,0
Session_9,2026-01-26 17:06:09.051,28.330,-84.6272,-55.2398,-40.7381,31.9098,80.7310,104.2191,-51.3353,-441.9771,238.7746,-177.8707,27.3538,79.5334,6,0,0,0,0
Session_9,2026-01-26 17:06:09.131,28.410,-84.6307,-57.0014,-40.7383,30.8386,80.2277,104.2204,-51.8123,-443.6218,223.2092,-176.5300,24.7495,79.9087,6,0,0,0,0
Session_9,2026-01-26 17:06:09.199,28.478,-84.6311,-57.8208,-40.7388,27.7988,80.4433,104.2163,-51.6239,-442.9009,210.6141,-175.6374,20.9723,80.3370,6,0,0,0,0
Session_9,2026-01-26 17:06:09.273,28.552,-84.6317,-58.2341,-40.7390,23.2862,80.9534,104.2094,-51.2599,-440.2909,198.2080,-174.8045,16.0846,80.7553,6,0,0,0,0
Session_9,2026-01-26 17:06:09.340,28.619,-84.6360,-58.3899,-40.7394,19.8214,81.8941,104.2136,-50.4149,-437.5733,190.0033,-174.7869,12.3493,80.9550,6,0,0,0,0
Session_9,2026-01-26 17:06:09.424,28.703,-84.6488,-58.4210,-40.7428,18.7798,81.2686,104.2170,-51.3459,-436.7183,187.8350,-173.9050,11.4601,81.0105,6,0,0,0,0
Session_9,2026-01-26 17:06:09.490,28.769,-84.6622,-58.4263,-40.7441,18.5147,76.2733,104.2294,-57.4034,-436.8331,188.4397,-168.9582,12.4119,81.1856,6,0,0,0,0
Session_9,2026-01-26 17:06:09.581,28.860,-84.9728,-58.7944,-40.7577,18.8985,74.1090,104.2939,-62.2681,-437.0886,187.0179,-166.8502,12.9488,80.9247,6,0,0,0,0
Session_9,2026-01-26 17:06:09.646,28.925,-85.4553,-59.7287,-40.7579,17.3138,75.4726,104.2946,-64.4432,-435.3135,176.5586,-167.5616,10.1770,80.4909,6,0,0,0,0
Session_9,2026-01-26 17:06:09.707,28.986,-85.9155,-60.8310,-40.7578,16.4493,79.3707,104.3001,-63.3815,-433.8112,165.6703,-170.8824,7.3252,79.9168,6,0,0,0,0
Session_9,2026-01-26 17:06:09.786,29.065,-86.2653,-62.2343,-40.7566,18.9933,78.2529,104.2946,-67.1924,-436.0077,160.1694,-170.0741,8.7037,79.5793,6,0,0,0,0
Session_9,2026-01-26 17:06:09.848,29.127,-86.3084,-62.7441,-40.7566,21.0917,78.0853,104.2905,-67.5906,-437.9528,160.3374,-170.3045,10.2839,79.4824,6,0,0,0,0
Session_9,2026-01-26 17:06:09.915,29.194,-86.3071,-62.9370,-40.7564,21.4886,78.0798,104.2987,-67.5647,-438.3097,159.6392,-170.3517,10.4847,79.4664,6,0,0,0,0
Session_9,2026-01-26 17:06:09.990,29.269,-86.3070,-62.9370,-40.7565,20.8232,78.4335,104.2932,-67.1847,-437.6641,158.2867,-170.5300,9.7526,79.4865,6,0,0,0,0
Session_9,2026-01-26 17:06:10.057,29.336,-86.3070,-62.9373,-40.7566,20.4421,78.0929,104.2939,-67.6124,-437.3125,157.6458,-170.1028,9.4657,79.5160,6,0,0,0,0
Session_9,2026-01-26 17:06:10.130,29.409,-86.3069,-62.9381,-40.7570,19.9979,78.6408,104.2939,-66.9896,-436.8505,156.6664,-170.5269,8.9004,79.5106,6,0,0,0,0
Session_9,2026-01-26 17:06:10.208,29.487,-86.3068,-62.9450,-40.7575,19.6333,79.1805,104.2905,-66.3700,-436.4586,155.8019,-170.9604,8.4078,79.5064,6,0,0,0,0
Session_9,2026-01-26 17:06:10.290,29.569,-86.3045,-62.9501,-40.7574,19.7816,79.5472,104.2905,-65.9061,-436.5891,155.9608,-171.3533,8.4572,79.4894,6,0,0,0,0
Session_9,2026-01-26 17:06:10.358,29.637,-86.3044,-62.9643,-40.7578,19.6484,79.6317,104.2918,-65.8133,-436.4484,155.5833,-171.3992,8.2935,79.4904,6,0,0,0,0
Session_9,2026-01-26 17:06:10.440,29.719,-86.3044,-63.0525,-40.7582,19.7788,79.0391,104.2918,-66.5120,-436.5951,155.2945,-170.8320,8.4786,79.5117,6,0,0,0,0
Session_9,2026-01-26 17:06:10.522,29.801,-86.3044,-63.1472,-40.7585,19.3407,78.8640,104.2939,-66.7496,-436.1451,153.8012,-170.5297,8.0048,79.5356,6,0,0,0,0
Session_9,2026-01-26 17:06:10.591,29.870,-86.3037,-63.2407,-40.7595,18.9500,79.0247,104.2912,-66.5809,-435.7155,152.3286,-170.5662,7.4948,79.5486,6,0,0,0,0
Session_9,2026-01-26 17:06:10.656,29.935,-86.3038,-63.3968,-40.7596,19.1430,78.1973,104.2960,-67.5537,-435.9244,151.7109,-169.7694,7.7325,79.5777,6,0,0,0,0
Session_9,2026-01-26 17:06:10.726,30.005,-86.2999,-63.9612,-40.7597,20.6364,78.6216,104.2925,-66.9315,-437.2791,150.1478,-170.4120,8.5295,79.5344,6,0,0,0,0
Session_9,2026-01-26 17:06:10.802,30.081,-86.3002,-65.2406,-40.7596,21.6465,77.4756,104.2946,-68.2543,-437.9301,142.6727,-169.2278,8.5473,79.5925,6,0,0,0,0
Session_9,2026-01-26 17:06:10.885,30.164,-86.3005,-66.5293,-40.7589,22.7252,78.5804,104.2932,-66.9147,-438.3660,134.6789,-170.2537,8.0757,79.5519,6,0,0,0,0
Session_9,2026-01-26 17:06:10.966,30.245,-86.3006,-66.7418,-40.7565,24.0868,78.8626,104.2918,-66.4994,-439.6007,135.5709,-170.8138,9.1231,79.4990,6,0,0,0,0
Session_9,2026-01-26 17:06:11.050,30.329,-86.3004,-66.3078,-40.7548,24.6252,78.1657,104.2939,-67.2793,-440.3609,140.0596,-170.3765,10.2375,79.4848,6,0,0,0,0
Session_9,2026-01-26 17:06:11.125,30.404,-86.3008,-65.7274,-40.7551,22.4128,78.0984,104.2884,-67.4846,-438.4707,140.2911,-169.9046,8.6703,79.5593,6,0,0,0,0
Session_9,2026-01-26 17:06:11.197,30.476,-86.3007,-65.5214,-40.7553,20.5753,78.2343,104.2946,-67.4381,-436.6758,138.3909,-169.6363,7.0560,79.6023,6,0,0,0,0
Session_9,2026-01-26 17:06:11.273,30.552,-86.3007,-65.5272,-40.7566,19.7383,79.5238,104.2898,-65.9629,-435.6997,136.5011,-170.6845,5.9229,79.5757,6,0,0,0,0
Session_9,2026-01-26 17:06:11.354,30.633,-86.3004,-65.5274,-40.7564,19.6236,80.2812,104.2918,-65.0654,-435.5269,136.1291,-171.3934,5.6273,79.5475,6,0,0,0,0
Session_9,2026-01-26 17:06:11.437,30.716,-86.3006,-65.5332,-40.7571,18.2497,80.4694,104.2925,-64.9412,-433.9834,133.5495,-171.2379,4.2429,79.5687,6,0,0,0,0
Session_9,2026-01-26 17:06:11.510,30.789,-86.3005,-65.5519,-40.7576,17.6969,81.1052,104.2918,-64.2222,-433.2946,132.2905,-171.7155,3.5329,79.5557,6,0,0,0,0
Session_9,2026-01-26 17:06:11.575,30.854,-86.3005,-65.5671,-40.7576,18.6246,81.0606,104.2939,-64.2080,-434.3455,133.8548,-171.8959,4.4288,79.5397,6,0,0,0,0
Session_9,2026-01-26 17:06:11.650,30.929,-86.3002,-65.5672,-40.7576,20.2952,80.8882,104.2925,-64.2934,-436.1909,136.9373,-172.1391,6.0905,79.5096,6,0,0,0,0
Session_9,2026-01-26 17:06:11.744,31.023,-86.3003,-65.5970,-40.7580,19.1451,81.5460,104.2932,-63.5887,-434.8767,134.4845,-172.4880,4.7853,79.5146,6,0,0,0,0
Session_9,2026-01-26 17:06:11.838,31.117,-86.3004,-65.9682,-40.7582,19.2274,81.8866,104.2898,-63.1887,-434.7373,131.7896,-172.7476,4.4213,79.5128,6,0,0,0,0
Session_9,2026-01-26 17:06:11.912,31.191,-86.3005,-66.7090,-40.7581,20.7422,81.8564,104.2870,-63.1464,-435.9688,128.9886,-172.9084,5.1787,79.5004,6,0,0,0,0
Session_9,2026-01-26 17:06:11.994,31.273,-86.3004,-67.2328,-40.7579,22.9690,81.6133,104.2877,-63.3047,-438.0343,129.1898,-173.0928,6.8894,79.4629,6,0,0,0,0
Session_9,2026-01-26 17:06:12.056,31.335,-86.3005,-67.3315,-40.7577,22.7829,81.6325,104.2891,-63.2989,-437.7760,128.0958,-173.0412,6.6090,79.4691,6,0,0,0,0
Session_9,2026-01-26 17:06:12.128,31.407,-86.3010,-67.3315,-40.7578,21.2627,81.5735,104.2939,-63.4789,-436.1465,125.3077,-172.6091,5.1503,79.5041,6,0,0,0,0
Session_9,2026-01-26 17:06:12.210,31.489,-86.3012,-67.3316,-40.7578,20.9537,81.4842,104.2953,-63.6096,-435.8114,124.7594,-172.4464,4.8727,79.5121,6,0,0,0,0
Session_9,2026-01-26 17:06:12.283,31.562,-86.3016,-67.3364,-40.7581,20.9296,81.8289,104.2987,-63.2017,-435.7566,124.6174,-172.7745,4.7605,79.4978,6,0,0,0,0
Session_9,2026-01-26 17:06:12.346,31.625,-86.3017,-67.3675,-40.7581,21.1748,82.2670,104.2939,-62.6602,-435.9758,124.7567,-173.2524,4.8600,79.4850,6,0,0,0,0
Session_9,2026-01-26 17:06:12.414,31.693,-86.3031,-67.4485,-40.7584,21.2771,82.5231,104.2946,-62.3605,-436.0117,124.2920,-173.5065,4.8177,79.4751,6,0,0,0,0
Session_9,2026-01-26 17:06:12.481,31.760,-86.3097,-67.5710,-40.7583,21.5160,83.1837,104.2953,-61.6056,-436.1346,123.7066,-174.1768,4.7685,79.4478,6,0,0,0,0
Session_9,2026-01-26 17:06:12.555,31.834,-86.3106,-67.7353,-40.7582,21.9617,83.4013,104.2987,-61.3266,-436.4886,123.2548,-174.4580,4.9881,79.4323,6,0,0,0,0
Session_9,2026-01-26 17:06:12.628,31.907,-86.3107,-67.8268,-40.7582,22.1601,83.1088,104.2953,-61.6698,-436.6581,122.9705,-174.2000,5.1633,79.4404,6,0,0,0,0
Session_9,2026-01-26 17:06:12.693,31.972,-86.3110,-67.8272,-40.7582,22.0688,82.9262,104.2994,-61.8980,-436.5705,122.8272,-174.0004,5.1197,79.4427,6,0,0,0,0
Session_9,2026-01-26 17:06:12.759,32.038,-86.3117,-67.8272,-40.7582,22.0077,82.8932,104.3001,-61.9471,-436.5052,122.7204,-173.9533,5.0687,79.4435,6,0,0,0,0
Session_9,2026-01-26 17:06:12.833,32.112,-86.3128,-67.8273,-40.7582,21.9081,82.9351,104.2987,-61.9120,-436.3920,122.5311,-173.9693,4.9616,79.4449,6,0,0,0,0
Session_9,2026-01-26 17:06:12.908,32.187,-86.3148,-67.8280,-40.7583,21.8793,83.0841,104.2994,-61.7503,-436.3473,122.4508,-174.1067,4.8964,79.4390,6,0,0,0,0
Session_9,2026-01-26 17:06:12.972,32.251,-86.3152,-67.8280,-40.7582,21.9026,83.0807,104.2980,-61.7555,-436.3729,122.4943,-174.1090,4.9198,79.4396,6,0,0,0,0
Session_9,2026-01-26 17:06:13.042,32.321,-86.3152,-67.8280,-40.7582,21.9493,83.1500,104.2973,-61.6692,-436.4193,122.5695,-174.1879,4.9479,79.4375,6,1,0,0,0
Session_9,2026-01-26 17:06:13.123,32.402,-86.3152,-67.8280,-40.7582,21.9383,83.1775,104.2994,-61.6372,-436.4052,122.5452,-174.2120,4.9307,79.4349,6,1,0,0,0
Session_9,2026-01-26 17:06:13.204,32.483,-86.3153,-67.8280,-40.7582,21.9370,83.2104,104.2953,-61.5979,-436.4014,122.5379,-174.2433,4.9209,79.4382,6,1,0,0,0
Session_9,2026-01-26 17:06:13.287,32.566,-86.3157,-67.8281,-40.7583,21.8971,83.1919,104.2994,-61.6263,-436.3583,122.4667,-174.2158,4.8871,79.4350,6,1,0,0,0
Session_9,2026-01-26 17:06:13.361,32.640,-86.3161,-67.8282,-40.7583,21.8916,83.1981,104.2980,-61.6226,-436.3513,122.4549,-174.2203,4.8800,79.4359,6,1,0,0,0
Session_9,2026-01-26 17:06:13.427,32.706,-86.3167,-67.8283,-40.7583,21.8916,83.2571,104.3008,-61.5556,-436.3466,122.4457,-174.2778,4.8656,79.4311,6,1,0,0,0
Session_9,2026-01-26 17:06:13.501,32.780,-86.3622,-67.8283,-40.7582,21.8786,83.3375,104.2939,-61.8066,-436.2778,122.4105,-174.3521,4.8326,79.3908,6,1,0,0,0
Session_9,2026-01-26 17:06:13.590,32.869,-86.5680,-67.8284,-40.7583,21.9500,83.3649,104.2980,-63.3353,-436.1295,122.5366,-174.3967,4.8954,79.1787,6,1,0,0,0
Session_9,2026-01-26 17:06:13.657,32.936,-86.8984,-67.8283,-40.7583,22.0914,83.5840,104.2891,-65.5775,-435.8996,122.7663,-174.6436,4.9779,78.8490,6,1,0,0,0
Session_9,2026-01-26 17:06:13.731,33.010,-87.3437,-67.8281,-40.7581,22.3187,84.3777,104.2905,-67.9951,-435.5873,123.0851,-175.4707,5.0034,78.3804,6,1,0,0,0
Session_9,2026-01-26 17:06:13.806,33.085,-87.4893,-67.8277,-40.7579,22.4801,84.9813,104.2918,-68.3652,-435.5617,123.3179,-176.0968,5.0119,78.2190,6,1,0,0,0
Session_9,2026-01-26 17:06:13.888,33.167,-87.4831,-67.8278,-40.7580,22.5055,84.8817,104.2863,-68.4372,-435.6011,123.3747,-176.0059,5.0605,78.2319,6,1,0,0,0
Session_9,2026-01-26 17:06:13.961,33.240,-87.4831,-67.8280,-40.7580,22.4739,84.8090,104.2815,-68.5265,-435.5700,123.3228,-175.9270,5.0473,78.2387,6,1,0,0,0
Session_9,2026-01-26 17:06:14.023,33.302,-87.4824,-67.8279,-40.7580,22.4581,84.7588,104.2891,-68.5823,-435.5560,123.2994,-175.8751,5.0449,78.2330,6,1,0,0,0
Session_9,2026-01-26 17:06:14.101,33.380,-87.4817,-67.8279,-40.7580,22.5233,84.7863,104.2863,-68.5406,-435.6264,123.4167,-175.9177,5.1012,78.2346,6,1,0,0,0
Session_9,2026-01-26 17:06:14.175,33.454,-87.4812,-67.8275,-40.7578,22.6717,84.8193,104.2884,-68.4900,-435.7864,123.6902,-175.9867,5.2375,78.2291,6,1,0,0,0
Session_9,2026-01-26 17:06:14.241,33.520,-87.4810,-67.8264,-40.7576,22.8289,84.7616,104.2877,-68.5511,-435.9595,123.9959,-175.9700,5.4053,78.2273,6,1,0,0,0
Session_9,2026-01-26 17:06:14.316,33.595,-87.4802,-67.8223,-40.7573,23.0315,84.7163,104.2925,-68.5898,-436.1828,124.4087,-175.9778,5.6174,78.2192,6,1,0,0,0
Session_9,2026-01-26 17:06:14.385,33.664,-87.4801,-67.8187,-40.7572,22.9305,84.7094,104.2884,-68.6023,-436.0780,124.2494,-175.9466,5.5245,78.2258,6,1,0,0,0
Session_9,2026-01-26 17:06:14.464,33.743,-87.4801,-67.8057,-40.7569,23.0267,84.7012,104.2912,-68.6071,-436.1909,124.5277,-175.9660,5.6327,78.2206,6,1,0,0,0
Session_9,2026-01-26 17:06:14.546,33.825,-87.4802,-67.7738,-40.7568,23.0939,84.7169,104.2905,-68.5843,-436.2845,124.8924,-176.0060,5.7251,78.2185,6,1,0,0,0
Session_9,2026-01-26 17:06:14.630,33.909,-87.4802,-67.6541,-40.7568,23.1351,84.5817,104.2939,-68.7418,-436.4173,125.8885,-175.9149,5.9145,78.2134,6,1,0,0,0
Session_9,2026-01-26 17:06:14.705,33.984,-87.4800,-67.3296,-40.7568,22.9353,84.4320,104.2939,-68.9213,-436.4296,127.9868,-175.8006,6.0722,78.2130,6,1,0,0,0
Session_9,2026-01-26 17:06:14.775,34.054,-87.4799,-66.7960,-40.7568,22.4780,84.3736,104.2898,-68.9971,-436.2828,131.1751,-175.7624,6.1602,78.2163,6,1,0,0,0
Session_9,2026-01-26 17:06:14.843,34.122,-87.4790,-66.0486,-40.7569,21.8937,84.0564,104.2891,-69.3815,-436.0987,135.7707,-175.4948,6.3962,78.2195,6,1,0,0,0
Session_9,2026-01-26 17:06:14.909,34.188,-87.4709,-65.5177,-40.7570,20.6742,84.2706,104.2946,-69.1067,-435.0760,137.4836,-175.5324,5.6765,78.2359,6,1,0,0,0
Session_9,2026-01-26 17:06:14.975,34.254,-87.4712,-65.4578,-40.7569,20.7346,84.9559,104.2946,-68.2783,-435.1384,137.9696,-176.2275,5.6244,78.2204,6,1,0,0,0
Session_9,2026-01-26 17:06:15.042,34.321,-87.4715,-65.4574,-40.7566,21.7028,84.9367,104.2946,-68.2591,-436.1551,139.7784,-176.4499,6.5680,78.1948,6,1,0,0,0
Session_9,2026-01-26 17:06:15.115,34.394,-87.4715,-65.4361,-40.7563,22.6353,85.1660,104.2898,-67.9397,-437.1040,141.6685,-176.9101,7.4354,78.1673,6,1,0,0,0
Session_9,2026-01-26 17:06:15.190,34.469,-87.4715,-65.2674,-40.7560,22.9237,85.0925,104.2953,-68.0125,-437.4609,143.5004,-176.9541,7.8969,78.1475,6,1,0,0,0
Session_9,2026-01-26 17:06:15.273,34.552,-87.4714,-64.4105,-40.7563,22.1217,84.7918,104.2939,-68.3972,-436.9689,148.4980,-176.6756,8.0239,78.1512,6,1,0,0,0
Session_9,2026-01-26 17:06:15.338,34.617,-87.4686,-63.3829,-40.7563,21.5936,84.9435,104.2966,-68.2047,-436.6894,155.2518,-176.9488,8.4706,78.1312,6,1,0,0,0
Session_9,2026-01-26 17:06:15.400,34.679,-87.4567,-62.4056,-40.7563,20.7333,85.5464,104.2918,-67.4170,-435.9682,160.9361,-177.5627,8.4349,78.1364,6,1,0,0,0
Session_9,2026-01-26 17:06:15.474,34.753,-87.3884,-61.1544,-40.7563,19.6971,85.1344,104.2932,-67.4406,-435.0802,168.4341,-177.2171,8.7449,78.1999,6,1,0,0,0
Session_9,2026-01-26 17:06:15.552,34.831,-87.2234,-59.8057,-40.7563,18.6218,85.7661,104.2939,-65.4820,-434.0483,176.4615,-177.8993,8.8538,78.3469,6,1,0,0,0
Session_9,2026-01-26 17:06:15.634,34.913,-86.8658,-58.6401,-40.7563,18.2387,86.0793,104.2912,-62.4295,-433.7632,184.4480,-178.4004,9.5343,78.6732,6,1,0,0,0
Session_9,2026-01-26 17:06:15.724,35.003,-86.1605,-57.5230,-40.7563,17.9929,86.5819,104.2918,-56.5233,-433.7901,192.3049,-179.1093,10.2537,79.3371,6,1,0,0,0
Session_9,2026-01-26 17:06:15.790,35.069,-85.3512,-56.6235,-40.7563,17.0096,87.0804,104.2939,-49.8976,-433.1604,197.0889,-179.5717,10.0497,80.1466,6,1,0,0,0
Session_9,2026-01-26 17:06:15.872,35.151,-84.0502,-55.7395,-40.7563,16.0984,87.4395,104.3008,-39.7564,-432.7981,201.8883,-179.9140,9.9347,81.4414,6,1,0,0,0
Session_9,2026-01-26 17:06:15.954,35.233,-82.4177,-54.9936,-40.7564,15.0547,87.3969,104.2932,-27.6524,-432.3281,205.4090,-179.7958,9.6568,83.0945,6,1,0,0,0
Session_9,2026-01-26 17:06:16.019,35.298,-81.3041,-54.7416,-40.7563,14.9558,87.8130,104.2966,-18.7866,-432.4439,207.0644,179.7616,9.7023,84.1981,6,1,0,0,0
Session_9,2026-01-26 17:06:16.102,35.381,-79.3684,-54.7070,-40.7563,14.7237,88.2786,104.2973,-3.6573,-432.4984,206.8527,179.3606,9.3961,86.1423,6,1,0,0,0
Session_9,2026-01-26 17:06:16.161,35.440,-78.0746,-54.7076,-40.7566,13.6622,89.1218,104.3008,6.9057,-431.2959,204.7796,178.8121,8.1592,87.4769,6,1,0,0,0
Session_9,2026-01-26 17:06:16.236,35.515,-76.5612,-54.7078,-40.7568,12.6288,89.0442,104.2973,17.9707,-430.0134,202.8053,179.1476,7.1772,89.0282,6,1,0,0,0
Session_9,2026-01-26 17:06:16.309,35.588,-75.2390,-54.7144,-40.7576,11.8927,88.8959,104.2960,27.5282,-428.8240,201.3624,179.4776,6.4937,90.3735,6,1,0,0,0
Session_9,2026-01-26 17:06:16.384,35.663,-73.9194,-54.7307,-40.7580,10.5448,88.8904,104.2953,37.0083,-426.7526,198.7127,179.8235,5.1731,91.7284,6,1,0,0,0
Session_9,2026-01-26 17:06:16.465,35.744,-72.4679,-54.7842,-40.7584,10.6107,88.8931,104.2994,47.8397,-425.7726,198.4412,179.8174,5.1840,93.1755,6,1,0,0,0
Session_9,2026-01-26 17:06:16.538,35.817,-71.3398,-55.0444,-40.7587,10.4734,89.0373,104.2925,56.3785,-424.6927,196.2724,179.7773,4.7631,94.3192,6,1,0,0,0
Session_9,2026-01-26 17:06:16.612,35.891,-70.5288,-55.7119,-40.7588,10.8167,89.6162,104.2891,63.2811,-424.2831,191.9977,179.2973,4.3060,95.1411,6,1,0,0,0
Session_9,2026-01-26 17:06:16.677,35.956,-70.0814,-56.5379,-40.7593,10.6039,89.8627,104.2918,66.9098,-423.7743,185.5310,179.3159,3.2382,95.6035,6,1,0,0,0
Session_9,2026-01-26 17:06:16.753,36.032,-70.0270,-57.7035,-40.7592,11.4677,89.5496,104.2973,67.4005,-425.0667,178.5291,179.6937,3.0231,95.6558,6,1,0,0,0
Session_9,2026-01-26 17:06:16.816,36.095,-70.0288,-58.6189,-40.7592,11.7897,89.6663,104.2953,67.7005,-425.5157,172.3583,179.7276,2.4193,95.6632,6,1,0,0,0
Session_9,2026-01-26 17:06:16.884,36.163,-70.0286,-59.7971,-40.7592,13.4363,89.6031,104.2905,68.2959,-427.3738,166.6306,179.6731,2.8887,95.6628,6,1,0,0,0
Session_9,2026-01-26 17:06:16.957,36.236,-70.0285,-60.8927,-40.7591,14.0673,89.4191,104.2960,68.3168,-428.0835,159.6465,179.9661,2.4841,95.6626,6,1,0,0,0
Session_9,2026-01-26 17:06:17.023,36.302,-70.0284,-61.7837,-40.7592,14.0426,89.3971,104.2898,68.2352,-427.9356,152.9828,-179.7860,1.6020,95.6769,6,1,0,0,0
Session_9,2026-01-26 17:06:17.089,36.368,-70.0281,-62.7815,-40.7591,14.3866,89.3539,104.2939,68.2336,-428.0782,146.1878,-179.5828,0.9794,95.6768,6,1,0,0,0
Session_9,2026-01-26 17:06:17.215,36.494,-70.0283,-64.7257,-40.7591,15.2882,89.2584,104.2980,68.1995,-428.3259,133.3364,-179.2328,-0.0074,95.6749,6,1,0,0,0
Session_9,2026-01-26 17:06:17.370,36.649,-70.0283,-67.1426,-40.7590,17.3570,88.6858,104.2905,67.8494,-429.3965,118.9956,-178.5920,-0.2033,95.6850,6,1,0,0,0
Session_9,2026-01-26 17:06:17.437,36.715,-70.0284,-67.6941,-40.7589,17.9475,88.7215,104.2863,67.9804,-429.6319,115.9195,-178.6363,-0.1744,95.6889,6,1,0,0,0
Session_9,2026-01-26 17:06:17.528,36.807,-70.0289,-67.9767,-40.7590,17.8219,88.5855,104.2918,67.6831,-429.3092,113.5989,-178.4038,-0.5364,95.6830,6,1,0,0,0
Session_9,2026-01-26 17:06:17.602,36.881,-70.0300,-67.9763,-40.7590,17.3488,88.4777,104.2905,67.3507,-428.8008,112.7825,-178.1826,-0.9679,95.6826,6,1,0,0,0
Session_9,2026-01-26 17:06:17.684,36.963,-70.0368,-67.9761,-40.7589,17.3254,88.5278,104.2946,67.3471,-428.7607,112.7425,-178.2254,-1.0025,95.6712,6,1,0,0,0
Session_9,2026-01-26 17:06:17.767,37.046,-70.0460,-67.9758,-40.7589,17.4326,88.6198,104.2912,67.4288,-428.8599,112.9274,-178.3412,-0.9213,95.6652,6,1,0,0,0
Session_9,2026-01-26 17:06:17.848,37.127,-70.0610,-67.9758,-40.7590,16.5207,88.0774,104.2960,66.3051,-428.0170,111.3737,-177.5903,-1.6709,95.6451,6,1,0,0,0
Session_9,2026-01-26 17:06:17.922,37.201,-70.1117,-67.9760,-40.7591,15.2051,87.9813,104.3008,65.2354,-426.5078,109.1396,-177.1717,-2.9221,95.5776,6,1,0,0,0
Session_9,2026-01-26 17:06:17.988,37.267,-70.1526,-67.9762,-40.7593,14.9599,88.3569,104.3049,65.2487,-426.0932,108.7100,-177.4744,-3.2526,95.5250,6,1,0,0,0
Session_9,2026-01-26 17:06:18.053,37.332,-70.2025,-67.9771,-40.7593,18.3746,88.2875,104.2685,66.2726,-430.2747,114.5713,-178.2512,0.0714,95.5355,6,1,0,0,0
Session_9,2026-01-26 17:06:18.136,37.415,-70.2730,-67.9763,-40.7589,19.7658,82.6103,104.3090,59.8457,-434.2385,117.5874,-173.0902,2.8208,95.5218,6,1,0,0,0
Session_9,2026-01-26 17:06:18.209,37.488,-70.6086,-67.9766,-40.7592,18.4509,82.5231,104.2966,56.6819,-433.1377,115.2686,-172.6823,1.5651,95.2135,6,1,0,0,0
Session_9,2026-01-26 17:06:18.279,37.558,-71.2097,-67.9766,-40.7592,17.2884,82.8891,104.2932,52.0912,-432.2126,113.1847,-172.7523,0.3480,94.6091,6,1,0,0,0
Session_9,2026-01-26 17:06:18.356,37.635,-71.8666,-67.9764,-40.7589,16.8510,83.1967,104.2960,47.3132,-432.1443,112.3876,-172.9434,-0.1505,93.9402,6,1,0,0,0
Session_9,2026-01-26 17:06:18.428,37.707,-72.3455,-67.9758,-40.7585,16.2502,85.6474,104.2960,46.2837,-430.8893,111.0738,-175.1699,-1.3338,93.3967,6,1,0,0,0
Session_9,2026-01-26 17:06:18.502,37.781,-72.6027,-67.9759,-40.7585,14.7512,88.9446,104.3056,47.5711,-428.0163,108.3492,-177.9921,-3.5988,93.0653,6,1,0,0,0
Session_9,2026-01-26 17:06:18.574,37.853,-72.5938,-67.9759,-40.7585,14.8405,88.9227,104.2960,47.6479,-428.1302,108.4991,-177.9935,-3.5072,93.0855,6,1,0,0,0
Session_9,2026-01-26 17:06:18.650,37.929,-72.5945,-67.9748,-40.7582,16.8311,88.4035,104.2939,47.8170,-430.7909,111.9056,-177.9835,-1.4490,93.1126,6,1,0,0,0
Session_9,2026-01-26 17:06:18.724,38.003,-72.5936,-67.9718,-40.7579,18.2627,88.4283,104.2939,48.3876,-432.4903,114.4158,-178.3616,-0.0645,93.1180,6,1,0,0,0
Session_9,2026-01-26 17:06:18.799,38.078,-72.5940,-67.9710,-40.7579,18.3801,88.2394,104.2980,48.2095,-432.6971,114.6343,-178.2079,0.0968,93.1148,6,1,0,0,0
Session_9,2026-01-26 17:06:18.889,38.168,-72.5945,-67.9710,-40.7580,17.9908,88.0492,104.2966,47.8429,-432.3097,113.9591,-177.9274,-0.2338,93.1172,6,1,0,0,0
Session_9,2026-01-26 17:06:18.963,38.242,-72.5942,-67.9710,-40.7580,17.6763,88.1392,104.2939,47.8322,-431.9047,113.4071,-177.9370,-0.5608,93.1189,6,1,0,0,0
Session_9,2026-01-26 17:06:19.045,38.324,-72.5942,-67.9710,-40.7580,17.6434,88.2030,104.2966,47.8941,-431.8425,113.3479,-177.9907,-0.6083,93.1155,6,1,0,0,0
Session_9,2026-01-26 17:06:19.127,38.406,-72.5940,-67.9710,-40.7580,17.5500,88.4441,104.2980,48.1392,-431.6435,113.1762,-178.2011,-0.7584,93.1121,6,1,0,0,0
Session_9,2026-01-26 17:06:19.200,38.479,-72.5941,-67.9709,-40.7580,17.6907,88.6336,104.2980,48.4104,-431.7422,113.4159,-178.4195,-0.6687,93.1110,6,1,0,0,0
Session_9,2026-01-26 17:06:19.263,38.541,-72.5939,-67.9710,-40.7580,17.6358,88.1694,104.2898,47.8548,-431.8454,113.3358,-177.9563,-0.6076,93.1230,6,1,0,0,0
Session_9,2026-01-26 17:06:19.332,38.611,-72.5938,-67.9712,-40.7582,17.1043,88.0884,104.2960,47.5619,-431.2383,112.4152,-177.7464,-1.1028,93.1156,6,1,0,0,0
Session_9,2026-01-26 17:06:19.415,38.694,-72.5939,-67.9711,-40.7582,17.3096,88.1076,104.2918,47.6610,-431.4781,112.7702,-177.8158,-0.9087,93.1204,6,1,0,0,0
Session_9,2026-01-26 17:06:19.479,38.758,-72.5937,-67.9711,-40.7582,17.2458,88.1934,104.2946,47.7374,-431.3702,112.6562,-177.8832,-0.9917,93.1168,6,1,0,0,0
Session_9,2026-01-26 17:06:19.538,38.817,-72.5936,-67.9712,-40.7583,17.1181,88.2291,104.3063,47.7312,-431.2033,112.4332,-177.8860,-1.1240,93.1043,6,1,0,0,0
Session_9,2026-01-26 17:06:19.612,38.891,-72.5936,-67.9705,-40.7583,17.1064,88.2745,104.3069,47.7796,-431.1735,112.4167,-177.9272,-1.1457,93.1032,6,1,0,0,0
Session_9,2026-01-26 17:06:19.676,38.955,-72.5941,-67.9705,-40.7584,16.8764,88.1179,104.4711,47.5074,-430.9528,112.0251,-177.7148,-1.3236,92.9389,6,1,0,0,0
Session_9,2026-01-26 17:06:19.752,39.031,-72.5938,-67.9707,-40.7585,16.8105,88.2566,104.4436,47.6452,-430.8219,111.9042,-177.8332,-1.4234,92.9649,6,1,0,0,0
Session_9,2026-01-26 17:06:19.825,39.104,-72.5930,-67.9704,-40.7583,16.9409,89.1891,104.4230,48.7937,-430.6408,112.1072,-178.7693,-1.5294,92.9802,6,1,0,0,0
Session_9,2026-01-26 17:06:19.900,39.179,-72.5936,-67.9704,-40.7583,16.9986,88.3060,104.4196,47.7756,-431.0320,112.2298,-177.9287,-1.2539,92.9898,6,1,0,0,0
Session_9,2026-01-26 17:06:19.982,39.261,-72.5935,-67.9705,-40.7583,16.6161,88.8773,104.4237,48.2918,-430.3602,111.5537,-178.3864,-1.7665,92.9787,6,1,0,0,0
Session_9,2026-01-26 17:06:20.055,39.334,-72.5934,-67.9704,-40.7583,16.5900,88.8396,104.4072,48.2387,-430.3421,111.5106,-178.3439,-1.7827,92.9953,6,1,0,0,0
Session_9,2026-01-26 17:06:20.139,39.418,-72.5934,-67.9683,-40.7582,16.5392,88.8718,104.4889,48.2571,-430.2705,111.4390,-178.3604,-1.8355,92.9129,6,1,0,0,0
Session_9,2026-01-26 17:06:20.214,39.493,-72.5937,-67.8973,-40.7582,16.5639,88.3850,105.8134,47.7209,-430.5414,112.0225,-177.8763,-1.5723,91.5932,6,1,0,0,0
Session_9,2026-01-26 17:06:20.277,39.556,-72.5938,-67.6775,-40.7579,17.0954,87.7876,105.7729,47.2906,-431.5905,114.5970,-177.5069,-0.6884,91.6442,6,1,0,0,0
Session_9,2026-01-26 17:06:20.346,39.624,-72.5938,-66.7486,-40.7580,16.5900,87.3969,105.7633,46.8807,-431.8673,120.6452,-177.2459,-0.1752,91.6595,6,1,0,0,0
Session_9,2026-01-26 17:06:20.437,39.716,-72.5930,-65.5403,-40.7580,16.4596,86.8119,105.7661,46.4162,-432.7346,129.4459,-176.9754,1.0210,91.6634,6,1,0,0,0
Session_9,2026-01-26 17:06:20.510,39.789,-72.5914,-65.2010,-40.7578,18.2146,88.6906,105.7496,49.2771,-434.2074,135.0297,-179.3523,2.5265,91.6475,6,1,0,0,0
Session_9,2026-01-26 17:06:20.584,39.863,-72.5921,-65.1994,-40.7573,20.3680,88.7894,105.7489,50.1002,-436.4507,138.9827,179.9653,4.5740,91.6110,6,1,0,0,0
Session_9,2026-01-26 17:06:20.667,39.946,-72.5930,-65.1817,-40.7571,23.6419,88.3225,105.7194,50.5534,-439.8121,145.2881,179.5147,7.8677,91.5413,6,1,0,0,0
Session_9,2026-01-26 17:06:20.741,40.019,-72.6009,-64.8342,-40.7577,23.2560,89.5084,105.7207,51.7893,-439.1454,147.1576,178.3846,7.5088,91.5394,6,1,0,0,0
Session_9,2026-01-26 17:06:20.815,40.094,-72.6016,-64.0417,-40.7605,20.3790,92.4287,105.7256,54.3716,-435.5620,147.7574,176.1490,4.7099,91.6327,6,1,0,0,0
Session_9,2026-01-26 17:06:20.889,40.168,-72.6389,-63.4330,-40.8464,21.7570,92.8578,105.7201,54.9968,-436.7619,154.5859,175.2178,6.4236,91.5593,6,1,0,0,0
Session_9,2026-01-26 17:06:20.963,40.242,-72.7757,-62.8966,-41.1086,25.2308,92.1368,105.7043,53.9493,-439.8268,164.1255,174.8756,10.2246,91.2713,6,1,0,0,0
Session_9,2026-01-26 17:06:21.035,40.314,-73.0794,-62.0669,-41.8238,24.6499,91.8443,105.7063,50.8171,-438.6950,165.9364,175.2857,9.8549,90.9813,6,1,0,0,0
Session_9,2026-01-26 17:06:21.101,40.380,-73.5738,-61.5598,-43.2491,24.2791,92.0956,105.7077,46.5959,-436.5690,162.4247,175.4024,8.5472,90.5483,6,1,0,0,0
Session_9,2026-01-26 17:06:21.184,40.463,-74.3937,-60.9887,-46.2982,24.8167,92.4280,105.7098,39.4836,-432.6129,153.7131,175.6174,6.5907,89.8038,6,1,0,0,0
Session_9,2026-01-26 17:06:21.259,40.538,-75.2991,-60.0945,-49.9130,26.5505,92.3497,105.7132,31.3197,-428.5129,147.2066,175.9623,5.6620,88.9223,6,1,0,0,0
Session_9,2026-01-26 17:06:21.339,40.618,-76.1604,-58.3234,-54.5891,29.3596,92.0311,105.7132,23.0522,-423.1505,144.4803,176.2946,5.6558,88.0577,6,1,0,0,0
Session_9,2026-01-26 17:06:21.422,40.701,-76.7060,-55.4205,-59.8040,30.8235,91.5003,105.7104,16.3881,-415.0034,144.9895,177.0366,4.9833,87.5280,6,1,0,0,0
Session_9,2026-01-26 17:06:21.504,40.783,-76.6999,-52.6924,-64.3938,31.2231,90.5644,105.6960,13.2297,-406.3877,144.8692,178.3359,3.8297,87.5688,6,1,0,0,0
Session_9,2026-01-26 17:06:21.580,40.859,-76.6983,-50.3514,-68.3752,31.8672,90.4827,105.7008,11.2938,-398.5829,145.0359,178.6847,2.8927,87.5809,6,1,0,0,0
Session_9,2026-01-26 17:06:21.656,40.935,-76.6988,-48.1754,-72.2888,31.5939,90.1916,105.6926,8.7877,-389.5306,142.6201,179.5100,1.0358,87.6061,6,1,0,0,0
Session_9,2026-01-26 17:06:21.727,41.006,-76.7000,-46.3927,-75.6649,32.2044,90.2836,105.6844,7.1696,-382.2348,141.3923,179.6873,0.0647,87.6159,6,1,0,0,0
Session_9,2026-01-26 17:06:21.801,41.080,-76.6970,-44.7023,-78.2022,32.3959,89.9375,105.6947,5.4060,-376.5178,142.2238,-179.8023,-0.4727,87.6078,6,1,0,0,0
Session_9,2026-01-26 17:06:21.883,41.162,-76.6818,-43.9988,-79.0835,34.1489,90.0714,105.6926,5.6566,-376.4470,146.2155,179.6427,1.0076,87.6231,6,1,0,0,0
Session_9,2026-01-26 17:06:21.972,41.251,-76.6704,-43.9998,-78.8907,37.5677,89.1417,105.6905,5.6365,-380.9367,153.2447,179.5585,4.7346,87.5857,6,1,0,0,0
Session_9,2026-01-26 17:06:22.055,41.334,-76.6502,-43.9998,-78.4164,39.6050,88.9460,105.6933,6.2990,-384.1870,159.0822,179.0598,7.2045,87.5311,6,1,0,0,0
Session_9,2026-01-26 17:06:22.119,41.398,-76.5906,-44.0000,-77.7740,40.5526,89.1451,105.6974,7.5070,-386.5307,163.6404,178.4293,8.6799,87.5272,6,1,0,0,0
Session_9,2026-01-26 17:06:22.204,41.483,-76.3614,-43.9999,-76.7868,40.9934,89.1760,105.6974,9.7320,-389.1365,168.7644,178.0027,10.0449,87.6920,6,1,0,0,0
Session_9,2026-01-26 17:06:22.277,41.556,-75.9387,-44.0006,-75.9679,40.6384,89.4871,105.6995,13.3480,-390.4781,171.6342,177.5741,10.4060,88.0930,6,1,0,0,0
Session_9,2026-01-26 17:06:22.338,41.617,-75.4078,-44.0129,-75.3441,38.9252,89.6313,105.6926,17.1101,-390.1970,170.9425,177.7438,9.3081,88.6851,6,1,0,0,0
Session_9,2026-01-26 17:06:22.417,41.696,-74.2928,-44.0297,-74.6842,35.2194,90.1614,105.6967,24.7741,-387.6794,166.6080,178.0777,6.2182,89.9153,6,1,0,0,0
Session_9,2026-01-26 17:06:22.491,41.769,-73.2998,-44.1401,-74.4908,33.9944,89.8997,105.6967,30.9562,-386.5198,164.4128,178.6414,5.1901,90.9372,6,1,0,0,0
Session_9,2026-01-26 17:06:22.565,41.844,-72.5245,-44.4011,-74.4901,35.3945,89.1458,105.6974,35.7411,-387.7074,165.3235,179.0552,6.4908,91.6760,6,1,0,0,0
Session_9,2026-01-26 17:06:22.631,41.910,-72.0407,-44.8314,-74.4876,35.1933,89.2893,105.6947,39.1148,-387.1389,162.0959,179.0895,5.8468,92.1817,6,1,0,0,0
Session_9,2026-01-26 17:06:22.712,41.991,-71.7765,-45.8231,-74.4871,36.1546,88.8361,105.6974,40.6563,-387.9738,157.3208,179.5335,5.9406,92.4425,6,1,0,0,0
Session_9,2026-01-26 17:06:22.772,42.051,-71.7775,-47.0072,-74.4819,38.4192,88.4070,105.6947,40.8112,-390.1284,153.7278,179.6494,7.1014,92.4097,6,1,0,0,0
Session_9,2026-01-26 17:06:22.852,42.131,-71.7742,-49.0712,-74.4168,42.2047,88.4365,105.6905,41.8908,-393.2222,147.3708,179.1291,8.8122,92.3490,6,1,0,0,0
Session_9,2026-01-26 17:06:22.934,42.213,-71.7743,-50.9571,-73.9605,43.9851,89.2749,105.6967,43.5068,-394.8810,139.9595,178.2246,8.9228,92.3330,6,1,0,0,0
Session_9,2026-01-26 17:06:23.010,42.289,-71.7747,-52.2906,-73.1185,44.0826,89.2028,105.7001,43.9136,-396.4047,134.6299,178.4025,8.5631,92.3451,6,1,0,0,0
Session_9,2026-01-26 17:06:23.084,42.363,-71.7746,-53.2683,-72.0977,44.5331,88.9522,105.6926,44.3998,-398.8517,133.1174,178.5079,9.1059,92.3300,6,1,0,0,0
Session_9,2026-01-26 17:06:23.165,42.444,-71.7740,-54.4988,-70.6821,45.2898,88.2861,105.6974,44.7428,-402.4621,132.1075,178.8856,10.1915,92.2777,6,1,0,0,0
Session_9,2026-01-26 17:06:23.232,42.511,-71.7740,-55.5204,-69.3923,44.7494,88.3514,105.6953,45.4812,-404.4518,129.4275,178.8992,9.9121,92.2933,6,1,0,0,0
Session_9,2026-01-26 17:06:23.305,42.584,-71.7741,-56.7836,-67.9693,43.8966,89.2598,105.6974,47.1376,-405.9617,124.9679,178.2179,9.0001,92.3291,6,1,0,0,0
Session_9,2026-01-26 17:06:23.380,42.659,-71.7741,-57.9686,-66.6399,43.5100,89.1582,105.6988,47.6814,-408.0074,121.5410,178.3825,8.7945,92.3372,6,1,0,0,0
Session_9,2026-01-26 17:06:23.454,42.733,-71.7747,-58.8958,-65.4324,43.0012,90.6537,105.6953,49.9729,-409.1811,119.1373,177.0089,8.1707,92.3658,6,1,0,0,0
Session_9,2026-01-26 17:06:23.536,42.815,-71.7749,-59.3609,-64.2884,43.2937,90.4910,105.6947,50.6402,-411.8435,121.2680,176.8965,9.1489,92.3235,6,1,0,0,0
Session_9,2026-01-26 17:06:23.611,42.890,-71.7749,-59.3595,-63.6724,45.7072,89.6649,105.6967,50.7888,-415.4985,128.6636,176.8394,12.2857,92.1509,6,1,0,0,0
Session_9,2026-01-26 17:06:23.684,42.963,-71.7749,-59.3565,-63.0448,49.0368,89.7713,105.6823,52.1089,-419.0936,138.1210,175.6014,16.0609,91.8885,6,1,0,0,0
Session_9,2026-01-26 17:06:23.758,43.037,-71.7742,-59.3569,-62.2628,46.8862,91.0190,105.6926,53.6203,-418.8300,137.2040,174.8027,14.4097,92.0123,6,1,0,0,0
Session_9,2026-01-26 17:06:23.839,43.118,-71.7733,-59.3604,-61.6929,41.2983,93.0089,105.6871,54.9264,-415.0630,128.6534,174.3154,9.0482,92.3592,6,1,0,0,0
Session_9,2026-01-26 17:06:23.921,43.200,-71.7643,-59.5154,-61.6079,38.8525,93.2403,105.6892,54.5819,-412.9150,123.2049,174.7853,6.5652,92.4662,6,1,0,0,0
Session_9,2026-01-26 17:06:23.988,43.267,-71.5707,-59.9193,-61.6041,40.4304,91.2881,105.6967,54.1169,-414.6303,123.2685,176.3347,8.2243,92.5694,6,1,0,0,0
Session_9,2026-01-26 17:06:24.055,43.333,-71.0994,-60.5830,-61.5828,42.3289,90.2959,105.6947,56.8009,-415.7703,122.2633,176.9395,9.7005,92.9725,6,1,0,0,0
Session_9,2026-01-26 17:06:24.127,43.406,-70.2309,-61.3337,-61.4590,42.3221,89.6498,105.6919,62.2560,-414.8401,117.3897,177.7369,9.2657,93.8646,6,1,0,0,0
Session_9,2026-01-26 17:06:24.202,43.481,-69.2298,-61.7691,-61.2922,41.5263,89.9629,105.6892,69.5996,-412.8951,113.4410,177.7310,8.1574,94.9165,6,1,0,0,0
Session_9,2026-01-26 17:06:24.284,43.563,-68.3206,-61.8310,-61.0051,42.6235,89.1575,105.6850,75.8448,-413.6342,116.3523,178.1395,9.6472,95.7652,6,1,0,0,0
Session_9,2026-01-26 17:06:24.349,43.628,-68.1232,-61.8308,-60.5597,43.0623,88.9213,105.6898,77.5433,-414.8209,119.1304,178.1190,10.5612,95.9124,6,1,0,0,0
Session_9,2026-01-26 17:06:24.421,43.700,-68.1338,-61.8307,-59.7968,43.5526,87.5226,105.6960,76.7032,-417.4863,123.4533,179.1100,12.1440,95.8167,6,1,0,0,0
Session_9,2026-01-26 17:06:24.505,43.784,-68.1344,-61.8304,-58.7114,43.0595,86.3944,105.6919,76.1864,-419.8800,127.2942,-179.9716,13.0187,95.7814,6,1,0,0,0
Session_9,2026-01-26 17:06:24.573,43.852,-68.1347,-61.8297,-58.0212,42.2500,85.7229,105.6940,75.7514,-420.9831,128.7836,-179.2915,13.0863,95.7878,6,1,0,0,0
Session_9,2026-01-26 17:06:24.655,43.934,-68.1349,-61.8278,-57.1893,41.2784,85.4091,105.6892,75.7787,-422.0751,130.5721,-178.9488,13.0386,95.8027,6,1,0,0,0
Session_9,2026-01-26 17:06:24.735,44.014,-68.1348,-61.8274,-56.4165,40.0266,84.7897,105.6919,75.3196,-422.9390,131.5861,-178.2165,12.7463,95.8345,6,1,0,0,0
Session_9,2026-01-26 17:06:24.810,44.089,-68.1356,-61.8274,-55.7390,37.6282,84.3201,105.6850,74.5677,-422.6034,129.9389,-177.2777,11.2184,95.9464,6,1,0,0,0
Session_9,2026-01-26 17:06:24.875,44.154,-68.1358,-61.8275,-55.2957,35.5044,84.5219,105.6521,74.4366,-421.6263,127.7650,-176.9996,9.5457,96.0610,6,1,0,0,0
Session_9,2026-01-26 17:06:24.950,44.228,-68.1367,-61.8276,-55.2039,35.4494,84.3276,105.2016,74.2668,-421.8519,128.0858,-176.7459,9.6081,96.5174,6,1,0,0,0
Session_9,2026-01-26 17:06:25.032,44.311,-68.1369,-61.8278,-55.2044,35.1267,84.3434,105.9920,74.1695,-421.5622,127.4616,-176.8039,9.3370,95.7316,6,1,0,0,0
Session_9,2026-01-26 17:06:25.105,44.384,-68.1403,-61.8282,-55.2063,34.1874,82.9289,105.8258,72.2150,-421.3362,125.8472,-175.1497,8.8070,95.9651,6,1,0,0,0
Session_9,2026-01-26 17:06:25.172,44.451,-68.1788,-61.8285,-55.2070,34.0727,81.5948,105.8176,70.3912,-421.8503,125.8408,-173.8273,9.0571,95.9753,6,1,0,0,0
Session_9,2026-01-26 17:06:25.255,44.534,-68.1947,-61.8291,-55.2073,33.8482,82.7435,106.9416,71.4822,-421.1728,125.2210,-175.0439,8.6273,94.8054,6,1,0,0,0
Session_9,2026-01-26 17:06:25.336,44.615,-68.2025,-61.8297,-55.2098,33.3696,83.0855,112.6373,71.6300,-420.5879,124.2510,-176.0576,8.5004,89.0704,6,1,0,0,0
Session_9,2026-01-26 17:06:25.410,44.689,-68.2477,-61.8303,-55.2110,33.0915,82.4702,116.0246,70.5023,-420.6463,123.8109,-175.8892,8.7363,85.6434,6,1,0,0,0
Session_9,2026-01-26 17:06:25.476,44.755,-68.4701,-61.8312,-55.2130,32.9356,82.0473,117.7789,68.3337,-420.9450,123.5720,-175.7086,8.9143,83.6758,6,1,0,0,0
Session_9,2026-01-26 17:06:25.549,44.828,-69.1497,-61.8650,-55.2197,32.3980,82.6666,119.5573,63.8245,-420.9178,122.1913,-176.2415,8.2357,81.2229,6,1,0,0,0
Session_9,2026-01-26 17:06:25.613,44.892,-69.8471,-61.9544,-55.2281,31.8713,83.2784,120.0737,59.1708,-420.8174,120.4352,-176.5318,7.4231,80.0287,6,1,0,0,0
Session_9,2026-01-26 17:06:25.688,44.967,-70.6263,-62.3742,-55.2377,31.0110,84.0997,120.0030,53.9496,-420.0395,115.6597,-176.5869,5.8923,79.3712,6,1,0,0,0
Session_9,2026-01-26 17:06:25.755,45.034,-71.0941,-63.2929,-55.2384,31.4291,84.4244,119.5436,50.7666,-419.9815,109.7432,-176.5750,5.2688,79.3788,6,1,0,0,0
Session_9,2026-01-26 17:06:25.838,45.117,-71.1106,-63.8930,-55.2379,32.3376,85.7270,118.4161,52.2719,-419.8877,106.9317,-177.7678,4.8530,80.4482,6,1,0,0,0
Session_9,2026-01-26 17:06:25.913,45.192,-71.1074,-63.8287,-55.2352,34.0288,88.5120,118.5727,56.1067,-420.6020,110.3592,178.9258,5.0703,80.2078,6,1,0,0,0
Session_9,2026-01-26 17:06:25.979,45.258,-71.1086,-63.7186,-55.2348,33.9567,88.3678,119.1721,55.9421,-420.6873,111.0309,178.9797,5.1625,79.6020,6,1,0,0,0
Session_9,2026-01-26 17:06:26.052,45.331,-71.1085,-63.6781,-55.2352,31.5932,87.2012,119.4749,53.7811,-418.7385,107.0287,-178.8829,3.7099,79.3872,6,1,0,0,0
Session_9,2026-01-26 17:06:26.125,45.404,-71.1086,-63.6761,-55.2353,29.5058,88.0520,118.9586,53.9723,-416.1146,103.2496,-178.5831,1.4632,79.9408,6,1,0,0,0
Session_9,2026-01-26 17:06:26.200,45.479,-71.1088,-63.6735,-55.2350,30.3593,88.3926,119.7812,54.6893,-416.9381,104.7799,-179.3256,2.0576,79.1018,6,1,0,0,0
Session_9,2026-01-26 17:06:26.274,45.553,-71.1083,-63.5266,-55.2345,30.8015,88.7146,120.0469,55.2779,-417.4417,106.6250,-179.9095,2.4097,78.8238,6,1,0,0,0
Session_9,2026-01-26 17:06:26.339,45.618,-71.1085,-63.3028,-55.2348,29.5285,88.7654,120.0490,54.9286,-416.2350,105.9485,-179.4276,1.4759,78.8392,6,1,0,0,0
Session_9,2026-01-26 17:06:26.414,45.693,-71.1085,-62.7452,-55.2352,27.8126,88.5958,120.3518,54.2522,-414.8936,106.9103,-178.7034,0.5646,78.5481,6,1,0,0,0
Session_9,2026-01-26 17:06:26.479,45.758,-71.1082,-62.1737,-55.2356,27.3003,88.5725,120.3415,54.2086,-414.8468,110.0986,-178.7129,0.6270,78.5587,6,1,0,0,0
Session_9,2026-01-26 17:06:26.562,45.841,-71.1063,-61.9057,-55.2372,27.4796,88.6370,120.2502,54.4470,-415.2599,112.3254,-178.9922,0.9775,78.6481,6,1,0,0,0
Session_9,2026-01-26 17:06:26.637,45.916,-71.1069,-61.9348,-55.2533,26.3390,89.1410,119.6260,54.5483,-413.6814,110.0326,-178.8336,-0.3135,79.2702,6,1,0,0,0
Session_9,2026-01-26 17:06:26.709,45.988,-71.1067,-62.0538,-55.3323,25.9181,88.8018,119.1268,53.8878,-413.0183,108.1267,-178.2389,-0.6992,79.7710,6,1,0,0,0
Session_9,2026-01-26 17:06:26.771,46.050,-71.1020,-62.2538,-55.4397,26.5519,88.7009,118.7581,53.9101,-413.3563,107.3510,-178.3120,-0.3758,80.1474,6,1,0,0,0
Session_9,2026-01-26 17:06:26.850,46.129,-71.0962,-62.7934,-55.5934,27.9266,88.8396,118.6214,54.3555,-414.0098,105.2488,-178.7609,0.1518,80.2887,6,1,0,0,0
Session_9,2026-01-26 17:06:26.923,46.202,-71.0955,-63.1850,-55.6039,27.7995,88.7936,118.6180,54.1117,-413.4557,102.1887,-178.4671,-0.2907,80.2930,6,1,0,0,0
Session_9,2026-01-26 17:06:26.998,46.277,-71.0957,-63.1984,-55.6170,27.3518,88.3212,118.7505,53.3713,-413.0660,101.2750,-177.8243,-0.4759,80.1662,6,1,0,0,0
Session_9,2026-01-26 17:06:27.072,46.351,-71.0943,-63.1991,-55.6285,27.6059,88.5230,118.9579,53.7063,-413.2577,101.6563,-178.1163,-0.3540,79.9577,6,1,0,0,0
Session_9,2026-01-26 17:06:27.146,46.425,-71.0802,-63.2005,-55.6399,27.5201,88.8595,118.7663,54.1487,-412.9806,101.4394,-178.3649,-0.6087,80.1579,6,1,0,0,0
Session_9,2026-01-26 17:06:27.212,46.491,-71.0801,-63.2016,-55.6730,26.8588,89.5969,118.5521,54.6959,-411.8169,100.1402,-178.6823,-1.5779,80.3567,6,1,0,0,0
Session_9,2026-01-26 17:06:27.294,46.573,-71.0785,-63.2271,-55.8474,26.5849,89.7528,118.2012,54.6139,-410.9597,98.7635,-178.6051,-2.0772,80.7003,6,1,0,0,0
Session_9,2026-01-26 17:06:27.367,46.646,-71.0773,-63.2742,-56.1309,28.5892,89.1815,118.3289,54.5297,-412.8231,100.7164,-178.8924,-0.3298,80.5964,6,1,0,0,0
Session_9,2026-01-26 17:06:27.451,46.730,-71.0726,-63.2896,-56.7250,28.8309,89.2330,117.7906,54.2078,-411.5894,98.5510,-178.7696,-0.6896,81.1373,6,1,0,0,0
Session_9,2026-01-26 17:06:27.533,46.812,-71.0705,-63.2901,-57.4096,30.0064,89.0565,117.7274,53.9045,-411.3191,97.7571,-178.8424,-0.1747,81.2060,6,1,0,0,0
Session_9,2026-01-26 17:06:27.607,46.886,-71.0705,-63.2899,-57.8852,30.8936,89.1101,117.9630,53.9085,-411.1303,97.3394,-179.0820,0.1686,80.9701,6,1,0,0,0
Session_9,2026-01-26 17:06:27.683,46.961,-71.0706,-63.2894,-57.9500,30.9499,89.1286,117.9733,53.8957,-411.0249,97.1726,-179.0946,0.1530,80.9596,6,1,0,0,0
Session_9,2026-01-26 17:06:27.755,47.034,-71.0708,-63.2894,-57.9500,30.8901,89.1486,117.9259,53.8929,-410.9485,97.0676,-179.0842,0.0902,81.0066,6,1,0,0,0
Session_9,2026-01-26 17:06:27.838,47.117,-71.0704,-63.2893,-57.9498,30.8290,89.0916,118.2706,53.8065,-410.9003,96.9626,-179.0057,0.0691,80.6629,6,1,0,0,0
Session_9,2026-01-26 17:06:27.919,47.198,-71.0703,-63.2892,-57.9495,30.8228,89.1101,119.2580,53.8264,-410.8866,96.9539,-179.0204,0.0721,79.6756,6,1,0,0,0
Session_9,2026-01-26 17:06:27.984,47.263,-71.0703,-63.2891,-57.9494,30.8139,89.1183,120.4232,53.8324,-410.8734,96.9390,-179.0248,0.0803,78.5104,6,1,0,0,0
Session_9,2026-01-26 17:06:28.068,47.347,-71.0658,-63.2892,-57.9494,30.8551,89.1808,121.2918,53.9530,-410.8920,97.0092,-179.1008,0.0977,77.6459,6,1,0,0,0
Session_9,2026-01-26 17:06:28.149,47.428,-71.0659,-63.2891,-57.9494,30.8427,89.1829,121.3550,53.9495,-410.8771,96.9880,-179.0963,0.0871,77.5826,6,1,0,0,0
Session_9,2026-01-26 17:06:28.223,47.502,-71.0660,-63.2892,-57.9494,30.8201,89.1946,121.6427,53.9535,-410.8462,96.9476,-179.0947,0.0662,77.2948,6,1,0,0,0
Session_9,2026-01-26 17:06:28.299,47.578,-71.0660,-63.2893,-57.9495,30.7803,89.2296,121.7388,53.9775,-410.7860,96.8761,-179.1036,0.0153,77.1984,6,1,0,0,0
Session_9,2026-01-26 17:06:28.379,47.658,-71.0663,-63.2894,-57.9495,30.7439,89.2028,120.8812,53.9303,-410.7543,96.8121,-179.0618,-0.0157,78.0559,6,1,0,0,0
Session_9,2026-01-26 17:06:28.447,47.726,-71.0663,-63.2894,-57.9496,30.7198,89.2007,119.3905,53.9181,-410.7271,96.7698,-179.0489,-0.0601,79.5464,6,1,0,0,0
Session_9,2026-01-26 17:06:28.537,47.816,-71.0664,-63.2894,-57.9496,30.6999,89.2275,119.0156,53.9400,-410.6935,96.7344,-179.0630,-0.0967,79.9209,6,1,0,0,0
Session_9,2026-01-26 17:06:28.603,47.882,-71.0666,-63.2895,-57.9496,30.6855,89.2502,118.9902,53.9591,-410.6677,96.7078,-179.0758,-0.1209,79.9459,6,1,0,0,0
Session_9,2026-01-26 17:06:28.686,47.965,-71.0663,-63.2895,-57.9497,30.6670,89.2227,118.7430,53.9218,-410.6565,96.6753,-179.0433,-0.1280,80.1935,6,1,0,0,0
Session_9,2026-01-26 17:06:28.768,48.047,-71.0664,-63.2896,-57.9498,30.6491,89.2529,118.0666,53.9484,-410.6237,96.6429,-179.0631,-0.1693,80.8694,6,1,0,0,0
Session_9,2026-01-26 17:06:28.841,48.120,-71.0665,-63.2896,-57.9499,30.6045,89.2557,117.7686,53.9329,-410.5704,96.5642,-179.0456,-0.2151,81.1672,6,1,0,0,0
Session_9,2026-01-26 17:06:28.916,48.195,-71.0664,-63.2897,-57.9500,30.5839,89.2797,117.0216,53.9529,-410.5364,96.5266,-179.0604,-0.2570,81.9140,6,1,0,0,0
Session_9,2026-01-26 17:06:28.997,48.276,-71.0671,-63.2898,-57.9501,30.5592,89.3374,116.7963,54.0041,-410.4851,96.4814,-179.1017,-0.3089,82.1381,6,1,0,0,0
Session_9,2026-01-26 17:06:29.070,48.349,-71.0670,-63.2898,-57.9502,30.5509,89.3168,116.8245,53.9776,-410.4834,96.4670,-179.0794,-0.3066,82.1101,6,1,0,0,0
Session_9,2026-01-26 17:06:29.146,48.425,-71.0670,-63.2897,-57.9501,30.5708,89.3031,116.8362,53.9703,-410.5121,96.5025,-179.0761,-0.2824,82.0986,6,0,0,0,0
Session_9,2026-01-26 17:06:29.219,48.498,-71.0669,-63.2896,-57.9501,30.6313,89.2955,116.8272,53.9868,-410.5857,96.6094,-179.0967,-0.2250,82.1079,6,0,0,0,0
Session_9,2026-01-26 17:06:29.302,48.581,-71.0669,-63.2891,-57.9498,30.7363,89.2825,116.9055,54.0136,-410.7144,96.7984,-179.1327,-0.1235,82.0298,6,0,0,0,0
Session_9,2026-01-26 17:06:29.377,48.656,-71.0675,-63.2872,-57.9496,30.9451,89.3092,116.9508,54.1241,-410.9490,97.1786,-179.2520,0.0530,81.9837,6,0,0,0,0
Session_9,2026-01-26 17:06:29.452,48.731,-71.0675,-63.2820,-57.9490,31.3055,89.1760,116.9536,54.1164,-411.4235,97.8545,-179.2993,0.4399,81.9811,6,0,0,0,0
Session_9,2026-01-26 17:06:29.536,48.815,-71.0672,-63.2670,-57.9473,31.7010,88.9041,116.9618,53.9677,-412.0016,98.6731,-179.2439,0.9307,81.9724,6,0,0,0,0
Session_9,2026-01-26 17:06:29.595,48.874,-71.0671,-63.2430,-57.9454,31.5266,88.9590,116.9776,53.9744,-411.8131,98.5419,-179.2258,0.7737,81.9574,6,0,0,0,0
Session_9,2026-01-26 17:06:29.673,48.952,-71.0671,-63.1699,-57.9451,31.4278,88.9433,117.0744,53.9455,-411.7877,98.8878,-179.2014,0.7595,81.8609,6,0,0,0,0
Session_9,2026-01-26 17:06:29.740,49.019,-71.0672,-62.9512,-57.9452,31.2362,88.8512,117.2186,53.8460,-411.8430,100.1038,-179.1338,0.8276,81.7170,6,0,0,0,0
Session_9,2026-01-26 17:06:29.815,49.094,-71.0672,-62.5845,-57.9452,31.1105,88.8808,117.3251,53.9638,-412.0757,102.4862,-179.2722,1.0298,81.6086,6,0,0,0,0
Session_9,2026-01-26 17:06:29.895,49.174,-71.0674,-62.0895,-57.9454,30.7734,88.4997,117.2742,53.5658,-412.3456,105.4162,-179.0048,1.3439,81.6603,6,0,0,0,0
Session_9,2026-01-26 17:06:29.975,49.254,-71.0676,-61.8265,-57.9450,31.1964,88.1873,119.2099,53.4551,-413.1950,108.0556,-179.1131,2.1282,79.7164,6,0,0,0,0
Session_9,2026-01-26 17:06:30.047,49.326,-71.0679,-61.8243,-57.9427,33.3181,87.4656,118.5281,53.4089,-415.7617,111.9625,-179.4716,4.3297,80.3454,6,0,0,0,0
Session_9,2026-01-26 17:06:30.120,49.399,-71.0679,-61.8188,-57.9352,34.5781,87.0206,118.5267,53.3475,-417.2438,114.3863,-179.6924,5.6597,80.2951,6,0,0,0,0
Session_9,2026-01-26 17:06:30.191,49.470,-71.0679,-61.8134,-57.9348,34.3865,86.7872,118.5253,53.0154,-417.1476,114.0868,-179.3976,5.6082,80.3062,6,0,0,0,0
Session_9,2026-01-26 17:06:30.266,49.545,-71.0682,-61.8072,-57.9343,34.6845,86.7144,118.5274,53.0345,-417.4810,114.6920,-179.4806,5.9104,80.2894,6,0,0,0,0
Session_9,2026-01-26 17:06:30.350,49.629,-71.0683,-61.4089,-57.9340,34.6317,86.6279,118.5301,53.0272,-417.7859,117.4667,-179.5716,6.2552,80.2692,6,0,0,0,0
Session_9,2026-01-26 17:06:30.426,49.705,-71.0685,-60.0318,-57.9340,33.7713,86.2763,118.5301,52.6732,-418.0703,125.7966,-179.5121,6.8764,80.2418,6,0,0,0,0
Session_9,2026-01-26 17:06:30.491,49.770,-71.0687,-58.0418,-57.9325,33.6868,85.5828,118.5239,52.2131,-419.3203,140.0509,-179.8277,8.8796,80.1228,6,0,0,0,0
Session_9,2026-01-26 17:06:30.559,49.838,-71.0689,-55.6967,-57.9319,33.3682,85.3466,118.5191,52.0705,-419.7888,156.4003,179.3867,10.7673,79.9575,6,0,0,0,0
Session_9,2026-01-26 17:06:30.644,49.923,-71.0702,-52.2393,-57.9308,31.9208,84.9786,118.5233,51.1906,-418.6232,178.5544,178.7104,12.7005,79.7460,6,0,0,0,0
Session_9,2026-01-26 17:06:30.719,49.998,-71.0951,-49.0834,-57.9305,31.2616,84.5961,118.5246,49.9726,-417.0455,199.9655,177.7846,15.0599,79.4115,6,0,0,0,0
Session_9,2026-01-26 17:06:30.785,50.064,-71.1464,-46.3660,-57.9293,32.5031,84.8845,118.5178,49.4984,-415.7184,221.9142,175.4823,18.3603,78.7851,6,0,0,0,0
Session_9,2026-01-26 17:06:30.870,50.149,-71.1665,-43.1406,-57.9117,33.8187,84.6819,118.4985,48.0783,-412.7571,247.7112,173.1968,22.3871,77.9157,6,0,0,0,0
Session_9,2026-01-26 17:06:30.946,50.225,-71.2314,-39.2826,-57.8992,32.4344,84.2136,118.5102,44.8477,-406.4379,272.0388,172.1850,24.7336,77.2451,6,0,0,0,0
Session_9,2026-01-26 17:06:31.046,50.325,-71.6356,-34.2799,-57.8939,31.6338,83.2379,118.4869,37.3863,-396.6418,304.8819,170.5146,28.7618,75.6605,6,0,0,0,0
Session_9,2026-01-26 17:06:31.221,50.499,-74.1124,-23.3776,-57.8882,32.4055,82.4483,118.4264,10.0731,-365.7422,377.5420,163.1484,38.7328,68.6626,6,0,0,0,0
Session_9,2026-01-26 17:06:31.290,50.569,-75.9154,-18.3596,-57.8738,33.1162,82.0363,118.4079,-6.8637,-346.2911,409.3356,158.6949,43.4017,63.6574,6,0,0,0,0
Session_9,2026-01-26 17:06:31.355,50.634,-77.4368,-14.2688,-57.8431,33.2247,81.9978,118.4196,-20.0996,-328.0528,432.9247,154.7208,46.5663,59.2884,6,0,0,0,0
Session_9,2026-01-26 17:06:31.442,50.721,-79.8048,-7.8800,-57.5163,32.6754,82.3796,118.4155,-38.8297,-295.4738,466.7658,147.8071,50.7201,52.0372,6,0,0,0,0
Session_9,2026-01-26 17:06:31.534,50.813,-81.6727,-2.1479,-56.1570,32.1494,81.9642,118.3976,-53.9195,-260.0641,498.4533,139.5082,54.9746,43.1924,6,0,0,0,0
Session_9,2026-01-26 17:06:31.617,50.896,-82.7139,2.5530,-53.5814,31.3934,81.3222,118.4203,-63.8256,-224.5302,526.6827,129.4508,58.4814,33.1309,6,0,0,0,0
Session_9,2026-01-26 17:06:31.691,50.970,-82.9125,6.2079,-50.1221,30.3765,81.1416,118.3969,-68.9742,-190.9102,550.4711,118.2392,60.7360,23.0848,6,0,0,0,0
Session_9,2026-01-26 17:06:31.759,51.038,-82.9128,9.1521,-46.0739,27.3560,81.2872,118.3983,-72.5477,-160.7603,567.8865,110.1838,61.5705,16.1682,6,0,0,0,0
Session_9,2026-01-26 17:06:31.827,51.106,-82.9129,11.6604,-41.3369,22.8090,81.1560,118.4127,-76.3198,-131.6975,581.3770,104.5189,61.8821,11.0462,6,0,0,0,0
Session_9,2026-01-26 17:06:31.895,51.174,-82.9129,13.5372,-36.2019,18.6836,81.3599,118.4065,-79.5693,-103.5791,592.5793,98.3895,61.9373,5.8413,6,0,0,0,0
Session_9,2026-01-26 17:06:31.970,51.249,-82.9131,15.0127,-30.0720,11.3702,81.1704,118.4196,-82.9195,-78.4761,598.6262,97.7652,61.9289,5.1003,6,0,0,0,0
Session_9,2026-01-26 17:06:32.047,51.326,-82.9130,15.6306,-23.8675,4.4797,81.7850,118.4244,-84.7033,-58.1519,601.8353,97.9110,61.8861,5.8420,6,0,0,0,0
Session_9,2026-01-26 17:06:32.123,51.402,-82.9128,15.6330,-17.8495,-0.7066,82.2574,118.4285,-86.3697,-40.1479,604.4454,96.1441,61.8285,4.7556,6,0,0,0,0
Session_9,2026-01-26 17:06:32.206,51.485,-82.9125,15.6314,-11.7735,-7.0299,84.5226,118.4285,-85.6612,-23.7252,603.8644,96.6745,61.7123,7.4852,6,0,0,0,0
Session_9,2026-01-26 17:06:32.283,51.562,-82.9117,15.6044,-7.1089,-13.3621,86.4322,118.4292,-84.5748,-13.7484,600.2294,100.2186,61.4918,12.5089,6,0,0,0,0
Session_9,2026-01-26 17:06:32.348,51.627,-82.9115,15.2816,-4.5836,-17.1984,87.7691,118.4223,-83.2448,-11.3196,597.2956,103.4703,61.1571,16.6931,6,0,0,0,0
Session_9,2026-01-26 17:06:32.421,51.700,-82.9117,14.2765,-3.1391,-15.7880,87.4601,118.4209,-83.7500,-10.2918,600.3877,99.7536,61.4367,13.1254,6,0,0,0,0
Session_9,2026-01-26 17:06:32.491,51.770,-82.9120,13.1940,-2.8648,-13.4322,87.2301,118.4230,-83.6468,-13.3803,603.7122,96.5213,61.5717,10.0546,6,0,0,0,0
Session_9,2026-01-26 17:06:32.566,51.845,-82.9119,12.4611,-2.8716,-13.3992,87.2843,118.4271,-82.8922,-18.9166,603.6761,98.0003,61.5194,11.4089,6,0,0,0,0
Session_9,2026-01-26 17:06:32.649,51.928,-82.9118,11.9991,-2.8803,-13.1898,87.3969,118.4278,-82.3581,-22.1055,603.8647,98.5446,61.4900,11.9997,6,0,0,0,0
Session_9,2026-01-26 17:06:32.723,52.002,-82.9117,11.8385,-2.8803,-12.6748,87.4924,118.4209,-82.1974,-22.4610,604.5151,97.8050,61.5189,11.4454,6,0,0,0,0
Session_9,2026-01-26 17:06:32.787,52.066,-82.9117,11.8387,-2.8804,-12.7311,87.5487,118.4251,-82.1178,-22.5481,604.4403,97.9208,61.5069,11.6031,6,0,0,0,0
Session_9,2026-01-26 17:06:32.866,52.145,-82.9117,11.8390,-2.8801,-12.3184,87.1882,118.4237,-82.6400,-21.8885,604.9862,97.0593,61.5591,10.4861,6,0,0,0,0
Session_9,2026-01-26 17:06:32.950,52.229,-82.9116,11.8388,-2.8803,-12.5567,87.1415,118.4230,-82.6465,-22.2943,604.6725,97.5600,61.5476,10.8798,6,0,0,0,0
Session_9,2026-01-26 17:06:33.023,52.302,-82.9116,11.8388,-2.8804,-12.2697,87.2218,118.4237,-82.6090,-21.8072,605.0497,96.9580,61.5600,10.4307,6,0,0,0,0
Session_9,2026-01-26 17:06:33.099,52.378,-82.9116,11.8387,-2.8804,-12.0142,87.2005,118.4196,-82.6880,-21.3810,605.3838,96.4236,61.5790,9.9397,6,0,0,0,0
Session_9,2026-01-26 17:06:33.161,52.440,-82.9116,11.8384,-2.8808,-12.7840,87.3132,118.4251,-82.3911,-22.6627,604.3706,98.0353,61.5183,11.4688,6,0,0,0,0
