session_name,timestamp,elapsed_time,j1,j2,j3,j4,j5,j6,x,y,z,rx,ry,rz,robot_mode,tooldo1,tooldo2,do1,do2
Session_5,2026-01-26 17:01:08.051,0.003,-89.2341,-8.1051,8.9375,2.7198,92.0901,124.6921,-77.5900,-88.4304,617.4044,83.7594,55.2784,-2.2758,6,0,0,0,0
Session_5,2026-01-26 17:01:08.117,0.069,-89.2341,-8.1052,8.9375,2.7274,92.0956,124.6962,-77.5836,-88.4166,617.4126,83.7469,55.2742,-2.2804,6,0,0,0,0
Session_5,2026-01-26 17:01:08.183,0.134,-89.2341,-8.1052,8.9375,2.6944,92.0929,124.6907,-77.5861,-88.4770,617.3763,83.8038,55.2813,-2.2367,6,0,0,0,0
Session_5,2026-01-26 17:01:08.256,0.208,-89.2341,-8.1052,8.9375,2.5495,92.1039,124.6948,-77.5692,-88.7421,617.2163,84.0585,55.2851,-2.0161,6,0,0,0,0
Session_5,2026-01-26 17:01:08.332,0.283,-89.2341,-8.1052,8.9375,2.5605,92.1039,124.6941,-77.5695,-88.7219,617.2285,84.0391,55.2853,-2.0321,6,0,0,0,0
Session_5,2026-01-26 17:01:08.398,0.349,-89.2341,-8.1052,8.9375,2.5488,92.1011,124.6948,-77.5725,-88.7438,617.2155,84.0597,55.2850,-2.0178,6,0,0,0,0
Session_5,2026-01-26 17:01:08.461,0.412,-89.2341,-8.1052,8.9375,2.5433,92.1046,124.6914,-77.5682,-88.7534,617.2095,84.0688,55.2889,-2.0071,6,0,0,0,0
Session_5,2026-01-26 17:01:08.529,0.480,-89.2340,-8.1052,8.9375,2.4973,92.1204,124.6962,-77.5479,-88.8367,617.1585,84.1502,55.2872,-1.9242,6,0,0,0,0
Session_5,2026-01-26 17:01:08.603,0.555,-89.2340,-8.1052,8.9373,2.3518,92.1382,124.6928,-77.5227,-89.1029,616.9966,84.4053,55.2982,-1.6968,6,0,0,0,0
Session_5,2026-01-26 17:01:08.668,0.619,-89.2340,-8.1053,8.9373,2.1190,92.2398,124.6921,-77.3939,-89.5220,616.7365,84.8136,55.3134,-1.2596,6,0,0,0,0
Session_5,2026-01-26 17:01:08.735,0.686,-89.2340,-8.1054,8.9371,1.7235,92.3586,124.6935,-77.2404,-90.2352,616.2905,85.5088,55.3294,-0.5692,6,0,0,0,0
Session_5,2026-01-26 17:01:08.809,0.761,-89.2340,-8.1057,8.9366,0.5232,92.7541,124.6907,-76.7324,-92.3764,614.9073,87.6205,55.3513,1.5631,6,0,0,0,0
Session_5,2026-01-26 17:01:08.881,0.832,-89.2339,-8.1061,8.9360,-1.4632,92.9745,124.6935,-76.4183,-95.8816,612.5215,91.1102,55.2686,4.6532,6,0,0,0,0
Session_5,2026-01-26 17:01:08.947,0.898,-89.2338,-8.1071,8.9348,-3.5973,93.1332,124.6941,-76.1768,-99.5652,609.8232,94.8325,55.0586,7.8674,6,0,0,0,0
Session_5,2026-01-26 17:01:09.012,0.964,-89.2333,-8.1082,8.9096,-5.4630,93.2815,124.6935,-75.9528,-102.8095,607.3220,98.0855,54.7699,10.6782,6,0,0,0,0
Session_5,2026-01-26 17:01:09.080,1.032,-89.2331,-8.1085,8.8873,-7.5552,93.5397,124.6928,-75.5931,-106.3043,604.4054,101.6500,54.3238,13.8393,6,0,0,0,0
Session_5,2026-01-26 17:01:09.145,1.097,-89.2327,-8.1764,8.8549,-10.2269,93.7560,124.6921,-75.2657,-111.1464,600.3645,106.1870,53.5762,17.7229,6,0,0,0,0
Session_5,2026-01-26 17:01:09.211,1.163,-89.2326,-8.4027,8.8354,-12.4036,93.9043,124.6935,-75.0182,-116.2048,596.5884,110.0040,52.7773,20.9244,6,0,0,0,0
Session_5,2026-01-26 17:01:09.270,1.222,-89.2325,-8.9443,8.8239,-12.5127,94.1885,124.6996,-74.6170,-120.4574,595.2965,110.9868,52.4809,21.9821,6,0,0,0,0
Session_5,2026-01-26 17:01:09.343,1.295,-89.2323,-9.6838,8.8245,-12.2827,94.4666,124.6955,-74.2109,-125.6349,594.0898,111.7257,52.2394,22.8393,6,0,0,0,0
Session_5,2026-01-26 17:01:09.425,1.377,-89.2322,-10.3946,8.8246,-13.4686,94.7324,124.6955,-73.7962,-132.5827,590.6073,114.5036,51.4298,25.2815,6,0,0,0,0
Session_5,2026-01-26 17:01:09.499,1.450,-89.2321,-10.9951,8.8222,-14.6853,95.0571,124.6921,-73.3221,-138.6530,587.1984,117.0501,50.5643,27.5739,6,0,0,0,0
Session_5,2026-01-26 17:01:09.564,1.516,-89.2320,-11.6278,8.8136,-15.4475,95.4561,124.6948,-72.7644,-144.2872,584.3618,118.9017,49.8027,29.3759,6,0,0,0,0
Session_5,2026-01-26 17:01:09.631,1.583,-89.2319,-12.4299,8.8134,-15.6445,95.6291,124.6921,-72.4735,-150.3692,581.9823,120.2058,49.2691,30.5330,6,0,0,0,0
Session_5,2026-01-26 17:01:09.696,1.647,-89.2313,-13.1523,8.8123,-17.1222,95.8351,124.6914,-72.1291,-157.3953,577.4826,123.0104,48.0770,32.8334,6,0,0,0,0
Session_5,2026-01-26 17:01:09.771,1.722,-89.2312,-13.9354,8.8131,-19.4657,96.1736,124.6935,-71.6100,-165.6335,571.0896,126.7309,46.2352,35.8730,6,0,0,0,0
Session_5,2026-01-26 17:01:09.845,1.797,-89.2307,-14.6798,8.8125,-22.1718,96.7635,124.6900,-70.7903,-173.6112,563.8948,130.4328,43.9656,39.0272,6,0,0,0,0
Session_5,2026-01-26 17:01:09.912,1.863,-89.2302,-15.3202,8.8125,-23.3968,97.2146,124.6935,-70.1712,-179.1525,559.6304,132.2310,42.6175,40.6540,6,0,0,0,0
Session_5,2026-01-26 17:01:09.994,1.945,-89.2101,-16.1969,8.8121,-23.2697,97.8161,124.6928,-69.3050,-184.9857,557.1512,132.7391,41.9015,41.5355,6,0,0,0,0
Session_5,2026-01-26 17:01:10.058,2.009,-89.1822,-17.0777,8.8056,-23.9358,98.4190,124.6921,-68.3978,-191.5227,553.0162,134.0124,40.6385,42.9183,6,0,0,0,0
Session_5,2026-01-26 17:01:10.132,2.084,-89.1785,-18.2885,8.8037,-24.2647,98.6833,124.6948,-67.9483,-199.9058,548.2760,135.3650,39.4862,44.0129,6,0,0,0,0
Session_5,2026-01-26 17:01:10.214,2.166,-89.1471,-19.7383,8.8003,-25.9408,99.1152,124.6935,-67.1607,-210.7168,539.7971,138.0036,37.1265,46.0337,6,0,0,0,0
Session_5,2026-01-26 17:01:10.280,2.232,-89.1123,-20.9851,8.7938,-27.8812,99.6446,124.6900,-66.2559,-219.9779,531.2355,140.4447,34.5985,47.9159,6,0,0,0,0
Session_5,2026-01-26 17:01:10.354,2.305,-89.0401,-22.3001,8.7889,-29.7063,100.2145,124.6907,-65.1440,-229.2309,522.4036,142.6339,32.0121,49.6162,6,0,0,0,0
Session_5,2026-01-26 17:01:10.428,2.379,-88.9008,-23.6812,8.7878,-30.1602,100.7872,124.6900,-63.7381,-238.0161,515.9404,143.6859,30.3631,50.7118,6,0,0,0,0
Session_5,2026-01-26 17:01:10.493,2.445,-88.6246,-25.0866,8.7863,-29.6473,101.2878,124.6928,-61.7954,-246.5747,511.1827,144.0344,29.4477,51.5107,6,0,0,0,0
Session_5,2026-01-26 17:01:10.564,2.515,-88.1291,-26.3705,8.7808,-29.7400,101.6311,124.6935,-59.0022,-254.7632,505.4558,144.8191,28.2228,52.6199,6,0,0,0,0
Session_5,2026-01-26 17:01:10.642,2.593,-87.2908,-27.9782,8.7793,-29.2751,101.9655,124.6948,-54.4336,-264.8402,499.2699,145.4141,27.1766,53.9580,6,0,0,0,0
Session_5,2026-01-26 17:01:10.713,2.664,-86.3676,-29.2676,8.7759,-29.0437,102.4180,124.6907,-49.1596,-272.9650,493.8565,145.8561,26.1356,55.3794,6,0,0,0,0
Session_5,2026-01-26 17:01:10.789,2.741,-85.2922,-30.7920,8.7755,-28.6592,102.7126,124.6900,-42.9809,-282.3067,487.4487,146.4380,25.0987,56.8958,6,0,0,0,0
Session_5,2026-01-26 17:01:10.869,2.821,-84.1919,-32.3753,8.7752,-29.0355,103.2509,124.6941,-36.0324,-291.7317,478.9674,147.3756,23.2838,58.7112,6,0,0,0,0
Session_5,2026-01-26 17:01:10.931,2.883,-83.4508,-33.3527,8.7706,-29.9254,103.2578,124.6900,-31.6328,-297.5286,472.1331,148.5879,21.7849,59.9244,6,0,0,0,0
Session_5,2026-01-26 17:01:11.011,2.963,-82.4773,-34.8278,8.7669,-30.9938,103.5448,124.6907,-25.2217,-305.6690,462.3033,149.9949,19.5909,61.5560,6,0,0,0,0
Session_5,2026-01-26 17:01:11.092,3.044,-81.5619,-36.5904,8.7650,-31.3646,103.6011,124.6921,-18.9559,-314.8807,452.1654,151.2705,17.8293,62.9092,6,0,0,0,0
Session_5,2026-01-26 17:01:11.167,3.118,-80.9927,-38.1305,8.7650,-31.8926,103.6835,124.6845,-14.5570,-322.4427,442.6696,152.4620,16.1041,63.8734,6,0,0,0,0
Session_5,2026-01-26 17:01:11.235,3.186,-80.8049,-39.7089,8.7633,-33.1107,103.7267,124.6859,-12.2998,-329.5851,431.2974,154.0866,13.7868,64.4990,6,0,0,0,0
Session_5,2026-01-26 17:01:11.308,3.260,-80.8063,-41.2813,8.7632,-34.9812,103.5420,124.6852,-11.4856,-336.0256,418.3730,156.2257,11.0449,64.8826,6,0,0,0,0
Session_5,2026-01-26 17:01:11.381,3.333,-80.8060,-43.1087,8.7632,-35.0800,103.4651,124.6928,-10.3171,-343.8046,407.5005,157.3855,9.4895,65.0545,6,0,0,0,0
Session_5,2026-01-26 17:01:11.447,3.399,-80.8061,-44.3282,8.7638,-34.2272,103.3697,124.6900,-9.5454,-349.2780,401.9897,157.6692,9.2377,65.0698,6,0,0,0,0
Session_5,2026-01-26 17:01:11.516,3.467,-80.8059,-45.5668,8.7632,-33.5413,103.2166,124.6900,-8.8572,-354.6550,395.8807,158.1041,8.8604,65.0862,6,0,0,0,0
Session_5,2026-01-26 17:01:11.578,3.530,-80.8060,-46.4708,8.7639,-33.3813,103.1733,124.6907,-8.3193,-358.3022,390.6702,158.5594,8.2674,65.1390,6,0,0,0,0
Session_5,2026-01-26 17:01:11.656,3.607,-80.8059,-47.7443,8.7631,-33.3820,103.1410,124.6907,-7.5690,-363.1729,382.7698,159.3048,7.2275,65.2294,6,0,0,0,0
Session_5,2026-01-26 17:01:11.728,3.680,-80.8057,-48.8633,8.7626,-33.0791,103.1699,124.6873,-6.8360,-367.4800,376.3704,159.7413,6.5358,65.2937,6,0,0,0,0
Session_5,2026-01-26 17:01:11.812,3.763,-80.8057,-50.0773,8.7630,-32.5484,103.1829,124.6880,-6.0634,-372.1548,369.7373,160.1137,5.9617,65.3373,6,0,0,0,0
Session_5,2026-01-26 17:01:11.879,3.830,-80.8049,-50.9673,8.7625,-32.1364,103.2083,124.6914,-5.4847,-375.5134,364.8559,160.3608,5.5495,65.3666,6,0,0,0,0
Session_5,2026-01-26 17:01:11.948,3.899,-80.8049,-51.8943,8.7628,-31.9558,103.2701,124.6893,-4.8849,-378.7610,359.2268,160.7280,4.8971,65.4183,6,0,0,0,0
Session_5,2026-01-26 17:01:12.025,3.976,-80.8042,-53.2833,8.7618,-31.9675,103.3326,124.6907,-4.0749,-383.2726,350.1151,161.4582,3.6974,65.4878,6,0,0,0,0
Session_5,2026-01-26 17:01:12.105,4.057,-80.8039,-54.5406,8.7618,-31.4848,103.3504,124.6886,-3.3591,-387.5513,342.7415,161.8743,3.0438,65.5185,6,0,0,0,0
Session_5,2026-01-26 17:01:12.192,4.144,-80.7995,-55.9491,8.7619,-30.3587,103.3662,124.6866,-2.4893,-392.6213,335.5187,162.0182,2.8011,65.5356,6,0,0,0,0
Session_5,2026-01-26 17:01:12.266,4.218,-80.7231,-57.0613,8.7620,-29.5134,103.2845,124.6900,-1.4305,-396.4991,329.6118,162.2327,2.6222,65.6015,6,0,0,0,0
Session_5,2026-01-26 17:01:12.340,4.292,-80.4036,-58.1715,8.7613,-28.8055,103.0854,124.6914,1.1650,-400.1845,323.3352,162.6187,2.3945,65.8952,6,0,0,0,0
Session_5,2026-01-26 17:01:12.413,4.365,-79.4943,-59.1477,8.7613,-28.1174,103.1946,124.6928,8.2249,-403.2324,317.9630,162.6895,2.0950,66.8281,6,0,0,0,0
Session_5,2026-01-26 17:01:12.480,4.432,-78.3422,-59.8770,8.7613,-27.4473,103.1252,124.6907,16.7486,-405.4164,314.1778,162.7790,2.0841,67.9716,6,0,0,0,0
Session_5,2026-01-26 17:01:12.555,4.506,-76.7060,-60.4881,8.7617,-26.8760,103.1733,124.6914,28.8399,-406.7366,311.0318,162.7616,2.0250,69.6160,6,0,0,0,0
Session_5,2026-01-26 17:01:12.629,4.581,-75.0422,-61.1167,8.7618,-25.2747,103.1108,124.6866,41.3057,-408.5156,309.7357,162.2726,2.8697,71.2506,6,0,0,0,0
Session_5,2026-01-26 17:01:12.700,4.652,-73.9711,-61.4859,8.7612,-25.1937,102.9707,124.6845,49.0503,-408.6745,307.2402,162.5472,2.7061,72.3073,6,0,0,0,0
Session_5,2026-01-26 17:01:12.766,4.718,-73.4153,-61.7809,8.7462,-26.3370,102.9714,124.6852,52.9573,-407.9922,302.8443,163.3536,1.4966,72.8922,6,0,0,0,0
Session_5,2026-01-26 17:01:12.833,4.784,-73.1841,-62.3221,8.7466,-26.2566,102.4763,124.6893,54.4402,-409.2595,299.0298,164.0144,1.3829,73.0467,6,0,0,0,0
Session_5,2026-01-26 17:01:12.892,4.844,-73.1619,-63.0050,8.7474,-25.0241,102.3219,124.6893,55.1848,-411.8079,296.5215,163.8345,1.9248,73.0357,6,0,0,0,0
Session_5,2026-01-26 17:01:12.963,4.915,-73.1629,-63.6807,8.7469,-23.8280,101.5102,124.6893,54.9989,-414.5417,293.8086,164.2066,2.8006,72.8955,6,0,0,0,0
Session_5,2026-01-26 17:01:13.039,4.991,-73.1625,-64.8071,8.7471,-21.7598,100.1575,124.6859,54.6815,-419.0477,289.4219,164.7777,4.3237,72.6601,6,0,0,0,0
Session_5,2026-01-26 17:01:13.113,5.064,-73.1624,-65.7121,8.7474,-21.4577,98.5268,124.6893,53.4578,-421.7400,283.1014,166.4406,4.7238,72.4524,6,0,0,0,0
Session_5,2026-01-26 17:01:13.188,5.140,-73.1620,-66.6263,8.7476,-21.0622,96.7971,124.6873,52.1122,-424.4628,276.8996,168.1388,5.2571,72.2630,6,0,0,0,0
Session_5,2026-01-26 17:01:13.264,5.215,-73.1617,-67.4252,8.7472,-21.0361,95.4259,124.6893,50.9870,-426.4452,270.8887,169.6935,5.3864,72.1516,6,0,0,0,0
Session_5,2026-01-26 17:01:13.330,5.281,-73.1604,-68.1813,8.7472,-19.4980,94.9782,124.6866,51.2638,-429.1945,268.2498,169.6094,6.2801,72.0640,6,0,0,0,0
Session_5,2026-01-26 17:01:13.404,5.356,-73.1606,-68.8519,8.7470,-18.2284,94.0931,124.6880,50.8966,-431.6790,265.6671,169.9819,7.2671,71.9320,6,0,0,0,0
Session_5,2026-01-26 17:01:13.477,5.429,-73.1604,-69.6699,8.7472,-17.2540,92.5935,124.6832,49.8055,-434.3399,261.3607,171.1060,8.2379,71.7832,6,0,0,0,0
Session_5,2026-01-26 17:01:13.552,5.503,-73.1604,-70.6873,8.7458,-17.2650,90.9057,124.6900,48.3229,-436.5047,253.6192,173.0717,8.3457,71.7290,6,0,0,0,0
Session_5,2026-01-26 17:01:13.635,5.586,-73.1602,-71.9210,8.7471,-16.7837,90.5994,124.6838,48.6166,-438.7512,245.2378,173.7577,7.9048,71.7769,6,0,0,0,0
Session_5,2026-01-26 17:01:13.716,5.668,-73.1600,-72.9571,8.7469,-16.6608,90.4683,124.6880,48.8973,-440.2229,237.6118,174.3929,7.2308,71.8348,6,0,0,0,0
Session_5,2026-01-26 17:01:13.782,5.734,-73.1571,-73.7535,8.7468,-16.4513,90.1888,124.6852,48.9320,-441.4307,231.9518,174.9604,6.9084,71.8674,6,0,0,0,0
Session_5,2026-01-26 17:01:13.856,5.808,-73.1568,-74.5186,8.7457,-17.3783,89.7837,124.6859,48.4484,-441.5204,224.3461,176.2670,5.7501,71.9569,6,0,0,0,0
Session_5,2026-01-26 17:01:13.920,5.872,-73.1560,-75.1836,8.7467,-16.6409,89.7150,124.6866,48.7797,-442.8811,220.6733,176.2809,5.8493,71.9501,6,0,0,0,0
Session_5,2026-01-26 17:01:13.995,5.946,-73.1556,-75.9933,8.7458,-16.3078,89.0703,124.6852,48.3456,-444.1380,215.1095,177.0836,5.8239,71.9584,6,0,0,0,0
Session_5,2026-01-26 17:01:14.076,6.027,-73.1553,-76.7465,8.7461,-16.4493,88.5306,124.6873,47.8580,-444.7776,209.0837,178.0396,5.3970,71.9938,6,0,0,0,0
Session_5,2026-01-26 17:01:14.143,6.095,-73.1541,-77.4706,8.7460,-16.5688,88.2099,124.6859,47.6086,-445.2642,203.3134,178.7868,4.8868,72.0346,6,0,0,0,0
Session_5,2026-01-26 17:01:14.226,6.177,-73.1536,-78.1363,8.7455,-17.5919,87.9771,124.6866,47.1355,-444.6618,196.3301,179.9443,3.6317,72.1047,6,0,0,0,0
Session_5,2026-01-26 17:01:14.298,6.250,-73.1501,-78.9025,8.7456,-18.3300,87.8474,124.6859,46.8744,-444.2502,189.1303,-179.0911,2.4692,72.1551,6,0,0,0,0
Session_5,2026-01-26 17:01:14.366,6.317,-73.1503,-79.5065,8.7458,-18.8340,88.2271,124.6859,47.2061,-443.7602,183.5928,-178.7726,1.3421,72.1720,6,0,0,0,0
Session_5,2026-01-26 17:01:14.432,6.383,-73.1479,-79.8040,8.7464,-18.7653,88.2992,124.6859,47.3576,-443.8983,181.4379,-178.7021,1.1134,72.1761,6,0,0,0,0
Session_5,2026-01-26 17:01:14.506,6.457,-73.1322,-79.8403,8.7462,-18.2579,88.4180,124.6845,47.7973,-444.4360,182.0537,-179.0677,1.4331,72.1860,6,0,0,0,0
Session_5,2026-01-26 17:01:14.581,6.533,-73.0305,-79.8494,8.7450,-18.2950,88.3212,124.6845,48.4617,-444.3446,181.9158,-178.9611,1.4492,72.2894,6,0,0,0,0
Session_5,2026-01-26 17:01:14.646,6.598,-72.7227,-80.0578,8.7436,-18.5291,88.3397,124.6859,50.8024,-443.8569,179.8981,-178.7238,1.0736,72.6011,6,0,0,0,0
Session_5,2026-01-26 17:01:14.713,6.665,-72.2480,-80.4875,8.7448,-17.9077,88.4756,124.6873,54.8948,-444.1810,177.7027,-178.9454,1.1549,73.0707,6,0,0,0,0
Session_5,2026-01-26 17:01:14.788,6.739,-71.9090,-80.7808,8.7452,-16.6711,88.6315,124.6832,58.1770,-445.2462,177.6456,-179.6108,1.8422,73.3986,6,0,0,0,0
Session_5,2026-01-26 17:01:14.863,6.814,-71.8913,-80.7990,8.7451,-16.9828,88.5141,124.6866,58.0661,-444.9271,176.9517,-179.3264,1.6377,73.4192,6,0,0,0,0
Session_5,2026-01-26 17:01:14.926,6.878,-71.8926,-80.8052,8.7439,-18.8416,88.8815,124.6825,57.7797,-442.6499,173.6106,-178.5665,-0.1061,73.4324,6,0,0,0,0
Session_5,2026-01-26 17:01:15.001,6.953,-71.8931,-80.8795,8.7406,-19.8997,89.0147,124.6852,57.5183,-441.3429,171.1938,-178.0297,-1.1157,73.4200,6,0,0,0,0
Session_5,2026-01-26 17:01:15.070,7.022,-71.8969,-81.1838,8.7277,-18.5724,89.1163,124.6845,58.1345,-442.9224,171.1034,-178.6881,-0.3429,73.4226,6,0,0,0,0
Session_5,2026-01-26 17:01:15.143,7.094,-71.8970,-81.3337,8.7276,-17.8397,89.0524,124.6873,58.3459,-443.8217,171.2345,-178.9671,0.1726,73.4210,6,0,0,0,0
Session_5,2026-01-26 17:01:15.215,7.166,-71.8969,-81.3365,8.7196,-19.3394,89.0469,124.6852,57.7570,-442.0397,168.5731,-178.1031,-1.0664,73.4165,6,0,0,0,0
Session_5,2026-01-26 17:01:15.288,7.240,-71.8970,-81.4725,8.5985,-20.1702,89.2667,124.6832,57.6611,-440.8905,165.5813,-177.6642,-2.0859,73.3968,6,0,0,0,0
Session_5,2026-01-26 17:01:15.361,7.313,-71.9329,-82.1949,8.4979,-18.2401,88.4928,124.7292,57.2447,-443.5245,162.9317,-177.6580,-0.7336,73.3484,6,0,0,0,0
Session_5,2026-01-26 17:01:15.445,7.396,-72.1919,-83.5468,8.4986,-17.0254,88.9893,125.0464,56.2395,-444.9232,154.6254,-177.9819,-1.1173,72.7603,6,0,0,0,0
Session_5,2026-01-26 17:01:15.511,7.462,-72.6909,-84.7548,8.4991,-15.6960,89.2344,125.0230,53.0620,-446.6411,147.5988,-178.2529,-1.1590,72.2814,6,0,0,0,0
Session_5,2026-01-26 17:01:15.587,7.539,-73.4892,-85.8152,8.5004,-15.2779,89.3182,125.0107,46.9714,-447.4444,140.1344,-177.9538,-1.7323,71.4846,6,0,0,0,0
Session_5,2026-01-26 17:01:15.652,7.603,-74.4323,-86.4649,8.5040,-15.4598,89.4232,125.0224,39.5757,-447.5937,134.8268,-177.5635,-2.4701,70.5100,6,0,0,0,0
Session_5,2026-01-26 17:01:15.712,7.663,-75.2096,-86.5668,8.5023,-16.3449,89.3037,125.0230,33.0450,-446.9326,132.5539,-176.8971,-3.2106,69.7072,6,0,0,0,0
Session_5,2026-01-26 17:01:15.776,7.728,-75.6021,-86.5654,8.5037,-15.8732,89.4294,125.0237,30.2874,-447.7236,133.3563,-177.2728,-2.8944,69.3248,6,0,0,0,0
Session_5,2026-01-26 17:01:15.859,7.810,-75.6192,-86.5653,8.5042,-14.1277,90.0391,125.3561,31.4361,-449.7562,136.3158,-178.7650,-1.8076,69.0045,6,0,0,0,0
Session_5,2026-01-26 17:01:15.932,7.883,-75.6161,-86.5659,8.5027,-14.8171,90.2719,128.4295,31.5127,-448.8218,135.1280,-178.4216,-2.4249,65.9141,6,0,0,0,0
Session_5,2026-01-26 17:01:16.007,7.958,-75.6162,-86.5658,8.5028,-15.7207,91.0616,128.3904,32.1456,-447.4352,133.6141,-178.4789,-3.6237,65.9103,6,0,0,0,0
Session_5,2026-01-26 17:01:16.089,8.040,-75.6161,-86.5653,8.5041,-15.1501,91.5182,128.3862,32.8698,-448.0278,134.5970,-179.1934,-3.4592,65.9308,6,0,0,0,0
Session_5,2026-01-26 17:01:16.161,8.113,-75.6169,-86.5637,8.5122,-15.5532,91.3657,128.6396,32.5545,-447.5671,133.9609,-178.8127,-3.6672,65.6625,6,0,0,0,0
Session_5,2026-01-26 17:01:16.237,8.188,-75.6134,-86.5636,8.5124,-15.1536,91.3376,128.6053,32.6792,-448.0829,134.6362,-179.0433,-3.3382,65.7160,6,0,0,0,0
Session_5,2026-01-26 17:01:16.310,8.262,-75.6137,-86.5638,8.5118,-15.4962,91.1419,128.5936,32.3346,-447.7049,134.0481,-178.6762,-3.4845,65.7170,6,0,0,0,0
Session_5,2026-01-26 17:01:16.384,8.335,-75.6134,-86.5646,8.5103,-15.9370,91.4131,125.1892,32.5101,-447.0558,133.3024,-178.8507,-4.0751,69.1072,6,0,0,0,0
Session_5,2026-01-26 17:01:16.458,8.409,-75.6136,-86.5640,8.5114,-15.7345,91.8299,116.6453,33.0658,-447.1932,133.6653,-179.9344,-4.2050,77.6782,6,0,0,0,0
Session_5,2026-01-26 17:01:16.530,8.482,-75.6136,-86.5643,8.5111,-15.2916,92.3236,111.9026,33.7913,-447.6115,134.4298,179.0932,-3.9698,82.4474,6,0,0,0,0
Session_5,2026-01-26 17:01:16.596,8.548,-75.6132,-86.5645,8.5105,-15.3493,92.0490,112.6442,33.4522,-447.6194,134.3157,179.4209,-3.9294,81.7016,6,0,0,0,0
Session_5,2026-01-26 17:01:16.663,8.615,-75.6112,-86.5645,8.5105,-15.4928,92.2714,112.6497,33.6822,-447.3687,134.0837,179.2714,-4.1476,81.6951,6,0,0,0,0
Session_5,2026-01-26 17:01:16.729,8.681,-75.6023,-86.5648,8.5099,-15.5992,92.2501,112.4554,33.6918,-447.2332,133.8983,179.3181,-4.2361,81.8958,6,0,0,0,0
Session_5,2026-01-26 17:01:16.811,8.763,-75.5600,-86.5688,8.4875,-15.7008,91.9102,112.4883,33.5849,-447.1613,133.5832,179.6839,-4.2247,81.9003,6,0,0,0,0
Session_5,2026-01-26 17:01:16.879,8.831,-75.4580,-86.5691,8.4842,-15.7585,92.2893,112.4286,34.8058,-446.9099,133.4863,179.3526,-4.4256,82.0616,6,0,0,0,0
Session_5,2026-01-26 17:01:16.943,8.895,-75.2831,-86.5702,8.4832,-16.0366,92.9162,111.5243,36.8109,-446.2515,133.0420,178.8026,-4.9055,83.1389,6,0,0,0,0
Session_5,2026-01-26 17:01:17.012,8.964,-74.8451,-86.5716,8.4823,-16.3483,93.3652,107.5891,40.6368,-445.4126,132.5373,178.1351,-5.2466,87.5208,6,0,0,0,0
Session_5,2026-01-26 17:01:17.086,9.038,-74.0620,-86.5721,8.4820,-16.4122,93.8129,105.7970,47.2185,-444.5864,132.4601,177.5580,-5.3697,90.1056,6,0,0,0,0
Session_5,2026-01-26 17:01:17.176,9.127,-73.1660,-86.5912,8.4698,-17.7209,93.4641,105.8231,53.2374,-442.1842,130.0784,178.2651,-6.5647,90.9336,6,0,0,0,0
Session_5,2026-01-26 17:01:17.246,9.197,-72.5932,-86.6293,8.4210,-19.6539,93.1325,105.9418,56.4344,-439.0795,126.4497,179.1614,-8.4182,91.3113,6,0,0,0,0
Session_5,2026-01-26 17:01:17.324,9.276,-72.1867,-86.8706,8.3396,-20.6131,93.2025,106.1945,59.1267,-437.0786,122.7712,179.4976,-9.6713,91.4051,6,0,0,0,0
Session_5,2026-01-26 17:01:17.389,9.340,-72.1654,-87.6916,8.3325,-17.2437,91.9803,105.6047,59.1738,-441.5334,121.7452,179.8771,-6.8911,92.1231,6,0,0,0,0
Session_5,2026-01-26 17:01:17.463,9.415,-72.1769,-88.7834,8.3334,-15.2868,90.7100,104.5432,58.1849,-443.7770,116.5158,-179.2418,-5.7306,93.2065,6,0,0,0,0
Session_5,2026-01-26 17:01:17.535,9.486,-72.1794,-89.4717,8.3387,-16.7452,91.4893,104.4992,58.2436,-440.9351,108.9405,-179.4566,-7.9986,93.1808,6,0,0,0,0
Session_5,2026-01-26 17:01:17.596,9.547,-72.1791,-89.6371,8.3547,-17.5953,92.1870,104.5411,58.6276,-439.3588,106.4430,-179.8693,-9.1401,93.0996,6,0,0,0,0
Session_5,2026-01-26 17:01:17.661,9.613,-72.1771,-89.6156,8.5026,-17.0494,91.9480,104.4903,58.6641,-440.3688,108.0897,-179.8293,-8.3884,93.1811,6,0,0,0,0
Session_5,2026-01-26 17:01:17.736,9.688,-72.1779,-89.5118,8.8764,-19.0009,91.3836,104.5287,57.2769,-438.3089,107.4389,-178.8986,-9.6722,93.0836,6,0,0,0,0
Session_5,2026-01-26 17:01:17.809,9.761,-72.1779,-89.5083,9.2095,-19.2323,91.0025,104.5370,56.8364,-438.4497,108.5298,-178.5558,-9.4747,93.0818,6,0,0,0,0
Session_5,2026-01-26 17:01:17.884,9.835,-72.1665,-89.5082,9.3869,-18.3952,91.4873,104.5459,57.9160,-439.6037,110.6041,-179.2844,-8.6150,93.1229,6,0,0,0,0
Session_5,2026-01-26 17:01:17.957,9.909,-72.1675,-89.5081,9.3865,-18.9906,91.2854,104.5383,57.4076,-438.8464,109.6714,-178.9371,-9.1405,93.1068,6,0,0,0,0
Session_5,2026-01-26 17:01:18.032,9.984,-72.1684,-89.5065,9.3865,-19.5522,91.4303,104.5253,57.3133,-438.0020,108.8216,-178.9350,-9.7188,93.0948,6,0,0,0,0
Session_5,2026-01-26 17:01:18.106,10.058,-72.1675,-89.5068,9.3859,-19.6484,91.5944,104.5274,57.4652,-437.8036,108.6748,-179.0684,-9.8537,93.0885,6,0,0,0,0
Session_5,2026-01-26 17:01:18.188,10.139,-72.1679,-89.5067,9.3855,-20.4401,91.6727,104.5109,57.1882,-436.6411,107.4716,-178.9421,-10.6396,93.0681,6,0,0,0,0
Session_5,2026-01-26 17:01:18.261,10.213,-72.1682,-89.5066,9.3854,-20.7834,91.5202,104.4237,56.8496,-436.2005,106.9504,-178.7224,-10.9353,93.1407,6,0,0,0,0
Session_5,2026-01-26 17:01:18.336,10.288,-72.1679,-89.5068,9.3819,-21.6671,91.6644,104.3633,56.6023,-434.8518,105.6219,-178.6446,-11.8310,93.1565,6,0,0,0,0
Session_5,2026-01-26 17:01:18.418,10.370,-72.1678,-89.5070,9.3769,-21.9843,91.5985,104.3351,56.3739,-434.4021,105.1299,-178.5033,-12.1272,93.1684,6,0,0,0,0
Session_5,2026-01-26 17:01:18.508,10.460,-72.1678,-89.5076,9.3767,-21.3835,91.5930,104.3907,56.6521,-435.2885,106.0119,-178.6417,-11.5441,93.1435,6,0,0,0,0
Session_5,2026-01-26 17:01:18.590,10.542,-72.1686,-89.5083,9.3750,-20.8486,91.0410,104.4374,56.2585,-436.2697,106.7825,-178.2362,-10.8903,93.1258,6,0,0,0,0
Session_5,2026-01-26 17:01:18.667,10.618,-72.1688,-89.5079,9.3754,-19.4293,90.9846,104.3887,56.8476,-438.3285,108.9412,-178.5554,-9.5037,93.2401,6,0,0,0,0
Session_5,2026-01-26 17:01:18.742,10.694,-72.1697,-89.5047,9.3772,-18.8189,90.8817,104.3935,56.9997,-439.2324,109.9141,-178.6119,-8.8824,93.2600,6,0,0,0,0
Session_5,2026-01-26 17:01:18.816,10.767,-72.2131,-89.5053,9.3769,-19.2391,90.6406,104.3784,56.1988,-438.7719,109.2540,-178.2738,-9.2306,93.2167,6,0,0,0,0
Session_5,2026-01-26 17:01:18.882,10.834,-72.2965,-89.5045,9.3772,-18.9700,90.5322,104.3639,55.5557,-439.2736,109.6762,-178.2400,-8.9425,93.1596,6,0,0,0,0
Session_5,2026-01-26 17:01:18.946,10.897,-72.4157,-89.4986,9.3776,-19.0393,90.3323,103.9547,54.3814,-439.3694,109.6133,-178.0951,-8.9678,93.4536,6,0,0,0,0
Session_5,2026-01-26 17:01:19.022,10.974,-72.7075,-89.3744,9.3781,-19.8708,90.2142,103.6629,51.6750,-438.6178,109.2785,-177.8551,-9.6358,93.4304,6,0,0,0,0
Session_5,2026-01-26 17:01:19.104,11.056,-72.9570,-89.3152,9.3782,-19.7582,90.3619,103.4857,50.0014,-439.0023,109.9005,-178.0698,-9.5098,93.3660,6,0,0,0,0
Session_5,2026-01-26 17:01:19.179,11.130,-73.0115,-89.0908,9.3781,-19.4444,90.9778,103.3958,50.4968,-439.4815,112.0950,-178.8114,-9.1323,93.4195,6,0,0,0,0
Session_5,2026-01-26 17:01:19.244,11.195,-73.0051,-88.6869,9.3773,-20.3000,91.4008,103.2653,50.7739,-438.4647,113.8472,-179.1371,-9.6721,93.5389,6,0,0,0,0
Session_5,2026-01-26 17:01:19.318,11.270,-73.0012,-88.0780,9.3755,-21.1384,91.2195,102.1296,50.3807,-437.8311,117.1592,-179.1037,-9.8752,94.6868,6,0,0,0,0
Session_5,2026-01-26 17:01:19.400,11.352,-72.9967,-87.5996,9.3738,-20.9949,91.6988,101.5919,51.1467,-438.2303,121.0090,-179.7948,-9.3723,95.2576,6,0,0,0,0
Session_5,2026-01-26 17:01:19.491,11.442,-72.9987,-87.2626,9.3739,-20.4119,91.4832,103.6691,51.2041,-439.3642,124.4660,-179.4654,-8.4144,93.1853,6,0,0,0,0
Session_5,2026-01-26 17:01:19.564,11.516,-73.0064,-87.0678,9.3742,-20.7415,91.6837,103.9032,51.2773,-438.9731,125.4365,-179.5923,-8.5907,92.9356,6,0,0,0,0
Session_5,2026-01-26 17:01:19.638,11.589,-73.0084,-86.9404,9.3741,-20.8685,91.8484,103.9005,51.4252,-438.8239,126.2099,-179.7528,-8.6300,92.9362,6,0,0,0,0
Session_5,2026-01-26 17:01:19.720,11.672,-73.0141,-86.8976,9.3741,-20.7497,91.9281,103.8991,51.5326,-438.9944,126.7244,-179.8700,-8.4924,92.9377,6,0,0,0,0
Session_5,2026-01-26 17:01:19.811,11.762,-73.0143,-86.8813,9.3742,-20.6989,92.0208,103.9018,51.6637,-439.0432,126.9315,-179.9760,-8.4495,92.9372,6,0,0,0,0
Session_5,2026-01-26 17:01:19.876,11.828,-73.0141,-86.8260,9.3742,-20.8006,92.0421,103.9018,51.6576,-438.9298,127.1928,-179.9853,-8.4995,92.9357,6,0,0,0,0
Session_5,2026-01-26 17:01:19.950,11.902,-73.0129,-86.5710,9.3742,-21.3231,92.0757,103.9066,51.5323,-438.3486,128.3098,-179.9515,-8.7671,92.9222,6,0,0,0,0
Session_5,2026-01-26 17:01:20.024,11.975,-73.0112,-85.9685,9.3742,-22.0180,92.1135,103.8977,51.4001,-437.7163,131.7884,-179.9668,-8.8659,92.9294,6,0,0,0,0
Session_5,2026-01-26 17:01:20.097,12.049,-73.0110,-85.2208,9.3742,-21.8518,92.0812,103.9025,51.5507,-438.3379,137.7119,179.8410,-7.9715,92.9575,6,0,0,0,0
Session_5,2026-01-26 17:01:20.161,12.113,-73.0114,-84.4826,9.3742,-21.8113,92.0586,103.9046,51.6308,-438.7053,143.3730,179.6730,-7.2106,92.9801,6,0,0,0,0
Session_5,2026-01-26 17:01:20.256,12.207,-73.0119,-83.6887,9.3742,-22.2748,92.0647,103.9053,51.5209,-438.3323,148.6482,179.5865,-6.8915,92.9889,6,0,0,0,0
Session_5,2026-01-26 17:01:20.474,12.426,-73.0161,-80.1288,9.3746,-25.8261,92.3518,103.9025,50.4718,-433.8141,169.7821,179.3053,-6.9518,92.9884,6,0,0,0,0
Session_5,2026-01-26 17:01:20.547,12.499,-73.0169,-79.1546,9.3745,-27.4727,92.3875,103.8998,49.7919,-431.4611,174.4270,179.4343,-7.6128,92.9696,6,0,0,0,0
Session_5,2026-01-26 17:01:20.622,12.574,-73.0235,-78.1817,9.3744,-29.2236,92.3779,103.9053,48.9404,-428.8800,178.8800,179.6349,-8.3655,92.9310,6,0,0,0,0
Session_5,2026-01-26 17:01:20.705,12.656,-73.0778,-77.3024,9.3734,-28.9709,92.2460,103.9032,48.4092,-429.0659,185.7864,179.4860,-7.2365,92.9161,6,0,0,0,0
Session_5,2026-01-26 17:01:20.787,12.738,-73.2255,-76.3888,9.3734,-28.7450,92.2440,103.9011,47.2809,-429.1237,192.9219,179.2104,-6.1302,92.8028,6,0,0,0,0
Session_5,2026-01-26 17:01:20.869,12.821,-73.4030,-75.2061,9.3710,-30.5166,92.2433,103.9046,45.0652,-426.2995,198.7643,179.3552,-6.7038,92.6057,6,0,0,0,0
Session_5,2026-01-26 17:01:20.943,12.894,-73.4083,-74.2762,9.3708,-31.8288,92.3538,103.9039,44.4617,-423.9404,203.4717,179.3409,-7.1015,92.5902,6,0,0,0,0
Session_5,2026-01-26 17:01:21.025,12.977,-73.4077,-73.4003,9.3709,-32.5662,92.2803,103.9018,43.9052,-422.3708,208.6733,179.3783,-6.9495,92.5968,6,0,0,0,0
Session_5,2026-01-26 17:01:21.099,13.051,-73.4067,-72.6648,9.3712,-32.9988,92.2577,103.9066,43.5452,-421.2330,213.3243,179.3270,-6.6498,92.6016,6,0,0,0,0
Session_5,2026-01-26 17:01:21.163,13.115,-73.4065,-71.9958,9.3717,-33.0325,92.1897,103.9011,43.2862,-420.6459,218.1235,179.2378,-6.0164,92.6242,6,0,0,0,0
Session_5,2026-01-26 17:01:21.230,13.182,-73.4055,-71.2041,9.3717,-33.3799,92.2247,103.9032,42.9787,-419.4408,223.2878,179.0963,-5.5937,92.6342,6,0,0,0,0
Session_5,2026-01-26 17:01:21.295,13.247,-73.3991,-70.4512,9.3716,-33.5014,92.2137,103.9046,42.7376,-418.5171,228.5233,178.9542,-4.9785,92.6532,6,0,0,0,0
Session_5,2026-01-26 17:01:21.378,13.329,-73.3965,-69.8401,9.3716,-33.9230,92.2316,103.9059,42.4169,-417.2989,232.2244,178.8911,-4.7989,92.6585,6,0,0,0,0
Session_5,2026-01-26 17:01:21.444,13.395,-73.3966,-69.8112,9.3716,-33.9320,92.2323,103.9053,42.4040,-417.2549,232.4171,178.8856,-4.7797,92.6595,6,0,0,0,0
Session_5,2026-01-26 17:01:21.519,13.470,-73.3966,-69.8113,9.3717,-34.3831,92.2817,103.9053,42.2875,-416.6546,231.6705,178.9467,-5.2294,92.6502,6,0,0,0,0
Session_5,2026-01-26 17:01:21.593,13.544,-73.3964,-69.8171,9.3715,-34.6715,92.3607,103.9011,42.2704,-416.2580,231.1558,178.9410,-5.5339,92.6482,6,0,0,0,0
Session_5,2026-01-26 17:01:21.667,13.619,-73.3963,-69.8202,9.3714,-35.0821,92.3806,103.9059,42.1341,-415.7153,230.4595,179.0225,-5.9404,92.6334,6,0,0,0,0
Session_5,2026-01-26 17:01:21.749,13.701,-73.3971,-69.8200,9.3718,-34.7834,92.3703,103.9046,42.2335,-416.1119,230.9526,178.9597,-5.6474,92.6413,6,0,0,0,0
Session_5,2026-01-26 17:01:21.823,13.775,-73.3972,-69.8202,9.3718,-35.1377,92.4300,103.9080,42.1637,-415.6257,230.3724,178.9881,-6.0060,92.6293,6,0,0,0,0
Session_5,2026-01-26 17:01:21.905,13.857,-73.3993,-69.8203,9.3717,-34.6413,92.4122,103.9059,42.3219,-416.2856,231.1860,178.8848,-5.5200,92.6413,6,0,0,0,0
Session_5,2026-01-26 17:01:21.988,13.939,-73.4168,-69.8202,9.3718,-34.0762,92.4039,103.9053,42.4036,-417.0352,232.1220,178.7559,-4.9694,92.6369,6,0,0,0,0
Session_5,2026-01-26 17:01:22.060,14.012,-73.4143,-69.8204,9.3717,-33.6683,92.4403,103.9039,42.6206,-417.5455,232.8017,178.6219,-4.5825,92.6492,6,0,0,0,0
Session_5,2026-01-26 17:01:22.143,14.095,-73.4282,-69.8207,9.3717,-32.4893,92.4527,103.9059,42.9768,-419.0412,234.7868,178.3256,-3.4415,92.6532,6,0,0,0,0
Session_5,2026-01-26 17:01:22.210,14.162,-73.4498,-69.8206,9.3717,-31.2952,92.4623,103.9073,43.2661,-420.5225,236.8317,178.0289,-2.2847,92.6447,6,0,0,0,0
Session_5,2026-01-26 17:01:22.284,14.236,-73.4512,-69.8395,9.3713,-30.9210,92.4712,103.9066,43.4076,-420.9950,237.3409,177.9349,-1.9423,92.6472,6,0,0,0,0
Session_5,2026-01-26 17:01:22.358,14.310,-73.4518,-70.0418,9.3706,-31.3852,92.4788,103.9059,43.3165,-420.6707,235.0693,178.0879,-2.5917,92.6411,6,0,0,0,0
Session_5,2026-01-26 17:01:22.433,14.385,-73.4616,-70.3780,9.3645,-31.5459,92.4802,103.9039,43.3017,-420.8659,232.3297,178.2076,-3.0802,92.6273,6,0,0,0,0
Session_5,2026-01-26 17:01:22.508,14.459,-73.4666,-70.6964,9.2006,-32.3650,92.4918,103.9039,43.0775,-420.1895,227.9567,178.5100,-4.3463,92.6020,6,0,0,0,0
Session_5,2026-01-26 17:01:22.579,14.530,-73.4669,-70.7842,8.6483,-32.8656,92.4644,103.9066,42.8747,-419.6298,224.2084,178.8128,-5.4468,92.5753,6,0,0,0,0
Session_5,2026-01-26 17:01:22.656,14.607,-73.4853,-70.7960,7.1598,-31.4765,92.3978,103.9080,43.1656,-421.3639,220.2557,178.9046,-5.5388,92.5526,6,0,0,0,0
Session_5,2026-01-26 17:01:22.716,14.668,-73.5728,-70.7949,5.6191,-29.0472,92.4630,103.9046,43.4628,-424.3407,217.8610,178.6255,-4.6908,92.4881,6,0,0,0,0
Session_5,2026-01-26 17:01:22.778,14.730,-73.9534,-70.7916,3.7252,-25.3949,92.4850,103.9032,41.8978,-428.8854,216.0201,178.1793,-2.9862,92.1375,6,0,0,0,0
Session_5,2026-01-26 17:01:22.860,14.812,-74.9534,-70.7691,1.2343,-20.8843,92.4795,103.9025,35.7207,-434.4669,213.2221,177.6937,-1.0025,91.1552,6,0,0,0,0
Session_5,2026-01-26 17:01:22.927,14.879,-75.8457,-70.7691,-0.7186,-19.2954,92.4342,103.9059,29.2328,-436.3137,207.4420,177.8252,-1.3451,90.2572,6,0,0,0,0
Session_5,2026-01-26 17:01:22.994,14.945,-76.4604,-70.7675,-2.5812,-18.3389,92.3703,103.9108,24.5773,-437.0459,200.9194,178.1048,-2.2079,89.6304,6,0,0,0,0
Session_5,2026-01-26 17:01:23.060,15.012,-76.6730,-70.6121,-4.7934,-14.8315,92.5461,103.9066,23.8952,-440.1773,198.4081,177.5854,-0.8419,89.4328,6,0,0,0,0
Session_5,2026-01-26 17:01:23.134,15.086,-76.6386,-69.6741,-7.4594,-13.1966,92.8496,103.9053,24.5129,-440.0592,196.4847,177.3131,-1.0051,89.4715,6,0,0,0,0
Session_5,2026-01-26 17:01:23.209,15.160,-76.1496,-68.2726,-10.7193,-12.6274,92.8207,103.9094,27.7106,-437.7202,193.4757,177.6509,-2.2497,89.9473,6,0,0,0,0
Session_5,2026-01-26 17:01:23.292,15.243,-75.0496,-66.8078,-14.8126,-9.5231,93.0837,103.9114,36.4133,-437.0127,191.5475,177.2812,-1.8510,91.0521,6,0,0,0,0
Session_5,2026-01-26 17:01:23.366,15.318,-73.9973,-65.6749,-18.6119,-6.0219,93.1229,103.9121,44.5987,-436.6777,189.0399,177.0427,-1.0501,92.1092,6,0,0,0,0
Session_5,2026-01-26 17:01:23.448,15.400,-73.1288,-64.8323,-22.3464,-4.0931,93.0727,103.9066,50.6458,-434.2921,181.8266,177.3226,-1.9728,92.9765,6,0,0,0,0
Session_5,2026-01-26 17:01:23.513,15.465,-72.6952,-64.4580,-25.3294,-2.5241,93.1105,103.9073,53.4837,-432.3057,173.8708,177.5359,-2.9911,93.3991,6,0,0,0,0
Session_5,2026-01-26 17:01:23.579,15.531,-72.5604,-64.3603,-28.5035,0.5328,93.0521,103.9066,54.3244,-431.8534,165.5364,177.5973,-2.9960,93.5337,6,0,0,0,0
Session_5,2026-01-26 17:01:23.653,15.604,-72.5658,-64.3594,-31.5494,3.0315,92.7528,103.9073,53.5306,-430.6723,156.1111,178.0196,-3.4545,93.5174,6,0,0,0,0
Session_5,2026-01-26 17:01:23.712,15.664,-72.5653,-64.3596,-33.7672,5.6154,92.7308,103.9073,53.4246,-430.4095,150.5858,177.9528,-3.0940,93.5228,6,0,0,0,0
Session_5,2026-01-26 17:01:23.792,15.744,-72.5651,-64.3346,-36.2556,9.6590,92.7232,103.9073,53.6697,-431.2165,146.5992,177.5801,-1.5583,93.5384,6,0,0,0,0
Session_5,2026-01-26 17:01:23.860,15.812,-72.5657,-64.3333,-37.6881,10.0978,92.7569,103.9080,53.0956,-429.2672,140.9676,177.7861,-2.5297,93.5289,6,0,0,0,0
Session_5,2026-01-26 17:01:23.935,15.887,-72.5654,-64.3334,-38.7414,10.0607,92.8043,103.9059,52.5407,-427.3019,136.2352,178.0025,-3.5995,93.5176,6,0,0,0,0
Session_5,2026-01-26 17:01:24.001,15.953,-72.5654,-64.3271,-39.5333,11.2026,92.7521,103.9101,52.4632,-427.2657,134.7231,177.9676,-3.2413,93.5182,6,0,0,0,0
Session_5,2026-01-26 17:01:24.081,16.033,-72.5653,-64.3273,-40.2545,12.6439,92.7006,103.9101,52.5323,-427.6923,134.0001,177.8443,-2.5301,93.5265,6,0,0,0,0
Session_5,2026-01-26 17:01:24.146,16.097,-72.5653,-64.3277,-40.6099,12.6865,92.6834,103.9087,52.3173,-427.0765,132.4993,177.9362,-2.8300,93.5243,6,0,0,0,0
Session_5,2026-01-26 17:01:24.214,16.166,-72.5648,-64.3278,-41.1903,13.1534,92.5983,103.9066,52.0517,-426.5618,130.7353,178.0462,-2.9197,93.5248,6,0,0,0,0
Session_5,2026-01-26 17:01:24.279,16.230,-72.5646,-64.3287,-41.9370,13.8256,92.6367,103.9087,51.8972,-425.9111,128.5980,178.0271,-3.0022,93.5222,6,0,0,0,0
Session_5,2026-01-26 17:01:24.353,16.305,-72.5646,-64.3287,-43.0521,15.6054,92.5983,103.9073,51.8371,-425.8744,126.7569,177.9044,-2.3477,93.5308,6,0,0,0,0
Session_5,2026-01-26 17:01:24.436,16.387,-72.5646,-64.3284,-44.3410,18.0121,92.5426,103.9066,51.8571,-426.1639,125.2740,177.6897,-1.2490,93.5393,6,0,0,0,0
Session_5,2026-01-26 17:01:24.502,16.453,-72.5647,-64.3284,-45.1863,18.6754,92.5255,103.9087,51.5380,-425.2191,122.7246,177.7501,-1.4217,93.5360,6,0,0,0,0
Session_5,2026-01-26 17:01:24.575,16.526,-72.5648,-64.3283,-45.8040,18.6733,92.5282,103.9059,51.1341,-423.9229,120.0257,177.8963,-2.0237,93.5343,6,0,0,0,0
Session_5,2026-01-26 17:01:24.657,16.608,-72.5645,-64.3285,-46.3720,18.7317,92.5344,103.9080,50.7842,-422.7779,117.6589,178.0130,-2.5201,93.5276,6,0,0,0,0
Session_5,2026-01-26 17:01:24.740,16.692,-72.5645,-64.3286,-46.8561,19.0681,92.4623,103.9087,50.4995,-422.1634,116.1378,178.1186,-2.6463,93.5247,6,0,0,0,0
Session_5,2026-01-26 17:01:24.824,16.775,-72.5645,-64.3287,-47.0030,19.5241,92.4060,103.9094,50.5076,-422.4166,116.2834,178.0989,-2.3329,93.5269,6,0,0,0,0
Session_5,2026-01-26 17:01:24.907,16.859,-72.5644,-64.3287,-47.0017,19.9649,92.2158,103.9087,50.4555,-423.0183,117.0415,178.1772,-1.8580,93.5300,6,0,0,0,0
Session_5,2026-01-26 17:01:24.989,16.941,-72.5646,-64.3288,-47.0017,19.9244,92.2364,103.9066,50.4628,-422.9624,116.9717,178.1669,-1.9023,93.5317,6,0,0,0,0
Session_5,2026-01-26 17:01:25.063,17.014,-72.5647,-64.3288,-47.0016,19.5900,91.8148,103.9101,49.8483,-422.7133,116.3762,178.6568,-2.1256,93.5226,6,0,0,0,0
Session_5,2026-01-26 17:01:25.143,17.095,-72.5648,-64.3288,-47.0018,19.0400,91.8917,103.9073,49.7264,-422.0169,115.4330,178.7144,-2.6780,93.5201,6,0,0,0,0
Session_5,2026-01-26 17:01:25.227,17.178,-72.5647,-64.3281,-47.0005,18.8601,91.8999,103.9080,49.6689,-421.7967,115.1356,178.7493,-2.8528,93.5175,6,0,0,0,0
Session_5,2026-01-26 17:01:25.294,17.245,-72.5648,-64.3290,-47.0012,17.8171,92.0620,103.9080,49.4477,-420.4397,113.3632,178.8438,-3.9056,93.5034,6,0,0,0,0
Session_5,2026-01-26 17:01:25.366,17.318,-72.5645,-64.3309,-47.0011,17.9613,92.0531,103.9073,49.4958,-420.6225,113.5926,178.8180,-3.7652,93.5066,6,0,0,0,0
Session_5,2026-01-26 17:01:25.440,17.391,-72.5648,-64.3352,-47.0015,17.9125,92.0483,103.9080,49.4678,-420.5587,113.4775,178.8356,-3.8159,93.5048,6,0,0,0,0
Session_5,2026-01-26 17:01:25.514,17.466,-72.5647,-64.3417,-47.0017,18.3176,92.0524,103.9066,49.6299,-421.0572,114.1148,178.7355,-3.4302,93.5123,6,0,0,0,0
Session_5,2026-01-26 17:01:25.577,17.529,-72.5651,-64.3430,-47.0019,18.3080,92.0737,103.9094,49.6477,-421.0363,114.0888,178.7177,-3.4462,93.5092,6,0,0,0,0
Session_5,2026-01-26 17:01:25.637,17.589,-72.5650,-64.3486,-47.0021,18.0052,92.0311,103.9073,49.4785,-420.6684,113.5327,178.8333,-3.7355,93.5064,6,0,0,0,0
Session_5,2026-01-26 17:01:25.711,17.663,-72.5650,-64.4358,-47.0030,18.0471,92.0332,103.9101,49.4730,-420.6427,112.9666,178.8426,-3.7809,93.5029,6,0,0,0,0
Session_5,2026-01-26 17:01:25.786,17.738,-72.5650,-64.6405,-47.0030,18.2538,92.0201,103.9053,49.4827,-420.7265,111.8278,178.8545,-3.7758,93.5077,6,0,0,0,0
Session_5,2026-01-26 17:01:25.850,17.802,-72.5653,-65.0210,-47.0033,18.5422,92.0524,103.9073,49.5233,-420.7312,109.5506,178.8456,-3.8732,93.5041,6,0,0,0,0
Session_5,2026-01-26 17:01:25.925,17.877,-72.5658,-65.4817,-47.0031,18.5834,92.0551,103.9073,49.4010,-420.3436,106.2755,178.9442,-4.2808,93.4963,6,0,0,0,0
Session_5,2026-01-26 17:01:25.999,17.950,-72.5658,-66.0203,-47.0026,19.0627,92.0544,103.9101,49.4212,-420.4109,103.1711,178.9592,-4.3378,93.4925,6,0,0,0,0
Session_5,2026-01-26 17:01:26.063,18.015,-72.5656,-66.2807,-47.0021,19.8338,92.0805,103.9087,49.6742,-421.1059,102.5785,178.8104,-3.8479,93.5030,6,0,0,0,0
Session_5,2026-01-26 17:01:26.131,18.083,-72.5656,-66.3258,-47.0019,20.0549,92.0785,103.9080,49.7445,-421.3372,102.6247,178.7698,-3.6763,93.5065,6,0,0,0,0
Session_5,2026-01-26 17:01:26.196,18.148,-72.5654,-66.3260,-47.0019,20.1057,92.0798,103.9087,49.7668,-421.3998,102.7089,178.7563,-3.6276,93.5067,6,0,0,0,0
Session_5,2026-01-26 17:01:26.278,18.230,-72.5657,-66.3259,-47.0018,20.0157,92.0833,103.9094,49.7339,-421.2867,102.5587,178.7747,-3.7155,93.5044,6,0,0,0,0
Session_5,2026-01-26 17:01:26.360,18.311,-72.5657,-66.3254,-47.0016,19.9072,92.0757,103.9087,49.6824,-421.1545,102.3795,178.8080,-3.8183,93.5033,6,0,0,0,0
Session_5,2026-01-26 17:01:26.434,18.386,-72.5657,-66.3251,-47.0014,19.8324,92.0984,103.9066,49.6796,-421.0532,102.2575,178.8038,-3.8958,93.5043,6,0,0,0,0
Session_5,2026-01-26 17:01:26.493,18.444,-72.5658,-66.3250,-47.0014,19.8502,92.1025,103.9066,49.6903,-421.0742,102.2880,178.7954,-3.8795,93.5045,6,0,0,0,0
Session_5,2026-01-26 17:01:26.565,18.517,-72.5658,-66.3251,-47.0014,19.8523,92.1046,103.9073,49.6935,-421.0760,102.2913,178.7930,-3.8780,93.5039,6,0,0,0,0
Session_5,2026-01-26 17:01:26.630,18.581,-72.5658,-66.3251,-47.0014,19.8468,92.0943,103.9073,49.6798,-421.0726,102.2810,178.8044,-3.8810,93.5038,6,0,0,0,0
Session_5,2026-01-26 17:01:26.706,18.658,-72.5658,-66.3251,-47.0014,19.8241,92.0963,103.9087,49.6730,-421.0435,102.2430,178.8079,-3.9035,93.5020,6,0,0,0,0
Session_5,2026-01-26 17:01:26.790,18.741,-72.5658,-66.3251,-47.0014,19.8324,92.1018,103.9094,49.6825,-421.0518,102.2571,178.8006,-3.8968,93.5015,6,0,0,0,0
Session_5,2026-01-26 17:01:26.862,18.814,-72.5658,-66.3251,-47.0014,19.8186,92.1004,103.9087,49.6755,-421.0351,102.2337,178.8052,-3.9098,93.5019,6,0,0,0,0
Session_5,2026-01-26 17:01:26.945,18.896,-72.5659,-66.3252,-47.0014,19.7108,92.0826,103.9087,49.6118,-420.9058,102.0512,178.8486,-4.0102,93.5000,6,0,0,0,0
Session_5,2026-01-26 17:01:27.019,18.971,-72.5659,-66.3251,-47.0014,19.6985,92.1217,103.9080,49.6524,-420.8762,102.0326,178.8135,-4.0315,93.5007,6,0,0,0,0
Session_5,2026-01-26 17:01:27.093,19.044,-72.5659,-66.3251,-47.0014,19.7054,92.1465,103.9046,49.6838,-420.8761,102.0456,178.7876,-4.0306,93.5044,6,0,0,0,0
Session_5,2026-01-26 17:01:27.161,19.112,-72.5665,-66.3253,-47.0015,19.5831,92.2110,103.9101,49.7049,-420.6987,101.8413,178.7549,-4.1652,93.4964,6,0,0,0,0
Session_5,2026-01-26 17:01:27.234,19.185,-72.5662,-66.3255,-47.0018,19.4225,92.1313,103.9080,49.5507,-420.5226,101.5647,178.8710,-4.3025,93.4955,6,0,0,0,0
Session_5,2026-01-26 17:01:27.314,19.266,-72.5664,-66.3257,-47.0019,19.2439,92.2186,103.9080,49.5792,-420.2642,101.2686,178.8295,-4.4970,93.4925,6,0,0,0,0
Session_5,2026-01-26 17:01:27.379,19.330,-72.5660,-66.3258,-47.0022,19.0730,92.0991,103.9094,49.3751,-420.0880,100.9755,178.9871,-4.6346,93.4876,6,0,0,0,0
Session_5,2026-01-26 17:01:27.445,19.396,-72.5667,-66.3262,-47.0023,18.6919,92.3071,103.9094,49.4568,-419.5241,100.3480,178.8774,-5.0549,93.4800,6,0,0,0,0
Session_5,2026-01-26 17:01:27.520,19.472,-72.5658,-66.3265,-47.0019,19.0908,92.0297,103.9080,49.3033,-420.1355,100.9984,179.0501,-4.6010,93.4892,6,0,0,0,0
Session_5,2026-01-26 17:01:27.594,19.546,-72.5664,-66.3269,-47.0023,18.9095,92.1835,103.9073,49.4038,-419.8473,100.6989,178.9447,-4.8146,93.4864,6,0,0,0,0
Session_5,2026-01-26 17:01:27.666,19.618,-72.5663,-66.3270,-47.0023,18.8718,92.1595,103.9087,49.3611,-419.8073,100.6341,178.9773,-4.8456,93.4842,6,0,0,0,0
Session_5,2026-01-26 17:01:27.728,19.680,-72.5663,-66.3268,-47.0021,19.0132,92.1403,103.9101,49.3960,-419.9961,100.8704,178.9618,-4.7034,93.4856,6,0,0,0,0
Session_5,2026-01-26 17:01:27.799,19.750,-72.5663,-66.3269,-47.0022,18.9404,92.1664,103.9094,49.3970,-419.8931,100.7494,178.9541,-4.7805,93.4849,6,0,0,0,0
Session_5,2026-01-26 17:01:27.873,19.824,-72.5663,-66.3270,-47.0023,18.9123,92.1568,103.9108,49.3744,-419.8602,100.7011,178.9704,-4.8057,93.4829,6,0,0,0,0
Session_5,2026-01-26 17:01:27.946,19.897,-72.5663,-66.3271,-47.0024,18.8745,92.1595,103.9101,49.3624,-419.8104,100.6374,178.9768,-4.8432,93.4829,6,0,0,0,0
Session_5,2026-01-26 17:01:28.022,19.973,-72.5663,-66.3272,-47.0024,18.8422,92.1650,103.9094,49.3556,-419.7668,100.5829,178.9793,-4.8760,93.4829,6,0,0,0,0
Session_5,2026-01-26 17:01:28.095,20.047,-72.5663,-66.3277,-47.0025,18.7743,92.1684,103.9114,49.3318,-419.6776,100.4662,178.9927,-4.9433,93.4794,6,0,0,0,0
Session_5,2026-01-26 17:01:28.177,20.129,-72.5663,-66.3283,-47.0025,18.7186,92.1684,103.9094,49.3094,-419.6052,100.3697,179.0061,-4.9979,93.4804,6,0,0,0,0
Session_5,2026-01-26 17:01:28.250,20.202,-72.5663,-66.3287,-47.0025,18.6520,92.2034,103.9101,49.3228,-419.5062,100.2573,178.9884,-5.0714,93.4784,6,0,0,0,0
Session_5,2026-01-26 17:01:28.311,20.263,-72.5663,-66.3293,-47.0026,18.6685,92.1835,103.9108,49.3062,-419.5339,100.2795,179.0040,-5.0512,93.4780,6,0,0,0,0
Session_5,2026-01-26 17:01:28.377,20.329,-72.5663,-66.3292,-47.0025,18.7248,92.1787,103.9080,49.3234,-419.6084,100.3734,178.9948,-4.9953,93.4819,6,0,0,0,0
Session_5,2026-01-26 17:01:28.448,20.400,-72.5663,-66.3294,-47.0026,18.7331,92.1725,103.9094,49.3194,-419.6208,100.3851,178.9990,-4.9861,93.4807,6,0,0,0,0
Session_5,2026-01-26 17:01:28.510,20.461,-72.5663,-66.3327,-47.0035,18.6699,92.1465,103.9114,49.2622,-419.5433,100.2519,179.0408,-5.0451,93.4771,6,0,0,0,0
Session_5,2026-01-26 17:01:28.589,20.540,-72.5663,-66.4106,-47.0035,18.5003,92.1870,103.9080,49.2136,-419.2246,99.4089,179.0611,-5.2950,93.4753,6,0,0,0,0
Session_5,2026-01-26 17:01:28.661,20.613,-72.5664,-66.4988,-47.0036,18.5504,92.2803,103.9087,49.3106,-419.1589,98.8572,178.9797,-5.3545,93.4740,6,0,0,0,0
Session_5,2026-01-26 17:01:28.743,20.694,-72.5663,-66.5039,-47.0036,18.7214,92.2055,103.9114,49.2923,-419.4015,99.0992,179.0125,-5.1756,93.4747,6,0,0,0,0
Session_5,2026-01-26 17:01:28.826,20.777,-72.5663,-66.5105,-47.0039,18.6074,92.2186,103.9101,49.2584,-419.2412,98.8620,179.0289,-5.2961,93.4734,6,0,0,0,0
Session_5,2026-01-26 17:01:28.893,20.844,-72.5663,-66.5218,-47.0042,18.3657,92.2838,103.9087,49.2313,-418.8904,98.3833,179.0269,-5.5576,93.4693,6,0,0,0,0
Session_5,2026-01-26 17:01:28.967,20.918,-72.5663,-66.5385,-47.0047,18.4227,92.2460,103.9073,49.2047,-418.9586,98.3531,179.0537,-5.5098,93.4715,6,0,0,0,0
Session_5,2026-01-26 17:01:29.044,20.995,-72.5663,-66.5502,-47.0046,18.3005,92.3215,103.9108,49.2379,-418.7593,98.0713,179.0132,-5.6579,93.4651,6,0,0,0,0
Session_5,2026-01-26 17:01:29.115,21.066,-72.5664,-66.5568,-47.0048,18.3712,92.2735,103.9094,49.2086,-418.8608,98.1361,179.0443,-5.5844,93.4678,6,0,0,0,0
Session_5,2026-01-26 17:01:29.207,21.158,-72.5664,-66.5868,-47.0048,18.4460,92.2982,103.9087,49.2573,-418.9162,98.0445,179.0093,-5.5466,93.4697,6,0,0,0,0
Session_5,2026-01-26 17:01:29.274,21.226,-72.5663,-66.6030,-47.0047,18.7406,92.2000,103.9101,49.2587,-419.3160,98.4086,179.0373,-5.2529,93.4743,6,0,0,0,0
Session_5,2026-01-26 17:01:29.358,21.310,-72.5663,-66.6027,-47.0042,19.0990,92.1739,103.9087,49.3741,-419.7893,99.0057,178.9755,-4.8980,93.4833,6,0,1,0,0
Session_5,2026-01-26 17:01:29.442,21.394,-72.5663,-66.6027,-47.0041,19.0963,92.1574,103.9108,49.3541,-419.7919,99.0010,178.9923,-4.8966,93.4811,6,0,0,0,0
Session_5,2026-01-26 17:01:29.526,21.478,-72.5662,-66.6028,-47.0040,19.0613,92.1540,103.9059,49.3366,-419.7481,98.9425,179.0037,-4.9297,93.4852,6,0,0,0,0
Session_5,2026-01-26 17:01:29.609,21.561,-72.5661,-66.6027,-47.0039,19.0743,92.1581,103.9087,49.3473,-419.7638,98.9654,178.9968,-4.9179,93.4828,6,0,0,0,0
Session_5,2026-01-26 17:01:29.686,21.638,-72.5662,-66.6026,-47.0038,19.1238,92.1430,103.9087,49.3497,-419.8332,99.0483,178.9994,-4.8660,93.4838,6,0,0,0,0
Session_5,2026-01-26 17:01:29.761,21.713,-72.5661,-66.6024,-47.0035,19.1725,92.1355,103.9094,49.3611,-419.8993,99.1317,178.9949,-4.8164,93.4841,6,0,0,0,0
Session_5,2026-01-26 17:01:29.836,21.788,-72.5661,-66.6017,-47.0030,19.3819,92.1300,103.9059,49.4396,-420.1713,99.4876,178.9490,-4.6106,93.4917,6,0,0,0,0
Session_5,2026-01-26 17:01:29.911,21.862,-72.5662,-66.5979,-47.0023,19.6360,92.1300,103.9059,49.5428,-420.5007,99.9427,178.8865,-4.3597,93.4966,6,0,0,0,0
Session_5,2026-01-26 17:01:29.978,21.930,-72.5661,-66.5919,-47.0019,19.7115,92.1217,103.9080,49.5657,-420.6069,100.1141,178.8749,-4.2783,93.4960,6,0,0,0,0
Session_5,2026-01-26 17:01:30.046,21.997,-72.5661,-66.5815,-47.0014,19.7191,92.1231,103.9094,49.5743,-420.6285,100.2047,178.8692,-4.2607,93.4949,6,0,0,0,0
Session_5,2026-01-26 17:01:30.112,22.064,-72.5661,-66.5471,-47.0002,19.6751,92.1059,103.9087,49.5494,-420.6188,100.3849,178.8878,-4.2647,93.4954,6,0,0,0,0
Session_5,2026-01-26 17:01:30.178,22.129,-72.5659,-66.4293,-46.9999,19.5515,92.0853,103.9059,49.5181,-420.5968,101.0340,178.9090,-4.2649,93.4982,6,0,0,0,0
Session_5,2026-01-26 17:01:30.245,22.196,-72.5658,-66.4052,-47.0000,19.4382,92.0771,103.9066,49.4719,-420.4814,101.0183,178.9386,-4.3496,93.4959,6,0,0,0,0
Session_5,2026-01-26 17:01:30.324,22.276,-72.5657,-66.4057,-47.0002,19.3613,92.0572,103.9121,49.4191,-420.3897,100.8842,178.9771,-4.4203,93.4890,6,0,0,0,0
Session_5,2026-01-26 17:01:30.399,22.351,-72.5656,-66.4055,-47.0001,19.3881,92.0524,103.9066,49.4249,-420.4258,100.9304,178.9748,-4.3928,93.4951,6,0,0,0,0
Session_5,2026-01-26 17:01:30.491,22.442,-72.5657,-66.4074,-47.0005,19.2824,92.0565,103.9059,49.3857,-420.2868,100.7384,178.9969,-4.4986,93.4937,6,0,0,0,0
Session_5,2026-01-26 17:01:30.574,22.526,-72.5655,-66.4144,-47.0012,19.1512,91.9954,103.9080,49.2610,-420.1320,100.4631,179.0899,-4.6187,93.4889,6,0,0,0,0
Session_5,2026-01-26 17:01:30.644,22.595,-72.5655,-66.4311,-47.0020,19.0860,92.0132,103.9094,49.2492,-420.0224,100.2310,179.0927,-4.7033,93.4860,6,0,0,0,0
Session_5,2026-01-26 17:01:30.709,22.661,-72.5653,-66.4730,-47.0022,19.0098,92.0016,103.9080,49.1921,-419.8827,99.7985,179.1325,-4.8153,93.4851,6,0,0,0,0
Session_5,2026-01-26 17:01:30.795,22.747,-72.5653,-66.5073,-47.0024,19.0256,92.0091,103.9073,49.1952,-419.8624,99.5759,179.1297,-4.8353,93.4855,6,1,0,0,0
Session_5,2026-01-26 17:01:30.860,22.812,-72.5653,-66.5071,-47.0022,19.3394,91.9913,103.9094,49.3009,-420.2711,100.1002,179.0712,-4.5261,93.4895,6,1,0,0,0
Session_5,2026-01-26 17:01:30.926,22.877,-72.5649,-66.5074,-47.0024,19.2000,91.9666,103.9059,49.2192,-420.1008,99.8635,179.1287,-4.6559,93.4906,6,1,0,0,0
Session_5,2026-01-26 17:01:30.995,22.947,-72.5650,-66.5382,-47.0029,18.7523,92.0963,103.9066,49.1771,-419.4434,98.9003,179.1187,-5.1519,93.4804,6,1,0,0,0
Session_5,2026-01-26 17:01:31.071,23.023,-72.5649,-66.6385,-47.0029,18.8903,92.0249,103.9046,49.1161,-419.5362,98.3993,179.1787,-5.0981,93.4831,6,1,0,0,0
Session_5,2026-01-26 17:01:31.146,23.098,-72.5648,-66.6844,-47.0029,18.9562,92.0428,103.9114,49.1476,-419.5637,98.1768,179.1571,-5.0831,93.4767,6,1,0,0,0
Session_5,2026-01-26 17:01:31.214,23.166,-72.5645,-66.6927,-47.0030,18.9576,92.0730,103.9059,49.1825,-419.5448,98.1197,179.1290,-5.0971,93.4825,6,1,0,0,0
Session_5,2026-01-26 17:01:31.277,23.228,-72.5645,-66.6941,-47.0031,19.0036,92.0613,103.9108,49.1872,-419.6067,98.1848,179.1300,-5.0512,93.4786,6,1,0,0,0
Session_5,2026-01-26 17:01:31.348,23.300,-72.5645,-66.6942,-47.0030,18.9912,92.0792,103.9114,49.2027,-419.5843,98.1644,179.1157,-5.0675,93.4777,6,1,0,0,0
Session_5,2026-01-26 17:01:31.424,23.376,-72.5647,-66.6941,-47.0029,19.0736,92.0723,103.9087,49.2273,-419.6935,98.3020,179.1022,-4.9857,93.4821,6,1,0,0,0
Session_5,2026-01-26 17:01:31.500,23.452,-72.5647,-66.6937,-47.0026,19.0709,92.0695,103.9053,49.2235,-419.6922,98.3021,179.1050,-4.9869,93.4855,6,1,0,0,0
Session_5,2026-01-26 17:01:31.566,23.517,-72.5647,-66.6931,-47.0023,19.1004,92.0641,103.9066,49.2294,-419.7334,98.3558,179.1031,-4.9561,93.4847,6,1,0,0,0
Session_5,2026-01-26 17:01:31.642,23.593,-72.5646,-66.6929,-47.0022,19.1361,92.0510,103.9087,49.2292,-419.7845,98.4163,179.1073,-4.9181,93.4834,6,1,0,0,0
Session_5,2026-01-26 17:01:31.709,23.661,-72.5646,-66.6920,-47.0020,19.1114,92.0414,103.9032,49.2089,-419.7578,98.3829,179.1218,-4.9385,93.4884,6,1,0,0,0
Session_5,2026-01-26 17:01:31.777,23.729,-72.5645,-66.6908,-47.0018,19.1327,92.0606,103.9046,49.2406,-419.7800,98.4285,179.0978,-4.9211,93.4876,6,1,0,0,0
Session_5,2026-01-26 17:01:31.859,23.810,-72.5646,-66.6819,-47.0012,19.1698,92.0270,103.9094,49.2200,-419.8510,98.5556,179.1196,-4.8680,93.4836,6,1,0,0,0
Session_5,2026-01-26 17:01:31.935,23.886,-72.5643,-66.6329,-47.0006,19.0022,92.0016,103.9059,49.1422,-419.7001,98.6341,179.1725,-4.9763,93.4847,6,1,0,0,0
Session_5,2026-01-26 17:01:32.026,23.977,-72.5644,-66.4838,-47.0005,18.6987,91.9679,103.9039,49.0316,-419.4853,99.2096,179.2423,-5.1179,93.4834,6,1,0,0,0
Session_5,2026-01-26 17:01:32.093,24.044,-72.5641,-66.3221,-47.0003,18.4625,91.9528,103.9053,48.9759,-419.3621,99.9901,179.2751,-5.1864,93.4806,6,1,0,0,0
Session_5,2026-01-26 17:01:32.158,24.110,-72.5632,-66.2004,-46.9997,18.3980,91.9968,103.9053,49.0485,-419.3947,100.7686,179.2185,-5.1409,93.4829,6,1,0,0,0
Session_5,2026-01-26 17:01:32.235,24.187,-72.5630,-66.0811,-46.9985,18.5580,92.0002,103.9087,49.1598,-419.7292,101.9035,179.1475,-4.8696,93.4856,6,1,0,0,0
Session_5,2026-01-26 17:01:32.311,24.262,-72.5620,-66.0356,-46.9891,18.6390,91.9981,103.9114,49.2192,-419.9028,102.4077,179.1169,-4.7372,93.4866,6,1,0,0,0
Session_5,2026-01-26 17:01:32.377,24.329,-72.5620,-66.0341,-46.9889,18.7406,92.0174,103.9073,49.2828,-420.0280,102.5896,179.0729,-4.6415,93.4928,6,1,0,0,0
Session_5,2026-01-26 17:01:32.443,24.395,-72.5619,-66.0307,-46.9872,18.8594,92.0126,103.9114,49.3282,-420.1888,102.8194,179.0479,-4.5202,93.4912,6,1,0,0,0
Session_5,2026-01-26 17:01:32.508,24.459,-72.5619,-66.0178,-46.9867,18.9624,92.0119,103.9066,49.3729,-420.3348,103.0870,179.0201,-4.4070,93.4982,6,1,0,0,0
Session_5,2026-01-26 17:01:32.576,24.527,-72.5616,-65.9875,-46.9862,19.0091,92.0105,103.9121,49.4023,-420.4269,103.3874,179.0031,-4.3315,93.4944,6,1,0,0,0
Session_5,2026-01-26 17:01:32.644,24.596,-72.5616,-65.9177,-46.9847,19.0984,92.0524,103.9039,49.5099,-420.5997,104.0515,178.9231,-4.1857,93.5057,6,1,0,0,0
Session_5,2026-01-26 17:01:32.720,24.672,-72.5616,-65.5848,-46.9848,18.9095,92.0647,103.9087,49.5537,-420.6898,106.1533,178.8766,-4.0488,93.5034,6,1,0,0,0
Session_5,2026-01-26 17:01:32.796,24.747,-72.5612,-64.9254,-46.9849,18.7255,92.0029,103.9039,49.6086,-421.1043,110.6317,178.8217,-3.5726,93.5160,6,1,0,0,0
Session_5,2026-01-26 17:01:32.890,24.842,-72.5595,-63.9697,-46.9850,18.5202,91.9775,103.9114,49.7682,-421.6733,117.2349,178.6660,-2.8385,93.5201,6,1,0,0,0
Session_5,2026-01-26 17:01:33.072,25.023,-72.5597,-62.3823,-46.9853,18.0409,91.9645,103.9046,49.9228,-422.2231,127.9752,178.4118,-1.7598,93.5374,6,1,0,0,0
Session_5,2026-01-26 17:01:33.137,25.089,-72.5599,-61.7011,-46.9853,17.7724,91.9405,103.9059,49.9177,-422.3094,132.4752,178.3360,-1.3534,93.5383,6,1,0,0,0
Session_5,2026-01-26 17:01:33.208,25.160,-72.5601,-60.9333,-46.9855,17.4463,91.8677,103.9114,49.8328,-422.3381,137.5011,178.3006,-0.9076,93.5342,6,1,0,0,0
Session_5,2026-01-26 17:01:33.282,25.234,-72.5605,-60.3330,-46.9855,17.1613,91.8574,103.9053,49.7946,-422.2674,141.3774,178.2348,-0.5989,93.5409,6,1,0,0,0
Session_5,2026-01-26 17:01:33.342,25.294,-72.5610,-59.8164,-46.9854,17.2355,91.7908,103.9101,49.7996,-422.5657,145.2743,178.1575,-0.0095,93.5359,6,1,0,0,0
Session_5,2026-01-26 17:01:33.420,25.371,-72.5620,-58.8781,-46.9856,16.8990,91.6562,103.9080,49.5989,-422.4958,151.5156,178.1436,0.6069,93.5351,6,1,0,0,0
Session_5,2026-01-26 17:01:33.492,25.444,-72.5626,-57.9441,-46.9855,16.6793,91.5525,103.9128,49.4490,-422.4522,157.9318,178.0724,1.3252,93.5260,6,1,0,0,0
Session_5,2026-01-26 17:01:33.562,25.514,-72.5632,-56.9217,-46.9857,16.0895,91.0966,103.9142,48.7351,-422.0399,164.3051,178.4108,1.8543,93.5178,6,1,0,0,0
Session_5,2026-01-26 17:01:33.629,25.581,-72.5645,-56.0738,-46.9856,15.5958,90.7018,103.9080,48.0927,-421.6238,169.5743,178.7089,2.2933,93.5172,6,1,0,0,0
Session_5,2026-01-26 17:01:33.692,25.644,-72.5650,-55.3528,-46.9858,15.0808,90.4443,103.9114,47.5920,-421.0837,173.8742,178.9091,2.5549,93.5099,6,1,0,0,0
Session_5,2026-01-26 17:01:33.760,25.712,-72.5786,-54.5570,-46.9857,14.6654,90.0975,103.9108,46.9051,-420.6286,178.8892,179.1539,3.0076,93.4911,6,1,0,0,0
Session_5,2026-01-26 17:01:33.836,25.787,-72.5984,-53.7237,-46.9858,14.1833,89.7157,103.9066,46.0868,-420.0471,184.0429,179.4400,3.4402,93.4695,6,1,0,0,0
Session_5,2026-01-26 17:01:33.909,25.860,-72.6063,-52.7043,-46.9857,13.3106,89.3463,103.9149,45.1985,-418.9010,189.8109,179.7626,3.6714,93.4506,6,1,0,0,0
Session_5,2026-01-26 17:01:33.970,25.922,-72.6089,-51.8764,-46.9858,12.7352,89.1252,103.9128,44.6182,-418.0082,194.7209,179.9164,3.9696,93.4458,6,1,0,0,0
Session_5,2026-01-26 17:01:34.057,26.008,-72.6320,-50.4430,-46.9857,12.2298,88.9817,103.9053,43.8657,-416.7424,204.0854,179.8319,4.9048,93.4129,6,1,0,0,0
Session_5,2026-01-26 17:01:34.131,26.082,-72.7223,-49.1792,-46.9856,11.7004,88.8492,103.9128,42.6095,-415.4242,212.1469,179.7818,5.6494,93.2985,6,1,0,0,0
Session_5,2026-01-26 17:01:34.204,26.155,-72.9289,-47.9605,-46.9856,11.1497,88.7242,103.9128,40.4830,-414.0467,219.8055,179.7407,6.3276,93.0748,6,1,0,0,0
Session_5,2026-01-26 17:01:34.277,26.229,-73.3688,-46.7196,-46.9859,10.4720,88.6686,103.9073,36.6813,-412.4995,227.3353,179.6582,6.8873,92.6246,6,1,0,0,0
Session_5,2026-01-26 17:01:34.359,26.310,-74.0062,-45.6335,-46.9859,9.8740,88.5017,103.9094,31.3907,-411.1771,233.8789,179.7008,7.4008,91.9701,6,1,0,0,0
Session_5,2026-01-26 17:01:34.434,26.386,-74.7454,-44.8647,-46.9858,9.8795,88.4612,103.9114,25.7857,-410.6416,239.3046,179.5502,8.1618,91.2031,6,1,0,0,0
Session_5,2026-01-26 17:01:34.498,26.450,-75.4236,-44.1247,-46.9856,9.5890,88.3946,103.9149,20.5274,-409.7168,243.9470,179.5039,8.6141,90.5052,6,1,0,0,0
Session_5,2026-01-26 17:01:34.571,26.522,-75.9566,-43.1298,-46.9852,9.5279,88.6102,103.9073,16.6094,-408.3891,250.7865,179.0657,9.4684,89.9443,6,1,0,0,0
Session_5,2026-01-26 17:01:34.650,26.601,-76.0872,-42.1121,-46.9854,8.9594,88.4585,103.9149,14.9978,-406.4449,256.7773,179.1006,9.9403,89.7867,6,1,0,0,0
Session_5,2026-01-26 17:01:34.718,26.669,-76.0869,-41.2288,-46.9853,8.8721,88.4798,103.9059,14.6565,-404.9495,262.7325,178.8839,10.7073,89.7608,6,1,0,0,0
Session_5,2026-01-26 17:01:34.791,26.743,-76.0874,-40.2747,-46.9853,8.6016,88.4626,103.9087,14.1740,-403.1047,268.7912,178.7295,11.3742,89.7247,6,1,0,0,0
Session_5,2026-01-26 17:01:34.866,26.817,-76.0878,-39.2945,-46.9853,8.2027,88.5168,103.9094,13.7175,-400.9974,274.7368,178.5311,11.9246,89.6946,6,1,0,0,0
Session_5,2026-01-26 17:01:34.941,26.893,-76.0881,-38.3499,-46.9852,8.1443,88.4640,103.9066,13.1950,-399.1631,281.0793,178.3598,12.7965,89.6489,6,1,0,0,0
Session_5,2026-01-26 17:01:35.004,26.956,-76.0904,-37.4929,-46.9857,7.8010,88.2635,103.9087,12.4517,-397.2398,286.2274,178.4237,13.3419,89.6137,6,1,0,0,0
Session_5,2026-01-26 17:01:35.087,27.039,-76.2140,-36.6368,-46.9858,7.3217,87.6036,103.9114,10.2893,-395.3012,291.0874,178.9669,13.8654,89.4611,6,1,0,0,0
Session_5,2026-01-26 17:01:35.161,27.112,-76.6481,-36.2541,-46.9860,7.1775,86.6773,103.9039,5.9780,-394.6821,293.4303,179.8064,14.3191,89.0175,6,1,0,0,0
Session_5,2026-01-26 17:01:35.233,27.185,-77.3351,-36.2326,-46.9874,7.0477,86.0999,103.9066,0.5285,-394.7257,293.3506,-179.6056,14.3515,88.3348,6,1,0,0,0
Session_5,2026-01-26 17:01:35.308,27.260,-78.5629,-36.2367,-47.0060,6.6625,85.8623,103.9087,-8.2704,-394.4125,292.4846,-179.2713,14.0135,87.1309,6,1,0,0,0
Session_5,2026-01-26 17:01:35.378,27.329,-79.6472,-36.2551,-47.0176,6.4181,85.5011,103.9135,-16.1911,-394.1059,291.8502,-178.8517,13.8344,86.0600,6,1,0,0,0
Session_5,2026-01-26 17:01:35.448,27.399,-80.9521,-36.4863,-47.1019,6.4661,85.4160,103.9142,-25.1839,-394.1488,289.9989,-178.7012,13.5958,84.7709,6,1,0,0,0
Session_5,2026-01-26 17:01:35.514,27.466,-82.2126,-37.3079,-47.2272,7.1040,85.4729,103.9142,-33.4822,-395.6675,285.1227,-178.6783,13.2826,83.5283,6,1,0,0,0
Session_5,2026-01-26 17:01:35.579,27.531,-83.2964,-38.5768,-47.3220,7.2029,85.9138,103.9094,-40.1285,-397.4745,276.2175,-178.7872,11.9505,82.5166,6,1,0,0,0
Session_5,2026-01-26 17:01:35.654,27.606,-84.4827,-40.3559,-47.4432,8.1622,86.1356,103.9073,-47.6950,-400.5331,265.3272,-178.7674,10.9847,81.3780,6,1,0,0,0
Session_5,2026-01-26 17:01:35.736,27.688,-85.7164,-42.3866,-47.4638,8.7177,85.8959,103.9121,-56.3133,-403.2211,252.2912,-178.1648,9.5917,80.2071,6,1,0,0,0
Session_5,2026-01-26 17:01:35.799,27.751,-86.3372,-43.9180,-47.4656,9.5485,85.7854,103.9169,-60.6217,-405.5704,243.2141,-177.8852,8.9371,79.6102,6,1,0,0,0
Session_5,2026-01-26 17:01:35.875,27.827,-86.8600,-46.2786,-47.4671,11.4148,85.7469,103.9094,-64.1075,-409.7229,230.1657,-177.7250,8.4652,79.1138,6,1,0,0,0
Session_5,2026-01-26 17:01:35.958,27.910,-87.3643,-48.8334,-47.4672,12.5828,85.9083,103.9053,-67.3461,-412.8255,214.1954,-177.5426,7.0804,78.6579,6,1,0,0,0
Session_5,2026-01-26 17:01:36.032,27.983,-87.6711,-50.8602,-47.4669,13.5832,85.8279,103.9121,-69.5502,-414.9972,201.5559,-177.2160,6.1043,78.3736,6,1,0,0,0
Session_5,2026-01-26 17:01:36.098,28.049,-87.6848,-52.4902,-47.4667,14.6887,86.0284,103.9080,-69.3232,-417.0303,191.8514,-177.2834,5.5472,78.3747,6,1,0,0,0
Session_5,2026-01-26 17:01:36.162,28.114,-87.6823,-53.9015,-47.4659,16.5969,85.9783,103.9121,-69.2613,-419.6173,185.1841,-177.3557,6.0425,78.3614,6,1,0,0,0
Session_5,2026-01-26 17:01:36.233,28.185,-87.6825,-55.0724,-47.4645,18.0656,85.9378,103.9121,-69.2357,-421.4954,179.4072,-177.3889,6.3425,78.3539,6,1,0,0,0
Session_5,2026-01-26 17:01:36.303,28.255,-87.6832,-56.1148,-47.4649,17.5850,85.9344,103.9114,-69.2583,-421.1663,170.9044,-177.0166,4.8647,78.3899,6,1,0,0,0
Session_5,2026-01-26 17:01:36.385,28.336,-87.6812,-57.2590,-47.4646,17.5486,86.0545,103.9149,-69.0990,-421.1535,162.4809,-176.8490,3.6904,78.4081,6,1,0,0,0
Session_5,2026-01-26 17:01:36.458,28.410,-87.6819,-58.3169,-47.4646,18.1673,85.9715,103.9114,-69.1809,-421.7433,155.8876,-176.6623,3.2838,78.4184,6,1,0,0,0
Session_5,2026-01-26 17:01:36.540,28.492,-87.6819,-59.6490,-47.4629,19.6065,85.7950,103.9128,-69.3404,-423.0859,148.7716,-176.5171,3.4319,78.4180,6,1,0,0,0
Session_5,2026-01-26 17:01:36.615,28.566,-87.6821,-60.7295,-47.4574,21.3389,85.7339,103.9101,-69.3510,-424.6861,144.0209,-176.6159,4.0846,78.4111,6,1,0,0,0
Session_5,2026-01-26 17:01:36.680,28.631,-87.6817,-61.3363,-47.4531,22.6641,85.6783,103.9128,-69.3656,-425.9182,142.0036,-176.7363,4.7996,78.3960,6,1,0,0,0
Session_5,2026-01-26 17:01:36.747,28.698,-87.6842,-61.3964,-47.4529,22.6332,85.6803,103.9135,-69.3836,-425.8575,141.5047,-176.7165,4.7111,78.3947,6,1,0,0,0
Session_5,2026-01-26 17:01:36.821,28.772,-87.6826,-61.3970,-47.4524,22.2350,85.7030,103.9101,-69.3624,-425.4225,140.7693,-176.6421,4.3187,78.4069,6,1,0,0,0
Session_5,2026-01-26 17:01:36.894,28.845,-87.6838,-61.3970,-47.4524,21.8951,85.8156,103.9156,-69.2502,-425.0395,140.1380,-176.6700,3.9621,78.4046,6,1,0,0,0
Session_5,2026-01-26 17:01:36.977,28.929,-87.6835,-61.3969,-47.4524,22.1958,86.3752,103.9101,-68.5579,-425.3487,140.6424,-177.2859,4.1195,78.3981,6,1,0,0,0
Session_5,2026-01-26 17:01:37.043,28.994,-87.6839,-61.3966,-47.4522,22.2782,86.4720,103.9162,-68.4395,-425.4355,140.7891,-177.4004,4.1769,78.3891,6,1,0,0,0
Session_5,2026-01-26 17:01:37.125,29.077,-87.6848,-61.3959,-47.4516,22.7341,86.6093,103.9156,-68.2598,-425.9290,141.6239,-177.6441,4.5877,78.3790,6,1,0,0,0
Session_5,2026-01-26 17:01:37.191,29.143,-87.6862,-61.3952,-47.4495,23.2862,85.9989,103.9053,-68.9844,-426.5534,142.7050,-177.1842,5.2723,78.3830,6,1,0,0,0
Session_5,2026-01-26 17:01:37.266,29.218,-87.7080,-61.3953,-47.4498,23.3020,84.2184,103.9162,-71.2966,-426.6151,142.9156,-175.4581,5.7151,78.3774,6,1,0,0,0
Session_5,2026-01-26 17:01:37.341,29.292,-87.7253,-61.3952,-47.4497,23.9117,81.8221,103.9410,-74.2843,-427.3207,144.4009,-173.2761,6.8836,78.3761,6,1,0,0,0
Session_5,2026-01-26 17:01:37.422,29.374,-87.7747,-61.3952,-47.4499,23.7415,80.7529,103.9863,-75.9407,-427.1117,144.2789,-172.1988,6.9797,78.3193,6,1,0,0,0
Session_5,2026-01-26 17:01:37.497,29.448,-87.7767,-61.3955,-47.4505,23.1722,81.2432,103.9897,-75.3921,-426.4937,143.1261,-172.5388,6.3093,78.3140,6,1,0,0,0
Session_5,2026-01-26 17:01:37.562,29.514,-87.7767,-61.3955,-47.4506,23.0850,81.7479,103.9911,-74.7906,-426.3840,142.8750,-173.0092,6.1038,78.2994,6,1,0,0,0
Session_5,2026-01-26 17:01:37.627,29.578,-87.7768,-61.3955,-47.4507,23.2601,82.7119,103.9842,-73.6256,-426.5371,143.0402,-173.9892,6.0413,78.2752,6,1,0,0,0
Session_5,2026-01-26 17:01:37.709,29.660,-87.7767,-61.3953,-47.4506,24.0347,83.6163,103.9712,-72.5049,-427.3207,144.3504,-175.0557,6.5745,78.2467,6,1,0,0,0
Session_5,2026-01-26 17:01:37.784,29.735,-87.7892,-61.3951,-47.4507,25.6236,83.0525,103.9732,-73.2148,-428.9335,147.4155,-174.8949,8.2522,78.1942,6,1,0,0,0
Session_5,2026-01-26 17:01:37.858,29.810,-87.7856,-61.3931,-47.4498,27.2035,82.3274,103.9801,-74.0011,-430.4756,150.5569,-174.5787,9.9628,78.1456,6,1,0,0,0
Session_5,2026-01-26 17:01:37.932,29.884,-87.7854,-61.3935,-47.4506,25.5782,83.4357,103.9767,-72.7265,-428.8829,147.2883,-175.2576,8.1180,78.1880,6,1,0,0,0
Session_5,2026-01-26 17:01:38.014,29.965,-87.7856,-61.3933,-47.4505,25.3716,83.4398,103.9774,-72.7309,-428.6776,146.8989,-175.2113,7.9168,78.1941,6,1,0,0,0
Session_5,2026-01-26 17:01:38.075,30.026,-87.7857,-61.3930,-47.4503,25.8790,83.2846,103.9774,-72.8988,-429.1837,147.8838,-175.1846,8.4469,78.1795,6,1,0,0,0
Session_5,2026-01-26 17:01:38.162,30.114,-87.7857,-61.3934,-47.4506,25.7011,83.2015,103.9767,-73.0062,-429.0108,147.5545,-175.0599,8.2937,78.1882,6,1,0,0,0
Session_5,2026-01-26 17:01:38.222,30.174,-87.7858,-61.3938,-47.4510,25.3571,83.4961,103.9794,-72.6653,-428.6600,146.8579,-175.2626,7.8885,78.1912,6,1,0,0,0
Session_5,2026-01-26 17:01:38.303,30.254,-87.7859,-61.3938,-47.4510,25.1978,83.3244,103.9739,-72.8791,-428.5061,146.5813,-175.0558,7.7748,78.2054,6,1,0,0,0
Session_5,2026-01-26 17:01:38.378,30.330,-87.7855,-61.3939,-47.4510,25.0282,83.3828,103.9259,-72.8123,-428.3343,146.2528,-175.0648,7.5919,78.2585,6,1,0,0,0
Session_5,2026-01-26 17:01:38.452,30.404,-87.7855,-61.3939,-47.4511,24.7234,83.1480,103.9622,-73.1072,-428.0331,145.7126,-174.7667,7.3556,78.2366,6,1,0,0,0
Session_5,2026-01-26 17:01:38.534,30.486,-87.7855,-61.3939,-47.4511,24.3210,82.5307,103.2152,-73.8657,-427.6411,145.0513,-173.9757,7.0355,79.0123,6,1,0,0,0
Session_5,2026-01-26 17:01:38.608,30.560,-87.7845,-61.3937,-47.4510,24.1816,83.0580,103.3443,-73.2288,-427.4820,144.7127,-174.4738,6.7925,78.8755,6,1,0,0,0
Session_5,2026-01-26 17:01:38.674,30.626,-87.7835,-61.3936,-47.4510,24.1122,84.1148,101.3894,-71.9509,-427.3754,144.4419,-175.2698,6.3247,80.8177,6,1,0,0,0
Session_5,2026-01-26 17:01:38.759,30.710,-87.7836,-61.3936,-47.4510,23.5217,83.7172,88.6583,-72.4555,-426.7704,143.3935,-173.6098,4.5290,93.5542,6,1,0,0,0
Session_5,2026-01-26 17:01:38.841,30.792,-87.7829,-61.3937,-47.4510,23.4743,83.1198,85.4242,-73.1717,-426.7422,143.3878,-172.7743,4.0675,96.7713,6,1,0,0,0
Session_5,2026-01-26 17:01:38.916,30.868,-87.7828,-61.3939,-47.4512,23.0500,83.5181,85.1770,-72.7086,-426.2759,142.5441,-173.1891,3.6463,97.0190,6,1,0,0,0
Session_5,2026-01-26 17:01:38.979,30.931,-87.7792,-61.3941,-47.4515,22.3105,84.2850,83.4109,-71.7881,-425.4485,141.0828,-173.9267,2.7875,98.7848,6,1,0,0,0
Session_5,2026-01-26 17:01:39.063,31.015,-87.7767,-61.3948,-47.4518,21.8381,84.5508,80.3320,-71.4698,-424.9178,140.1814,-174.1275,2.0355,101.8532,6,1,0,0,0
Session_5,2026-01-26 17:01:39.128,31.080,-87.7764,-61.3949,-47.4520,21.7145,84.4656,80.1446,-71.5755,-424.7836,139.9648,-174.0581,1.8799,102.0379,6,1,0,0,0
Session_5,2026-01-26 17:01:39.203,31.154,-87.7731,-61.3957,-47.4524,21.3348,84.7245,80.2524,-71.2549,-424.3494,139.2375,-174.3809,1.5592,101.9365,6,1,0,0,0
Session_5,2026-01-26 17:01:39.276,31.228,-87.7689,-61.3989,-47.4537,21.0917,85.0747,80.8717,-70.8122,-424.0600,138.7303,-174.7828,1.4306,101.3282,6,1,0,0,0
Session_5,2026-01-26 17:01:39.358,31.310,-87.7508,-61.4083,-47.4541,21.1658,85.3899,81.9264,-70.2938,-424.1479,138.7618,-175.1128,1.6340,100.2998,6,1,0,0,0
Session_5,2026-01-26 17:01:39.434,31.385,-87.7472,-61.4226,-47.4545,21.1569,84.6668,83.1569,-71.1413,-424.1658,138.7144,-174.4341,1.6292,99.0689,6,1,0,0,0
Session_5,2026-01-26 17:01:39.540,31.492,-87.7401,-61.7041,-47.4684,21.5971,84.6346,84.3331,-71.1147,-424.5133,137.3841,-174.4222,1.8838,97.9049,6,1,0,0,0
Session_5,2026-01-26 17:01:39.614,31.565,-87.7400,-62.4097,-47.4678,22.8756,84.3468,84.3420,-71.4188,-425.6012,134.5480,-174.0799,2.4272,97.8954,6,1,0,0,0
Session_5,2026-01-26 17:01:39.676,31.627,-87.7408,-63.1868,-47.4665,23.7442,83.9095,84.1924,-71.9314,-426.1424,130.4595,-173.6293,2.4601,98.0393,6,1,0,0,0
Session_5,2026-01-26 17:01:39.754,31.705,-87.7400,-63.4710,-47.4659,23.6659,84.7128,84.1869,-70.9666,-425.8459,128.1252,-174.4645,2.1803,98.0525,6,1,0,0,0
Session_5,2026-01-26 17:01:39.835,31.787,-87.6587,-63.3606,-47.4082,24.9170,84.4464,85.0925,-70.6199,-427.5210,131.5206,-174.1130,3.6588,97.2356,6,1,0,0,0
Session_5,2026-01-26 17:01:39.895,31.846,-87.6379,-63.3615,-47.4094,24.8325,84.6002,83.5840,-70.2828,-427.4462,131.3347,-174.1815,3.4338,98.7611,6,1,0,0,0
Session_5,2026-01-26 17:01:39.975,31.926,-87.6362,-63.3622,-47.4103,24.7982,84.7101,83.5030,-70.1392,-427.4043,131.2498,-174.2898,3.4023,98.8445,6,1,0,0,0
Session_5,2026-01-26 17:01:40.041,31.992,-87.5970,-63.3622,-47.4103,24.6856,85.1900,83.5558,-69.2726,-427.3096,130.9916,-174.7822,3.3493,98.8354,6,1,0,0,0
Session_5,2026-01-26 17:01:40.107,32.059,-87.5064,-63.3638,-47.4119,23.9172,85.1722,83.6163,-68.6552,-426.5722,129.5653,-174.8537,2.5860,98.8611,6,1,0,0,0
Session_5,2026-01-26 17:01:40.182,32.133,-87.5033,-63.3659,-47.4128,23.8129,84.9435,83.6149,-68.9131,-426.4676,129.3788,-174.6385,2.4538,98.8628,6,1,0,0,0
Session_5,2026-01-26 17:01:40.247,32.198,-87.5034,-63.3680,-47.4139,23.5986,84.9641,83.5998,-68.8998,-426.2238,128.9660,-174.6825,2.2386,98.8769,6,1,0,0,0
Session_5,2026-01-26 17:01:40.321,32.273,-87.4988,-63.3789,-47.4165,23.3089,85.1399,83.6272,-68.6681,-425.8829,128.3297,-174.8917,1.9593,98.8547,6,1,0,0,0
Session_5,2026-01-26 17:01:40.395,32.346,-87.4964,-63.3805,-47.4193,23.0816,85.1310,83.7069,-68.6725,-425.6217,127.8943,-174.9109,1.7351,98.7768,6,1,0,0,0
Session_5,2026-01-26 17:01:40.460,32.412,-87.4909,-63.3843,-47.4249,23.3006,85.1186,83.6087,-68.6360,-425.8627,128.2395,-174.8724,1.9333,98.8808,6,1,0,0,0
Session_5,2026-01-26 17:01:40.526,32.478,-87.4770,-63.3874,-47.4250,23.3940,84.7547,83.9019,-68.9676,-426.0002,128.4248,-174.5110,2.0107,98.5993,6,1,0,0,0
Session_5,2026-01-26 17:01:40.602,32.554,-87.4697,-63.4194,-47.4262,23.1770,84.9140,83.7920,-68.7327,-425.7327,127.7727,-174.6925,1.7686,98.7167,6,1,0,0,0
Session_5,2026-01-26 17:01:40.691,32.643,-87.4395,-63.5748,-47.4262,23.4977,84.9312,83.8113,-68.4765,-426.0288,127.2065,-174.6924,1.9366,98.7285,6,1,0,0,0
Session_5,2026-01-26 17:01:40.766,32.718,-87.3916,-63.8395,-47.4255,24.4480,84.2576,83.6005,-68.8926,-427.0068,127.0616,-173.9400,2.5243,98.9819,6,1,0,0,0
Session_5,2026-01-26 17:01:40.832,32.784,-87.3883,-64.1097,-47.4254,24.7776,83.9390,83.5819,-69.2440,-427.2077,125.7076,-173.6161,2.5462,99.0000,6,1,0,0,0
Session_5,2026-01-26 17:01:40.903,32.854,-87.3875,-64.3800,-47.4253,25.4725,83.3917,83.6012,-69.8705,-427.8085,125.0542,-173.0263,2.9098,98.9769,6,1,0,0,0
Session_5,2026-01-26 17:01:40.981,32.933,-87.3865,-64.4414,-47.4249,25.9222,83.6259,83.4652,-69.5608,-428.2439,125.3967,-173.2078,3.3059,99.1186,6,1,0,0,0
Session_5,2026-01-26 17:01:41.055,33.006,-87.3861,-64.4409,-47.4245,25.8055,83.7556,83.4199,-69.4071,-428.1138,125.1699,-173.3472,3.2003,99.1651,6,1,0,0,0
Session_5,2026-01-26 17:01:41.140,33.091,-87.3862,-64.4410,-47.4246,25.6929,83.5792,83.5181,-69.6261,-427.9997,124.9849,-173.1902,3.0798,99.0643,6,1,0,0,0
Session_5,2026-01-26 17:01:41.225,33.176,-87.3860,-64.4409,-47.4245,25.7183,83.6643,83.7790,-69.5211,-428.0237,125.0215,-173.2860,3.1453,98.8062,6,1,0,0,0
Session_5,2026-01-26 17:01:41.299,33.250,-87.3865,-64.4399,-47.4244,25.6558,83.7405,84.0111,-69.4357,-427.9528,124.9040,-173.3809,3.1192,98.5755,6,1,0,0,0
Session_5,2026-01-26 17:01:41.374,33.325,-87.3865,-64.4357,-47.4236,25.7478,84.1470,83.9864,-68.9408,-428.0383,125.0561,-173.7734,3.2552,98.6054,6,1,0,0,0
Session_5,2026-01-26 17:01:41.457,33.408,-87.3866,-64.4348,-47.4236,25.7547,84.1196,84.0001,-68.9745,-428.0476,125.0791,-173.7461,3.2616,98.5914,6,1,0,0,0
Session_5,2026-01-26 17:01:41.524,33.476,-87.3868,-64.4347,-47.4236,25.7925,84.2191,84.0035,-68.8540,-428.0836,125.1368,-173.8413,3.3099,98.5891,6,1,0,0,0
Session_5,2026-01-26 17:01:41.613,33.564,-87.3867,-64.4342,-47.4235,25.7410,84.4890,83.9967,-68.5305,-428.0159,125.0142,-174.1144,3.2867,98.5987,6,1,0,0,0
Session_5,2026-01-26 17:01:41.676,33.627,-87.3867,-64.4331,-47.4233,25.7183,84.5927,83.9925,-68.4062,-427.9876,124.9699,-174.2194,3.2758,98.6038,6,1,0,0,0
Session_5,2026-01-26 17:01:41.752,33.704,-87.3868,-64.4331,-47.4234,25.7540,84.5947,83.9548,-68.4031,-428.0257,125.0344,-174.2156,3.3075,98.6415,6,1,0,0,0
Session_5,2026-01-26 17:01:41.842,33.793,-87.3865,-64.4331,-47.4235,25.8543,84.5446,83.9582,-68.4565,-428.1368,125.2245,-174.1554,3.4023,98.6385,6,0,0,0,0
Session_5,2026-01-26 17:01:41.915,33.867,-87.3867,-64.4331,-47.4234,26.0493,84.4361,83.9774,-68.5787,-428.3519,125.5969,-174.0283,3.5869,98.6192,6,0,0,0,0
Session_5,2026-01-26 17:01:41.983,33.934,-87.3867,-64.4331,-47.4234,26.1653,84.1271,84.0351,-68.9461,-428.4905,125.8490,-173.7128,3.6765,98.5590,6,0,0,0,0
Session_5,2026-01-26 17:01:42.048,34.000,-87.3867,-64.4325,-47.4233,26.4942,83.9568,84.0173,-69.1356,-428.8489,126.4839,-173.5081,3.9847,98.5771,6,0,0,0,0
Session_5,2026-01-26 17:01:42.125,34.076,-87.3867,-64.4286,-47.4232,26.7860,84.0866,84.0186,-68.9647,-429.1536,127.0391,-173.6063,4.2925,98.5795,6,0,0,0,0
Session_5,2026-01-26 17:01:42.194,34.145,-87.3867,-64.4257,-47.4232,26.8149,84.1553,84.0214,-68.8802,-429.1828,127.1060,-173.6714,4.3315,98.5779,6,0,0,0,0
Session_5,2026-01-26 17:01:42.262,34.214,-87.3866,-64.4246,-47.4231,26.7407,84.1848,84.0262,-68.8478,-429.1045,126.9729,-173.7087,4.2625,98.5729,6,0,0,0,0
Session_5,2026-01-26 17:01:42.329,34.281,-87.3867,-64.4235,-47.4231,26.6494,84.1553,84.0207,-68.8881,-429.0104,126.8151,-173.6884,4.1691,98.5773,6,0,0,0,0
Session_5,2026-01-26 17:01:42.403,34.354,-87.3867,-64.4223,-47.4231,26.6659,84.1058,84.0255,-68.9473,-429.0307,126.8608,-173.6378,4.1821,98.5720,6,0,0,0,0
Session_5,2026-01-26 17:01:42.486,34.437,-87.3867,-64.4158,-47.4230,26.6906,84.1869,84.0392,-68.8482,-429.0578,126.9456,-173.7160,4.2232,98.5595,6,0,0,0,0
Session_5,2026-01-26 17:01:42.568,34.520,-87.3867,-64.4051,-47.4228,26.6583,84.2452,84.0482,-68.7786,-429.0287,126.9584,-173.7769,4.2088,98.5511,6,0,0,0,0
Session_5,2026-01-26 17:01:42.631,34.583,-87.3865,-64.3834,-47.4227,26.6885,84.2850,84.1175,-68.7273,-429.0736,127.1718,-173.8162,4.2722,98.4830,6,0,0,0,0
Session_5,2026-01-26 17:01:42.709,34.660,-87.3867,-64.3486,-47.4225,26.7270,84.2988,84.1333,-68.7096,-429.1365,127.5006,-173.8235,4.3483,98.4677,6,0,0,0,0
Session_5,2026-01-26 17:01:42.784,34.735,-87.3866,-64.2312,-47.4224,26.4743,84.3585,84.2473,-68.6448,-428.9453,127.8960,-173.9051,4.2320,98.3539,6,0,0,0,0
Session_5,2026-01-26 17:01:42.859,34.810,-87.3867,-64.1998,-47.4224,26.5073,84.3832,84.3489,-68.6137,-428.9990,128.1871,-173.9308,4.3092,98.2531,6,0,0,0,0
Session_5,2026-01-26 17:01:42.933,34.884,-87.3867,-64.1973,-47.4222,26.7359,84.6874,84.3743,-68.2354,-429.2271,128.5974,-174.2125,4.5719,98.2327,6,0,0,0,0
Session_5,2026-01-26 17:01:42.998,34.950,-87.3870,-64.1631,-47.4219,26.7970,84.6758,84.3805,-68.2478,-429.3133,128.9681,-174.1920,4.6665,98.2268,6,0,0,0,0
Session_5,2026-01-26 17:01:43.059,35.010,-87.3868,-64.0608,-47.4219,26.6576,84.9202,84.3592,-67.9550,-429.2214,129.4418,-174.4370,4.6514,98.2504,6,0,0,0,0
Session_5,2026-01-26 17:01:43.129,35.081,-87.3868,-63.9249,-47.4219,26.4214,84.8543,84.3517,-68.0421,-429.0615,130.0175,-174.3808,4.5443,98.2565,6,0,0,0,0
Session_5,2026-01-26 17:01:43.191,35.142,-87.3869,-63.8140,-47.4219,26.2354,84.8666,84.3510,-68.0335,-428.9335,130.4931,-174.4004,4.4706,98.2566,6,0,0,0,0
Session_5,2026-01-26 17:01:43.260,35.212,-87.3859,-63.7562,-47.4219,26.3500,84.7808,84.3537,-68.1229,-429.0933,131.1462,-174.2982,4.6342,98.2554,6,0,0,0,0
Session_5,2026-01-26 17:01:43.327,35.278,-87.3869,-63.7559,-47.4221,26.2395,84.8845,84.3640,-68.0100,-428.9716,130.9298,-174.4131,4.5354,98.2443,6,0,0,0,0
Session_5,2026-01-26 17:01:43.408,35.359,-87.3869,-63.7551,-47.4219,26.4420,84.7794,84.3661,-68.1272,-429.1886,131.3258,-174.2887,4.7279,98.2428,6,0,0,0,0
Session_5,2026-01-26 17:01:43.477,35.429,-87.3868,-63.7402,-47.4215,26.5231,84.8248,84.3661,-68.0673,-429.2805,131.5844,-174.3243,4.8282,98.2442,6,0,0,0,0
Session_5,2026-01-26 17:01:43.550,35.502,-87.3869,-63.7237,-47.4211,26.7112,84.7115,84.3262,-68.1959,-429.4903,132.0733,-174.1880,5.0172,98.2844,6,0,0,0,0
Session_5,2026-01-26 17:01:43.624,35.576,-87.3871,-63.7176,-47.4208,26.6927,84.5576,84.3365,-68.3838,-429.4818,132.1025,-174.0372,4.9910,98.2722,6,0,0,0,0
Session_5,2026-01-26 17:01:43.698,35.649,-87.3870,-63.6484,-47.4206,26.6432,84.6545,84.4526,-68.2665,-429.4669,132.5145,-174.1416,5.0323,98.1576,6,0,0,0,0
Session_5,2026-01-26 17:01:43.765,35.717,-87.3868,-63.4664,-47.4204,26.6611,84.8653,85.0452,-68.0054,-429.5780,133.8785,-174.3863,5.3099,97.5694,6,0,0,0,0
Session_5,2026-01-26 17:01:43.847,35.799,-87.3866,-62.7059,-47.4206,26.2745,85.1283,85.6309,-67.6862,-429.5557,138.7783,-174.6742,5.7595,96.9889,6,0,0,0,0
Session_5,2026-01-26 17:01:43.923,35.875,-87.3860,-61.6058,-47.4207,26.0603,84.8900,85.6027,-67.9597,-429.7849,146.5808,-174.3655,6.6219,97.0232,6,0,0,0,0
Session_5,2026-01-26 17:01:43.995,35.947,-87.3863,-60.3111,-47.4209,24.5901,84.2892,85.6020,-68.7374,-428.7040,153.4801,-173.7805,6.4009,97.0173,6,0,0,0,0
Session_5,2026-01-26 17:01:44.069,36.020,-87.3867,-59.0109,-47.4213,22.9896,84.2727,85.7579,-68.8244,-427.3068,160.0840,-173.8039,6.1166,96.8584,6,0,0,0,0
Session_5,2026-01-26 17:01:44.151,36.103,-87.3867,-57.4023,-47.4212,22.7932,84.4862,85.9563,-68.5764,-427.0894,171.5798,-173.9374,7.5617,96.6735,6,0,0,0,0
Session_5,2026-01-26 17:01:44.211,36.162,-87.3873,-56.1487,-47.4211,22.4938,84.3571,85.9268,-68.7597,-426.5796,180.2815,-173.7360,8.5014,96.7112,6,0,0,0,0
Session_5,2026-01-26 17:01:44.291,36.242,-87.3875,-54.0169,-47.4214,21.2675,84.2960,85.9522,-68.9226,-424.6653,193.6177,-173.6138,9.4028,96.6951,6,0,0,0,0
Session_5,2026-01-26 17:01:44.373,36.325,-87.3874,-51.8178,-47.4215,18.6651,83.8181,86.7638,-69.6640,-421.0527,204.7213,-173.2946,9.0625,95.8706,6,0,0,0,0
Session_5,2026-01-26 17:01:44.456,36.408,-87.3878,-49.4973,-47.4217,15.6665,83.4638,96.7703,-70.3018,-416.5085,215.7931,-174.5438,9.4556,85.7930,6,0,0,0,0
Session_5,2026-01-26 17:01:44.521,36.473,-87.3879,-47.8684,-47.4217,15.5711,82.7415,98.1422,-71.2488,-414.8432,227.4265,-174.2789,11.2029,84.3776,6,0,0,0,0
Session_5,2026-01-26 17:01:44.604,36.555,-87.3881,-45.8658,-47.4214,15.5457,82.5293,98.1319,-71.6171,-412.4045,241.7393,-174.3566,13.1887,84.3295,6,0,0,0,0
Session_5,2026-01-26 17:01:44.675,36.627,-87.3896,-44.1292,-47.4215,15.2854,82.1036,98.1299,-72.2629,-409.7111,253.6369,-174.1528,14.7093,84.2834,6,0,0,0,0
Session_5,2026-01-26 17:01:44.760,36.711,-87.3901,-42.6217,-47.4213,14.9469,82.6158,98.1292,-71.7735,-407.0020,263.5259,-174.8377,15.7938,84.2301,6,0,0,0,0
Session_5,2026-01-26 17:01:44.841,36.792,-87.3931,-40.5098,-47.4210,12.7847,82.7689,98.1278,-71.8539,-401.6497,273.9212,-174.9818,15.7226,84.2286,6,0,0,0,0
Session_5,2026-01-26 17:01:44.902,36.853,-87.3932,-38.9354,-47.4212,10.8950,82.5114,98.1271,-72.3663,-397.2186,281.0352,-174.6781,15.4467,84.2454,6,0,0,0,0
Session_5,2026-01-26 17:01:44.981,36.933,-87.3950,-36.8355,-47.4214,9.4496,82.3597,98.1264,-72.8107,-391.7421,292.4721,-174.6262,16.1153,84.2194,6,0,0,0,0
Session_5,2026-01-26 17:01:45.056,37.008,-87.3949,-34.9879,-47.4212,9.5080,82.5087,98.1251,-72.8245,-387.4773,305.0139,-175.0661,17.9799,84.1333,6,0,0,0,0
Session_5,2026-01-26 17:01:45.122,37.073,-87.3948,-33.4257,-47.4212,9.3707,82.5417,98.1251,-72.9677,-383.4479,315.1368,-175.3214,19.3844,84.0617,6,0,0,0,0
Session_5,2026-01-26 17:01:45.197,37.149,-87.3952,-31.5804,-47.4211,9.2004,82.6234,98.1278,-73.1044,-378.3394,326.9231,-175.6702,21.0294,83.9653,6,0,0,0,0
Session_5,2026-01-26 17:01:45.286,37.238,-87.3951,-29.2971,-47.4212,8.6284,82.5066,98.1264,-73.5621,-371.3499,340.5428,-175.8322,22.7374,83.8644,6,0,0,0,0
Session_5,2026-01-26 17:01:45.370,37.321,-87.3947,-27.4919,-47.4212,8.2734,82.6453,98.1313,-73.6582,-365.5098,351.2724,-176.2138,24.1513,83.7619,6,0,0,0,0
Session_5,2026-01-26 17:01:45.443,37.394,-87.3949,-25.9130,-47.4212,8.0351,82.7078,98.1285,-73.8274,-360.1675,360.6600,-176.5029,25.4669,83.6684,6,0,0,0,0
Session_5,2026-01-26 17:01:45.508,37.460,-87.3947,-24.4467,-47.4210,7.7145,82.8046,98.1285,-73.9470,-354.9568,369.0273,-176.7982,26.5850,83.5803,6,0,0,0,0
Session_5,2026-01-26 17:01:45.583,37.535,-87.3943,-22.7998,-47.4210,7.8648,83.2043,98.1264,-73.7336,-349.0039,379.3036,-177.5145,28.3031,83.4322,6,0,0,0,0
Session_5,2026-01-26 17:01:45.657,37.608,-87.3942,-20.9908,-47.4212,7.6856,82.9626,98.1306,-74.3412,-342.0430,389.7461,-177.5765,29.9459,83.2834,6,0,0,0,0
Session_5,2026-01-26 17:01:45.730,37.682,-87.3942,-19.6876,-47.4213,7.8456,82.8644,98.1258,-74.6948,-336.8739,397.7350,-177.7536,31.4030,83.1480,6,0,0,0,0
Session_5,2026-01-26 17:01:45.792,37.744,-87.3940,-18.9305,-47.4218,7.5627,82.8857,98.1299,-74.8104,-333.7456,401.5081,-177.8690,31.8673,83.0952,6,0,0,0,0
Session_5,2026-01-26 17:01:45.870,37.822,-87.3942,-17.8671,-47.4215,7.5160,82.8918,98.1292,-75.0064,-329.3037,407.4928,-178.0747,32.8693,82.9886,6,0,0,0,0
Session_5,2026-01-26 17:01:45.952,37.903,-87.3947,-16.6407,-47.4207,7.5524,82.9461,98.1278,-75.1830,-324.0499,414.4797,-178.3826,34.1072,82.8488,6,0,0,0,0
Session_5,2026-01-26 17:01:46.034,37.986,-87.3946,-14.7798,-47.4196,7.8607,83.1995,98.1285,-75.2525,-315.7875,425.3823,-179.0903,36.2095,82.5846,6,0,0,0,0
Session_5,2026-01-26 17:01:46.116,38.068,-87.3945,-12.2160,-47.3929,8.1917,83.2077,98.1264,-75.7895,-303.7574,439.9055,-179.7515,39.0835,82.1874,6,0,0,0,0
Session_5,2026-01-26 17:01:46.192,38.144,-87.3946,-9.5085,-47.3913,8.4320,83.3279,98.1264,-76.2532,-290.3991,454.2730,179.4126,41.9651,81.7212,6,0,0,0,0
Session_5,2026-01-26 17:01:46.260,38.211,-87.3946,-6.8264,-47.3864,8.7362,83.2166,98.1292,-77.0224,-276.4445,468.0414,178.7225,44.9155,81.1686,6,0,0,0,0
Session_5,2026-01-26 17:01:46.342,38.293,-87.3949,-3.4460,-47.3762,8.9374,83.1535,98.1244,-77.9389,-258.0040,484.0583,177.7174,48.4402,80.3943,6,0,0,0,0
Session_5,2026-01-26 17:01:46.416,38.368,-87.3949,0.0411,-47.3705,8.9937,82.9660,98.1244,-79.0706,-238.0982,499.0843,176.6850,51.9294,79.4575,6,0,0,0,0
Session_5,2026-01-26 17:01:46.492,38.444,-87.3947,3.0702,-47.3685,9.2484,83.0216,98.1285,-79.8284,-219.9541,511.5096,175.3185,55.1142,78.4006,6,0,0,0,0
Session_5,2026-01-26 17:01:46.557,38.509,-87.3948,5.6453,-47.3666,9.0857,82.9893,98.1292,-80.5788,-204.3212,520.5591,174.2478,57.4544,77.4826,6,0,0,0,0
Session_5,2026-01-26 17:01:46.632,38.583,-87.3947,8.4055,-47.3663,8.6250,82.8898,98.1271,-81.4679,-187.4104,528.9205,173.1592,59.6834,76.4698,6,0,0,0,0
Session_5,2026-01-26 17:01:46.706,38.657,-87.3948,10.8115,-47.3665,8.7259,83.1960,98.1258,-81.8042,-171.9184,536.4728,171.3829,62.0409,75.1862,6,0,0,0,0
Session_5,2026-01-26 17:01:46.772,38.723,-87.3951,12.7053,-47.3660,9.0411,83.5819,98.1306,-81.9154,-159.2605,542.3845,169.4950,64.0867,73.8451,6,0,0,0,0
Session_5,2026-01-26 17:01:46.845,38.797,-87.3950,14.8220,-47.3661,9.2374,84.5261,98.1264,-81.4203,-145.0716,548.1735,166.7885,66.1367,72.2508,6,0,0,0,0
Session_5,2026-01-26 17:01:46.911,38.863,-87.3950,16.2445,-47.3660,9.6446,84.9806,98.1278,-81.3260,-135.0675,552.2651,164.6888,67.7812,70.7382,6,0,0,0,0
Session_5,2026-01-26 17:01:46.976,38.927,-87.3952,17.6832,-47.3655,9.9255,84.7767,98.1278,-82.0330,-124.9569,555.9344,163.0501,69.3956,69.0214,6,0,0,0,0
Session_5,2026-01-26 17:01:47.042,38.994,-87.3952,18.7543,-47.3651,9.6947,84.7108,98.1299,-82.4324,-117.9290,557.7387,162.1106,70.1717,68.0769,6,0,0,0,0
Session_5,2026-01-26 17:01:47.114,39.066,-87.3952,19.6651,-47.3651,10.2551,85.2333,98.1285,-82.1169,-110.9712,560.4311,159.7477,71.4315,66.3421,6,0,0,0,0
Session_5,2026-01-26 17:01:47.202,39.154,-87.3952,20.1866,-47.3651,10.4350,85.5746,98.1313,-81.8778,-107.1458,561.6802,158.4488,72.0120,65.4341,6,0,0,0,0
Session_5,2026-01-26 17:01:47.404,39.356,-87.3953,21.1842,-47.3646,10.7384,86.0538,98.1271,-81.6305,-99.8308,563.9063,156.0250,73.0994,63.5833,6,0,0,0,0
Session_5,2026-01-26 17:01:47.474,39.426,-87.3948,21.1816,-47.3665,9.8396,85.9399,98.1292,-81.7109,-101.0789,562.4189,157.5545,72.3183,64.9340,6,0,0,0,0
Session_5,2026-01-26 17:01:47.548,39.499,-87.3946,21.1656,-47.3698,7.5600,85.9584,98.1292,-81.5460,-104.2024,558.5429,160.6994,70.2519,67.9310,6,0,0,0,0
Session_5,2026-01-26 17:01:47.614,39.566,-87.3944,21.1062,-47.3853,5.2219,85.9872,98.1278,-81.3571,-107.5793,554.3300,163.3705,68.0336,70.4553,6,0,0,0,0
Session_5,2026-01-26 17:01:47.680,39.631,-87.3942,20.8464,-47.3991,4.1501,86.1431,98.1299,-81.0273,-110.6649,551.9014,164.5120,66.7603,71.6536,6,0,0,0,0
Session_5,2026-01-26 17:01:47.741,39.693,-87.3944,20.2292,-47.3997,4.5641,86.1225,98.1292,-80.8852,-114.3435,551.4716,164.7154,66.5729,71.8213,6,0,0,0,0
Session_5,2026-01-26 17:01:47.812,39.763,-87.3944,19.3053,-47.3998,4.3932,86.0628,98.1278,-80.6664,-120.7432,549.3303,165.7114,65.5549,72.6774,6,0,0,0,0
Session_5,2026-01-26 17:01:47.894,39.845,-87.3945,18.0636,-47.4000,4.4845,86.0126,98.1251,-80.3547,-128.9312,546.8748,166.6731,64.4779,73.5045,6,0,0,0,0
Session_5,2026-01-26 17:01:47.968,39.920,-87.3948,16.7924,-47.4007,4.5257,86.0641,98.1271,-79.9115,-137.3187,544.0771,167.5179,63.3046,74.3083,6,0,0,0,0
Session_5,2026-01-26 17:01:48.051,40.002,-87.3952,15.2425,-47.4023,4.3087,85.9818,98.1299,-79.5386,-147.7266,539.9139,168.7583,61.6313,75.3333,6,0,0,0,0
Session_5,2026-01-26 17:01:48.126,40.077,-87.3947,13.6491,-47.4020,4.4282,85.9000,98.1292,-79.1704,-157.9655,535.9996,169.7176,60.2327,76.1010,6,0,0,0,0
Session_5,2026-01-26 17:01:48.190,40.142,-87.3947,12.2310,-47.4021,4.4515,86.0470,98.1278,-78.5782,-167.0671,532.1086,170.3470,58.8728,76.7716,6,0,0,0,0
Session_5,2026-01-26 17:01:48.266,40.217,-87.3945,10.6063,-47.4021,3.9688,85.9941,98.1285,-78.1537,-177.7952,526.3823,171.4477,56.8481,77.6586,6,0,0,0,0
Session_5,2026-01-26 17:01:48.340,40.292,-87.3943,8.8594,-47.4023,2.8935,85.9941,98.1271,-77.6196,-189.5160,518.7528,172.6911,54.1148,78.6844,6,0,0,0,0
Session_5,2026-01-26 17:01:48.422,40.374,-87.3942,6.8752,-47.4035,2.3847,86.0703,98.1285,-76.9603,-201.9665,511.0631,173.5832,51.6790,79.4562,6,0,0,0,0
Session_5,2026-01-26 17:01:48.497,40.448,-87.3941,5.0879,-47.4069,2.3470,86.0044,98.1285,-76.5526,-212.6764,504.6237,174.2930,49.9060,79.9551,6,0,0,0,0
Session_5,2026-01-26 17:01:48.570,40.522,-87.3942,3.0470,-47.4293,2.4252,85.8266,98.1278,-76.2238,-224.6347,497.0485,175.1166,47.9923,80.4424,6,0,0,0,0
Session_5,2026-01-26 17:01:48.653,40.604,-87.3942,0.8610,-47.4360,2.1478,85.7064,98.1292,-75.7954,-237.2488,487.7780,175.9762,45.5920,80.9805,6,0,0,0,0
Session_5,2026-01-26 17:01:48.735,40.687,-87.3943,-1.3571,-47.4377,2.0215,85.8053,98.1278,-75.1142,-249.5916,478.2163,176.5298,43.2783,81.4383,6,0,0,0,0
Session_5,2026-01-26 17:01:48.817,40.769,-87.3943,-3.4716,-47.4413,1.9769,85.8087,98.1251,-74.5918,-260.9801,468.8191,177.0850,41.1548,81.8157,6,0,0,0,0
Session_5,2026-01-26 17:01:48.890,40.842,-87.3944,-5.5414,-47.4814,1.6981,85.7538,98.1285,-74.1625,-271.8856,458.5623,177.7100,38.8146,82.1795,6,0,0,0,0
Session_5,2026-01-26 17:01:48.965,40.916,-87.3944,-7.9972,-47.5666,1.6280,85.7600,98.1292,-73.5882,-284.3411,446.2708,178.2891,36.2442,82.5356,6,0,0,0,0
Session_5,2026-01-26 17:01:49.039,40.991,-87.3944,-10.5929,-47.6707,1.7729,85.6583,98.1285,-73.1387,-296.9242,433.1181,178.9270,33.7419,82.8440,6,0,0,0,0
Session_5,2026-01-26 17:01:49.122,41.073,-87.3945,-13.8386,-47.7262,2.1259,85.7249,98.1264,-72.3850,-311.7254,416.5755,179.4442,30.8255,83.1574,6,0,0,0,0
Session_5,2026-01-26 17:01:49.188,41.139,-87.3945,-16.5665,-47.7355,3.1105,85.5615,98.1258,-72.0441,-323.5638,403.6893,179.9356,29.1193,83.3225,6,0,0,0,0
Session_5,2026-01-26 17:01:49.261,41.213,-87.3950,-19.5860,-47.7466,4.0636,84.8879,98.1292,-72.2974,-335.9741,388.5298,-179.0226,27.1638,83.4966,6,0,0,0,0
Session_5,2026-01-26 17:01:49.336,41.287,-87.3947,-22.8291,-47.7573,5.5762,83.9019,98.1161,-72.9104,-348.6459,372.6073,-177.7329,25.5831,83.6514,6,0,0,0,0
Session_5,2026-01-26 17:01:49.417,41.369,-87.3948,-26.4610,-47.7591,8.8213,82.9385,98.1203,-73.4452,-362.4447,357.2453,-176.7112,25.3353,83.6828,6,0,0,0,0
Session_5,2026-01-26 17:01:49.500,41.452,-87.3943,-29.6056,-47.7607,9.1756,83.2832,98.1127,-72.5645,-372.5956,337.9614,-176.5818,22.5275,83.8785,6,0,0,0,0
Session_5,2026-01-26 17:01:49.582,41.534,-87.3972,-32.6571,-47.7740,8.7328,83.0305,98.1072,-72.5059,-381.0001,317.1383,-175.7661,19.0945,84.0840,6,0,0,0,0
Session_5,2026-01-26 17:01:49.656,41.608,-87.3960,-35.7035,-47.7796,10.7645,82.4476,98.1141,-72.7961,-389.8824,301.0529,-175.0300,18.1680,84.1358,6,0,0,0,0
Session_5,2026-01-26 17:01:49.730,41.681,-87.3961,-38.4779,-47.7815,11.7602,81.3105,98.1004,-73.8537,-396.7093,284.3858,-173.6222,16.5648,84.2480,6,0,0,0,0
Session_5,2026-01-26 17:01:49.820,41.771,-87.3964,-41.9069,-47.7823,12.7009,80.2373,98.0914,-74.8160,-403.8784,262.7331,-172.1797,14.2506,84.3752,6,0,0,0,0
Session_5,2026-01-26 17:01:49.910,41.861,-87.3961,-45.0319,-47.7808,15.8485,79.8926,98.0956,-74.8937,-411.1821,247.0407,-171.8413,14.3230,84.3774,6,0,0,0,0
Session_5,2026-01-26 17:01:49.977,41.928,-87.3962,-47.1413,-47.7805,18.0807,80.0443,98.1024,-74.5074,-415.6991,236.3658,-172.0123,14.4247,84.3627,6,0,0,0,0
Session_5,2026-01-26 17:01:50.043,41.995,-87.3962,-48.6841,-47.7806,17.6763,80.0587,98.0942,-74.4253,-417.1314,224.4531,-171.7390,12.4942,84.4373,6,0,0,0,0
Session_5,2026-01-26 17:01:50.125,42.077,-87.3940,-50.4047,-47.7800,17.4998,80.0079,98.0935,-74.4044,-418.5701,211.6877,-171.4143,10.6237,84.4962,6,0,0,0,0
Session_5,2026-01-26 17:01:50.190,42.142,-87.3807,-51.2890,-47.7803,17.4147,80.1391,98.0942,-74.1239,-419.1725,205.0893,-171.4060,9.6455,84.5304,6,0,0,0,0
Session_5,2026-01-26 17:01:50.266,42.217,-87.3814,-52.4411,-47.7805,17.5204,79.8988,98.0949,-74.3783,-419.9971,196.9799,-171.0184,8.6428,84.5579,6,0,0,0,0
Session_5,2026-01-26 17:01:50.341,42.292,-87.3744,-53.6212,-47.7804,18.6047,80.0292,98.0956,-74.0967,-421.6315,190.4245,-171.1345,8.5301,84.5634,6,0,0,0,0
Session_5,2026-01-26 17:01:50.409,42.361,-87.3723,-54.7157,-47.7799,21.2489,80.0828,98.0914,-73.8828,-424.5656,187.4604,-171.4078,10.0568,84.5328,6,0,0,0,0
Session_5,2026-01-26 17:01:50.479,42.430,-87.3702,-55.7614,-47.7797,22.1663,79.8692,98.0983,-74.0675,-425.7639,181.5807,-171.1785,9.9607,84.5358,6,0,0,0,0
Session_5,2026-01-26 17:01:50.553,42.504,-87.3602,-56.4996,-47.7801,21.5408,79.7951,98.0921,-74.1014,-425.3596,174.9660,-170.9097,8.6195,84.5849,6,0,0,0,0
Session_5,2026-01-26 17:01:50.635,42.587,-87.3508,-57.4523,-47.7800,22.4801,78.9972,98.0942,-74.9351,-426.4148,169.9102,-170.1153,8.7175,84.6114,6,0,0,0,0
Session_5,2026-01-26 17:01:50.698,42.649,-87.3050,-58.0973,-47.7801,22.8488,78.6312,98.0921,-75.0121,-426.8692,165.9362,-169.7123,8.4942,84.6741,6,0,0,0,0
Session_5,2026-01-26 17:01:50.766,42.717,-87.2110,-58.9049,-47.7799,23.5547,78.2055,98.0921,-74.7849,-427.6647,161.4106,-169.2748,8.4525,84.7813,6,0,0,0,0
Session_5,2026-01-26 17:01:50.833,42.785,-87.0351,-59.7454,-47.7802,24.1219,77.9940,98.0956,-73.6996,-428.3562,156.3176,-169.0266,8.2115,84.9650,6,0,0,0,0
Session_5,2026-01-26 17:01:50.908,42.860,-86.7380,-60.6273,-47.7800,24.6451,78.0675,98.0969,-71.3706,-429.0640,150.7574,-169.0495,7.8465,85.2659,6,0,0,0,0
Session_5,2026-01-26 17:01:50.972,42.924,-86.4217,-61.2406,-47.7801,24.8813,78.2872,98.0928,-68.7368,-429.4988,146.6045,-169.2143,7.4419,85.5874,6,0,0,0,0
Session_5,2026-01-26 17:01:51.048,42.999,-86.0862,-61.5296,-47.7801,25.2953,78.7006,98.0907,-65.7080,-430.1868,145.1406,-169.6423,7.5082,85.9119,6,0,0,0,0
Session_5,2026-01-26 17:01:51.129,43.080,-85.8244,-61.5285,-47.7798,25.5583,78.5392,98.0956,-63.9148,-430.7540,145.6821,-169.5197,7.7931,86.1680,6,0,0,0,0
Session_5,2026-01-26 17:01:51.204,43.156,-85.6072,-61.5291,-47.7802,25.3345,78.4438,98.0949,-62.4113,-430.7769,145.2784,-169.3932,7.5836,86.3927,6,0,0,0,0
Session_5,2026-01-26 17:01:51.286,43.238,-85.5169,-61.5303,-47.7810,24.5805,77.9672,98.0935,-62.3573,-430.1475,143.9726,-168.8138,6.9006,86.5104,6,0,0,0,0
Session_5,2026-01-26 17:01:51.359,43.311,-85.5170,-61.5321,-47.7812,24.3079,77.5443,98.0942,-62.8802,-429.8980,143.5596,-168.3554,6.6872,86.5261,6,0,0,0,0
Session_5,2026-01-26 17:01:51.422,43.374,-85.5161,-61.5930,-47.7814,24.3842,77.4049,98.0962,-63.0337,-429.9631,143.2863,-168.2193,6.7218,86.5288,6,0,0,0,0
Session_5,2026-01-26 17:01:51.492,43.444,-85.5161,-61.9770,-47.7813,24.6018,77.4495,98.0956,-62.9756,-430.0287,140.8395,-168.2404,6.5509,86.5308,6,0,0,0,0
Session_5,2026-01-26 17:01:51.574,43.525,-85.5169,-63.2020,-47.7811,25.6853,78.0675,98.0949,-62.2094,-430.5057,133.6255,-168.8344,6.3255,86.5155,6,0,0,0,0
Session_5,2026-01-26 17:01:51.640,43.591,-85.5252,-64.0808,-47.7805,26.6796,78.9828,98.0887,-61.1456,-430.9403,128.7404,-169.7587,6.3127,86.4875,6,0,0,0,0
Session_5,2026-01-26 17:01:51.708,43.660,-85.5249,-64.4646,-47.7798,28.7725,79.2375,98.0887,-60.6940,-432.7936,129.7510,-170.2517,7.9706,86.4516,6,0,0,0,0
Session_5,2026-01-26 17:01:51.774,43.726,-85.5250,-64.4777,-47.7798,28.5768,78.9120,98.0901,-61.0975,-432.6147,129.3582,-169.8991,7.8091,86.4622,6,0,0,0,0
Session_5,2026-01-26 17:01:51.842,43.793,-85.5250,-64.4778,-47.7798,28.3502,78.7651,98.0894,-61.2900,-432.4003,128.9659,-169.7212,7.6049,86.4708,6,0,0,0,0
Session_5,2026-01-26 17:01:51.921,43.872,-85.5250,-64.4775,-47.7797,28.2816,78.7212,98.0880,-61.3473,-432.3356,128.8502,-169.6678,7.5432,86.4746,6,0,0,0,0
Session_5,2026-01-26 17:01:52.003,43.955,-85.5255,-64.4769,-47.7796,27.6128,78.4966,98.0914,-61.6705,-431.6787,127.6565,-169.3515,6.9133,86.4882,6,0,0,0,0
Session_5,2026-01-26 17:01:52.085,44.037,-85.5257,-64.4751,-47.7793,27.0634,78.4019,98.0907,-61.8280,-431.1244,126.6717,-169.1809,6.3843,86.5001,6,0,0,0,0
Session_5,2026-01-26 17:01:52.158,44.109,-85.5256,-64.4751,-47.7793,27.1259,78.3572,98.0928,-61.8755,-431.1922,126.7990,-169.1455,6.4528,86.4983,6,1,0,0,0
Session_5,2026-01-26 17:01:52.224,44.175,-85.5257,-64.4750,-47.7793,27.3093,78.4959,98.0928,-61.6965,-431.3708,127.1065,-169.3089,6.6152,86.4917,6,1,0,0,0
Session_5,2026-01-26 17:01:52.297,44.249,-85.5257,-64.4750,-47.7793,27.5997,78.6388,98.0901,-61.5041,-431.6572,127.6139,-169.4910,6.8827,86.4859,6,1,0,0,0
Session_5,2026-01-26 17:01:52.364,44.316,-85.5262,-64.4750,-47.7793,27.5826,78.6971,98.0887,-61.4397,-431.6351,127.5681,-169.5464,6.8573,86.4855,6,1,0,0,0
Session_5,2026-01-26 17:01:52.446,44.398,-85.5262,-64.4749,-47.7793,27.7171,78.6793,98.0901,-61.4505,-431.7730,127.8239,-169.5477,6.9934,86.4823,6,1,0,0,0
Session_5,2026-01-26 17:01:52.512,44.464,-85.5266,-64.4744,-47.7793,27.6100,78.7720,98.0887,-61.3522,-431.6576,127.6058,-169.6247,6.8747,86.4827,6,1,0,0,0
Session_5,2026-01-26 17:01:52.586,44.538,-85.5285,-64.4729,-47.7792,27.5283,78.8825,98.0887,-61.2413,-431.5657,127.4389,-169.7233,6.7801,86.4793,6,1,0,0,0
Session_5,2026-01-26 17:01:52.661,44.613,-85.5300,-64.4725,-47.7792,27.2633,79.2190,98.0894,-60.8737,-431.2684,126.8713,-170.0204,6.4715,86.4731,6,1,0,0,0
Session_5,2026-01-26 17:01:52.725,44.676,-85.5300,-64.4723,-47.7791,27.1609,79.2670,98.0887,-60.8245,-431.1598,126.6724,-170.0537,6.3638,86.4742,6,1,0,0,0
Session_5,2026-01-26 17:01:52.792,44.743,-85.5300,-64.4688,-47.7782,27.0792,79.5994,98.0866,-60.4353,-431.0546,126.4763,-170.3726,6.2407,86.4694,6,1,0,0,0
Session_5,2026-01-26 17:01:52.866,44.818,-85.5298,-64.4666,-47.7780,27.0257,79.8871,98.0914,-60.0956,-430.9796,126.3328,-170.6515,6.1510,86.4589,6,1,0,0,0
Session_5,2026-01-26 17:01:52.940,44.891,-85.5298,-64.4665,-47.7779,26.9419,79.9585,98.0921,-60.0173,-430.8871,126.1628,-170.7107,6.0583,86.4578,6,1,0,0,0
Session_5,2026-01-26 17:01:53.031,44.982,-85.5299,-64.4663,-47.7778,27.0710,79.9228,98.0901,-60.0499,-431.0245,126.4121,-170.6932,6.1911,86.4586,6,1,0,0,0
Session_5,2026-01-26 17:01:53.105,45.057,-85.5297,-64.4627,-47.7768,27.1438,79.6763,98.0880,-60.3358,-431.1231,126.6311,-170.4592,6.3016,86.4654,6,1,0,0,0
Session_5,2026-01-26 17:01:53.174,45.126,-85.5298,-64.4625,-47.7768,27.1342,79.4071,98.0921,-60.6578,-431.1333,126.6741,-170.1911,6.3304,86.4678,6,1,0,0,0
Session_5,2026-01-26 17:01:53.244,45.195,-85.5297,-64.4540,-47.7741,27.2015,79.7017,98.0914,-60.3003,-431.1923,126.8093,-170.4944,6.3671,86.4603,6,1,0,0,0
Session_5,2026-01-26 17:01:53.309,45.261,-85.5297,-64.4449,-47.7681,27.3216,79.7834,98.0873,-60.1919,-431.3287,127.1096,-170.5941,6.4890,86.4604,6,1,0,0,0
Session_5,2026-01-26 17:01:53.391,45.342,-85.5298,-64.3630,-47.7658,27.5352,79.7642,98.0859,-60.1935,-431.6070,128.1302,-170.6166,6.7863,86.4573,6,1,0,0,0
Session_5,2026-01-26 17:01:53.456,45.408,-85.5298,-64.1441,-47.7645,27.5201,79.5355,98.0907,-60.4559,-431.7490,129.7841,-170.4189,7.0219,86.4544,6,1,0,0,0
Session_5,2026-01-26 17:01:53.525,45.476,-85.5292,-63.6980,-47.7645,26.9350,79.3206,98.0914,-60.7333,-431.4381,132.0511,-170.1861,6.9143,86.4618,6,1,0,0,0
Session_5,2026-01-26 17:01:53.605,45.557,-85.5293,-62.9415,-47.7647,25.8858,78.9127,98.0949,-61.2702,-430.8091,135.7976,-169.7404,6.6813,86.4733,6,1,0,0,0
Session_5,2026-01-26 17:01:53.674,45.626,-85.5292,-62.3445,-47.7647,25.7114,78.9217,98.0914,-61.2508,-430.9154,139.8960,-169.8081,7.0980,86.4694,6,1,0,0,0
Session_5,2026-01-26 17:01:53.744,45.696,-85.5292,-61.7959,-47.7646,25.5068,79.2052,98.0942,-60.9119,-430.9145,143.5158,-170.1385,7.3998,86.4536,6,1,0,0,0
Session_5,2026-01-26 17:01:53.809,45.761,-85.5292,-61.4520,-47.7647,25.3523,79.2876,98.0907,-60.8164,-430.8778,145.7574,-170.2465,7.5754,86.4515,6,1,0,0,0
Session_5,2026-01-26 17:01:53.885,45.836,-85.5292,-61.0052,-47.7648,25.0262,79.9372,98.0873,-60.0569,-430.6499,148.3139,-170.9081,7.6040,86.4376,6,1,0,0,0
Session_5,2026-01-26 17:01:53.967,45.918,-85.5292,-60.4098,-47.7647,24.8648,79.9606,98.0914,-60.0296,-430.6431,152.4176,-170.9931,8.0312,86.4246,6,1,0,0,0
Session_5,2026-01-26 17:01:54.041,45.992,-85.5293,-59.7959,-47.7647,24.5627,80.0217,98.0907,-59.9708,-430.4604,156.3827,-171.0979,8.3314,86.4176,6,1,0,0,0
Session_5,2026-01-26 17:01:54.107,46.059,-85.5293,-59.2238,-47.7648,24.0546,80.1446,98.0962,-59.8572,-430.0320,159.6290,-171.2298,8.3782,86.4081,6,1,0,0,0
Session_5,2026-01-26 17:01:54.173,46.124,-85.5292,-58.5090,-47.7648,23.6508,80.4206,98.0942,-59.5541,-429.6668,164.0952,-171.5478,8.6476,86.3978,6,1,0,0,0
Session_5,2026-01-26 17:01:54.246,46.197,-85.5292,-57.7428,-47.7647,23.3329,80.4288,98.0949,-59.5694,-429.3454,169.1522,-171.6198,9.0904,86.3871,6,1,0,0,0
Session_5,2026-01-26 17:01:54.320,46.271,-85.5292,-56.8086,-47.7648,22.6566,80.7914,98.0887,-59.1943,-428.5775,174.6855,-172.0157,9.2943,86.3801,6,1,0,0,0
Session_5,2026-01-26 17:01:54.393,46.344,-85.5292,-55.7898,-47.7648,22.3503,81.0997,98.0894,-58.8654,-428.0455,181.5502,-172.4239,9.9567,86.3564,6,1,0,0,0
Session_5,2026-01-26 17:01:54.456,46.407,-85.5292,-54.8866,-47.7647,21.6959,81.4114,98.0935,-58.5619,-427.1321,186.8809,-172.7700,10.1602,86.3403,6,1,0,0,0
Session_5,2026-01-26 17:01:54.541,46.493,-85.5292,-53.2591,-47.7647,20.8019,81.7417,98.0928,-58.2875,-425.5548,197.0375,-173.2035,10.8401,86.3160,6,1,0,0,0
Session_5,2026-01-26 17:01:54.623,46.574,-85.5291,-51.4407,-47.7644,19.7376,82.0569,98.0894,-58.0739,-423.4265,208.2016,-173.6251,11.5423,86.2931,6,1,0,0,0
Session_5,2026-01-26 17:01:54.699,46.650,-85.5291,-49.2921,-47.7640,18.6884,82.1695,98.0880,-58.1529,-420.6801,221.7381,-173.8970,12.6150,86.2592,6,1,0,0,0
Session_5,2026-01-26 17:01:54.772,46.724,-85.5289,-47.0399,-47.7632,17.7367,82.3082,98.0853,-58.2394,-417.4174,236.0826,-174.2256,13.8832,86.2163,6,1,0,0,0
Session_5,2026-01-26 17:01:54.854,46.806,-85.5285,-44.2776,-47.7633,16.2646,82.9358,98.0880,-57.8663,-412.4639,252.7779,-175.0418,15.0722,86.1574,6,1,0,0,0
Session_5,2026-01-26 17:01:54.936,46.887,-85.5284,-41.3951,-47.7605,14.7910,83.3389,98.0921,-57.8394,-406.5730,270.0844,-175.6562,16.4128,86.0906,6,1,0,0,0
Session_5,2026-01-26 17:01:55.010,46.961,-85.5277,-38.4451,-47.7564,13.3401,83.7920,98.0880,-57.8189,-399.7634,287.5638,-176.3352,17.8359,86.0232,6,1,0,0,0
Session_5,2026-01-26 17:01:55.076,47.028,-85.5260,-36.1201,-47.7533,12.0822,84.3537,98.0935,-57.5986,-393.7450,300.8088,-177.0609,18.8159,85.9621,6,1,0,0,0
Session_5,2026-01-26 17:01:55.151,47.102,-85.5259,-33.5140,-47.7538,10.9273,84.7169,98.0846,-57.7192,-386.5757,315.8782,-177.6469,20.1989,85.8927,6,1,0,0,0
Session_5,2026-01-26 17:01:55.224,47.176,-85.5256,-31.0450,-47.7530,10.1088,85.1756,98.0928,-57.7271,-379.3432,330.3992,-178.3705,21.7673,85.7867,6,1,0,0,0
Session_5,2026-01-26 17:01:55.299,47.251,-85.5169,-29.0435,-47.7533,9.5080,85.3027,98.0949,-58.0045,-373.1122,342.0771,-178.7274,23.1336,85.7049,6,1,0,0,0
Session_5,2026-01-26 17:01:55.360,47.312,-85.5158,-27.7610,-47.7536,9.0218,84.9120,98.0880,-58.8011,-368.9036,349.2714,-178.4698,23.9751,85.6618,6,1,0,0,0
Session_5,2026-01-26 17:01:55.426,47.377,-85.5144,-26.9417,-47.7539,8.7012,85.2045,98.0928,-58.6571,-366.1072,353.7415,-178.8460,24.4264,85.6225,6,1,0,0,0
Session_5,2026-01-26 17:01:55.492,47.443,-85.4989,-26.5629,-47.7540,8.5995,85.7881,98.0942,-57.9543,-364.8020,355.8555,-179.4720,24.6181,85.6156,6,1,0,0,0
Session_5,2026-01-26 17:01:55.573,47.524,-85.4909,-26.5282,-47.7540,8.4526,86.6849,98.0949,-56.8323,-364.5830,355.6987,179.6588,24.3809,85.6305,6,1,0,0,0
Session_5,2026-01-26 17:01:55.636,47.588,-85.4881,-26.5295,-47.7544,8.1120,88.1481,98.0942,-55.0545,-364.3507,354.8993,178.2699,23.8368,85.6618,6,1,0,0,0
Session_5,2026-01-26 17:01:55.722,47.673,-85.4759,-26.5315,-47.7547,8.0392,88.5491,98.0935,-54.4936,-364.3075,354.7198,177.8866,23.7062,85.6819,6,1,0,0,0
Session_5,2026-01-26 17:01:55.804,47.755,-85.4184,-26.5478,-47.7553,7.9678,88.3720,98.0956,-54.3399,-364.4024,354.4696,178.0756,23.6437,85.7422,6,1,0,0,0
Session_5,2026-01-26 17:01:55.870,47.821,-85.1488,-26.5610,-47.7557,7.9658,88.6590,98.0962,-52.2744,-364.6710,354.3721,177.7944,23.5878,86.0136,6,1,0,0,0
Session_5,2026-01-26 17:01:55.951,47.903,-84.4597,-26.5807,-47.7558,8.1910,88.5697,98.0894,-47.9777,-365.4370,354.7245,177.8511,23.8037,86.6958,6,1,0,0,0
Session_5,2026-01-26 17:01:56.034,47.986,-83.5392,-26.5823,-47.7558,8.0962,88.6398,98.0907,-42.0197,-366.1198,354.5133,177.7975,23.6985,87.6217,6,1,0,0,0
Session_5,2026-01-26 17:01:56.106,48.057,-82.7699,-26.5835,-47.7560,7.7371,88.5120,98.0942,-37.2721,-366.5282,353.7540,177.9825,23.3602,88.4106,6,1,0,0,0
Session_5,2026-01-26 17:01:56.179,48.131,-82.2830,-26.6003,-47.7562,7.5655,88.4578,98.0928,-34.2233,-366.8238,353.2890,178.0681,23.1814,88.9112,6,1,0,0,0
Session_5,2026-01-26 17:01:56.255,48.206,-81.9559,-26.6537,-47.7565,7.2984,88.4756,98.0956,-32.0985,-367.0710,352.3927,178.1026,22.8618,89.2563,6,1,0,0,0
Session_5,2026-01-26 17:01:56.329,48.280,-81.7481,-26.9234,-47.7571,7.2146,88.3527,98.0901,-30.7944,-368.0363,350.5265,178.2849,22.5293,89.4920,6,1,0,0,0
Session_5,2026-01-26 17:01:56.395,48.346,-81.7293,-27.3115,-47.7574,7.1164,88.4784,98.0928,-30.3491,-369.1512,348.0314,178.2250,22.0609,89.5317,6,1,0,0,0
Session_5,2026-01-26 17:01:56.477,48.428,-81.7294,-27.8647,-47.7573,7.3032,88.4193,98.0942,-30.1570,-371.0425,344.7719,178.3573,21.6768,89.5592,6,1,0,0,0
Session_5,2026-01-26 17:01:56.542,48.494,-81.7293,-28.4977,-47.7573,7.4714,88.6569,98.0935,-29.5769,-373.0274,341.0957,178.1982,21.1839,89.5886,6,1,0,0,0
Session_5,2026-01-26 17:01:56.617,48.569,-81.7290,-29.0446,-47.7574,7.5037,88.9227,98.0942,-29.0142,-374.6450,337.6648,178.0184,20.6376,89.6192,6,1,0,0,0
Session_5,2026-01-26 17:01:56.698,48.650,-81.7286,-29.3280,-47.7574,7.7618,88.6926,98.0914,-29.1466,-375.6551,336.3911,178.2508,20.6452,89.6228,6,1,0,0,0
Session_5,2026-01-26 17:01:56.782,48.733,-81.7266,-29.5995,-47.7576,7.8367,88.8979,98.0901,-28.7650,-376.4593,334.7972,178.0800,20.4217,89.6384,6,1,0,0,0
Session_5,2026-01-26 17:01:56.846,48.798,-81.7263,-30.1580,-47.7577,7.9905,88.9206,98.0935,-28.4885,-378.1561,331.5155,178.1210,20.0182,89.6575,6,1,0,0,0
Session_5,2026-01-26 17:01:56.912,48.864,-81.7200,-31.0363,-47.7582,8.0743,89.2268,98.0969,-27.7113,-380.6343,325.9873,177.9433,19.1889,89.7040,6,1,0,0,0
Session_5,2026-01-26 17:01:56.978,48.930,-81.7199,-32.1363,-47.7582,8.6723,89.8016,98.0894,-26.5352,-383.8724,320.0277,177.4569,18.6120,89.7411,6,1,0,0,0
Session_5,2026-01-26 17:01:57.053,49.004,-81.7176,-33.5089,-47.7583,9.2670,90.6400,98.0962,-24.9414,-387.6537,312.1965,176.7479,17.7243,89.7803,6,1,0,0,0
Session_5,2026-01-26 17:01:57.126,49.078,-81.6709,-34.9223,-47.7585,9.8994,90.8322,98.0942,-23.8273,-391.5178,304.0699,176.6794,16.9248,89.8667,6,1,0,0,0
Session_5,2026-01-26 17:01:57.191,49.142,-81.4562,-36.2631,-47.7598,10.3738,90.5562,98.0962,-22.1757,-395.0812,296.0011,177.0843,16.1052,90.1149,6,1,0,0,0
Session_5,2026-01-26 17:01:57.274,49.225,-80.9045,-37.9547,-47.8088,10.7233,91.1639,98.0949,-17.0240,-399.0276,284.9873,176.6951,14.6436,90.7287,6,1,0,0,0
Session_5,2026-01-26 17:01:57.349,49.300,-80.1085,-39.6815,-47.8144,10.6073,93.2636,98.0983,-8.4018,-402.0545,272.9792,174.8960,12.5196,91.6082,6,1,0,0,0
Session_5,2026-01-26 17:01:57.422,49.374,-79.1829,-41.4062,-47.8198,10.3965,93.8480,98.0942,-0.6717,-404.8285,260.6560,174.6040,10.5172,92.6024,6,1,0,0,0
Session_5,2026-01-26 17:01:57.505,49.457,-78.2536,-43.5632,-47.8269,11.6208,92.6628,98.0956,5.3886,-409.4046,247.8881,175.9110,9.7531,93.5403,6,1,0,0,0
Session_5,2026-01-26 17:01:57.577,49.529,-77.5634,-45.3189,-47.8280,12.0438,91.7777,98.0880,9.8627,-412.2207,236.3032,176.9797,8.5577,94.2608,6,1,0,0,0
Session_5,2026-01-26 17:01:57.661,49.613,-76.9844,-47.1800,-47.8350,11.6318,91.8773,98.0956,14.5232,-413.7066,222.3144,177.2065,6.2864,94.8751,6,1,0,0,0
Session_5,2026-01-26 17:01:57.725,49.677,-76.5159,-48.7418,-47.8654,11.8618,91.9199,98.0921,18.3303,-415.1230,211.5072,177.3583,4.9320,95.3663,6,1,0,0,0
Session_5,2026-01-26 17:01:57.801,49.752,-75.8881,-50.8786,-47.9087,13.0463,92.7026,98.0928,24.4494,-417.2580,198.2797,176.7245,3.8363,96.0099,6,1,0,0,0
Session_5,2026-01-26 17:01:57.881,49.833,-75.5124,-52.7844,-47.9102,14.8913,92.4424,98.0894,27.6095,-419.9924,187.9589,176.9911,3.8114,96.3876,6,1,0,0,0
Session_5,2026-01-26 17:01:57.947,49.899,-75.4822,-54.2556,-47.9103,16.2076,91.3019,98.0914,26.9699,-422.1700,179.6990,178.1415,3.8182,96.4103,6,1,0,0,0
Session_5,2026-01-26 17:01:58.038,49.990,-75.4800,-56.1132,-47.9110,16.5324,91.0567,98.0969,26.8542,-422.8445,166.8027,178.6004,2.3343,96.4177,6,1,0,0,0
Session_5,2026-01-26 17:01:58.113,50.065,-75.4725,-57.7873,-47.9127,17.8748,93.0309,98.0928,29.5845,-423.6230,157.1325,176.6935,1.7266,96.4424,6,1,0,0,0
Session_5,2026-01-26 17:01:58.195,50.146,-75.4721,-59.6338,-47.9124,20.2210,93.0693,98.0990,30.1983,-425.7953,147.8968,176.5848,2.2160,96.4345,6,1,0,0,0
Session_5,2026-01-26 17:01:58.268,50.220,-75.4725,-60.9159,-47.9123,21.0821,93.0775,98.0956,30.3308,-426.2790,140.0604,176.6360,1.7983,96.4397,6,1,0,0,0
Session_5,2026-01-26 17:01:58.340,50.292,-75.4678,-61.8861,-47.9123,21.7200,93.3440,98.0914,30.7422,-426.4417,134.1114,176.4192,1.4320,96.4521,6,1,0,0,0
Session_5,2026-01-26 17:01:58.416,50.367,-75.4678,-62.5403,-47.9122,22.6545,93.0569,98.0901,30.5814,-427.2064,130.9741,176.6639,1.7501,96.4500,6,1,0,0,0
Session_5,2026-01-26 17:01:58.489,50.441,-75.4341,-62.9952,-47.9122,23.0946,93.7436,98.0942,31.6921,-427.1915,128.4743,175.9862,1.6388,96.4858,6,1,0,0,0
Session_5,2026-01-26 17:01:58.564,50.516,-75.3519,-63.1343,-47.9126,22.6263,94.0855,98.0990,32.5455,-426.4291,126.6351,175.7331,0.9887,96.5686,6,1,0,0,0
Session_5,2026-01-26 17:01:58.639,50.590,-74.9431,-63.1348,-47.9130,22.9855,94.1061,98.0969,35.7186,-426.5790,127.2773,175.6624,1.3406,96.9787,6,1,0,0,0
Session_5,2026-01-26 17:01:58.703,50.655,-74.3269,-63.1349,-47.9131,23.3199,94.1137,98.0935,40.4164,-426.5358,127.8809,175.6080,1.6707,97.5971,6,1,0,0,0
Session_5,2026-01-26 17:01:58.780,50.731,-73.4798,-63.1348,-47.9131,23.1338,94.1693,98.0887,46.7219,-425.6687,127.5500,175.5793,1.4791,98.4503,6,1,0,0,0
Session_5,2026-01-26 17:01:58.855,50.806,-72.9250,-63.1349,-47.9141,22.8536,93.8940,98.0956,50.4279,-424.9850,127.0163,175.8911,1.2388,98.9963,6,1,0,0,0
Session_5,2026-01-26 17:01:58.937,50.889,-72.7199,-63.1348,-47.9230,22.7870,92.7816,98.0859,50.6348,-425.1123,126.7790,177.0031,1.3209,99.2016,6,1,0,0,0
Session_5,2026-01-26 17:01:59.019,50.971,-72.7725,-63.1352,-47.9588,22.1855,91.7077,98.0935,48.7708,-424.7996,125.4898,178.1557,0.8402,99.1368,6,1,0,0,0
Session_5,2026-01-26 17:01:59.101,51.052,-72.7695,-63.1364,-48.3090,22.0324,91.6823,98.0942,48.4815,-423.8962,123.6733,178.2518,0.3443,99.1397,6,1,0,0,0
Session_5,2026-01-26 17:01:59.185,51.136,-72.7696,-63.1364,-49.4960,22.3277,91.8382,98.0942,47.9731,-421.6235,119.0321,178.2230,-0.5604,99.1400,6,1,0,0,0
Session_5,2026-01-26 17:01:59.268,51.219,-72.7708,-63.1363,-51.1095,23.1420,92.2721,98.0928,47.6441,-418.8156,113.5213,177.9058,-1.4125,99.1403,6,1,0,0,0
Session_5,2026-01-26 17:01:59.341,51.293,-72.7704,-63.1354,-52.6931,25.4965,92.2893,98.0928,47.3945,-417.9309,110.8690,177.7802,-0.6508,99.1427,6,1,0,0,0
Session_5,2026-01-26 17:01:59.415,51.367,-72.7700,-63.1311,-53.8197,27.2839,92.2378,98.0894,47.1621,-417.3823,109.2442,177.7376,0.0150,99.1468,6,1,0,0,0
Session_5,2026-01-26 17:01:59.489,51.440,-72.7731,-63.1266,-54.4359,28.1738,91.7901,98.0907,46.4866,-417.1102,108.2125,178.1417,0.3532,99.1400,6,1,0,0,0
Session_5,2026-01-26 17:01:59.559,51.511,-72.7724,-63.1040,-54.5248,28.8274,91.5292,98.0894,46.3597,-417.7540,109.1522,178.3174,0.9715,99.1399,6,1,0,0,0
Session_5,2026-01-26 17:01:59.642,51.593,-72.7724,-63.0817,-54.5231,29.1749,90.7608,98.0942,45.5985,-418.4433,109.9242,179.0257,1.4473,99.1316,6,1,0,0,0
Session_5,2026-01-26 17:01:59.714,51.666,-72.7723,-63.0742,-54.5234,29.1193,91.1371,98.0894,46.0173,-418.2523,109.8848,178.6601,1.3465,99.1377,6,1,0,0,0
Session_5,2026-01-26 17:01:59.789,51.740,-72.7716,-63.0742,-54.5235,29.2655,90.7333,98.0928,45.6055,-418.5591,110.1387,179.0392,1.5479,99.1333,6,1,0,0,0
Session_5,2026-01-26 17:01:59.863,51.814,-72.7713,-63.0743,-54.5234,29.7050,91.1302,98.0942,46.2177,-418.9008,110.9388,178.5843,1.9272,99.1315,6,1,0,0,0
Session_5,2026-01-26 17:01:59.939,51.891,-72.7716,-63.0745,-54.5238,29.5024,90.9476,98.0907,45.9343,-418.7431,110.5658,178.7938,1.7518,99.1350,6,1,0,0,0
Session_5,2026-01-26 17:02:00.018,51.970,-72.7714,-63.0745,-54.5239,29.4310,91.0052,98.0969,45.9778,-418.6431,110.4380,178.7466,1.6727,99.1294,6,1,0,0,0
Session_5,2026-01-26 17:02:00.103,52.054,-72.7715,-63.0747,-54.5243,29.4784,91.1076,98.0935,46.1120,-418.6576,110.5227,178.6388,1.7048,99.1330,6,1,0,0,0
Session_5,2026-01-26 17:02:00.184,52.136,-72.7719,-63.0746,-54.5244,29.1405,91.0822,98.0907,45.9630,-418.2928,109.9147,178.7117,1.3739,99.1364,6,1,0,0,0
Session_5,2026-01-26 17:02:00.268,52.219,-72.7717,-63.0747,-54.5247,28.8844,91.5985,98.0956,46.4735,-417.8201,109.4686,178.2365,1.0472,99.1345,6,1,0,0,0
Session_5,2026-01-26 17:02:00.340,52.292,-72.7723,-63.0748,-54.5252,28.7835,91.5374,98.0921,46.3634,-417.7281,109.2832,178.3113,0.9554,99.1374,6,1,0,0,0
Session_5,2026-01-26 17:02:00.424,52.376,-72.7722,-63.0751,-54.5253,28.6551,91.6816,98.0887,46.4861,-417.5310,109.0556,178.1868,0.8076,99.1418,6,1,0,0,0
Session_5,2026-01-26 17:02:00.495,52.446,-72.7723,-63.0754,-54.5254,28.6702,91.6555,98.0921,46.4602,-417.5570,109.0794,178.2105,0.8258,99.1381,6,1,0,0,0
Session_5,2026-01-26 17:02:00.566,52.518,-72.7714,-63.0757,-54.5254,28.6977,91.8436,98.0853,46.6939,-417.5193,109.1334,178.0205,0.8265,99.1467,6,1,0,0,0
Session_5,2026-01-26 17:02:00.639,52.590,-72.7716,-63.0756,-54.5254,29.0273,92.1444,98.0901,47.1550,-417.7806,109.7363,177.6763,1.1104,99.1425,6,1,0,0,0
Session_5,2026-01-26 17:02:00.714,52.665,-72.7749,-63.0754,-54.5250,29.7778,91.7894,98.0976,46.9774,-418.7411,111.0753,177.9218,1.9036,99.1269,6,1,0,0,0
Session_5,2026-01-26 17:02:00.774,52.725,-72.7724,-63.0754,-54.5250,30.8942,92.2034,98.0914,47.8476,-419.7912,113.1238,177.3548,2.9511,99.1314,6,1,0,0,0
Session_5,2026-01-26 17:02:00.845,52.797,-72.7750,-63.0724,-54.5204,31.2190,92.5646,98.0907,48.3565,-420.0181,113.7783,176.9505,3.2293,99.1295,6,1,0,0,0
Session_5,2026-01-26 17:02:00.910,52.862,-72.7786,-63.0716,-54.5195,30.2818,94.4206,98.0880,50.1666,-418.3562,112.2130,175.2456,2.0427,99.1525,6,1,0,0,0
Session_5,2026-01-26 17:02:00.985,52.937,-72.7972,-63.0717,-54.5197,29.2449,95.7273,98.0921,51.1870,-416.7703,110.4772,174.0977,0.8323,99.1504,6,1,0,0,0
Session_5,2026-01-26 17:02:01.067,53.018,-72.8030,-63.0712,-54.5194,30.8633,94.7159,98.0880,50.5212,-418.8911,113.3051,174.8717,2.5777,99.1284,6,1,0,0,0
Session_5,2026-01-26 17:02:01.139,53.091,-72.8080,-63.0677,-54.5186,32.9006,92.9100,98.0887,49.0482,-421.6483,116.9538,176.3705,4.8521,99.0845,6,1,0,0,0
Session_5,2026-01-26 17:02:01.206,53.157,-72.8159,-63.0037,-54.5175,32.6054,92.5186,98.0866,48.4630,-421.5557,116.8515,176.7904,4.6794,99.0781,6,1,0,0,0
Session_5,2026-01-26 17:02:01.281,53.233,-72.8584,-63.0032,-54.5177,32.2243,92.0167,98.0866,47.4513,-421.3878,116.1219,177.3409,4.3729,99.0363,6,1,0,0,0
Session_5,2026-01-26 17:02:01.363,53.315,-73.0289,-62.9973,-54.5176,32.2943,92.0311,98.0914,46.2365,-421.5984,116.2961,177.3155,4.4460,98.8602,6,1,0,0,0
Session_5,2026-01-26 17:02:01.446,53.398,-73.3129,-62.9801,-54.5175,32.2600,92.0455,98.0942,44.1573,-421.7965,116.3582,177.3035,4.4269,98.5738,6,1,0,0,0
Session_5,2026-01-26 17:02:01.520,53.471,-73.6200,-62.9705,-54.5175,32.2366,91.9975,98.0839,41.8353,-422.0278,116.3824,177.3538,4.4205,98.2768,6,1,0,0,0
Session_5,2026-01-26 17:02:01.592,53.544,-73.8381,-62.9656,-54.5175,32.4042,92.6690,94.3286,41.0597,-422.1293,116.7627,176.9668,4.7057,101.8233,6,1,0,0,0
Session_5,2026-01-26 17:02:01.839,53.791,-74.4573,-62.9526,-54.5178,31.7010,92.3222,92.0503,35.8925,-421.9493,115.5342,177.5278,4.1449,103.4887,6,1,0,0,0
Session_5,2026-01-26 17:02:01.913,53.865,-74.5914,-62.9526,-54.5178,31.4937,92.3188,92.4561,34.8411,-421.8171,115.1517,177.5108,3.9203,102.9487,6,1,0,0,0
Session_5,2026-01-26 17:02:01.979,53.931,-74.5953,-62.9526,-54.5182,31.1861,91.7152,92.3181,34.0186,-421.6911,114.5578,178.1358,3.6429,103.0829,6,1,0,0,0
Session_5,2026-01-26 17:02:02.044,53.996,-74.5950,-62.9526,-54.5181,31.0446,91.6431,92.3112,33.8954,-421.5647,114.2958,178.2139,3.5047,103.0904,6,1,0,0,0
Session_5,2026-01-26 17:02:02.110,54.062,-74.5950,-62.9527,-54.5182,30.7631,91.9858,92.3772,34.2129,-421.1536,113.7923,177.8793,3.2070,103.0255,6,1,0,0,0
Session_5,2026-01-26 17:02:02.175,54.127,-74.5944,-62.9525,-54.5180,30.8180,92.0050,92.6051,34.2557,-421.2063,113.8954,177.8448,3.2529,102.7978,6,1,0,0,0
Session_5,2026-01-26 17:02:02.243,54.195,-74.5944,-62.9527,-54.5181,30.7617,92.3985,97.2613,34.6987,-421.0181,113.8093,177.2048,2.9615,98.1410,6,1,0,0,0
Session_5,2026-01-26 17:02:02.305,54.257,-74.5944,-62.9526,-54.5180,30.8702,92.8434,98.3963,35.2501,-420.9896,114.0337,176.6908,2.9482,97.0085,6,1,0,0,0
Session_5,2026-01-26 17:02:02.372,54.323,-74.5936,-62.9526,-54.5180,30.8894,93.1036,99.1626,35.5654,-420.9249,114.0852,176.3919,2.8814,96.2457,6,1,0,0,0
Session_5,2026-01-26 17:02:02.456,54.408,-74.5939,-62.9526,-54.5180,30.9231,92.9951,104.5123,35.4467,-420.9961,114.1397,176.2358,2.5924,90.8990,6,1,0,0,0
Session_5,2026-01-26 17:02:02.531,54.482,-74.5936,-62.9526,-54.5180,30.7157,93.2492,105.8457,35.6845,-420.6920,113.7765,175.9890,2.2353,89.5745,6,1,0,0,0
Session_5,2026-01-26 17:02:02.604,54.556,-74.5923,-62.9529,-54.5182,29.9899,93.7244,105.9027,36.0316,-419.7520,112.4874,175.7289,1.4031,89.5346,6,1,0,0,0
Session_5,2026-01-26 17:02:02.679,54.631,-74.5920,-62.9529,-54.5182,29.5985,94.1267,106.0819,36.3847,-419.1917,111.8116,175.4464,0.9023,89.3669,6,1,0,0,0
Session_5,2026-01-26 17:02:02.744,54.696,-74.5915,-62.9529,-54.5182,29.3390,94.4735,106.5434,36.7129,-418.7918,111.3749,175.1807,0.5184,88.9163,6,1,0,0,0
Session_5,2026-01-26 17:02:02.819,54.770,-74.5912,-62.9530,-54.5182,29.0032,94.3293,107.1661,36.4442,-418.4638,110.7572,175.4119,0.1875,88.2931,6,1,0,0,0
Session_5,2026-01-26 17:02:02.892,54.844,-74.5907,-62.9535,-54.5186,28.3626,94.0890,107.2204,35.9676,-417.8158,109.5851,175.8307,-0.3588,88.2338,6,1,0,0,0
Session_5,2026-01-26 17:02:02.956,54.907,-74.5898,-62.9539,-54.5187,28.1099,94.1611,107.7292,35.9782,-417.5023,109.1382,175.8423,-0.6590,87.7281,6,1,0,0,0
Session_5,2026-01-26 17:02:03.023,54.975,-74.5858,-62.9543,-54.5187,28.1442,94.1164,108.3788,35.9660,-417.5533,109.1928,175.8817,-0.6597,87.0833,6,1,0,0,0
Session_5,2026-01-26 17:02:03.099,55.050,-74.5843,-62.9546,-54.5188,28.1545,94.7001,108.5037,36.6604,-417.3755,109.2630,175.3264,-0.8440,86.9743,6,1,0,0,0
Session_5,2026-01-26 17:02:03.174,55.125,-74.5805,-62.9567,-54.5190,28.0419,94.6651,108.5332,36.6113,-417.2526,109.0433,175.3964,-0.9443,86.9473,6,1,0,0,0
Session_5,2026-01-26 17:02:03.255,55.206,-74.5792,-62.9608,-54.5192,28.0467,94.8834,108.6088,36.8752,-417.1827,109.0440,175.1905,-1.0193,86.8790,6,1,0,0,0
Session_5,2026-01-26 17:02:03.337,55.288,-74.5762,-62.9671,-54.5192,28.1483,94.8697,108.9260,36.9119,-417.2957,109.1777,175.1783,-0.9513,86.5660,6,1,0,0,0
Session_5,2026-01-26 17:02:03.419,55.370,-74.5687,-62.9902,-54.5194,28.1985,94.8958,109.3270,37.0061,-417.3176,109.1024,175.1516,-0.9682,86.1747,6,1,0,0,0
Session_5,2026-01-26 17:02:03.492,55.443,-74.5468,-63.0456,-54.5198,28.0028,95.0002,109.4328,37.2107,-416.9915,108.3661,175.1383,-1.2490,86.0926,6,1,0,0,0
Session_5,2026-01-26 17:02:03.558,55.509,-74.5435,-63.0833,-54.5207,27.8009,95.0613,109.2302,37.2303,-416.6979,107.7407,175.1551,-1.4791,86.2975,6,1,0,0,0
Session_5,2026-01-26 17:02:03.636,55.587,-74.5375,-63.1357,-54.5208,28.3303,95.0235,109.0338,37.3853,-417.2654,108.2978,175.0308,-0.9991,86.5016,6,1,0,0,0
Session_5,2026-01-26 17:02:03.709,55.660,-74.5034,-63.1484,-54.5207,28.9991,94.9026,109.1869,37.6999,-418.0293,109.3868,174.9328,-0.3528,86.3822,6,1,0,0,0
Session_5,2026-01-26 17:02:03.784,55.735,-74.4269,-63.1834,-54.5208,29.0005,94.8615,108.6850,38.2009,-417.9604,109.1323,174.9797,-0.3273,86.9574,6,1,0,0,0
Session_5,2026-01-26 17:02:03.866,55.817,-74.2676,-63.5431,-54.5207,29.0472,94.9184,108.6541,39.3467,-417.5403,106.6309,175.0253,-0.6394,87.1483,6,1,0,0,0
Session_5,2026-01-26 17:02:03.940,55.891,-74.1854,-64.5488,-54.5197,30.9657,94.1453,108.6493,39.3670,-418.8699,102.7480,175.4665,0.4735,87.2153,6,1,0,0,0
Session_5,2026-01-26 17:02:04.005,55.956,-74.1953,-65.2955,-54.5190,32.1913,94.2002,108.7550,39.5127,-419.4055,99.5742,175.2598,0.9019,87.0995,6,1,0,0,0
Session_5,2026-01-26 17:02:04.073,56.025,-74.1773,-65.3116,-54.5188,32.0375,95.1395,108.7756,40.6836,-418.8941,99.2732,174.4249,0.4384,87.1248,6,1,0,0,0
Session_5,2026-01-26 17:02:04.145,56.097,-74.1779,-65.2775,-54.5074,33.1423,95.2844,110.1393,41.2036,-420.1022,101.5939,173.8857,1.3367,85.7664,6,1,0,0,0
Session_5,2026-01-26 17:02:04.229,56.181,-74.1839,-65.2775,-54.5073,33.5392,93.8514,110.8019,39.6133,-421.0064,102.1845,175.0682,2.1438,85.0481,6,1,0,0,0
Session_5,2026-01-26 17:02:04.303,56.254,-74.1827,-65.2728,-54.5070,32.9034,94.5937,110.7985,40.2958,-420.0887,101.1212,174.5987,1.2917,85.0832,6,1,0,0,0
Session_5,2026-01-26 17:02:04.376,56.328,-74.1552,-65.1329,-54.5072,32.7599,95.5220,110.2602,41.5736,-419.7537,101.9713,173.7421,1.0190,85.6794,6,1,0,0,0
Session_5,2026-01-26 17:02:04.450,56.402,-74.1563,-64.7016,-54.5075,32.1069,95.6827,110.2890,41.6815,-419.4514,103.9222,173.6676,0.7521,85.6570,6,1,0,0,0
Session_5,2026-01-26 17:02:04.532,56.484,-74.1565,-64.0176,-54.5077,30.6786,95.7740,110.3886,41.5417,-418.5607,106.2885,173.8388,0.0112,85.5629,6,1,0,0,0
Session_5,2026-01-26 17:02:04.606,56.557,-74.1486,-63.5243,-54.5078,30.3539,96.1668,110.4023,42.0887,-418.5437,109.3156,173.4123,0.0316,85.5724,6,1,0,0,0
Session_5,2026-01-26 17:02:04.672,56.623,-74.1522,-63.4279,-54.5084,30.0146,95.1025,110.2856,40.7478,-418.6193,109.2695,174.4946,0.1835,85.6460,6,1,0,0,0
Session_5,2026-01-26 17:02:04.746,56.697,-74.1516,-63.4297,-54.5093,28.2246,94.8745,110.1764,39.9131,-416.6729,106.0292,175.3251,-1.4114,85.7417,6,1,0,0,0
Session_5,2026-01-26 17:02:04.828,56.779,-74.1512,-63.4305,-54.5101,27.3230,95.8516,109.7376,40.7522,-415.2964,104.5450,174.6978,-2.5548,86.1979,6,1,0,0,0
Session_5,2026-01-26 17:02:04.902,56.853,-74.1504,-63.4417,-54.5101,27.9465,94.9129,109.8612,39.8716,-416.3234,105.4526,175.3798,-1.6724,86.0556,6,1,0,0,0
Session_5,2026-01-26 17:02:04.984,56.936,-74.1488,-63.4422,-54.5100,28.4052,94.8827,109.6896,39.9984,-416.8622,106.2572,175.2493,-1.2167,86.2314,6,1,0,0,0
Session_5,2026-01-26 17:02:05.067,57.018,-74.1483,-63.4620,-54.5111,27.3992,95.0853,109.6861,39.8986,-415.6014,104.3598,175.4033,-2.2516,86.2305,6,1,0,0,0
Session_5,2026-01-26 17:02:05.139,57.091,-74.1484,-63.4941,-54.5116,26.7991,94.5360,109.8921,39.0468,-415.0341,103.0255,176.1434,-2.6769,86.0019,6,1,0,0,0
Session_5,2026-01-26 17:02:05.206,57.157,-74.1481,-63.7006,-54.5116,26.9762,94.4735,110.0624,38.9741,-415.0493,101.8500,176.2202,-2.6945,85.8301,6,1,0,0,0
Session_5,2026-01-26 17:02:05.281,57.233,-74.1480,-64.1429,-54.5111,28.2005,94.7468,109.9402,39.5719,-415.9409,100.8468,175.6909,-2.0436,85.9699,6,1,0,0,0
Session_5,2026-01-26 17:02:05.355,57.306,-74.1483,-64.4325,-54.5111,28.5020,94.8306,109.8111,39.6782,-415.9512,99.3060,175.6034,-2.0511,86.1008,6,1,0,0,0
Session_5,2026-01-26 17:02:05.431,57.383,-74.1477,-64.4352,-54.5106,28.6098,94.9706,110.3508,39.8807,-416.0294,99.4928,175.4548,-2.0419,85.5680,6,1,0,0,0
Session_5,2026-01-26 17:02:05.496,57.447,-74.1194,-64.4342,-54.5096,29.6960,96.1496,110.0391,41.8125,-416.8780,101.5624,173.9636,-1.3964,85.9555,6,1,0,0,0
Session_5,2026-01-26 17:02:05.571,57.522,-74.1149,-64.4195,-54.5086,30.9780,95.6168,109.8077,41.6407,-418.5042,103.9033,174.0220,0.0292,86.1765,6,1,0,0,0
Session_5,2026-01-26 17:02:05.646,57.597,-74.1157,-64.4195,-54.5088,30.4205,95.0928,110.0672,40.8508,-418.0609,102.8393,174.7047,-0.3432,85.8993,6,1,0,0,0
Session_5,2026-01-26 17:02:05.711,57.662,-74.1137,-64.4196,-54.5090,29.9288,96.6866,110.0240,42.5561,-416.9762,102.1567,173.3738,-1.3445,85.9986,6,1,0,0,0
Session_5,2026-01-26 17:02:05.786,57.737,-74.1142,-64.4200,-54.5092,29.9673,96.2656,109.9876,42.0770,-417.1591,102.1644,173.7560,-1.1617,86.0184,6,1,0,0,0
Session_5,2026-01-26 17:02:05.860,57.811,-74.1138,-64.4200,-54.5092,29.9776,96.5266,110.2238,42.3857,-417.0836,102.2179,173.5122,-1.2673,85.7940,6,1,0,0,0
Session_5,2026-01-26 17:02:05.934,57.886,-74.1141,-64.4203,-54.5092,30.0380,96.1448,110.2190,41.9606,-417.2786,102.2727,173.8500,-1.0792,85.7844,6,1,0,0,0
Session_5,2026-01-26 17:02:05.995,57.947,-74.1142,-64.4209,-54.5095,29.8835,96.0555,110.1922,41.8063,-417.1325,101.9802,173.9867,-1.1916,85.8066,6,1,0,0,0
Session_5,2026-01-26 17:02:06.066,58.018,-74.1141,-64.4208,-54.5095,29.8444,95.8152,110.2766,41.5154,-417.1680,101.8807,174.2275,-1.1543,85.7139,6,1,0,0,0
Session_5,2026-01-26 17:02:06.140,58.092,-74.1142,-64.4207,-54.5093,29.9439,95.3764,110.4806,41.0380,-417.4271,102.0077,174.6082,-0.9284,85.4966,6,1,0,0,0
Session_5,2026-01-26 17:02:06.223,58.174,-74.1141,-64.4207,-54.5094,29.9803,95.4472,110.5286,41.1326,-417.4446,102.0805,174.5300,-0.9235,85.4514,6,1,0,0,0
Session_5,2026-01-26 17:02:06.297,58.248,-74.1141,-64.4208,-54.5094,29.9851,95.4348,110.6200,41.1199,-417.4541,102.0873,174.5414,-0.9235,85.3601,6,1,0,0,0
Session_5,2026-01-26 17:02:06.387,58.338,-74.1143,-64.4206,-54.5094,30.0284,95.0997,110.6138,40.7432,-417.6147,102.1282,174.8399,-0.7648,85.3553,6,1,0,0,0
Session_5,2026-01-26 17:02:06.460,58.412,-74.1142,-64.4205,-54.5092,30.2069,94.8985,110.7388,40.5673,-417.8832,102.4276,174.9667,-0.5378,85.2253,6,1,0,0,0
Session_5,2026-01-26 17:02:06.534,58.486,-74.1144,-64.4203,-54.5091,30.3848,94.8944,110.7113,40.6181,-418.0848,102.7479,174.9075,-0.3671,85.2528,6,1,0,0,0
Session_5,2026-01-26 17:02:06.597,58.549,-74.1145,-64.4204,-54.5092,30.3264,94.8827,110.7113,40.5849,-418.0229,102.6403,174.9391,-0.4179,85.2522,6,1,0,0,0
Session_5,2026-01-26 17:02:06.665,58.617,-74.1145,-64.4204,-54.5092,30.3600,94.8553,110.7257,40.5641,-418.0699,102.6983,174.9530,-0.3779,85.2371,6,1,0,0,0
Session_5,2026-01-26 17:02:06.740,58.692,-74.1149,-64.4205,-54.5092,30.3044,94.9047,110.7291,40.6004,-417.9912,102.6030,174.9264,-0.4478,85.2346,6,1,0,0,0
Session_5,2026-01-26 17:02:06.805,58.756,-74.1153,-64.4204,-54.5093,30.2797,94.8038,110.7394,40.4728,-417.9973,102.5486,175.0296,-0.4362,85.2209,6,1,0,0,0
Session_5,2026-01-26 17:02:06.888,58.840,-74.1150,-64.4204,-54.5092,30.1369,94.8443,110.7367,40.4759,-417.8232,102.2973,175.0421,-0.5839,85.2246,6,1,0,0,0
Session_5,2026-01-26 17:02:06.955,58.906,-74.1153,-64.4204,-54.5093,30.1245,94.8127,110.6797,40.4333,-417.8197,102.2716,175.0755,-0.5795,85.2802,6,1,0,0,0
Session_5,2026-01-26 17:02:07.045,58.997,-74.1154,-64.4205,-54.5093,30.0105,94.7763,110.7497,40.3539,-417.7032,102.0639,175.1505,-0.6794,85.2087,6,1,0,0,0
Session_5,2026-01-26 17:02:07.121,59.072,-74.1152,-64.4206,-54.5093,29.9686,94.8196,110.8136,40.3916,-417.6412,101.9928,175.1257,-0.7394,85.1464,6,1,0,0,0
Session_5,2026-01-26 17:02:07.194,59.146,-74.1151,-64.4207,-54.5094,29.8670,94.8299,110.8356,40.3720,-417.5222,101.8115,175.1524,-0.8401,85.1245,6,1,0,0,0
Session_5,2026-01-26 17:02:07.259,59.210,-74.1152,-64.4208,-54.5094,29.6555,94.7516,110.8610,40.2116,-417.3075,101.4261,175.3011,-1.0123,85.0955,6,1,0,0,0
Session_5,2026-01-26 17:02:07.324,59.276,-74.1151,-64.4208,-54.5094,29.9240,94.8436,110.8466,40.4061,-417.5822,101.9141,175.1195,-0.7926,85.1142,6,0,0,0,0
Session_5,2026-01-26 17:02:07.406,59.357,-74.1151,-64.4207,-54.5093,30.9032,94.5950,110.8067,40.4287,-418.7605,103.6464,175.0047,0.2146,85.1480,6,0,0,0,0
Session_5,2026-01-26 17:02:07.474,59.426,-74.1151,-64.4207,-54.5093,31.0110,94.4275,110.8527,40.2679,-418.9354,103.8251,175.1228,0.3709,85.0968,6,0,0,0,0
Session_5,2026-01-26 17:02:07.546,59.498,-74.1151,-64.4208,-54.5094,30.8839,94.7447,110.7401,40.5968,-418.6890,103.6255,174.8718,0.1495,85.2191,6,0,0,0,0
Session_5,2026-01-26 17:02:07.618,59.570,-74.1150,-64.4207,-54.5093,31.0329,94.7262,110.7484,40.6223,-418.8596,103.8933,174.8364,0.2948,85.2101,6,0,0,0,0
Session_5,2026-01-26 17:02:07.688,59.639,-74.1151,-64.4206,-54.5093,31.0261,94.6513,110.7161,40.5327,-418.8772,103.8740,174.9090,0.3178,85.2398,6,0,0,0,0
Session_5,2026-01-26 17:02:07.761,59.712,-74.1151,-64.4205,-54.5093,31.0700,94.8917,110.6049,40.8256,-418.8453,103.9784,174.6692,0.2847,85.3582,6,0,0,0,0
Session_5,2026-01-26 17:02:07.825,59.777,-74.1152,-64.4202,-54.5091,31.3049,95.2199,110.4263,41.2795,-418.9933,104.4416,174.2808,0.4079,85.5464,6,0,0,0,0
Session_5,2026-01-26 17:02:07.900,59.852,-74.1153,-64.4193,-54.5087,32.0918,96.3247,108.6671,42.8009,-419.4718,106.0159,172.9987,0.9787,87.3325,6,0,0,0,0
Session_5,2026-01-26 17:02:07.983,59.935,-74.1159,-64.4158,-54.5086,32.9954,95.9855,108.4481,42.6754,-420.5399,107.6562,173.0383,1.9731,87.5289,6,0,0,0,0
Session_5,2026-01-26 17:02:08.073,60.024,-74.1170,-64.3869,-54.5084,33.5227,95.3716,108.6582,42.1183,-421.3197,108.7685,173.4344,2.6700,87.2888,6,0,0,0,0
Session_5,2026-01-26 17:02:08.159,60.110,-74.1166,-64.2284,-54.5083,33.7321,96.2155,109.0139,43.2014,-421.3929,110.4143,172.5023,2.7045,86.9637,6,0,0,0,0
Session_5,2026-01-26 17:02:08.234,60.186,-74.1164,-64.0544,-54.5082,34.4243,95.4581,109.0627,42.5667,-422.4967,112.8835,172.9317,3.7626,86.8682,6,0,0,0,0
Session_5,2026-01-26 17:02:08.308,60.260,-74.1412,-63.8489,-54.5082,33.8825,95.6635,108.8017,42.5205,-422.0899,113.3910,172.8632,3.4107,87.1178,6,0,0,0,0
Session_5,2026-01-26 17:02:08.383,60.335,-74.1365,-63.7640,-54.5082,32.1584,93.6241,108.8711,39.7100,-421.0937,110.6090,175.3152,2.5065,87.0129,6,0,0,0,0
Session_5,2026-01-26 17:02:08.457,60.408,-74.1405,-63.7429,-54.5083,31.9009,93.1922,108.9521,39.1069,-420.9900,110.2574,175.7965,2.4161,86.9205,6,0,0,0,0
Session_5,2026-01-26 17:02:08.531,60.482,-74.1406,-63.6837,-54.5076,33.6271,93.2787,108.6156,39.7253,-422.7881,113.8956,175.1577,4.1058,87.2257,6,0,0,0,0
Session_5,2026-01-26 17:02:08.620,60.571,-74.1407,-62.6393,-54.4882,32.5374,93.7422,110.3034,40.2085,-422.4361,119.5863,174.6144,3.7771,85.5551,6,0,0,0,0
Session_5,2026-01-26 17:02:08.688,60.639,-74.1407,-61.3730,-54.4874,31.3488,93.9722,112.8365,40.3937,-422.0691,126.6069,174.2113,3.5193,83.0354,6,0,0,0,0
Session_5,2026-01-26 17:02:08.757,60.708,-74.1417,-59.6757,-54.4876,29.5251,93.7992,112.7685,39.9435,-421.2794,135.5251,174.4236,3.4761,83.0984,6,0,0,0,0
Session_5,2026-01-26 17:02:08.826,60.777,-74.1480,-57.9317,-54.4884,27.9403,92.0991,112.7390,37.6759,-420.9994,145.1067,175.9283,4.2798,83.0621,6,0,0,0,0
Session_5,2026-01-26 17:02:08.891,60.842,-74.1517,-56.8559,-54.4886,27.6011,92.4239,112.7321,38.0167,-420.8561,152.2821,175.3438,4.8341,83.0521,6,0,0,0,0
Session_5,2026-01-26 17:02:08.966,60.918,-74.2048,-55.7226,-54.4882,27.7803,92.3936,112.7273,37.6863,-421.2374,160.8391,174.8606,6.0563,82.9542,6,0,0,0,0
Session_5,2026-01-26 17:02:09.048,61.000,-74.4980,-53.6708,-54.4883,25.7732,92.2446,112.7204,34.8258,-419.5609,171.8510,174.9808,6.1553,82.6609,6,0,0,0,0
Session_5,2026-01-26 17:02:09.131,61.083,-75.0114,-51.3414,-54.4882,23.6192,91.0835,112.7211,29.0322,-417.7082,184.4627,175.9791,6.7641,82.1035,6,0,0,0,0
Session_5,2026-01-26 17:02:09.204,61.156,-75.6556,-49.0654,-54.4886,21.4968,91.1330,112.7184,23.6372,-415.0415,196.6712,175.8740,6.8863,81.4563,6,0,0,0,0
Session_5,2026-01-26 17:02:09.287,61.239,-76.4728,-46.8346,-54.4886,20.9262,91.0204,112.7170,17.1050,-413.3824,211.4146,175.3249,8.4588,80.5500,6,0,0,0,0
Session_5,2026-01-26 17:02:09.362,61.313,-77.3402,-44.9903,-54.4886,20.1311,90.8823,112.7115,10.1614,-411.3134,222.8913,175.0372,9.4781,79.6189,6,0,0,0,0
Session_5,2026-01-26 17:02:09.451,61.403,-78.4621,-42.8694,-54.4887,18.7475,91.0581,112.7087,1.6065,-407.9197,235.0536,174.5835,10.0891,78.4562,6,0,0,0,0
Session_5,2026-01-26 17:02:09.527,61.478,-79.4016,-40.9428,-54.4884,17.9949,91.1302,112.7115,-5.5792,-404.7621,246.9669,174.0478,11.1410,77.4302,6,0,0,0,0
Session_5,2026-01-26 17:02:09.592,61.544,-80.1211,-39.1642,-54.4880,17.5843,91.2490,112.7135,-11.0397,-401.6449,258.4259,173.3878,12.3528,76.6017,6,0,0,0,0
Session_5,2026-01-26 17:02:09.656,61.607,-80.7190,-37.3257,-54.4877,16.7301,91.2408,112.7142,-15.8526,-397.7653,269.2866,172.9954,13.2600,75.9140,6,0,0,0,0
Session_5,2026-01-26 17:02:09.732,61.684,-81.3459,-34.6666,-54.4874,15.2511,91.3918,112.7129,-20.9569,-391.3998,284.2584,172.3752,14.2854,75.1812,6,0,0,0,0
Session_5,2026-01-26 17:02:09.816,61.768,-81.9803,-31.7190,-54.4859,14.6420,91.2957,112.7115,-26.3793,-384.2451,302.5878,171.4910,16.4668,74.2850,6,0,0,0,0
Session_5,2026-01-26 17:02:09.891,61.843,-82.3991,-28.8258,-54.4816,13.8805,91.1927,112.7142,-30.3419,-376.3316,319.8659,170.6770,18.4589,73.5850,6,0,0,0,0
Session_5,2026-01-26 17:02:09.965,61.917,-82.4642,-25.8593,-54.4783,12.8616,91.2614,112.7149,-31.8586,-367.4291,336.6366,169.7691,20.2126,73.2438,6,0,0,0,0
Session_5,2026-01-26 17:02:10.038,61.990,-82.4635,-22.7186,-54.4681,12.3459,91.1543,112.7101,-33.3089,-357.4238,355.0646,168.6924,22.6521,72.8120,6,0,0,0,0
Session_5,2026-01-26 17:02:10.114,62.065,-82.4641,-19.2756,-54.4544,12.0788,91.1062,112.7053,-34.9573,-345.4343,375.2359,167.2591,25.5615,72.2085,6,0,0,0,0
Session_5,2026-01-26 17:02:10.187,62.139,-82.4640,-15.8610,-54.4483,11.8920,90.9613,112.6964,-36.8534,-332.4376,394.6140,165.8167,28.5326,71.4878,6,0,0,0,0
Session_5,2026-01-26 17:02:10.261,62.212,-82.4640,-11.9355,-54.4397,11.4361,90.3948,112.7039,-39.6930,-316.2104,415.3652,164.5048,31.8540,70.5101,6,0,0,0,0
Session_5,2026-01-26 17:02:10.328,62.279,-82.4639,-8.7255,-54.4352,11.0358,90.1229,112.7032,-41.9142,-301.9339,431.3994,163.1867,34.4522,69.6280,6,0,0,0,0
Session_5,2026-01-26 17:02:10.401,62.353,-82.4638,-5.0230,-54.4307,10.1479,89.9169,112.7005,-44.4687,-284.5267,447.9508,161.7096,37.0087,68.6368,6,0,0,0,0
Session_5,2026-01-26 17:02:10.483,62.435,-82.4635,-0.7792,-54.4300,9.5327,89.5015,112.6971,-47.7803,-263.3246,466.3265,159.7540,40.3159,67.1366,6,0,0,0,0
Session_5,2026-01-26 17:02:10.557,62.509,-82.4636,2.6084,-54.4282,9.6906,89.0202,112.7019,-50.7631,-245.2334,481.1974,157.6587,43.5197,65.3858,6,0,0,0,0
Session_5,2026-01-26 17:02:10.639,62.591,-82.4636,6.2461,-54.4281,9.6535,88.8581,112.6998,-53.6474,-224.9308,495.4899,154.9975,46.5931,63.3790,6,0,0,0,0
Session_5,2026-01-26 17:02:10.704,62.656,-82.4636,9.1990,-54.4256,9.6144,88.7757,112.7005,-56.0132,-207.8116,506.1086,152.5614,49.0080,61.5076,6,0,0,0,0
Session_5,2026-01-26 17:02:10.787,62.738,-82.4637,12.6065,-54.4222,9.6281,88.6233,112.7019,-58.9037,-187.3754,517.3563,149.4102,51.7837,58.9513,6,0,0,0,0
Session_5,2026-01-26 17:02:10.850,62.802,-82.4636,15.2941,-54.4193,9.7689,88.6137,112.6978,-61.1247,-170.6727,525.5982,146.4196,53.9655,56.5602,6,0,0,0,0
Session_5,2026-01-26 17:02:10.922,62.874,-82.4637,18.2676,-54.4061,9.9667,88.7263,112.7026,-63.5024,-151.6608,533.8884,142.5839,56.2762,53.5099,6,0,0,0,0
Session_5,2026-01-26 17:02:11.003,62.955,-82.4637,21.6479,-54.3920,10.0800,88.5477,112.6991,-66.6251,-129.7088,541.8737,137.9799,58.7678,49.4632,6,0,0,0,0
Session_5,2026-01-26 17:02:11.086,63.037,-82.4637,24.6062,-54.3863,10.0298,88.0376,112.7039,-69.8055,-110.3841,547.4941,133.7663,60.7752,45.3441,6,0,0,0,0
Session_5,2026-01-26 17:02:11.167,63.118,-82.4636,27.3407,-54.3843,9.9241,87.4848,112.7046,-72.8625,-92.3851,551.6789,129.4834,62.4514,41.0507,6,0,0,0,0
Session_5,2026-01-26 17:02:11.250,63.202,-82.4636,29.5563,-54.3839,10.0697,87.1710,112.7039,-75.2363,-77.3417,554.8034,125.1276,63.7576,36.8638,6,0,0,0,0
Session_5,2026-01-26 17:02:11.323,63.275,-82.4636,31.0361,-54.3839,10.0175,86.6505,112.7039,-77.1782,-67.4701,556.3236,122.3679,64.5360,33.8752,6,0,0,0,0
Session_5,2026-01-26 17:02:11.391,63.342,-82.4638,32.2526,-54.3833,10.1411,86.4926,112.7046,-78.4844,-59.0559,557.6365,119.5432,65.1332,31.1640,6,0,0,0,0
Session_5,2026-01-26 17:02:11.455,63.407,-82.4635,33.2675,-54.3847,9.7923,86.3004,112.7053,-79.5602,-52.6973,557.8957,118.1143,65.4269,29.6780,6,0,0,0,0
Session_5,2026-01-26 17:02:11.522,63.474,-82.4633,33.7937,-54.3846,10.1383,86.5949,112.7053,-79.7455,-48.5770,558.7834,116.1018,65.6930,28.1351,6,0,0,0,0
Session_5,2026-01-26 17:02:11.595,63.546,-82.4630,33.8253,-54.3849,10.4851,86.7920,112.7067,-79.6043,-47.8230,559.3231,115.2075,65.7899,27.5139,6,0,0,0,0
Session_5,2026-01-26 17:02:11.677,63.628,-82.4628,33.8245,-54.3859,10.2818,86.8565,112.7081,-79.4842,-48.1337,559.0136,115.6653,65.7071,27.9947,6,0,0,0,0
Session_5,2026-01-26 17:02:11.745,63.697,-82.4628,33.8246,-54.3857,10.4659,86.8483,112.7122,-79.5311,-47.8555,559.2911,115.2417,65.7686,27.5997,6,0,0,0,0
Session_5,2026-01-26 17:02:11.816,63.768,-82.4633,33.8147,-54.3858,10.6437,86.8634,112.7074,-79.5399,-47.6519,559.5510,114.8589,65.8276,27.2657,6,0,0,0,0
Session_5,2026-01-26 17:02:11.892,63.844,-82.4630,33.8150,-54.3858,10.6883,86.9499,112.7101,-79.4441,-47.5752,559.6168,114.7411,65.8262,27.2433,6,0,0,0,0
Session_5,2026-01-26 17:02:11.966,63.917,-82.4632,33.8147,-54.3858,11.2644,87.3942,112.7087,-79.0231,-46.6544,560.4697,113.3519,65.9479,26.4134,6,0,0,0,0
Session_5,2026-01-26 17:02:12.040,63.991,-82.4634,33.8086,-54.3856,11.8158,87.5054,112.7115,-78.9956,-45.8358,561.2780,112.0618,66.1004,25.3439,6,0,0,0,0
Session_5,2026-01-26 17:02:12.105,64.056,-82.4637,33.7853,-54.3856,12.1742,87.5562,112.7094,-78.9867,-45.4348,561.7873,111.2674,66.1957,24.6675,6,0,0,0,0
Session_5,2026-01-26 17:02:12.178,64.130,-82.4637,33.7821,-54.3856,12.3802,87.5377,112.7135,-79.0486,-45.1386,562.0851,110.7848,66.2534,24.2070,6,0,0,0,0
Session_5,2026-01-26 17:02:12.254,64.205,-82.4640,33.7741,-54.3855,12.6130,87.6132,112.7087,-78.9984,-44.8215,562.4171,110.2451,66.3113,23.7880,6,0,0,0,0
Session_5,2026-01-26 17:02:12.353,64.305,-82.4657,33.5897,-54.3849,13.1493,88.1378,112.7081,-78.3100,-45.1842,563.0776,109.3529,66.3412,23.4890,6,0,0,0,0
Session_5,2026-01-26 17:02:12.552,64.503,-83.0782,32.0052,-54.3020,17.8109,90.3433,112.7060,-75.7481,-47.1941,568.7637,101.4762,66.8517,17.8402,6,0,0,0,0
Session_5,2026-01-26 17:02:12.641,64.593,-84.7543,31.0878,-54.1820,17.6633,90.1620,112.7115,-76.7487,-51.1467,568.2018,103.8249,66.6667,18.1411,6,0,0,0,0
Session_5,2026-01-26 17:02:12.724,64.676,-86.9731,29.9048,-54.0630,17.4937,90.6194,112.7101,-77.6904,-56.1820,567.2748,106.7899,66.3128,19.0963,6,0,0,0,0
Session_5,2026-01-26 17:02:12.800,64.751,-88.6104,29.3397,-53.6577,17.0103,91.0265,112.7094,-78.6962,-56.9774,567.1016,108.2790,66.0785,19.2257,6,0,0,0,0
Session_5,2026-01-26 17:02:12.872,64.824,-89.8403,29.2117,-52.6454,16.0023,91.3891,112.7129,-79.4662,-53.5718,568.1320,108.5304,65.9926,18.5845,6,0,0,0,0
Session_5,2026-01-26 17:02:12.936,64.887,-90.3417,29.2079,-51.4727,15.6150,91.1460,112.7190,-80.2014,-48.6308,570.5145,106.7063,66.2498,16.1732,6,0,0,0,0
Session_5,2026-01-26 17:02:13.005,64.956,-90.6364,28.9650,-49.8938,15.1433,90.8659,112.7108,-80.7440,-44.0504,573.4835,104.6519,66.5170,13.7185,6,0,0,0,0
Session_5,2026-01-26 17:02:13.086,65.037,-90.6902,27.9923,-47.7601,14.9201,89.7865,112.7081,-82.0734,-42.2064,577.4259,102.3998,66.8248,10.5222,6,0,0,0,0
Session_5,2026-01-26 17:02:13.160,65.111,-90.6903,26.6563,-45.6848,14.3633,89.7974,112.7087,-82.0802,-43.8716,580.3818,101.9435,66.8581,10.1134,6,0,0,0,0
Session_5,2026-01-26 17:02:13.235,65.186,-90.6917,25.6100,-43.2685,11.9243,90.1978,112.7142,-81.6105,-45.1023,581.6438,104.5656,66.5911,12.9190,6,0,0,0,0
Session_5,2026-01-26 17:02:13.296,65.248,-90.6916,25.0512,-41.1838,9.7119,90.2149,112.7129,-81.5740,-43.8071,582.7145,106.2335,66.4201,14.4659,6,0,0,0,0
Session_5,2026-01-26 17:02:13.357,65.309,-90.6915,24.4908,-38.7831,8.7170,90.6777,112.7081,-80.9564,-39.1543,586.0136,104.1523,66.5887,13.0181,6,0,0,0,0
Session_5,2026-01-26 17:02:13.422,65.374,-90.6915,23.6297,-36.1819,8.7094,90.6612,112.7081,-80.9160,-34.1507,590.6445,99.8520,66.9424,9.0498,6,0,0,0,0
Session_5,2026-01-26 17:02:13.486,65.437,-90.6915,22.7529,-33.9122,7.7035,90.5685,112.7074,-81.0067,-32.3521,593.0943,98.8783,67.0110,8.0612,6,0,0,0,0
Session_5,2026-01-26 17:02:13.565,65.516,-90.6914,21.0573,-30.2417,6.2203,89.5207,112.7135,-82.2647,-31.2665,596.7989,97.6452,67.1286,5.8790,6,0,0,0,0
Session_5,2026-01-26 17:02:13.639,65.591,-90.6914,19.3801,-27.0047,6.8246,89.7041,112.7060,-82.0080,-28.4280,602.0959,92.0723,67.2848,0.9243,6,0,0,0,0
Session_5,2026-01-26 17:02:13.728,65.680,-90.6913,17.0871,-22.5912,5.5900,90.3049,112.7060,-81.2761,-28.1823,606.2238,89.7773,67.2943,-0.5918,6,0,0,0,0
Session_5,2026-01-26 17:02:13.794,65.745,-90.6912,15.6934,-19.4326,2.6230,90.2403,112.7074,-81.3737,-29.7859,606.4410,92.8888,67.2620,2.2138,6,0,0,0,0
Session_5,2026-01-26 17:02:13.861,65.813,-90.6911,14.1436,-16.2060,-0.5624,90.2582,112.7115,-81.3866,-32.6474,606.0784,96.7679,67.1336,5.8077,6,0,0,0,0
Session_5,2026-01-26 17:02:13.934,65.885,-90.6910,12.4011,-13.0500,0.1984,90.1957,112.7067,-81.4368,-30.5350,610.2305,91.1667,67.2876,0.5810,6,0,0,0,0
Session_5,2026-01-26 17:02:14.017,65.968,-90.6910,10.5769,-9.1283,-0.8370,90.1511,112.7039,-81.4688,-28.7006,612.6737,88.4158,67.2899,-2.0014,6,0,0,0,0
Session_5,2026-01-26 17:02:14.099,66.050,-90.6909,9.3547,-5.5950,-4.4350,90.2644,112.7012,-81.3288,-28.4934,611.5160,91.7491,67.2862,1.1870,6,0,0,0,0
Session_5,2026-01-26 17:02:14.183,66.134,-90.6909,8.1242,-2.3033,-4.9068,90.2273,112.6984,-81.3192,-23.9634,613.5742,87.6316,67.2878,-2.6485,6,0,0,0,0
Session_5,2026-01-26 17:02:14.265,66.217,-90.6908,7.0439,0.0626,-4.8855,90.2348,112.7005,-81.2813,-21.5831,615.1619,84.2590,67.2059,-5.7511,6,0,0,0,0
Session_5,2026-01-26 17:02:14.340,66.291,-90.6906,6.3658,1.5022,-6.3357,90.2712,112.7026,-81.2534,-22.9373,614.3508,86.0338,67.2558,-4.0779,6,0,0,0,0
Session_5,2026-01-26 17:02:14.405,66.357,-90.6901,6.0498,1.9442,-6.5939,90.2005,112.7026,-81.3501,-23.8627,614.2607,86.3756,67.2615,-3.8329,6,0,0,0,0
Session_5,2026-01-26 17:02:14.473,66.425,-90.6898,5.9863,1.9641,-6.5918,90.1978,112.7026,-81.3582,-24.2664,614.2509,86.4830,67.2637,-3.7363,6,0,0,0,0
Session_5,2026-01-26 17:02:14.548,66.500,-90.6892,5.9865,1.9619,-6.4140,90.2568,112.7039,-81.2825,-23.9568,614.4570,86.0285,67.2539,-4.0957,6,0,0,0,0
Session_5,2026-01-26 17:02:14.622,66.573,-90.6888,5.9866,1.9610,-6.2183,90.1792,112.7019,-81.3723,-23.6090,614.6838,85.5259,67.2412,-4.6365,6,0,0,0,0
Session_5,2026-01-26 17:02:14.697,66.649,-90.6888,5.9872,1.9605,-6.6708,90.2122,112.7019,-81.3421,-24.4185,614.1559,86.6938,67.2689,-3.5265,6,0,0,0,0
Session_5,2026-01-26 17:02:14.779,66.731,-90.6888,5.9871,1.9606,-6.7387,90.2341,112.7046,-81.3169,-24.5407,614.0760,86.8699,67.2699,-3.3420,6,0,0,0,0
Session_5,2026-01-26 17:02:14.855,66.806,-90.6888,5.9871,1.9606,-6.4270,90.2355,112.7026,-81.3085,-23.9822,614.4410,86.0641,67.2555,-4.0839,6,0,0,0,0
Session_5,2026-01-26 17:02:14.926,66.878,-90.6888,5.9871,1.9607,-6.1427,90.2273,112.7032,-81.3124,-23.4711,614.7712,85.3308,67.2360,-4.7684,6,0,0,0,0
Session_5,2026-01-26 17:02:15.002,66.954,-90.6888,5.9869,1.9604,-6.4579,90.2135,112.7019,-81.3358,-24.0403,614.4047,86.1450,67.2574,-4.0312,6,0,0,0,0
Session_5,2026-01-26 17:02:15.084,67.035,-90.6888,5.9869,1.9602,-6.5183,90.2390,112.6998,-81.3063,-24.1499,614.3340,86.3013,67.2636,-3.8618,6,0,0,0,0
Session_5,2026-01-26 17:02:15.158,67.109,-90.6888,5.9869,1.9602,-6.2739,90.2087,112.7053,-81.3377,-23.7100,614.6188,85.6709,67.2425,-4.4732,6,0,0,0,0
