session_name,timestamp,elapsed_time,j1,j2,j3,j4,j5,j6,x,y,z,rx,ry,rz,robot_mode,tooldo1,tooldo2,do1,do2
Session_1,2026-01-26 16:31:40.159,0.000,-88.7447,3.8786,-3.0142,-0.4532,89.9835,94.5758,-80.1267,-55.3441,615.2451,84.8600,85.4057,-3.8847,6,0,0,0,0
Session_1,2026-01-26 16:31:40.231,0.072,-88.7447,3.8786,-3.0142,-0.5184,89.9767,94.5758,-80.1326,-55.4596,615.1667,85.6720,85.4110,-3.0822,6,0,0,0,0
Session_1,2026-01-26 16:31:40.297,0.138,-88.7447,3.8786,-3.0142,-0.5630,89.9684,94.5772,-80.1408,-55.5385,615.1130,86.2292,85.4128,-2.5350,6,0,0,0,0
Session_1,2026-01-26 16:31:40.372,0.213,-88.7447,3.8787,-3.0142,-0.5047,89.9670,94.5737,-80.1447,-55.4349,615.1833,85.4977,85.4119,-3.2655,6,0,0,0,0
Session_1,2026-01-26 16:31:40.444,0.286,-88.7446,3.8786,-3.0142,-0.4147,89.9773,94.5786,-80.1357,-55.2756,615.2913,84.3848,85.3993,-4.3645,6,0,0,0,0
Session_1,2026-01-26 16:31:40.510,0.351,-88.7447,3.8786,-3.0142,-0.2753,90.0385,94.5744,-80.0670,-55.0269,615.4581,82.6537,85.3883,-6.0290,6,0,0,0,0
Session_1,2026-01-26 16:31:40.583,0.425,-88.7447,3.8785,-3.0143,-0.2863,90.0391,94.5758,-80.0657,-55.0482,615.4447,82.7946,85.3883,-5.8879,6,0,0,0,0
Session_1,2026-01-26 16:31:40.651,0.492,-88.7446,3.8780,-3.0148,-0.4999,90.1421,94.5737,-79.9324,-55.4298,615.1877,85.4528,85.4128,-3.1352,6,0,0,0,0
Session_1,2026-01-26 16:31:40.734,0.575,-88.7446,3.8771,-3.0157,-0.7677,90.3159,94.5758,-79.7111,-55.9089,614.8629,88.8259,85.4238,0.4009,6,0,0,0,0
Session_1,2026-01-26 16:31:40.807,0.649,-88.7446,3.8757,-3.0176,-1.3122,90.4559,94.5779,-79.5198,-56.8808,614.1959,95.6660,85.3961,7.3592,6,0,0,0,0
Session_1,2026-01-26 16:31:40.889,0.731,-88.7445,3.8091,-3.0525,-2.3524,90.9689,94.5799,-78.8434,-59.3490,612.7941,109.1274,85.1251,21.2879,6,0,0,0,0
Session_1,2026-01-26 16:31:40.972,0.814,-88.7445,3.5857,-3.0659,-3.4813,91.3252,94.5765,-78.3296,-63.0667,611.0987,122.5651,84.4933,35.0275,6,0,0,0,0
Session_1,2026-01-26 16:31:41.041,0.882,-88.7445,3.3108,-3.0759,-4.0807,91.3994,94.5792,-78.1697,-66.2545,609.9957,129.5171,83.9512,42.0183,6,0,0,0,0
Session_1,2026-01-26 16:31:41.107,0.948,-88.7445,3.0271,-3.0794,-3.9777,91.1007,94.5744,-78.4870,-68.3150,609.8030,130.9753,83.8486,43.1704,6,0,0,0,0
Session_1,2026-01-26 16:31:41.172,1.013,-88.7446,2.8043,-3.0789,-3.5191,90.7141,94.5786,-78.9346,-69.2913,610.1525,129.4247,84.0202,41.2425,6,0,0,0,0
Session_1,2026-01-26 16:31:41.240,1.081,-88.7445,2.7473,-3.0793,-3.6845,90.9496,94.5737,-78.6332,-70.0019,609.8646,130.9514,83.8660,42.9961,6,0,0,0,0
Session_1,2026-01-26 16:31:41.313,1.154,-88.7445,2.7287,-3.0795,-3.8212,90.9826,94.5765,-78.5850,-70.3743,609.6596,131.9873,83.7576,44.0587,6,0,0,0,0
Session_1,2026-01-26 16:31:41.377,1.218,-88.7445,2.7287,-3.0793,-3.6289,90.9201,94.5779,-78.6679,-70.0546,609.9166,130.6795,83.8890,42.6960,6,0,0,0,0
Session_1,2026-01-26 16:31:41.445,1.286,-88.7445,2.7286,-3.0794,-3.5335,90.9936,94.5751,-78.5823,-69.8928,610.0434,129.9880,83.9499,42.0819,6,0,0,0,0
Session_1,2026-01-26 16:31:41.508,1.349,-88.7445,2.7285,-3.0794,-3.4689,91.1117,94.5758,-78.4415,-69.7794,610.1292,129.4690,83.9853,41.6836,6,0,0,0,0
Session_1,2026-01-26 16:31:41.575,1.417,-88.7445,2.7283,-3.0795,-3.4971,91.1055,94.5758,-78.4479,-69.8292,610.0914,129.6779,83.9671,41.8851,6,0,0,0,0
Session_1,2026-01-26 16:31:41.658,1.499,-88.7445,2.7271,-3.0795,-3.3858,91.1185,94.5758,-78.4359,-69.6513,610.2375,128.8688,84.0375,41.0935,6,0,0,0,0
Session_1,2026-01-26 16:31:41.724,1.565,-88.7444,2.7263,-3.0797,-3.4497,91.1433,94.5751,-78.4034,-69.7638,610.1518,129.3382,83.9951,41.5851,6,0,0,0,0
Session_1,2026-01-26 16:31:41.814,1.656,-88.7441,2.7240,-3.0848,-3.4428,91.2044,94.5751,-78.3284,-69.7909,610.1513,129.3178,83.9916,41.6261,6,0,0,0,0
Session_1,2026-01-26 16:31:41.887,1.728,-88.7436,2.5312,-3.1814,-3.4930,91.3637,94.5772,-78.0905,-71.7941,609.7215,131.6159,83.7564,44.0704,6,0,0,0,0
Session_1,2026-01-26 16:31:41.962,1.803,-88.7436,1.7401,-3.5799,-2.9910,91.2064,94.5751,-78.1260,-78.8735,608.8199,136.0202,83.2806,48.2900,6,0,0,0,0
Session_1,2026-01-26 16:31:42.028,1.870,-88.7434,0.6873,-4.2498,-2.4376,91.3918,94.5758,-77.6776,-89.0557,607.0613,141.9221,82.3714,54.3306,6,0,0,0,0
Session_1,2026-01-26 16:31:42.100,1.942,-88.7430,-0.8446,-5.1094,-1.3369,91.5298,94.5772,-77.2072,-102.8324,604.6828,146.9527,81.2950,59.4479,6,0,0,0,0
Session_1,2026-01-26 16:31:42.183,2.025,-88.7420,-2.5395,-6.0793,-0.3131,91.8965,94.5772,-76.4198,-118.3590,601.1981,151.5849,79.8380,64.3819,6,0,0,0,0
Session_1,2026-01-26 16:31:42.258,2.099,-88.7404,-4.2302,-7.0502,0.4511,92.5523,94.5758,-75.2756,-134.0973,596.7504,155.2079,78.0679,68.5861,6,0,0,0,0
Session_1,2026-01-26 16:31:42.324,2.166,-88.7394,-5.7781,-7.9930,0.9386,93.1606,94.5737,-74.2109,-148.8764,591.7054,157.9202,76.1540,71.8275,6,0,0,0,0
Session_1,2026-01-26 16:31:42.397,2.238,-88.7215,-7.7718,-9.0347,1.4900,94.0636,94.5751,-72.6663,-167.0255,584.7302,160.0594,73.7225,74.7873,6,0,0,0,0
Session_1,2026-01-26 16:31:42.465,2.306,-88.7100,-9.5901,-9.9249,1.3506,94.9912,94.5758,-71.1321,-183.8557,576.7502,161.6783,70.9044,77.2301,6,0,0,0,0
Session_1,2026-01-26 16:31:42.547,2.389,-88.5886,-11.7674,-10.9545,1.7152,95.9793,94.5744,-69.0851,-202.8430,567.3193,162.6075,68.0617,79.1537,6,0,0,0,0
Session_1,2026-01-26 16:31:42.622,2.463,-88.2820,-13.6444,-11.8948,1.6576,96.6989,94.5765,-66.6369,-219.6670,557.6404,163.3781,65.1894,80.8323,6,0,0,0,0
Session_1,2026-01-26 16:31:42.689,2.531,-87.6923,-15.3691,-12.6317,1.5786,97.1143,94.5772,-63.2955,-234.6520,548.4730,164.0256,62.6586,82.3796,6,0,0,0,0
Session_1,2026-01-26 16:31:42.763,2.605,-86.4363,-17.2224,-13.3307,1.5566,97.1013,94.5737,-57.2409,-250.6181,538.4186,164.9345,60.1217,84.4238,6,0,0,0,0
Session_1,2026-01-26 16:31:42.838,2.679,-84.9957,-18.9436,-13.9258,1.5120,96.9839,94.5806,-49.9216,-265.0237,528.6991,165.7407,57.7961,86.4503,6,0,0,0,0
Session_1,2026-01-26 16:31:42.920,2.761,-83.1988,-20.8722,-14.6794,1.5120,96.6824,94.5827,-40.2368,-280.8454,517.0262,166.7281,55.1646,88.8157,6,0,0,0,0
Session_1,2026-01-26 16:31:42.993,2.834,-81.6772,-22.4820,-15.2185,1.5573,96.5005,94.5806,-31.3393,-293.0748,507.2649,167.3943,53.0951,90.7296,6,0,0,0,0
Session_1,2026-01-26 16:31:43.060,2.902,-80.2170,-24.0784,-15.5817,1.8169,96.4263,94.5834,-22.2027,-303.9211,498.3182,167.8233,51.4146,92.4682,6,0,0,0,0
Session_1,2026-01-26 16:31:43.134,2.975,-78.8798,-25.7280,-15.8604,1.9473,96.1139,94.5779,-14.0137,-313.8451,489.4232,168.4680,49.7959,93.9921,6,0,0,0,0
Session_1,2026-01-26 16:31:43.196,3.037,-77.9130,-27.0941,-16.1229,1.8155,95.2721,94.5792,-7.4297,-323.0663,480.0527,169.6341,47.9745,95.2669,6,0,0,0,0
Session_1,2026-01-26 16:31:43.258,3.099,-76.9829,-28.6344,-16.5146,1.6081,94.9658,94.5744,-0.4231,-332.4067,469.4434,170.3046,45.8747,96.4641,6,0,0,0,0
Session_1,2026-01-26 16:31:43.323,3.165,-76.1683,-30.1559,-17.0494,1.3438,95.1581,94.5765,6.7448,-341.3242,457.9813,170.4788,43.5531,97.5366,6,0,0,0,0
Session_1,2026-01-26 16:31:43.388,3.229,-75.5988,-31.4935,-17.5878,1.1749,95.4801,94.5765,12.4837,-348.8152,447.5260,170.4610,41.4948,98.3142,6,0,0,0,0
Session_1,2026-01-26 16:31:43.470,3.311,-75.3483,-33.1574,-18.3908,1.0588,95.6360,94.5744,16.6287,-358.0356,433.8198,170.6608,38.9138,98.7971,6,0,0,0,0
Session_1,2026-01-26 16:31:43.552,3.393,-75.3486,-34.8009,-19.1096,1.1185,95.8955,94.5758,19.1584,-366.4802,420.6588,170.6961,36.6023,98.9785,6,0,0,0,0
Session_1,2026-01-26 16:31:43.634,3.476,-75.3486,-36.5399,-19.7506,1.1007,96.2073,94.5758,21.6934,-374.6901,406.7765,170.6746,34.1913,99.1493,6,0,0,0,0
Session_1,2026-01-26 16:31:43.717,3.558,-75.3487,-38.6265,-20.5271,1.1117,96.5307,94.5779,24.4966,-383.8746,389.7663,170.6736,31.3261,99.3249,6,0,0,0,0
Session_1,2026-01-26 16:31:43.805,3.647,-75.3488,-40.9509,-21.2056,1.0567,96.9715,94.5772,27.4181,-392.9533,371.0927,170.5597,28.2464,99.4922,6,0,0,0,0
Session_1,2026-01-26 16:31:43.888,3.730,-75.3488,-42.9781,-21.6636,1.0300,97.7962,94.5765,30.2491,-399.8594,355.2061,169.9940,25.6796,99.6189,6,0,0,0,0
Session_1,2026-01-26 16:31:43.963,3.804,-75.3488,-44.6687,-21.8457,1.1426,97.9980,94.5765,31.9000,-405.2143,342.9034,169.9628,23.9104,99.6929,6,0,0,0,0
Session_1,2026-01-26 16:31:44.035,3.877,-75.3487,-46.1081,-21.8451,1.2614,98.0489,94.5731,33.0678,-409.4386,333.0561,170.0375,22.5919,99.7461,6,0,0,0,0
Session_1,2026-01-26 16:31:44.111,3.952,-75.3488,-47.5419,-21.8458,0.9201,98.2109,94.5792,34.2436,-413.1679,322.1938,170.0369,20.8086,99.8020,6,0,0,0,0
Session_1,2026-01-26 16:31:44.175,4.017,-75.3487,-48.7898,-21.8461,0.8281,98.7595,94.5758,35.7007,-416.1368,313.1628,169.6141,19.4307,99.8552,6,0,0,0,0
Session_1,2026-01-26 16:31:44.242,4.084,-75.3486,-50.1156,-21.8459,0.2898,98.7726,94.5765,36.4761,-419.0385,302.4975,169.7644,17.5721,99.9067,6,0,0,0,0
Session_1,2026-01-26 16:31:44.316,4.158,-75.3486,-51.5094,-21.8471,-0.1991,98.8131,94.5744,37.2572,-421.8329,291.3791,169.8865,15.6918,99.9557,6,0,0,0,0
Session_1,2026-01-26 16:31:44.388,4.230,-75.3486,-53.0787,-21.8485,-0.2877,99.2175,94.5765,38.5392,-424.8224,279.7867,169.6243,14.0060,99.9954,6,0,0,0,0
Session_1,2026-01-26 16:31:44.455,4.296,-75.3483,-54.6904,-21.8493,-0.0694,99.9062,94.5765,40.1453,-427.7003,268.4732,169.0560,12.5624,100.0327,6,0,0,0,0
Session_1,2026-01-26 16:31:44.529,4.370,-75.3483,-56.4831,-21.8492,0.2355,99.8554,94.5765,40.9144,-430.8820,255.7504,169.2286,11.0834,100.0570,6,0,0,0,0
Session_1,2026-01-26 16:31:44.594,4.436,-75.3484,-58.1111,-21.8494,0.2163,99.9069,94.5744,41.5762,-433.1704,243.5490,169.3115,9.4377,100.0836,6,0,0,0,0
Session_1,2026-01-26 16:31:44.661,4.502,-75.3484,-59.9668,-21.8493,0.3612,99.9076,94.5786,42.1953,-435.5362,229.8750,169.4477,7.7315,100.1000,6,0,0,0,0
Session_1,2026-01-26 16:31:44.743,4.584,-75.3484,-61.9781,-21.8492,0.2424,99.8190,94.5765,42.5702,-437.3900,214.4301,169.7059,5.6156,100.1205,6,0,0,0,0
Session_1,2026-01-26 16:31:44.817,4.658,-75.3484,-63.7477,-21.8491,0.5157,99.6700,94.5779,42.8028,-438.9843,201.4835,169.9727,4.1354,100.1271,6,0,0,0,0
Session_1,2026-01-26 16:31:44.890,4.732,-75.3484,-65.2256,-21.8492,0.8528,99.5952,94.5724,43.0091,-440.1261,190.8413,170.1376,3.0050,100.1371,6,0,0,0,0
Session_1,2026-01-26 16:31:44.972,4.813,-75.3484,-66.7575,-21.8490,1.1282,99.4359,94.5724,43.0371,-440.9868,179.6256,170.3953,1.7651,100.1391,6,0,0,0,0
Session_1,2026-01-26 16:31:45.054,4.896,-75.3484,-68.0847,-21.8489,1.0526,99.3164,94.5772,42.9317,-441.1484,169.3292,170.6247,0.3753,100.1348,6,0,0,0,0
Session_1,2026-01-26 16:31:45.129,4.970,-75.3484,-69.1486,-21.8491,0.8617,99.1029,94.5786,42.6264,-440.9927,160.8236,170.9364,-0.8591,100.1303,6,0,0,0,0
Session_1,2026-01-26 16:31:45.204,5.045,-75.3484,-70.2948,-21.8490,1.2380,99.1310,94.5772,42.7324,-441.2632,152.7347,170.9690,-1.6286,100.1307,6,0,0,0,0
Session_1,2026-01-26 16:31:45.269,5.110,-75.3480,-71.2740,-21.8491,1.4351,99.8032,94.5772,43.5068,-441.0339,145.7294,170.3603,-2.4613,100.1376,6,1,0,0,0
Session_1,2026-01-26 16:31:45.351,5.193,-75.3480,-72.3144,-21.8488,2.3634,100.2173,94.5772,44.1749,-441.6353,139.4654,169.9561,-2.6053,100.1429,6,1,0,0,0
Session_1,2026-01-26 16:31:45.422,5.263,-75.3480,-72.8136,-21.8484,2.4960,100.6080,94.5751,44.6081,-441.4498,135.9608,169.5951,-3.0007,100.1490,6,1,0,0,0
Session_1,2026-01-26 16:31:45.497,5.338,-75.3480,-73.0654,-21.8485,2.4884,100.7330,94.5806,44.7170,-441.2755,134.0496,169.4911,-3.2701,100.1444,6,1,0,0,0
Session_1,2026-01-26 16:31:45.571,5.413,-75.3478,-73.4535,-21.8486,2.4424,101.3770,94.5765,45.3916,-440.8177,131.1524,168.8824,-3.7528,100.1562,6,1,0,0,0
Session_1,2026-01-26 16:31:45.655,5.496,-75.3466,-74.0436,-21.8486,2.6862,101.3310,94.5799,45.3324,-440.7724,127.0446,168.9558,-4.0951,100.1514,6,1,0,0,0
Session_1,2026-01-26 16:31:45.731,5.572,-75.3466,-74.2211,-21.8482,3.5287,100.7762,94.5758,44.9341,-441.8606,126.9924,169.4568,-3.3875,100.1506,6,1,0,0,0
Session_1,2026-01-26 16:31:45.805,5.646,-75.3467,-74.2208,-21.8473,6.3288,99.8534,94.5772,44.7369,-445.4638,131.6667,170.1570,-0.5226,100.1436,6,1,0,0,0
Session_1,2026-01-26 16:31:45.888,5.729,-75.3467,-74.2207,-21.8461,9.4187,99.8190,94.5676,45.5885,-448.8806,137.2256,169.9484,2.5634,100.1483,6,1,0,0,0
Session_1,2026-01-26 16:31:45.956,5.797,-75.3467,-74.2211,-21.8469,9.1811,100.0820,94.5724,45.8252,-448.5457,136.8403,169.7050,2.3040,100.1480,6,1,0,0,0
Session_1,2026-01-26 16:31:46.027,5.868,-75.3466,-74.2210,-21.8468,8.4691,100.6739,94.5744,46.3086,-447.5984,135.6752,169.1711,1.5474,100.1567,6,1,0,0,0
Session_1,2026-01-26 16:31:46.093,5.934,-75.3466,-74.2209,-21.8464,8.4986,99.7298,94.5731,45.2286,-447.9243,135.5289,170.1095,1.6517,100.1444,6,1,0,0,0
Session_1,2026-01-26 16:31:46.167,6.008,-75.3472,-74.2208,-21.8459,8.5069,97.3691,94.5703,42.4915,-448.6684,135.1221,172.4612,1.8470,100.1179,6,1,0,0,0
Session_1,2026-01-26 16:31:46.250,6.092,-75.3476,-74.2209,-21.8456,9.3404,94.4975,94.5799,39.3770,-450.4633,136.2803,175.2560,2.9047,100.0807,6,1,0,0,0
Session_1,2026-01-26 16:31:46.333,6.174,-75.3473,-74.2216,-21.8469,8.9573,94.1885,94.5751,38.9097,-450.1443,135.5414,175.5948,2.5458,100.0853,6,1,0,0,0
Session_1,2026-01-26 16:31:46.422,6.263,-75.3473,-74.2273,-21.8484,8.4588,94.1576,94.5786,38.7304,-449.6052,134.5818,175.6658,2.0439,100.0833,6,1,0,0,0
Session_1,2026-01-26 16:31:46.488,6.329,-75.3473,-74.2430,-21.8501,8.2514,93.9585,94.5724,38.4351,-449.4277,134.0605,175.8823,1.8362,100.0889,6,1,0,0,0
Session_1,2026-01-26 16:31:46.562,6.404,-75.3473,-74.2587,-21.8510,8.2191,93.7498,94.5758,38.1789,-449.4471,133.8592,176.0942,1.8039,100.0845,6,1,0,0,0
Session_1,2026-01-26 16:31:46.628,6.469,-75.3472,-74.2626,-21.8684,8.1333,93.4937,94.5758,37.8479,-449.4044,133.5742,176.3580,1.7174,100.0835,6,1,0,0,0
Session_1,2026-01-26 16:31:46.702,6.543,-75.3472,-74.2662,-21.8957,8.0928,93.2870,94.5779,37.5834,-449.3831,133.3337,176.5696,1.6626,100.0805,6,1,0,0,0
Session_1,2026-01-26 16:31:46.786,6.627,-75.3473,-74.2673,-21.9051,8.0338,92.7322,94.5751,36.9123,-449.4746,133.1405,177.1282,1.6376,100.0809,6,1,0,0,0
Session_1,2026-01-26 16:31:46.846,6.688,-75.3474,-74.2677,-21.9446,8.2068,92.5241,94.5765,36.7034,-449.6759,133.2565,177.3249,1.7868,100.0783,6,1,0,0,0
Session_1,2026-01-26 16:31:46.925,6.766,-75.3477,-74.2678,-22.1010,8.2926,92.2069,94.5779,36.2969,-449.6489,132.6788,177.6467,1.7416,100.0758,6,1,0,0,0
Session_1,2026-01-26 16:31:46.988,6.829,-75.3478,-74.2677,-22.3581,8.5858,92.1849,94.5751,36.2602,-449.6174,132.0304,177.6658,1.7796,100.0782,6,1,0,0,0
Session_1,2026-01-26 16:31:47.057,6.898,-75.3494,-74.2666,-22.9857,9.0163,91.9659,94.5724,35.8799,-449.2616,129.9340,177.8998,1.6017,100.0792,6,1,0,0,0
Session_1,2026-01-26 16:31:47.138,6.979,-75.3594,-74.2643,-23.9458,10.1102,91.6068,94.5717,35.3285,-449.1803,127.5228,178.2469,1.7660,100.0686,6,1,0,0,0
Session_1,2026-01-26 16:31:47.221,7.062,-75.3625,-74.2393,-24.9905,10.4796,91.6734,94.5703,35.0764,-447.9902,123.6218,178.2324,1.1124,100.0683,6,1,0,0,0
Session_1,2026-01-26 16:31:47.303,7.144,-75.3625,-74.0929,-26.0317,10.8051,91.8066,94.5772,34.9232,-446.7640,120.6134,178.1449,0.5341,100.0624,6,1,0,0,0
Session_1,2026-01-26 16:31:47.385,7.227,-75.3620,-73.4359,-27.0747,10.8401,92.1162,94.5792,34.9822,-445.4893,121.0240,177.8642,0.1595,100.0619,6,1,0,0,0
Session_1,2026-01-26 16:31:47.467,7.309,-75.3616,-72.2912,-28.5746,11.4841,92.2467,94.5765,34.8979,-444.5294,124.1758,177.7112,0.4372,100.0653,6,1,0,0,0
Session_1,2026-01-26 16:31:47.549,7.390,-75.3609,-71.3014,-30.2953,11.9229,92.2611,94.5717,34.4735,-442.8145,124.7583,177.7201,0.1450,100.0710,6,1,0,0,0
Session_1,2026-01-26 16:31:47.638,7.479,-75.3610,-70.4516,-32.5320,13.0106,92.1938,94.5731,33.8622,-440.7996,123.0910,177.8110,-0.1480,100.0693,6,1,0,0,0
Session_1,2026-01-26 16:31:47.707,7.549,-75.3609,-69.6352,-34.2842,14.0687,92.2632,94.5744,33.5955,-439.4440,123.2994,177.7321,-0.0317,100.0682,6,1,0,0,0
Session_1,2026-01-26 16:31:47.788,7.629,-75.3608,-68.6716,-36.4379,16.8139,92.3161,94.5689,33.6269,-439.3079,125.8271,177.5556,1.5146,100.0724,6,1,0,0,0
Session_1,2026-01-26 16:31:47.861,7.702,-75.3604,-67.8223,-38.1927,18.2970,92.8125,94.5731,33.9458,-438.1364,127.0621,177.0146,2.0506,100.0691,6,1,0,0,0
Session_1,2026-01-26 16:31:47.927,7.769,-75.3591,-66.9130,-40.1218,18.6960,93.8191,94.5751,34.4579,-435.2340,126.0509,176.0608,1.3514,100.0747,6,1,0,0,0
Session_1,2026-01-26 16:31:47.993,7.834,-75.3568,-66.2962,-41.8813,19.8990,93.9111,94.5717,34.1522,-433.5565,124.9933,175.9644,1.4046,100.0808,6,1,0,0,0
Session_1,2026-01-26 16:31:48.071,7.913,-75.3543,-65.5789,-44.5428,22.3277,93.8274,94.5792,33.5197,-431.4630,122.8913,176.0090,1.8935,100.0742,6,1,0,0,0
Session_1,2026-01-26 16:31:48.173,8.014,-75.3464,-64.6676,-47.1521,24.7797,93.9544,94.5772,33.1945,-429.3777,122.5704,175.8224,2.6352,100.0825,6,1,0,0,0
Session_1,2026-01-26 16:31:48.247,8.088,-75.3418,-63.7089,-49.1117,27.3786,94.4241,94.5717,33.6021,-428.5572,125.8108,175.2271,4.1912,100.0879,6,1,0,0,0
Session_1,2026-01-26 16:31:48.321,8.163,-75.2921,-62.6940,-50.9743,29.4248,95.0407,94.5737,34.3914,-427.1817,128.9203,174.5168,5.3369,100.1320,6,1,0,0,0
Session_1,2026-01-26 16:31:48.389,8.231,-74.9689,-61.8905,-52.5934,29.6624,95.0180,94.5758,36.0582,-424.3231,128.1042,174.5855,4.7623,100.4570,6,1,0,0,0
Session_1,2026-01-26 16:31:48.457,8.298,-74.2658,-61.3607,-54.1662,30.3573,94.8951,94.5758,40.4612,-421.5537,126.3410,174.7358,4.4250,101.1614,6,1,0,0,0
Session_1,2026-01-26 16:31:48.527,8.369,-73.1650,-60.6025,-55.9398,32.8979,94.3190,94.5772,47.6316,-420.0588,128.7800,175.1872,5.9910,102.2458,6,1,0,0,0
Session_1,2026-01-26 16:31:48.595,8.436,-72.2400,-59.9024,-57.0196,33.8235,94.0334,94.5710,53.7494,-418.3168,130.8452,175.4285,6.5584,103.1702,6,1,0,0,0
Session_1,2026-01-26 16:31:48.658,8.500,-71.5699,-59.5914,-57.5247,33.9423,93.4428,94.5634,57.6970,-417.0961,131.0593,176.0237,6.5307,103.8451,6,1,0,0,0
Session_1,2026-01-26 16:31:48.749,8.591,-71.4399,-59.5817,-57.5138,34.5911,91.7928,94.5765,56.9641,-418.2444,132.3199,177.6119,7.3287,103.9481,6,1,0,0,0
Session_1,2026-01-26 16:31:48.824,8.665,-71.4505,-59.5818,-57.5143,34.3927,91.6644,94.5731,56.6770,-418.1203,131.9339,177.7564,7.1406,103.9426,6,1,0,0,0
Session_1,2026-01-26 16:31:48.890,8.731,-71.4516,-59.5819,-57.5148,34.4003,91.6857,94.5744,56.6958,-418.1190,131.9465,177.7344,7.1458,103.9401,6,1,0,0,0
Session_1,2026-01-26 16:31:48.964,8.805,-71.4535,-59.5818,-57.5146,34.7758,91.6116,94.5737,56.7126,-418.4965,132.6611,177.7780,7.5264,103.9347,6,1,0,0,0
Session_1,2026-01-26 16:31:49.029,8.871,-71.4631,-59.5822,-57.5154,34.1702,91.6397,94.5731,56.4864,-417.9325,131.5025,177.7991,6.9193,103.9321,6,1,0,0,0
Session_1,2026-01-26 16:31:49.104,8.946,-71.5525,-59.5822,-57.5155,34.3034,91.4564,94.5703,55.6652,-418.2155,131.7498,177.9714,7.0668,103.8436,6,1,0,0,0
Session_1,2026-01-26 16:31:49.171,9.013,-71.8327,-59.5825,-57.5155,34.2657,91.4969,94.5710,53.6539,-418.4318,131.6771,177.9340,7.0256,103.5632,6,1,0,0,0
Session_1,2026-01-26 16:31:49.254,9.095,-72.6187,-59.5847,-57.5160,34.0164,91.8601,94.5724,48.2545,-418.7582,131.1983,177.5923,6.7454,102.7794,6,1,0,0,0
Session_1,2026-01-26 16:31:49.327,9.168,-73.6349,-59.5864,-57.5161,33.9375,92.2069,94.5737,41.2010,-419.3515,131.0508,177.2531,6.6372,101.7639,6,1,0,0,0
Session_1,2026-01-26 16:31:49.403,9.244,-74.5480,-59.5920,-57.5168,33.8406,92.7383,94.5772,35.1059,-419.6825,130.8517,176.7315,6.4919,100.8505,6,1,0,0,0
Session_1,2026-01-26 16:31:49.486,9.328,-75.0480,-59.6111,-57.5174,33.9429,93.3172,94.5772,32.1410,-419.8738,130.9418,176.1482,6.5282,100.3526,6,1,0,0,0
Session_1,2026-01-26 16:31:49.554,9.395,-75.0655,-59.6558,-57.5184,34.5410,93.7889,94.5737,32.7079,-420.2730,131.7846,175.6341,7.0414,100.3360,6,1,0,0,0
Session_1,2026-01-26 16:31:49.635,9.476,-75.0654,-59.6603,-57.5185,34.6014,94.7482,94.5731,33.8411,-420.0172,131.9530,174.6743,7.0210,100.3427,6,1,0,0,0
Session_1,2026-01-26 16:31:49.707,9.549,-75.0650,-59.7102,-57.5304,34.3261,94.9782,94.5737,34.0287,-419.6284,131.0399,174.4723,6.6666,100.3475,6,1,0,0,0
Session_1,2026-01-26 16:31:49.774,9.616,-75.0623,-59.8870,-57.5313,34.1105,95.1794,94.5731,34.1993,-419.2495,129.3710,174.3036,6.2586,100.3560,6,1,0,0,0
Session_1,2026-01-26 16:31:49.840,9.682,-75.0619,-60.4657,-57.5302,34.5596,95.3627,94.5765,34.4337,-419.2587,126.0640,174.1310,6.1156,100.3555,6,1,0,0,0
Session_1,2026-01-26 16:31:49.914,9.756,-75.0611,-61.4343,-57.5296,35.2146,94.9315,94.5744,33.9240,-419.3476,120.2574,174.5859,5.8380,100.3576,6,1,0,0,0
Session_1,2026-01-26 16:31:50.004,9.846,-75.0585,-62.0009,-57.5252,37.6261,95.4211,94.5724,35.0101,-421.0498,120.8082,173.9496,7.6428,100.3487,6,1,0,0,0
Session_1,2026-01-26 16:31:50.078,9.920,-75.0572,-62.0571,-57.5120,38.6835,95.8530,94.5737,35.7715,-421.8452,122.5422,173.4373,8.6195,100.3408,6,1,0,0,0
Session_1,2026-01-26 16:31:50.139,9.980,-75.0569,-62.0576,-57.5114,37.6646,96.6357,94.5751,36.4380,-420.6736,120.6838,172.7403,7.5419,100.3589,6,1,0,0,0
Session_1,2026-01-26 16:31:50.210,10.052,-75.0569,-62.0583,-57.5118,37.8623,97.3162,94.5744,37.2735,-420.6267,121.1547,172.0472,7.6841,100.3648,6,1,0,0,0
Session_1,2026-01-26 16:31:50.284,10.126,-75.0570,-62.0585,-57.5119,38.2599,97.6451,94.5779,37.7482,-420.8741,121.9686,171.6874,8.0537,100.3606,6,1,0,0,0
Session_1,2026-01-26 16:31:50.366,10.208,-75.0565,-62.0673,-57.5124,37.9379,98.3833,94.5765,38.5251,-420.3314,121.4072,170.9797,7.6654,100.3751,6,1,0,0,0
Session_1,2026-01-26 16:31:50.432,10.273,-75.0559,-62.0700,-57.5124,38.0402,98.5371,94.5724,38.7302,-420.3694,121.6112,170.8192,7.7533,100.3806,6,1,0,0,0
Session_1,2026-01-26 16:31:50.521,10.362,-75.0552,-62.1178,-57.5130,37.9777,98.6854,94.5751,38.8815,-420.2265,121.1679,170.6801,7.6306,100.3817,6,1,0,0,0
Session_1,2026-01-26 16:31:50.598,10.439,-75.0544,-62.2233,-57.5131,37.7209,98.8708,94.5717,39.0175,-419.8519,119.9439,170.5251,7.2553,100.3921,6,1,0,0,0
Session_1,2026-01-26 16:31:50.679,10.521,-75.0544,-62.5696,-57.5131,37.8362,98.9511,94.5689,39.0663,-419.6595,117.6666,170.4640,7.0192,100.3983,6,1,0,0,0
Session_1,2026-01-26 16:31:50.754,10.595,-75.0547,-63.0538,-57.5131,38.0711,98.7067,94.5751,38.7329,-419.5568,114.5588,170.7264,6.7889,100.3910,6,1,0,0,0
Session_1,2026-01-26 16:31:50.828,10.670,-75.0549,-63.2599,-57.5131,38.4933,98.6813,94.5765,38.7591,-419.7779,113.8645,170.7343,7.0061,100.3870,6,1,0,0,0
Session_1,2026-01-26 16:31:50.903,10.744,-75.0554,-63.2599,-57.5130,38.8868,98.6840,94.5710,38.8548,-420.1367,114.6172,170.7007,7.3991,100.3881,6,1,0,0,0
Session_1,2026-01-26 16:31:50.970,10.812,-75.0556,-63.2609,-57.5130,38.7680,98.6613,94.5751,38.7983,-420.0355,114.3783,170.7323,7.2808,100.3848,6,1,0,0,0
Session_1,2026-01-26 16:31:51.044,10.885,-75.0557,-63.2631,-57.5131,39.0097,98.5549,94.5710,38.7325,-420.2884,114.8062,170.8196,7.5286,100.3849,6,1,0,0,0
Session_1,2026-01-26 16:31:51.109,10.950,-75.0561,-63.2713,-57.5132,38.9355,98.4430,94.5724,38.5808,-420.2517,114.5840,170.9374,7.4549,100.3825,6,1,0,0,0
Session_1,2026-01-26 16:31:51.183,11.025,-75.0560,-63.3116,-57.5132,39.0447,98.4705,94.5751,38.6305,-420.3068,114.5052,170.9042,7.5210,100.3796,6,1,0,0,0
Session_1,2026-01-26 16:31:51.265,11.106,-75.0561,-63.3679,-57.5131,39.0804,98.3633,94.5779,38.5023,-420.3268,114.1467,171.0121,7.5085,100.3756,6,1,0,0,0
Session_1,2026-01-26 16:31:51.346,11.188,-75.0561,-63.5439,-57.5131,39.2027,98.3530,94.5779,38.4786,-420.2879,113.1008,171.0266,7.4557,100.3760,6,1,0,0,0
Session_1,2026-01-26 16:31:51.421,11.262,-75.0563,-64.0564,-57.5115,40.0877,98.1100,94.5710,38.2882,-420.7109,111.0408,171.2394,7.8489,100.3756,6,1,0,0,0
Session_1,2026-01-26 16:31:51.493,11.334,-75.0564,-64.4572,-57.5108,40.2100,97.9067,94.5758,37.9827,-420.5153,108.3332,171.4633,7.5872,100.3713,6,1,0,0,0
Session_1,2026-01-26 16:31:51.562,11.403,-75.0565,-64.4716,-57.5108,40.2670,98.1347,94.5751,38.2546,-420.4772,108.3760,171.2331,7.6118,100.3741,6,1,0,0,0
Session_1,2026-01-26 16:31:51.627,11.468,-75.0570,-64.4720,-57.5108,39.8646,98.1725,94.5772,38.1968,-420.0987,107.6094,171.2276,7.2070,100.3762,6,1,0,0,0
Session_1,2026-01-26 16:31:51.702,11.543,-75.0580,-64.4720,-57.5108,40.0665,98.1924,94.5731,38.2617,-420.2768,107.9984,171.1921,7.4073,100.3775,6,1,0,0,0
Session_1,2026-01-26 16:31:51.775,11.617,-75.0583,-64.4729,-57.5109,39.9545,98.0853,94.5758,38.1088,-420.2095,107.7592,171.3075,7.3027,100.3744,6,1,0,0,0
Session_1,2026-01-26 16:31:51.841,11.683,-75.0585,-64.4728,-57.5109,40.1200,98.0942,94.5717,38.1580,-420.3575,108.0782,171.2858,7.4678,100.3767,6,1,0,0,0
Session_1,2026-01-26 16:31:51.915,11.757,-75.0592,-64.4735,-57.5110,39.8701,98.0489,94.5751,38.0391,-420.1443,107.5874,171.3506,7.2209,100.3745,6,1,0,0,0
Session_1,2026-01-26 16:31:51.987,11.829,-75.0597,-64.4744,-57.5110,40.0294,98.0605,94.5758,38.0876,-420.2853,107.8870,171.3262,7.3777,100.3719,6,1,0,0,0
Session_1,2026-01-26 16:31:52.081,11.922,-75.0754,-64.5076,-57.5113,39.9916,97.8923,94.5758,37.7599,-420.2843,107.5443,171.4993,7.3199,100.3549,6,1,0,0,0
Session_1,2026-01-26 16:31:52.154,11.996,-75.0753,-64.5629,-57.5113,39.8186,97.9685,94.5744,37.7923,-420.0461,106.8255,171.4420,7.0866,100.3596,6,1,0,0,0
Session_1,2026-01-26 16:31:52.229,12.070,-75.0752,-64.7318,-57.5113,39.8811,97.8909,94.5717,37.6737,-419.9617,105.7070,171.5281,6.9871,100.3625,6,1,0,0,0
Session_1,2026-01-26 16:31:52.311,12.153,-75.0752,-64.7708,-57.5113,39.9010,97.7934,94.5765,37.5557,-419.9730,105.4459,171.6261,6.9750,100.3568,6,1,0,0,0
Session_1,2026-01-26 16:31:52.450,12.291,-75.0752,-64.7737,-57.5112,39.9751,97.7694,94.5731,37.5458,-420.0468,105.5627,171.6447,7.0485,100.3593,6,1,0,0,0
Session_1,2026-01-26 16:31:52.622,12.464,-75.0753,-64.8184,-57.5112,40.2724,97.6733,94.5724,37.4946,-420.3071,105.7908,171.7202,7.3080,100.3562,6,1,0,0,0
Session_1,2026-01-26 16:31:52.693,12.535,-75.0754,-64.8283,-57.5112,40.2024,97.6719,94.5744,37.4729,-420.2335,105.5853,171.7277,7.2282,100.3549,6,1,0,0,0
Session_1,2026-01-26 16:31:52.770,12.612,-75.0752,-64.8685,-57.5112,40.1413,97.7165,94.5731,37.4995,-420.1218,105.1836,171.6916,7.1238,100.3579,6,1,0,0,0
Session_1,2026-01-26 16:31:52.837,12.678,-75.0753,-64.9212,-57.5112,40.0376,97.7069,94.5744,37.4484,-419.9756,104.6021,171.7135,6.9685,100.3579,6,1,0,0,0
Session_1,2026-01-26 16:31:52.913,12.755,-75.0752,-65.0176,-57.5113,40.1228,97.6760,94.5744,37.4079,-419.9655,104.0605,171.7452,6.9596,100.3577,6,1,0,0,0
Session_1,2026-01-26 16:31:52.986,12.827,-75.0751,-65.0834,-57.5113,40.1653,97.6918,94.5765,37.4188,-419.9317,103.6670,171.7311,6.9349,100.3561,6,1,0,0,0
Session_1,2026-01-26 16:31:53.060,12.902,-75.0751,-65.1025,-57.5113,40.1385,97.7371,94.5744,37.4595,-419.8719,103.4843,171.6899,6.8858,100.3592,6,1,0,0,0
Session_1,2026-01-26 16:31:53.125,12.967,-75.0750,-65.1582,-57.5113,40.1722,97.7859,94.5758,37.5093,-419.8289,103.1528,171.6430,6.8599,100.3587,6,1,0,0,0
Session_1,2026-01-26 16:31:53.191,13.032,-75.0750,-65.3026,-57.5112,40.2896,97.8703,94.5703,37.5957,-419.7584,102.3444,171.5617,6.8273,100.3654,6,1,0,0,0
Session_1,2026-01-26 16:31:53.256,13.097,-75.0747,-65.6479,-57.5105,40.8465,97.9211,94.5744,37.6960,-419.8885,100.9138,171.4936,7.0342,100.3602,6,1,0,0,0
Session_1,2026-01-26 16:31:53.322,13.163,-75.0745,-66.1277,-57.5080,41.2907,97.9726,94.5717,37.7262,-419.7566,98.3017,171.4454,6.9976,100.3641,6,1,0,0,0
Session_1,2026-01-26 16:31:53.396,13.237,-75.0739,-66.4804,-57.4461,41.8861,98.1731,94.5779,38.0405,-419.9850,97.1772,171.2206,7.2845,100.3578,6,1,0,0,0
Session_1,2026-01-26 16:31:53.470,13.311,-75.0741,-66.4871,-57.2570,41.4960,98.2349,94.5772,38.1351,-420.0568,97.1934,171.1759,7.0727,100.3612,6,1,0,0,0
Session_1,2026-01-26 16:31:53.552,13.393,-75.0740,-66.4873,-56.9098,40.8053,98.2507,94.5744,38.2072,-420.2515,97.3478,171.1880,6.7292,100.3675,6,1,0,0,0
Session_1,2026-01-26 16:31:53.634,13.475,-75.0742,-66.4896,-56.4701,39.9593,98.2590,94.5696,38.2864,-420.5150,97.5889,171.2130,6.3221,100.3759,6,1,0,0,0
Session_1,2026-01-26 16:31:53.708,13.549,-75.0742,-66.5261,-56.2045,39.5982,98.2370,94.5724,38.3292,-420.7787,97.7614,171.2451,6.1916,100.3741,6,1,0,0,0
Session_1,2026-01-26 16:31:53.798,13.640,-75.0741,-66.6535,-56.1883,39.8749,98.2487,94.5683,38.3852,-420.9302,97.4306,171.2207,6.3564,100.3770,6,1,0,0,0
Session_1,2026-01-26 16:31:53.872,13.714,-75.0740,-66.6675,-56.1883,39.9099,98.2411,94.5676,38.3814,-420.9496,97.3938,171.2267,6.3780,100.3775,6,1,0,0,0
Session_1,2026-01-26 16:31:53.937,13.779,-75.0738,-66.6678,-56.1883,39.8769,98.2500,94.5628,38.3848,-420.9153,97.3308,171.2209,6.3449,100.3828,6,1,0,0,0
Session_1,2026-01-26 16:31:54.020,13.862,-75.0739,-66.6694,-56.1883,39.8646,98.2686,94.5662,38.4025,-420.8956,97.2992,171.2032,6.3290,100.3798,6,1,0,0,0
Session_1,2026-01-26 16:31:54.095,13.936,-75.0739,-66.6779,-56.1883,39.8927,98.2679,94.5683,38.4061,-420.9125,97.2902,171.2021,6.3483,100.3775,6,1,0,0,0
Session_1,2026-01-26 16:31:54.185,14.026,-75.0738,-66.7292,-56.1884,39.9889,98.3036,94.5724,38.4560,-420.9324,97.1060,171.1625,6.3896,100.3735,6,1,0,0,0
Session_1,2026-01-26 16:31:54.258,14.099,-75.0738,-66.7462,-56.1884,40.0136,98.3208,94.5683,38.4773,-420.9305,97.0321,171.1453,6.3965,100.3778,6,1,0,0,0
Session_1,2026-01-26 16:31:54.333,14.174,-75.0739,-66.7486,-56.1883,40.0246,98.3064,94.5696,38.4619,-420.9431,97.0335,171.1588,6.4061,100.3761,6,1,0,0,0
Session_1,2026-01-26 16:31:54.415,14.257,-75.0739,-66.7483,-56.1882,40.1111,98.2562,94.5696,38.4256,-421.0415,97.1913,171.2018,6.4967,100.3746,6,1,0,0,0
Session_1,2026-01-26 16:31:54.489,14.331,-75.0740,-66.7475,-56.1874,40.2347,98.1347,94.5724,38.3158,-421.2002,97.4142,171.3124,6.6305,100.3691,6,1,0,0,0
Session_1,2026-01-26 16:31:54.551,14.393,-75.0740,-66.7466,-56.1864,40.2587,98.0983,94.5820,38.2814,-421.2381,97.4646,171.3455,6.6578,100.3590,6,1,0,0,0
Session_1,2026-01-26 16:31:54.622,14.463,-75.0739,-66.7303,-56.1771,40.3473,97.8072,94.5806,37.9781,-421.4577,97.7428,171.6263,6.7949,100.3558,6,1,0,0,0
Session_1,2026-01-26 16:31:54.688,14.530,-75.0740,-66.6924,-56.1603,40.4111,97.5167,94.5813,37.6797,-421.6962,98.1657,171.9058,6.9360,100.3506,6,1,0,0,0
Session_1,2026-01-26 16:31:54.752,14.594,-75.0741,-66.5051,-56.1486,40.5011,97.2475,94.5806,37.4532,-422.1052,99.7091,172.1506,7.2453,100.3453,6,1,0,0,0
Session_1,2026-01-26 16:31:54.829,14.670,-75.0740,-66.0213,-56.1486,40.0678,97.5346,94.5731,37.8191,-422.1359,102.4521,171.8618,7.2741,100.3556,6,1,0,0,0
Session_1,2026-01-26 16:31:54.894,14.735,-75.0741,-65.4524,-56.1486,39.4251,97.7625,94.5779,38.0815,-422.0584,105.4072,171.6402,7.1819,100.3541,6,1,0,0,0
Session_1,2026-01-26 16:31:54.977,14.818,-75.0744,-64.6151,-56.1489,38.3018,97.7509,94.5765,38.0069,-421.8410,109.3628,171.6750,6.8976,100.3579,6,1,0,0,0
Session_1,2026-01-26 16:31:55.055,14.897,-75.0748,-63.7780,-56.1492,37.6797,97.7467,94.5717,38.0463,-422.0204,114.2736,171.6624,7.1125,100.3601,6,1,0,0,0
Session_1,2026-01-26 16:31:55.130,14.971,-75.0748,-62.9341,-56.1493,37.3137,97.7666,94.5806,38.1631,-422.3653,119.7298,171.6031,7.5860,100.3465,6,1,0,0,0
Session_1,2026-01-26 16:31:55.205,15.046,-75.0748,-62.0076,-56.1495,36.1601,97.7708,94.5786,38.0683,-421.9896,124.2764,171.6175,7.3594,100.3510,6,1,0,0,0
Session_1,2026-01-26 16:31:55.270,15.112,-75.0747,-61.0854,-56.1497,35.6369,97.8072,94.5786,38.1419,-422.0946,130.0000,171.5492,7.7540,100.3473,6,1,0,0,0
Session_1,2026-01-26 16:31:55.337,15.178,-75.0747,-60.1157,-56.1501,34.9352,97.8490,94.5765,38.1636,-421.9803,135.7254,171.4862,8.0177,100.3469,6,1,0,0,0
Session_1,2026-01-26 16:31:55.403,15.245,-75.0747,-59.1248,-56.1506,34.1311,97.8607,94.5703,38.1050,-421.7065,141.3965,171.4605,8.2035,100.3511,6,1,0,0,0
Session_1,2026-01-26 16:31:55.473,15.314,-75.0749,-58.0529,-56.1509,32.9810,97.7948,94.5744,37.8573,-421.0886,146.9700,171.5318,8.1298,100.3469,6,1,0,0,0
Session_1,2026-01-26 16:31:55.550,15.391,-75.0748,-56.7006,-56.1514,32.1570,97.7158,94.5779,37.6589,-420.7113,155.1934,171.5673,8.6616,100.3364,6,1,0,0,0
Session_1,2026-01-26 16:31:55.634,15.476,-75.0748,-55.2794,-56.1526,31.2575,97.6753,94.5806,37.4412,-420.0842,163.7543,171.5649,9.1832,100.3266,6,1,0,0,0
Session_1,2026-01-26 16:31:55.708,15.549,-75.0748,-54.0014,-56.1535,30.1822,97.6259,94.5731,37.1277,-419.1386,170.9107,171.5990,9.3894,100.3310,6,1,0,0,0
Session_1,2026-01-26 16:31:55.798,15.639,-75.0750,-52.4962,-56.1548,29.2896,97.5318,94.5731,36.7483,-418.1598,180.0271,171.6428,10.0061,100.3213,6,1,0,0,0
Session_1,2026-01-26 16:31:55.864,15.705,-75.0751,-51.3295,-56.1562,28.4347,97.4577,94.5744,36.3786,-417.1216,186.7462,171.6910,10.3213,100.3145,6,1,0,0,0
Session_1,2026-01-26 16:31:55.929,15.771,-75.0752,-50.1546,-56.1574,27.7885,97.4329,94.5765,36.0766,-416.1076,193.9141,171.6720,10.8487,100.3040,6,1,0,0,0
Session_1,2026-01-26 16:31:56.005,15.846,-75.0761,-48.7800,-56.1581,26.7277,97.4350,94.5724,35.6464,-414.5075,201.6722,171.6451,11.1612,100.3025,6,1,0,0,0
Session_1,2026-01-26 16:31:56.072,15.913,-75.0773,-47.6156,-56.1598,25.5103,97.3231,94.5751,35.0450,-412.8071,207.5560,171.7604,11.1151,100.2981,6,1,0,0,0
Session_1,2026-01-26 16:31:56.146,15.987,-75.0790,-46.2967,-56.1625,24.2194,97.3306,94.5737,34.4966,-410.7623,214.3660,171.7510,11.1399,100.2974,6,1,0,0,0
Session_1,2026-01-26 16:31:56.211,16.052,-75.0793,-45.2713,-56.1625,23.7112,97.2826,94.5744,34.0927,-409.4769,220.6058,171.7561,11.6592,100.2875,6,1,0,0,0
Session_1,2026-01-26 16:31:56.284,16.126,-75.0791,-44.1430,-56.1628,22.9443,97.2489,94.5731,33.6005,-407.7837,227.0278,171.7600,12.0219,100.2825,6,1,0,0,0
Session_1,2026-01-26 16:31:56.356,16.197,-75.0791,-43.0067,-56.1630,22.2556,97.0429,94.5703,32.8917,-406.0864,233.5969,171.9284,12.4845,100.2750,6,1,0,0,0
Session_1,2026-01-26 16:31:56.435,16.276,-75.0796,-41.6978,-56.1633,21.2414,97.0429,94.5765,32.2644,-403.7450,240.7055,171.9026,12.7771,100.2629,6,1,0,0,0
Session_1,2026-01-26 16:31:56.517,16.358,-75.0804,-40.4511,-56.1635,20.3947,97.0553,94.5786,31.6657,-401.4614,247.6604,171.8565,13.1743,100.2527,6,1,0,0,0
Session_1,2026-01-26 16:31:56.589,16.431,-75.0812,-39.3058,-56.1637,19.6923,97.1267,94.5717,31.1672,-399.2782,254.1592,171.7501,13.6109,100.2511,6,1,0,0,0
Session_1,2026-01-26 16:31:56.656,16.497,-75.0821,-38.2730,-56.1637,18.6452,97.0958,94.5765,30.5032,-396.9538,259.1335,171.7808,13.5983,100.2453,6,1,0,0,0
Session_1,2026-01-26 16:31:56.721,16.563,-75.0821,-37.3313,-56.1637,18.0636,97.0827,94.5758,29.9701,-395.0158,264.3815,171.7637,13.9584,100.2386,6,1,0,0,0
Session_1,2026-01-26 16:31:56.794,16.636,-75.0822,-36.1127,-56.1636,17.4319,97.0628,94.5799,29.2692,-392.4783,271.3625,171.7330,14.5444,100.2219,6,1,0,0,0
Session_1,2026-01-26 16:31:56.869,16.710,-75.0822,-34.8514,-56.1636,16.6834,97.1494,94.5744,28.6142,-389.6152,278.3459,171.6050,15.0494,100.2175,6,1,0,0,0
Session_1,2026-01-26 16:31:56.944,16.786,-75.0822,-33.6493,-56.1634,16.0812,97.1761,94.5710,27.9112,-386.8518,285.1547,171.5283,15.6459,100.2078,6,1,0,0,0
Session_1,2026-01-26 16:31:57.005,16.846,-75.0823,-32.6577,-56.1632,15.7111,97.1645,94.5786,27.2879,-384.5688,290.9749,171.4845,16.2653,100.1852,6,1,0,0,0
Session_1,2026-01-26 16:31:57.076,16.917,-75.0822,-31.2895,-56.1630,15.0300,97.1912,94.5724,26.4124,-381.1563,298.5899,171.4005,16.9490,100.1750,6,1,0,0,0
Session_1,2026-01-26 16:31:57.140,16.982,-75.0823,-30.0714,-56.1625,14.3941,97.2112,94.5820,25.5876,-377.9693,305.2338,171.3272,17.5268,100.1502,6,1,0,0,0
Session_1,2026-01-26 16:31:57.214,17.056,-75.0823,-28.6681,-56.1620,14.1518,97.2036,94.5765,24.6330,-374.4224,313.7987,171.2347,18.6856,100.1242,6,1,0,0,0
Session_1,2026-01-26 16:31:57.278,17.120,-75.0825,-27.4774,-56.1614,13.7466,97.2819,94.5758,23.8528,-371.1313,320.5917,171.0875,19.4629,100.1030,6,1,0,0,0
Session_1,2026-01-26 16:31:57.344,17.186,-75.0831,-26.0689,-56.1613,13.1719,97.3279,94.5799,22.8186,-367.0492,328.3232,170.9658,20.2895,100.0733,6,1,0,0,0
Session_1,2026-01-26 16:31:57.409,17.251,-75.0834,-25.1488,-56.1618,12.7840,97.3073,94.5731,22.0601,-364.3055,333.2791,170.9408,20.8221,100.0631,6,1,0,0,0
Session_1,2026-01-26 16:31:57.486,17.328,-75.1309,-24.3931,-56.1616,12.4860,97.3753,94.5799,21.2249,-361.9958,337.3713,170.8291,21.2718,99.9943,6,1,0,0,0
Session_1,2026-01-26 16:31:57.553,17.395,-75.3140,-24.2078,-56.1616,12.5581,97.3512,94.5696,19.9068,-361.5614,338.6668,170.8335,21.5319,99.8133,6,1,0,0,0
Session_1,2026-01-26 16:31:57.626,17.467,-76.0794,-24.2125,-56.1623,12.2237,97.5133,94.5751,15.2290,-361.6054,337.9603,170.7016,21.1796,99.0555,6,1,0,0,0
Session_1,2026-01-26 16:31:57.691,17.533,-77.2471,-24.2210,-56.1634,11.5466,97.6019,94.5744,7.8942,-361.5248,336.5070,170.6761,20.4886,97.9118,6,1,0,0,0
Session_1,2026-01-26 16:31:57.757,17.598,-78.7405,-24.3047,-56.1641,11.1621,97.9191,94.5717,-1.1486,-361.5739,335.2359,170.4045,19.9968,96.4403,6,1,0,0,0
Session_1,2026-01-26 16:31:57.831,17.672,-80.3817,-24.5825,-56.1641,11.1463,97.8923,94.5751,-11.3993,-362.2002,333.4790,170.4561,19.7058,94.8041,6,1,0,0,0
Session_1,2026-01-26 16:31:57.904,17.746,-82.1345,-25.1617,-56.1640,11.3702,97.8243,94.5799,-22.3064,-363.4816,330.3320,170.5535,19.3563,93.0559,6,1,0,0,0
Session_1,2026-01-26 16:31:57.970,17.811,-83.5014,-25.6055,-56.1642,11.3798,97.6939,94.5758,-30.9820,-364.1362,327.5606,170.7228,18.9344,91.7041,6,1,0,0,0
Session_1,2026-01-26 16:31:58.045,17.886,-85.0199,-26.0956,-56.1635,11.9085,97.5675,94.5786,-40.6263,-364.8669,325.5645,170.8438,18.9832,90.1799,6,1,0,0,0
Session_1,2026-01-26 16:31:58.113,17.955,-86.2512,-26.4935,-56.1633,11.8790,97.5078,94.5779,-48.4579,-365.0039,322.9915,170.9410,18.5622,88.9607,6,1,0,0,0
Session_1,2026-01-26 16:31:58.180,18.021,-87.4901,-26.8858,-56.1630,12.1042,97.5819,94.5751,-56.1969,-365.0611,320.9925,170.8830,18.3907,87.7302,6,1,0,0,0
Session_1,2026-01-26 16:31:58.253,18.095,-88.7646,-27.1331,-56.1634,12.0245,97.6781,94.5772,-64.1740,-364.3368,319.2763,170.8156,18.0565,86.4639,6,1,0,0,0
Session_1,2026-01-26 16:31:58.328,18.170,-89.8346,-27.2088,-56.1634,12.2642,97.4611,94.5751,-71.2263,-363.4268,319.2569,171.0173,18.2374,85.3887,6,1,0,0,0
Session_1,2026-01-26 16:31:58.403,18.244,-90.8513,-27.2093,-56.1633,12.3205,97.4302,94.5724,-77.7016,-362.1400,319.3651,171.0440,18.2959,84.3728,6,1,0,0,0
Session_1,2026-01-26 16:31:58.469,18.311,-91.7322,-27.2100,-56.1633,12.1557,97.2949,94.5758,-83.4198,-360.8129,319.0015,171.1917,18.1411,83.4912,6,1,0,0,0
Session_1,2026-01-26 16:31:58.550,18.392,-92.6300,-27.2186,-56.1635,12.0060,97.4027,94.5758,-88.9306,-359.3992,318.6543,171.0985,17.9746,82.5990,6,1,0,0,0
Session_1,2026-01-26 16:31:58.621,18.463,-93.2971,-27.2579,-56.1637,11.9895,97.2263,94.5792,-93.3265,-358.4314,318.3443,171.2775,17.9322,81.9277,6,1,0,0,0
Session_1,2026-01-26 16:31:58.698,18.539,-94.1170,-27.3279,-56.1638,11.9984,96.9729,94.5744,-98.7651,-357.2408,317.8823,171.5360,17.8919,81.1112,6,1,0,0,0
Session_1,2026-01-26 16:31:58.781,18.622,-95.1277,-27.5443,-56.1638,12.1371,96.8884,94.5772,-105.2115,-356.0909,316.7815,171.6258,17.8208,80.0987,6,1,0,0,0
Session_1,2026-01-26 16:31:58.863,18.704,-96.0952,-28.2017,-56.1636,12.6260,96.7648,94.5751,-111.5712,-356.2505,313.5806,171.7638,17.6632,79.1363,6,1,0,0,0
Session_1,2026-01-26 16:31:58.937,18.778,-96.7836,-28.9470,-56.1637,12.8423,96.5527,94.5792,-116.3379,-356.8810,309.2195,172.0194,17.1521,78.4549,6,1,0,0,0
Session_1,2026-01-26 16:31:59.011,18.852,-97.0706,-29.4620,-56.1632,13.2303,96.5794,94.5779,-118.2794,-357.8062,306.7030,172.0042,17.0240,78.1729,6,1,0,0,0
Session_1,2026-01-26 16:31:59.085,18.927,-97.0717,-29.8980,-56.1631,13.8153,96.6083,94.5772,-118.4274,-359.2254,305.0854,171.9628,17.1704,78.1690,6,1,0,0,0
Session_1,2026-01-26 16:31:59.161,19.003,-97.0715,-30.5975,-56.1637,13.7432,96.5417,94.5696,-118.7074,-360.8401,300.3864,172.0980,16.4072,78.1955,6,1,0,0,0
Session_1,2026-01-26 16:31:59.228,19.069,-97.0695,-31.2823,-56.1647,13.5853,96.5176,94.5737,-118.9061,-362.3138,295.5936,172.1930,15.5676,78.2130,6,1,0,0,0
Session_1,2026-01-26 16:31:59.302,19.144,-97.0696,-32.3299,-56.1647,14.7169,96.2560,94.5696,-119.6019,-365.3575,290.9855,172.4469,15.6726,78.2123,6,1,0,0,0
Session_1,2026-01-26 16:31:59.384,19.226,-97.0705,-33.9103,-56.1646,16.0503,95.8550,94.5731,-120.6136,-369.5333,283.1746,172.8657,15.4579,78.2092,6,1,0,0,0
Session_1,2026-01-26 16:31:59.466,19.308,-97.0704,-35.6455,-56.1643,17.3714,95.5914,94.5765,-121.4636,-373.8093,274.1972,173.1622,15.0659,78.2125,6,1,0,0,0
Session_1,2026-01-26 16:31:59.540,19.381,-97.0702,-37.1387,-56.1642,18.0327,95.5138,94.5758,-121.9490,-376.9687,265.4233,173.3101,14.2431,78.2304,6,1,0,0,0
Session_1,2026-01-26 16:31:59.604,19.446,-97.0695,-38.3128,-56.1642,18.8759,95.4025,94.5724,-122.3977,-379.5379,259.1054,173.4495,13.9226,78.2404,6,1,0,0,0
Session_1,2026-01-26 16:31:59.688,19.530,-97.0678,-39.5866,-56.1638,19.7335,95.6003,94.5744,-122.4741,-382.1890,252.1108,173.2872,13.4923,78.2502,6,1,0,0,0
Session_1,2026-01-26 16:31:59.770,19.612,-97.0677,-40.3416,-56.1642,20.2917,96.1084,94.5724,-122.0521,-383.7741,248.0802,172.7989,13.2558,78.2613,6,1,0,0,0
Session_1,2026-01-26 16:31:59.835,19.676,-97.0674,-41.1150,-56.1641,21.7035,96.2107,94.5751,-122.1918,-385.9170,245.5638,172.6430,13.8837,78.2472,6,1,0,0,0
Session_1,2026-01-26 16:31:59.918,19.759,-97.0659,-42.2800,-56.1641,22.3840,96.3288,94.5765,-122.2938,-387.9855,238.8288,172.5659,13.3912,78.2582,6,1,0,0,0
Session_1,2026-01-26 16:32:00.000,19.842,-97.0654,-43.4829,-56.1639,23.5313,96.3412,94.5765,-122.5633,-390.3084,232.7027,172.5582,13.3351,78.2599,6,1,0,0,0
Session_1,2026-01-26 16:32:00.074,19.915,-97.0652,-44.5221,-56.1639,24.2255,96.3611,94.5786,-122.7467,-391.9919,226.7780,172.5668,12.9894,78.2647,6,1,0,0,0
Session_1,2026-01-26 16:32:00.149,19.991,-97.0646,-45.8863,-56.1636,25.6895,96.5190,94.5683,-122.8596,-394.4883,220.0716,172.4038,13.0779,78.2756,6,1,0,0,0
Session_1,2026-01-26 16:32:00.219,20.061,-97.0620,-47.1425,-56.1638,26.4475,96.5163,94.5689,-123.0541,-396.1814,212.6482,172.4478,12.5814,78.2867,6,1,0,0,0
Session_1,2026-01-26 16:32:00.302,20.144,-97.0522,-48.7322,-56.1635,27.6608,96.8857,94.5744,-122.8062,-398.3679,203.7536,172.1105,12.1766,78.3016,6,1,0,0,0
Session_1,2026-01-26 16:32:00.384,20.225,-97.0255,-50.2904,-56.1625,29.0842,97.1823,94.5786,-122.5164,-400.5009,195.4359,171.8257,12.0193,78.3299,6,1,0,0,0
Session_1,2026-01-26 16:32:00.458,20.299,-96.9703,-51.4389,-56.1625,29.7558,97.5304,94.5772,-121.8432,-401.7223,188.5388,171.5192,11.5165,78.3987,6,1,0,0,0
Session_1,2026-01-26 16:32:00.532,20.374,-96.7949,-52.6759,-56.1624,31.0254,97.6410,94.5717,-120.6527,-403.5504,182.1226,171.4077,11.5413,78.5804,6,1,0,0,0
Session_1,2026-01-26 16:32:00.606,20.447,-96.3160,-53.8257,-56.1619,32.0238,97.6822,94.5779,-117.3447,-405.6232,175.7643,171.3779,11.3866,79.0561,6,1,0,0,0
Session_1,2026-01-26 16:32:00.672,20.513,-95.6089,-54.7496,-56.1610,32.7736,97.7872,94.5737,-112.2765,-407.7838,170.5506,171.2885,11.2064,79.7713,6,1,0,0,0
Session_1,2026-01-26 16:32:00.746,20.587,-94.6842,-55.7406,-56.1560,33.8914,97.6087,94.5765,-105.9742,-410.4935,165.5326,171.4547,11.3515,80.6890,6,1,0,0,0
Session_1,2026-01-26 16:32:00.819,20.660,-93.7807,-56.3562,-56.1523,33.9677,97.7502,94.5786,-99.3213,-412.1700,161.2333,171.3576,10.8061,81.6006,6,1,0,0,0
Session_1,2026-01-26 16:32:00.889,20.730,-93.2089,-56.7943,-56.1505,34.3364,97.7824,94.5717,-95.1793,-413.4105,158.7757,171.3323,10.7372,82.1807,6,1,0,0,0
Session_1,2026-01-26 16:32:00.968,20.810,-92.7245,-57.4345,-56.1505,34.3728,97.3917,94.5710,-92.1477,-414.1229,154.1142,171.7704,10.1662,82.6701,6,1,0,0,0
Session_1,2026-01-26 16:32:01.042,20.884,-92.6513,-57.7224,-56.1506,34.4518,97.3897,94.5758,-91.6211,-414.2470,152.1671,171.7886,9.9573,82.7414,6,1,0,0,0
Session_1,2026-01-26 16:32:01.109,20.950,-92.6515,-57.7219,-56.1504,34.8273,97.3341,94.5744,-91.7041,-414.5658,152.8983,171.8135,10.3370,82.7366,6,1,0,0,0
Session_1,2026-01-26 16:32:01.176,21.017,-92.6514,-57.7223,-56.1508,34.6619,97.3382,94.5737,-91.6920,-414.4247,152.5703,171.8231,10.1711,82.7398,6,1,0,0,0
Session_1,2026-01-26 16:32:01.246,21.087,-92.6513,-57.7224,-56.1508,34.8692,97.3567,94.5710,-91.6774,-414.6010,152.9787,171.7882,10.3766,82.7399,6,1,0,0,0
Session_1,2026-01-26 16:32:01.326,21.167,-92.6513,-57.7224,-56.1508,34.9640,97.2729,94.5813,-91.7821,-414.6785,153.1515,171.8619,10.4762,82.7271,6,1,0,0,0
Session_1,2026-01-26 16:32:01.392,21.233,-92.6514,-57.7222,-56.1507,35.1659,97.2242,94.5751,-91.8487,-414.8465,153.5419,171.8950,10.6824,82.7297,6,1,0,0,0
Session_1,2026-01-26 16:32:01.453,21.294,-92.6514,-57.7220,-56.1505,35.2414,97.0731,94.5792,-92.0335,-414.9059,153.6703,172.0382,10.7694,82.7227,6,1,0,0,0
Session_1,2026-01-26 16:32:01.524,21.366,-92.6514,-57.7220,-56.1504,35.2036,96.8671,94.5696,-92.2800,-414.8691,153.5672,172.2480,10.7495,82.7307,6,1,0,0,0
Session_1,2026-01-26 16:32:01.598,21.439,-92.6514,-57.7220,-56.1504,35.2785,96.9186,94.5696,-92.2210,-414.9328,153.7217,172.1907,10.8201,82.7301,6,1,0,0,0
Session_1,2026-01-26 16:32:01.688,21.529,-92.6514,-57.7219,-56.1504,35.5964,96.7655,94.6280,-92.4177,-415.1912,154.3263,172.3055,11.1413,82.6644,6,1,0,0,0
Session_1,2026-01-26 16:32:01.754,21.595,-92.6515,-57.7218,-56.1504,35.5504,96.0940,94.7145,-93.2264,-415.1342,154.1467,172.9604,11.1386,82.5704,6,1,0,0,0
Session_1,2026-01-26 16:32:01.815,21.657,-92.6515,-57.7220,-56.1505,35.7681,95.0867,91.5209,-94.4504,-415.2808,154.4580,174.5962,11.7565,85.8011,6,1,0,0,0
Session_1,2026-01-26 16:32:01.888,21.729,-92.6513,-57.7230,-56.1510,35.7035,94.4893,86.8160,-95.1683,-415.2060,154.2619,176.1827,12.0602,90.5946,6,1,0,0,0
Session_1,2026-01-26 16:32:01.967,21.809,-92.6512,-57.7244,-56.1511,35.8580,94.5044,81.4568,-95.1550,-415.3329,154.5582,177.3504,12.5167,96.0744,6,1,0,0,0
Session_1,2026-01-26 16:32:02.049,21.891,-92.6512,-57.7280,-56.1512,36.5886,94.0031,76.6523,-95.7883,-415.9010,155.9343,179.0892,13.2845,101.0365,6,1,0,0,0
Session_1,2026-01-26 16:32:02.132,21.973,-92.6512,-57.7278,-56.1510,37.6124,93.4909,73.4079,-96.4453,-416.6746,157.9369,-179.3437,14.1471,104.4428,6,1,0,0,0
Session_1,2026-01-26 16:32:02.214,22.055,-92.6511,-57.7285,-56.1513,37.3254,94.1858,72.5530,-95.5935,-416.4812,157.4117,-179.8824,14.0701,105.3040,6,1,0,0,0
Session_1,2026-01-26 16:32:02.296,22.137,-92.6509,-57.7291,-56.1517,37.2890,94.7509,72.5784,-94.9073,-416.4720,157.3852,179.5601,14.2038,105.2746,6,1,0,0,0
Session_1,2026-01-26 16:32:02.370,22.211,-92.6509,-57.7290,-56.1518,37.4613,94.7667,71.4084,-94.8941,-416.6041,157.7309,179.8996,14.3776,106.4960,6,1,0,0,0
Session_1,2026-01-26 16:32:02.444,22.285,-92.6508,-57.7302,-56.1525,37.1956,94.8409,69.6664,-94.7943,-416.4017,157.1959,-179.8220,14.1496,108.2702,6,1,0,0,0
Session_1,2026-01-26 16:32:02.505,22.346,-92.6505,-57.7301,-56.1525,37.1008,95.0208,69.7879,-94.5718,-416.3349,157.0258,179.9438,14.1236,108.1367,6,1,0,0,0
Session_1,2026-01-26 16:32:02.576,22.418,-92.6488,-57.7305,-56.1529,36.6511,95.1787,69.9417,-94.3521,-415.9910,156.1428,179.5933,13.7558,107.9402,6,1,0,0,0
Session_1,2026-01-26 16:32:02.651,22.492,-92.6346,-57.7325,-56.1532,36.5845,95.2398,69.9177,-94.1728,-415.9629,156.0012,179.5168,13.7125,107.9731,6,1,0,0,0
Session_1,2026-01-26 16:32:02.734,22.575,-92.6266,-57.8645,-56.1536,36.7307,95.0530,70.2267,-94.3449,-416.0629,155.3026,179.6223,13.6595,107.6647,6,1,0,0,0
Session_1,2026-01-26 16:32:02.816,22.657,-92.6265,-58.7470,-56.1534,37.3899,95.1402,71.1001,-94.2538,-416.3975,150.1494,179.2513,13.4699,106.7478,6,1,0,0,0
Session_1,2026-01-26 16:32:02.889,22.731,-92.6265,-60.1626,-56.1524,38.1006,95.1560,71.8334,-94.2389,-416.4934,141.1761,178.8303,12.7970,105.9414,6,1,0,0,0
Session_1,2026-01-26 16:32:02.964,22.806,-92.6266,-61.2098,-56.1517,39.1917,94.9178,72.2818,-94.5462,-416.8932,135.6193,178.9700,12.7573,105.4863,6,1,0,0,0
Session_1,2026-01-26 16:32:03.046,22.887,-92.6265,-61.3508,-56.1323,40.3548,95.0812,72.8826,-94.3893,-417.8018,136.9900,179.0000,13.7871,104.9436,6,1,0,0,0
Session_1,2026-01-26 16:32:03.121,22.962,-92.6168,-61.3504,-55.9972,39.7657,95.0819,73.4793,-94.3095,-417.6316,136.4262,178.7171,13.3421,104.3071,6,1,0,0,0
Session_1,2026-01-26 16:32:03.203,23.045,-92.6157,-61.3508,-55.9172,38.5778,95.8179,74.4097,-93.3763,-416.8521,134.5188,177.4740,12.4515,103.2755,6,1,0,0,0
Session_1,2026-01-26 16:32:03.268,23.109,-92.6133,-61.3507,-55.9158,39.3599,96.3027,75.4287,-92.8035,-417.5166,136.1285,176.9854,13.2838,102.2752,6,1,0,0,0
Session_1,2026-01-26 16:32:03.328,23.170,-92.6134,-61.3506,-55.9111,39.6284,96.2869,76.3866,-92.8331,-417.7417,136.6785,176.8429,13.4930,101.3083,6,1,0,0,0
Session_1,2026-01-26 16:32:03.392,23.234,-92.6133,-61.3507,-55.9097,39.2322,96.5815,76.8844,-92.4631,-417.4333,135.9400,176.3419,13.1477,100.7715,6,1,0,0,0
Session_1,2026-01-26 16:32:03.465,23.307,-92.6103,-61.3508,-55.9097,38.9534,97.0553,76.9249,-91.8603,-417.2224,135.4563,175.8033,12.9807,100.7105,6,1,0,0,0
Session_1,2026-01-26 16:32:03.549,23.390,-92.6102,-61.3507,-55.9095,39.2294,96.9777,76.8851,-91.9635,-417.4462,135.9908,175.9539,13.2348,100.7675,6,1,0,0,0
Session_1,2026-01-26 16:32:03.623,23.464,-92.6102,-61.3507,-55.9096,39.2912,96.7449,76.9304,-92.2455,-417.4905,136.0795,176.1855,13.2391,100.7282,6,1,0,0,0
Session_1,2026-01-26 16:32:03.688,23.529,-92.6102,-61.3506,-55.9096,39.8975,96.7387,77.0705,-92.2754,-417.9750,137.2795,176.3012,13.8188,100.6180,6,1,0,0,0
Session_1,2026-01-26 16:32:03.762,23.604,-92.6102,-61.3506,-55.9097,41.2640,96.5533,77.3142,-92.5467,-419.0166,139.9769,176.7408,15.0935,100.4494,6,1,0,0,0
Session_1,2026-01-26 16:32:03.828,23.670,-92.6103,-61.3505,-55.9098,42.7835,96.5080,77.4467,-92.6511,-420.1026,143.0281,177.1040,16.5569,100.4095,6,1,0,0,0
Session_1,2026-01-26 16:32:03.902,23.744,-92.6102,-61.3503,-55.9098,43.6006,96.0816,77.5394,-93.1901,-420.6463,144.6305,177.6856,17.2568,100.3731,6,1,0,0,0
Session_1,2026-01-26 16:32:03.976,23.818,-92.6101,-61.3504,-55.9098,43.4221,95.5920,77.8498,-93.7750,-420.5178,144.2096,178.0282,16.9668,100.0405,6,1,0,0,0
Session_1,2026-01-26 16:32:04.043,23.885,-92.6101,-61.3502,-55.9098,43.5031,95.6243,78.0263,-93.7384,-420.5726,144.3787,177.9611,17.0466,99.8613,6,1,0,0,0
Session_1,2026-01-26 16:32:04.118,23.959,-92.6100,-61.3504,-55.9098,43.2710,96.0775,78.1911,-93.1837,-420.4268,143.9604,177.4141,16.9063,99.6701,6,1,0,0,0
Session_1,2026-01-26 16:32:04.200,24.042,-92.5945,-61.3504,-55.9096,41.8373,95.4293,78.4698,-93.8072,-419.4362,140.9912,177.6573,15.3616,99.3146,6,1,0,0,0
Session_1,2026-01-26 16:32:04.273,24.114,-92.5516,-61.3511,-55.9095,41.8112,95.6744,78.3332,-93.1962,-419.4933,140.9619,177.4484,15.3906,99.4953,6,1,0,0,0
Session_1,2026-01-26 16:32:04.336,24.177,-92.4657,-61.3504,-55.8855,42.6627,95.8262,78.7370,-92.4120,-420.2875,142.8080,177.3721,16.2599,99.2116,6,1,0,0,0
Session_1,2026-01-26 16:32:04.405,24.247,-92.3303,-61.3509,-55.7985,41.2516,95.5433,79.1503,-91.7256,-419.6606,140.3234,177.2630,14.8881,98.8479,6,1,0,0,0
Session_1,2026-01-26 16:32:04.488,24.329,-92.1098,-61.3521,-55.7897,39.5309,96.2093,79.2307,-89.2584,-418.7133,137.0060,176.2470,13.3270,98.8955,6,1,0,0,0
Session_1,2026-01-26 16:32:04.555,24.396,-91.8830,-61.3516,-55.7810,40.5334,95.5460,79.4881,-88.4265,-419.8580,138.9610,177.0347,14.1832,98.9120,6,1,0,0,0
Session_1,2026-01-26 16:32:04.629,24.471,-91.6548,-61.3518,-55.6263,40.5162,94.4344,79.9592,-88.1065,-420.4968,139.5050,178.0381,14.0998,98.6699,6,1,0,0,0
Session_1,2026-01-26 16:32:04.702,24.544,-91.5020,-61.3519,-55.3587,40.1214,94.4350,80.0766,-86.9902,-420.9702,139.9172,177.9847,13.9706,98.6961,6,1,0,0,0
Session_1,2026-01-26 16:32:04.771,24.612,-91.3940,-61.3519,-54.9247,39.3187,93.9393,80.2874,-86.8020,-421.3840,140.2241,178.3559,13.5163,98.5743,6,1,0,0,0
Session_1,2026-01-26 16:32:04.843,24.684,-91.3735,-61.3517,-54.0593,37.2952,94.1398,80.5717,-86.4121,-421.5428,140.1214,177.8903,12.3993,98.2567,6,1,0,0,0
Session_1,2026-01-26 16:32:04.917,24.758,-91.3660,-61.3521,-52.9598,36.0111,94.8051,80.5689,-85.5794,-422.6989,142.6017,177.2019,12.3260,98.2554,6,1,0,0,0
Session_1,2026-01-26 16:32:04.999,24.840,-91.3614,-61.3523,-51.7620,35.4618,94.5957,80.6568,-85.8427,-424.5775,146.9242,177.4999,12.9271,98.1959,6,1,0,0,0
Session_1,2026-01-26 16:32:05.081,24.922,-91.3613,-61.3661,-50.9189,33.7514,94.5751,80.6623,-85.8716,-424.7707,147.2786,177.3694,12.0545,98.1582,6,1,0,0,0
Session_1,2026-01-26 16:32:05.161,25.003,-91.3611,-61.3771,-50.4499,32.6081,94.5779,80.6431,-85.8651,-424.6889,147.0878,177.2550,11.3801,98.1544,6,1,0,0,0
Session_1,2026-01-26 16:32:05.236,25.077,-91.3585,-61.4128,-50.3583,32.3664,94.3698,80.6245,-86.0959,-424.6448,146.7464,177.4330,11.1639,98.1715,6,1,0,0,0
Session_1,2026-01-26 16:32:05.302,25.143,-91.3569,-61.4802,-50.3589,31.8205,94.2908,80.5978,-86.1678,-424.1447,145.1702,177.4126,10.5468,98.1814,6,1,0,0,0
Session_1,2026-01-26 16:32:05.379,25.220,-91.3044,-61.9369,-50.3556,31.9757,94.2970,80.4179,-85.7712,-424.1962,142.0910,177.3887,10.2619,98.4074,6,1,0,0,0
Session_1,2026-01-26 16:32:05.463,25.305,-91.2196,-62.9546,-50.2684,32.7482,94.2071,80.4865,-85.2607,-424.7274,136.4040,177.4383,10.0881,98.4184,6,1,0,0,0
Session_1,2026-01-26 16:32:05.536,25.378,-91.1631,-63.4622,-49.8966,32.4220,94.1460,80.4323,-84.9196,-424.9955,133.6621,177.4294,9.6251,98.5169,6,1,0,0,0
Session_1,2026-01-26 16:32:05.619,25.460,-91.1021,-63.5248,-49.0163,32.2517,93.9949,80.2448,-84.6804,-426.6532,136.8211,177.7230,10.2457,98.7884,6,1,0,0,0
Session_1,2026-01-26 16:32:05.692,25.533,-91.0341,-63.5304,-48.0725,31.1991,93.6475,80.1075,-84.6104,-427.6404,138.9827,178.0702,10.0788,98.9945,6,1,0,0,0
Session_1,2026-01-26 16:32:05.767,25.608,-90.9953,-63.6433,-47.3860,30.7844,93.5939,79.8871,-84.4010,-428.5875,140.4460,178.1909,10.2331,99.2624,6,1,0,0,0
Session_1,2026-01-26 16:32:05.841,25.682,-90.9954,-64.1811,-46.8736,30.7480,93.4181,79.8328,-84.6265,-429.2851,138.6536,178.3627,10.1430,99.3164,6,1,0,0,0
Session_1,2026-01-26 16:32:05.913,25.755,-90.9949,-64.9610,-46.1813,30.1774,93.6502,79.7511,-84.3490,-429.7069,134.8446,178.0283,9.5391,99.3780,6,1,0,0,0
Session_1,2026-01-26 16:32:05.989,25.831,-90.9913,-65.1334,-45.4111,29.1357,93.6736,79.5822,-84.3011,-430.1352,135.0353,177.9514,9.1128,99.5393,6,1,0,0,0
Session_1,2026-01-26 16:32:06.054,25.896,-90.9899,-65.1335,-44.7565,28.5548,93.2767,79.4133,-84.7832,-430.8336,136.8630,178.3828,9.1182,99.7162,6,1,0,0,0
Session_1,2026-01-26 16:32:06.136,25.978,-90.9901,-65.1337,-44.1320,27.1973,92.8819,79.1826,-85.2613,-430.7210,137.0724,178.6673,8.3307,99.9301,6,1,0,0,0
Session_1,2026-01-26 16:32:06.218,26.060,-90.9900,-65.1356,-43.8650,26.3507,93.0872,78.9890,-85.0066,-430.4071,136.6694,178.3808,7.8037,100.1089,6,1,0,0,0
Session_1,2026-01-26 16:32:06.292,26.133,-90.9903,-65.1355,-43.8641,26.4832,93.0164,79.0480,-85.0966,-430.5365,136.9214,178.4680,7.9196,100.0529,6,1,0,0,0
Session_1,2026-01-26 16:32:06.358,26.200,-90.9903,-65.1356,-43.8643,26.0486,92.8688,79.1338,-85.2679,-430.1088,136.0843,178.5178,7.4624,99.9559,6,1,0,0,0
Session_1,2026-01-26 16:32:06.432,26.274,-90.9899,-65.1396,-43.8649,25.7156,92.9821,79.1297,-85.1219,-429.7776,135.4269,178.3424,7.1524,99.9517,6,1,0,0,0
Session_1,2026-01-26 16:32:06.568,26.410,-90.9898,-65.1435,-43.8649,25.8213,92.9883,79.0851,-85.1156,-429.8811,135.5989,178.3615,7.2549,99.9991,6,1,0,0,0
Session_1,2026-01-26 16:32:06.737,26.579,-90.9897,-65.1761,-43.8654,25.6036,92.9560,79.1153,-85.1499,-429.6457,134.9369,178.3413,7.0017,99.9630,6,1,0,0,0
Session_1,2026-01-26 16:32:06.802,26.643,-90.9899,-65.1996,-43.8654,25.6393,92.9251,79.1057,-85.1894,-429.6681,134.8259,178.3752,7.0081,99.9729,6,1,0,0,0
Session_1,2026-01-26 16:32:06.877,26.718,-90.9901,-65.3547,-43.8657,25.7259,92.9498,79.1249,-85.1604,-429.6710,133.8226,178.3354,6.9446,99.9517,6,1,0,0,0
Session_1,2026-01-26 16:32:06.960,26.801,-90.9904,-65.9472,-43.8645,26.1873,93.0686,79.1304,-85.0209,-429.7956,130.2475,178.1931,6.8393,99.9422,6,1,0,0,0
Session_1,2026-01-26 16:32:07.025,26.867,-90.9902,-66.3987,-43.8631,26.2374,93.1277,79.1908,-84.9445,-429.5619,126.9553,178.0519,6.4557,99.8723,6,1,0,0,0
Session_1,2026-01-26 16:32:07.099,26.941,-90.9890,-66.5684,-43.8634,26.3514,93.3007,79.1627,-84.7256,-429.5672,125.9034,177.8744,6.4341,99.8995,6,1,0,0,0
Session_1,2026-01-26 16:32:07.170,27.012,-90.9895,-66.5684,-43.8635,26.4743,93.1750,79.1174,-84.8841,-429.6899,126.1255,178.0264,6.5327,99.9481,6,1,0,0,0
Session_1,2026-01-26 16:32:07.239,27.080,-90.9895,-66.5688,-43.8636,26.5931,93.2252,78.8976,-84.8254,-429.8108,126.3487,178.0254,6.6659,100.1714,6,1,0,0,0
Session_1,2026-01-26 16:32:07.312,27.153,-90.9896,-66.5717,-43.8642,26.5794,93.2973,78.8654,-84.7385,-429.7946,126.3033,177.9550,6.6640,100.2029,6,1,0,0,0
Session_1,2026-01-26 16:32:07.371,27.213,-90.9895,-66.5726,-43.8642,26.7723,93.3398,78.9155,-84.6895,-429.9900,126.6632,177.9447,6.8588,100.1567,6,1,0,0,0
Session_1,2026-01-26 16:32:07.454,27.296,-90.9894,-66.5738,-43.8642,26.9247,93.3666,79.0295,-84.6591,-430.1432,126.9441,177.9339,7.0083,100.0454,6,1,0,0,0
Session_1,2026-01-26 16:32:07.529,27.370,-90.9896,-66.5794,-43.8645,26.8753,93.3103,79.1640,-84.7274,-430.0880,126.8023,177.9621,6.9384,99.9088,6,1,0,0,0
Session_1,2026-01-26 16:32:07.604,27.445,-90.9894,-66.5985,-43.8646,26.8307,93.3659,79.3165,-84.6580,-430.0311,126.5784,177.8770,6.8807,99.7537,6,1,0,0,0
Session_1,2026-01-26 16:32:07.676,27.518,-90.9893,-66.6046,-43.8647,26.5100,93.4270,79.2794,-84.5772,-429.7029,125.9324,177.7598,6.5723,99.7835,6,1,0,0,0
Session_1,2026-01-26 16:32:07.744,27.585,-90.9889,-66.6047,-43.8645,26.3933,93.3961,79.1668,-84.6097,-429.5844,125.7113,177.7810,6.4564,99.8949,6,1,0,0,0
Session_1,2026-01-26 16:32:07.817,27.658,-90.9882,-66.6048,-43.8643,26.4201,93.3192,79.0116,-84.6980,-429.6119,125.7560,177.8793,6.4740,100.0528,6,1,0,0,0
Session_1,2026-01-26 16:32:07.900,27.741,-90.9882,-66.6059,-43.8644,26.4578,93.2774,79.0885,-84.7494,-429.6491,125.8157,177.9187,6.4992,99.9765,6,1,0,0,0
Session_1,2026-01-26 16:32:07.980,27.821,-90.9881,-66.6059,-43.8643,26.5086,92.8098,79.1579,-85.3160,-429.6945,125.8815,178.3801,6.4587,99.9108,6,1,0,0,0
Session_1,2026-01-26 16:32:08.055,27.896,-90.9883,-66.6057,-43.8642,26.6343,92.1602,79.4099,-86.1065,-429.8126,126.0859,179.0138,6.4560,99.6626,6,1,0,0,0
Session_1,2026-01-26 16:32:08.116,27.957,-90.9883,-66.6057,-43.8642,26.6556,92.2687,79.4504,-85.9754,-429.8358,126.1305,178.9065,6.4960,99.6219,6,1,0,0,0
Session_1,2026-01-26 16:32:08.185,28.027,-90.9883,-66.6057,-43.8642,26.6535,92.8352,79.3920,-85.2888,-429.8423,126.1575,178.3556,6.5994,99.6781,6,1,0,0,0
Session_1,2026-01-26 16:32:08.255,28.096,-90.9883,-66.6058,-43.8645,26.7043,93.0075,79.7264,-85.0809,-429.8958,126.2620,178.1564,6.6701,99.3417,6,1,0,0,0
Session_1,2026-01-26 16:32:08.338,28.179,-90.9885,-66.6058,-43.8645,26.7991,93.0281,79.6756,-85.0591,-429.9915,126.4418,178.1593,6.7686,99.3945,6,1,0,0,0
Session_1,2026-01-26 16:32:08.404,28.246,-90.9882,-66.6058,-43.8645,26.8320,93.6227,80.8244,-84.3380,-430.0328,126.5455,177.4412,6.8576,98.2355,6,1,0,0,0
Session_1,2026-01-26 16:32:08.472,28.313,-90.9884,-66.6057,-43.8646,26.7256,93.5136,79.7230,-84.4695,-429.9237,126.3366,177.6623,6.7813,99.3421,6,1,0,0,0
Session_1,2026-01-26 16:32:08.543,28.385,-90.9883,-66.6057,-43.8644,26.9831,93.1984,78.3820,-84.8550,-430.1793,126.8007,178.1838,7.0230,100.7003,6,1,0,0,0
Session_1,2026-01-26 16:32:08.609,28.451,-90.9880,-66.6060,-43.8646,26.9687,93.2169,77.9356,-84.8297,-430.1650,126.7721,178.2176,7.0262,101.1496,6,1,0,0,0
Session_1,2026-01-26 16:32:08.699,28.540,-90.9877,-66.6059,-43.8646,27.0168,93.1277,77.6878,-84.9363,-430.2126,126.8573,178.3458,7.0619,101.4014,6,1,0,0,0
Session_1,2026-01-26 16:32:08.781,28.623,-90.9877,-66.6058,-43.8643,27.1177,93.0755,77.8271,-85.0013,-430.3135,127.0467,178.4012,7.1458,101.2640,6,1,0,0,0
Session_1,2026-01-26 16:32:08.864,28.706,-90.9868,-66.6054,-43.8631,27.4033,92.7782,77.9274,-85.3599,-430.5975,127.5782,178.7406,7.3617,101.1731,6,1,0,0,0
Session_1,2026-01-26 16:32:08.947,28.788,-90.9854,-66.6053,-43.8625,27.3010,92.8949,78.0084,-85.2062,-430.5009,127.3942,178.5945,7.2848,101.0896,6,1,0,0,0
Session_1,2026-01-26 16:32:09.012,28.853,-90.9843,-66.6053,-43.8625,27.0545,93.0975,77.9301,-84.9486,-430.2595,126.9406,178.3539,7.0880,101.1618,6,1,0,0,0
Session_1,2026-01-26 16:32:09.103,28.945,-90.9829,-66.6053,-43.8613,27.3024,93.0652,77.5491,-84.9811,-430.5107,127.4135,178.4874,7.3351,101.5542,6,1,0,0,0
Session_1,2026-01-26 16:32:09.176,29.018,-90.9785,-66.6051,-43.8441,27.2234,93.0151,76.3179,-85.0084,-430.4720,127.3396,178.6801,7.2942,102.7979,6,1,0,0,0
Session_1,2026-01-26 16:32:09.260,29.101,-90.9553,-66.6051,-43.8275,27.1623,93.0508,75.7507,-84.7897,-430.4790,127.3012,178.7070,7.2726,103.3913,6,1,0,0,0
Session_1,2026-01-26 16:32:09.325,29.166,-90.9253,-66.6051,-43.7385,27.0861,92.9176,75.8393,-84.7275,-430.6209,127.5501,178.8281,7.2504,103.3331,6,1,0,0,0
Session_1,2026-01-26 16:32:09.392,29.234,-90.9139,-66.6051,-43.4293,26.7476,92.8400,76.0982,-84.7399,-430.9055,128.3004,178.8634,7.1980,103.0831,6,1,0,0,0
Session_1,2026-01-26 16:32:09.467,29.308,-90.8960,-66.6052,-42.6382,25.6476,92.9011,76.2087,-84.5384,-431.3654,129.7999,178.7154,6.9103,102.9800,6,1,0,0,0
Session_1,2026-01-26 16:32:09.529,29.370,-90.8899,-66.6055,-41.7657,24.6080,93.0309,76.1696,-84.3451,-431.9923,131.7969,178.5535,6.7797,103.0199,6,1,0,0,0
Session_1,2026-01-26 16:32:09.607,29.449,-90.8841,-66.6630,-41.0248,23.8637,93.0508,76.1854,-84.2866,-432.6053,133.3245,178.5175,6.7250,103.0080,6,1,0,0,0
Session_1,2026-01-26 16:32:09.681,29.522,-90.8812,-66.7458,-40.8915,23.7785,92.9560,76.2396,-84.3812,-432.7240,133.1366,178.5949,6.6674,102.9559,6,1,0,0,0
Session_1,2026-01-26 16:32:09.763,29.604,-90.8766,-66.7975,-40.8927,23.5204,93.1071,76.4333,-84.1585,-432.4375,132.2639,178.3515,6.3957,102.7563,6,1,0,0,0
Session_1,2026-01-26 16:32:09.835,29.677,-90.8676,-66.9581,-40.8926,23.3899,93.0597,76.5397,-84.1443,-432.2215,130.8012,178.3172,6.0986,102.6512,6,1,0,0,0
Session_1,2026-01-26 16:32:09.910,29.752,-90.8660,-67.1021,-40.8921,23.9014,92.9773,76.4841,-84.2392,-432.6639,130.6680,178.4903,6.4389,102.7186,6,1,0,0,0
Session_1,2026-01-26 16:32:09.976,29.817,-90.8641,-67.1165,-40.8923,23.7792,92.9903,76.4820,-84.2069,-432.5322,130.3290,178.4455,6.3089,102.7189,6,1,0,0,0
Session_1,2026-01-26 16:32:10.036,29.878,-90.8492,-67.1819,-40.8921,23.8053,93.0975,76.5314,-83.9644,-432.5425,129.8906,178.3266,6.2945,102.6824,6,1,0,0,0
Session_1,2026-01-26 16:32:10.107,29.948,-90.8087,-67.5221,-40.8915,24.2386,93.2059,76.6420,-83.5306,-432.8344,128.1377,178.2306,6.4075,102.6134,6,1,0,0,0
Session_1,2026-01-26 16:32:10.181,30.022,-90.7909,-68.0738,-40.8877,24.8106,93.2822,76.7471,-83.3069,-433.0833,125.0537,178.1502,6.4451,102.5256,6,1,0,0,0
Session_1,2026-01-26 16:32:10.263,30.105,-90.7813,-68.1747,-40.7598,25.0303,93.1428,76.9256,-83.4087,-433.4962,125.2701,178.3224,6.6480,102.3630,6,1,0,0,0
Session_1,2026-01-26 16:32:10.338,30.179,-90.7541,-68.1749,-40.4845,24.5139,93.1194,76.8439,-83.2308,-433.5370,125.5421,178.2991,6.4103,102.4664,6,1,0,0,0
Session_1,2026-01-26 16:32:10.405,30.247,-90.7310,-68.1768,-40.2265,24.0999,92.9938,76.6681,-83.2092,-433.6367,125.9102,178.4044,6.2329,102.6630,6,1,0,0,0
Session_1,2026-01-26 16:32:10.488,30.329,-90.7276,-68.2152,-40.1750,24.0250,92.9862,76.4779,-83.1925,-433.6366,125.7110,178.4179,6.1763,102.8562,6,1,0,0,0
Session_1,2026-01-26 16:32:10.563,30.404,-90.7097,-68.2916,-40.1750,24.1342,92.7864,76.4957,-83.3003,-433.7204,125.3234,178.6181,6.1610,102.8581,6,1,0,0,0
Session_1,2026-01-26 16:32:10.637,30.479,-90.6949,-68.2921,-40.1753,24.2901,92.1966,76.3866,-83.9045,-433.8959,125.5799,179.2404,6.1755,102.9893,6,1,0,0,0
Session_1,2026-01-26 16:32:10.718,30.560,-90.6953,-68.2922,-40.1756,24.5078,91.6349,76.5974,-84.5910,-434.1116,125.9637,179.8150,6.2538,102.7835,6,1,0,0,0
Session_1,2026-01-26 16:32:10.786,30.627,-90.6952,-68.2931,-40.1765,24.5002,91.7358,76.6846,-84.4682,-434.1027,125.9422,179.7050,6.2676,102.6955,6,1,0,0,0
Session_1,2026-01-26 16:32:10.857,30.698,-90.6950,-68.2938,-40.1771,24.4604,91.7159,77.0073,-84.4905,-434.0604,125.8584,179.6796,6.2213,102.3700,6,1,0,0,0
Session_1,2026-01-26 16:32:10.921,30.762,-90.6950,-68.2937,-40.1771,24.4878,91.5800,77.2133,-84.6553,-434.0871,125.9062,179.7959,6.2169,102.1637,6,1,0,0,0
Session_1,2026-01-26 16:32:10.985,30.827,-90.6949,-68.2936,-40.1771,24.4549,91.4626,77.5642,-84.7968,-434.0524,125.8416,179.8652,6.1582,101.8101,6,1,0,0,0
Session_1,2026-01-26 16:32:11.056,30.898,-90.6948,-68.2936,-40.1771,24.3230,91.8766,77.9988,-84.2919,-433.9222,125.6087,179.3856,6.1142,101.3695,6,1,0,0,0
Session_1,2026-01-26 16:32:11.130,30.971,-90.6734,-68.2936,-40.1771,24.1837,92.1018,78.2076,-83.8554,-433.8125,125.3565,179.1139,6.0215,101.1773,6,1,0,0,0
Session_1,2026-01-26 16:32:11.212,31.053,-90.6704,-68.2935,-40.1770,24.0553,92.2302,78.2158,-83.6755,-433.6857,125.1229,178.9608,5.9221,101.1688,6,1,0,0,0
Session_1,2026-01-26 16:32:11.285,31.126,-90.6583,-68.2937,-40.1772,24.0333,92.4177,77.9631,-83.3566,-433.6819,125.0888,178.7990,5.9439,101.4337,6,1,0,0,0
Session_1,2026-01-26 16:32:11.359,31.200,-90.6567,-68.2936,-40.1771,23.9461,92.5612,77.9906,-83.1697,-433.5952,124.9339,178.6373,5.8880,101.4051,6,1,0,0,0
Session_1,2026-01-26 16:32:11.434,31.275,-90.6456,-68.2936,-40.1771,23.9474,92.5838,78.0112,-83.0577,-433.6131,124.9380,178.6133,5.8936,101.3955,6,1,0,0,0
Session_1,2026-01-26 16:32:11.508,31.350,-90.6380,-68.2934,-40.1770,23.9502,92.3161,78.0187,-83.3248,-433.6250,124.9312,178.8753,5.8409,101.3968,6,0,0,0,0
Session_1,2026-01-26 16:32:11.573,31.414,-90.6334,-68.2934,-40.1769,23.9852,92.1897,78.0091,-83.4438,-433.6669,124.9907,179.0073,5.8491,101.4122,6,0,0,0,0
Session_1,2026-01-26 16:32:11.640,31.481,-90.6318,-68.2934,-40.1769,24.0154,92.3229,78.0167,-83.2706,-433.7018,125.0541,178.8825,5.9062,101.4064,6,0,0,0,0
Session_1,2026-01-26 16:32:11.706,31.547,-90.6311,-68.2934,-40.1769,24.0848,92.3806,77.9178,-83.1962,-433.7750,125.1867,178.8509,5.9880,101.5077,6,0,0,0,0
Session_1,2026-01-26 16:32:11.788,31.629,-90.6310,-68.2930,-40.1766,24.3690,92.4266,77.9377,-83.1427,-434.0690,125.7265,178.8640,6.2758,101.4941,6,0,0,0,0
Session_1,2026-01-26 16:32:11.862,31.704,-90.6309,-68.2927,-40.1763,24.4240,92.4616,77.9295,-83.1003,-434.1263,125.8349,178.8424,6.3375,101.5036,6,0,0,0,0
Session_1,2026-01-26 16:32:11.952,31.793,-90.6310,-68.2921,-40.1760,24.5174,92.4225,77.9384,-83.1496,-434.2223,126.0146,178.8996,6.4214,101.4969,6,0,0,0,0
Session_1,2026-01-26 16:32:12.018,31.859,-90.6311,-68.2921,-40.1759,24.4933,92.3792,77.9610,-83.2023,-434.1974,125.9674,178.9344,6.3885,101.4736,6,0,0,0,0
Session_1,2026-01-26 16:32:12.101,31.942,-90.6312,-68.2915,-40.1758,24.5661,92.4500,77.9315,-83.1179,-434.2727,126.1132,178.8840,6.4757,101.5047,6,0,0,0,0
Session_1,2026-01-26 16:32:12.162,32.003,-90.6311,-68.2900,-40.1754,24.5901,92.5049,77.8127,-83.0515,-434.2994,126.1744,178.8493,6.5150,101.6247,6,0,0,0,0
Session_1,2026-01-26 16:32:12.240,32.082,-90.6314,-68.2702,-40.1743,24.6883,92.5948,77.7750,-82.9460,-434.4149,126.5200,178.7912,6.6512,101.6649,6,0,0,0,0
Session_1,2026-01-26 16:32:12.305,32.147,-90.6317,-68.2667,-40.1739,24.7604,92.5893,77.8230,-82.9558,-434.4903,126.6832,178.8072,6.7232,101.6181,6,0,0,0,0
Session_1,2026-01-26 16:32:12.369,32.211,-90.6322,-68.2540,-40.1733,24.7920,92.5859,77.8793,-82.9642,-434.5311,126.8418,178.8135,6.7651,101.5621,6,0,0,0,0
Session_1,2026-01-26 16:32:12.452,32.294,-90.6326,-68.2252,-40.1727,24.8449,92.5845,77.8491,-82.9692,-434.6042,127.1633,178.8360,6.8459,101.5943,6,0,0,0,0
Session_1,2026-01-26 16:32:12.535,32.376,-90.6331,-68.1204,-40.1724,24.7666,92.5172,77.8326,-83.0544,-434.5939,127.8101,178.9095,6.8583,101.6113,6,0,0,0,0
Session_1,2026-01-26 16:32:12.601,32.442,-90.6330,-67.9491,-40.1724,24.4810,92.4362,77.8320,-83.1504,-434.4162,128.5682,178.9644,6.7295,101.6095,6,0,0,0,0
Session_1,2026-01-26 16:32:12.674,32.516,-90.6333,-67.7073,-40.1725,24.0360,92.4815,77.7413,-83.0942,-434.1181,129.5687,178.8871,6.5422,101.6952,6,0,0,0,0
Session_1,2026-01-26 16:32:12.741,32.582,-90.6346,-67.6154,-40.1724,24.2097,92.3051,77.7173,-83.3205,-434.3469,130.5851,179.1196,6.7646,101.7254,6,0,0,0,0
Session_1,2026-01-26 16:32:12.803,32.644,-90.6423,-67.6118,-40.1724,24.2612,92.2666,77.7317,-83.4257,-434.3895,130.7079,179.1673,6.8101,101.7048,6,0,0,0,0
Session_1,2026-01-26 16:32:12.871,32.713,-90.6423,-67.6062,-40.1723,24.2393,92.3188,77.7784,-83.3624,-434.3713,130.7117,179.1072,6.8045,101.6571,6,0,0,0,0
Session_1,2026-01-26 16:32:12.936,32.778,-90.6423,-67.5466,-40.1723,24.2228,92.3161,77.7722,-83.3659,-434.3905,131.1340,179.1199,6.8463,101.6645,6,0,0,0,0
Session_1,2026-01-26 16:32:13.011,32.852,-90.6423,-67.4596,-40.1720,24.2791,92.3325,77.7715,-83.3474,-434.4986,131.9033,179.1347,6.9900,101.6688,6,0,0,0,0
Session_1,2026-01-26 16:32:13.091,32.932,-90.6425,-67.2166,-40.1720,24.1157,92.3325,77.7036,-83.3490,-434.4731,133.4407,179.1602,7.0688,101.7391,6,0,0,0,0
Session_1,2026-01-26 16:32:13.157,32.998,-90.6426,-66.8592,-40.1720,24.0017,92.3140,77.6939,-83.3726,-434.5499,135.9395,179.2322,7.3027,101.7554,6,0,0,0,0
Session_1,2026-01-26 16:32:13.248,33.089,-90.6426,-65.9301,-40.1721,23.4441,92.3367,77.7853,-83.3438,-434.4277,141.9412,179.2782,7.6691,101.6737,6,0,0,0,0
Session_1,2026-01-26 16:32:13.331,33.172,-90.6429,-65.1721,-40.1721,23.1111,92.2824,77.8910,-83.4115,-434.3778,147.0631,179.4079,8.0718,101.5793,6,0,0,0,0
Session_1,2026-01-26 16:32:13.413,33.255,-90.6444,-64.1983,-40.1721,22.7946,92.3936,77.9858,-83.2873,-434.3257,153.8603,179.4253,8.7366,101.5022,6,0,0,0,0
Session_1,2026-01-26 16:32:13.487,33.328,-90.6443,-62.8599,-40.1719,22.6572,92.7191,78.2563,-82.8928,-434.3503,163.7805,179.3158,9.9754,101.2686,6,0,0,0,0
Session_1,2026-01-26 16:32:13.568,33.409,-90.6442,-61.1063,-40.1717,22.6092,93.0789,78.3263,-82.4535,-434.1505,177.0288,179.3083,11.7167,101.2640,6,0,0,0,0
Session_1,2026-01-26 16:32:13.636,33.477,-90.6443,-59.3664,-40.1713,22.5652,92.9663,78.3600,-82.5837,-433.5570,190.1397,179.7704,13.3534,101.3076,6,0,0,0,0
Session_1,2026-01-26 16:32:13.708,33.550,-90.6443,-57.2706,-40.1709,22.6003,92.9642,78.3909,-82.5730,-432.3796,206.0839,-179.7783,15.4376,101.3894,6,0,0,0,0
Session_1,2026-01-26 16:32:13.781,33.623,-90.6444,-54.8692,-40.1708,22.4224,92.9230,78.5866,-82.5989,-430.1750,223.8367,-179.3138,17.6060,101.3222,6,0,0,0,0
Session_1,2026-01-26 16:32:13.864,33.706,-90.6445,-52.2643,-40.1707,22.4883,92.8990,78.7500,-82.5943,-427.1002,243.5030,-178.7605,20.2168,101.3392,6,0,0,0,0
Session_1,2026-01-26 16:32:13.946,33.788,-90.6516,-49.4745,-40.1706,23.0926,92.2584,79.8363,-83.3774,-423.0312,265.4778,-177.8366,23.4559,100.4300,6,0,0,0,0
Session_1,2026-01-26 16:32:14.019,33.861,-90.6546,-46.8553,-40.1698,23.5142,92.5131,80.3691,-83.0350,-418.1289,285.6546,-177.6990,26.5069,100.1099,6,0,0,0,0
Session_1,2026-01-26 16:32:14.086,33.927,-90.6542,-44.6098,-40.1699,23.5471,92.7988,80.3973,-82.6282,-413.0919,302.0649,-177.5097,28.7934,100.3058,6,0,0,0,0
Session_1,2026-01-26 16:32:14.166,34.008,-90.6544,-41.8180,-40.1692,23.7229,92.8194,80.4014,-82.5235,-405.9525,322.4473,-176.8694,31.7095,100.6351,6,0,0,0,0
Session_1,2026-01-26 16:32:14.234,34.076,-90.6542,-39.4467,-40.1695,23.7682,93.0377,80.3979,-82.1791,-399.0948,339.2538,-176.5098,34.1139,100.9523,6,0,0,0,0
Session_1,2026-01-26 16:32:14.302,34.144,-90.6546,-37.1592,-40.1692,24.2324,93.0322,80.3959,-82.1027,-392.2411,355.1049,-175.8596,36.8066,101.3555,6,0,0,0,0
Session_1,2026-01-26 16:32:14.380,34.222,-90.6548,-34.4076,-40.1688,24.5901,92.9526,80.3966,-82.0920,-382.1063,375.4658,-174.8922,39.8322,101.8756,6,0,0,0,0
Session_1,2026-01-26 16:32:14.465,34.306,-90.6564,-31.5467,-40.1692,24.6204,92.7576,80.4028,-82.2134,-371.1289,394.3744,-173.8564,42.6194,102.4230,6,0,0,0,0
Session_1,2026-01-26 16:32:14.540,34.382,-90.6568,-28.6577,-40.1658,24.8751,92.7150,80.3966,-82.1287,-358.9937,413.3834,-172.7901,45.6727,103.1401,6,0,0,0,0
Session_1,2026-01-26 16:32:14.615,34.456,-90.6569,-25.6330,-40.1510,24.7941,92.6312,80.3986,-82.0749,-345.4184,431.9266,-171.6469,48.5276,103.9146,6,0,0,0,0
Session_1,2026-01-26 16:32:14.690,34.531,-90.6568,-22.4102,-40.1396,24.5627,92.5893,80.4014,-81.9483,-330.0058,450.5536,-170.3992,51.4213,104.8363,6,0,0,0,0
Session_1,2026-01-26 16:32:14.763,34.605,-90.6571,-19.1838,-40.1284,24.3848,92.6511,80.4082,-81.6865,-313.5294,468.4216,-169.0646,54.3734,105.9464,6,0,0,0,0
Session_1,2026-01-26 16:32:14.834,34.675,-90.6571,-16.0732,-40.1219,24.0971,92.7383,80.3959,-81.3894,-296.8408,484.5037,-167.6401,57.0876,107.2035,6,0,0,0,0
Session_1,2026-01-26 16:32:14.911,34.752,-90.6569,-12.3800,-40.1195,23.9014,92.8798,80.3973,-80.9759,-275.8347,502.6611,-165.5990,60.4248,109.0710,6,0,0,0,0
Session_1,2026-01-26 16:32:14.984,34.826,-90.6565,-8.9778,-40.1179,23.4949,92.9663,80.3986,-80.6392,-255.7499,517.7463,-163.4330,63.2430,111.0580,6,0,0,0,0
Session_1,2026-01-26 16:32:15.060,34.901,-90.6564,-5.8991,-40.1173,23.1722,92.8084,80.4089,-80.6132,-236.8254,530.4404,-160.8318,65.7626,113.2584,6,0,0,0,0
Session_1,2026-01-26 16:32:15.120,34.962,-90.6564,-2.9535,-40.1125,23.0507,92.7047,80.4000,-80.5218,-217.8834,541.9782,-157.6209,68.3006,116.1222,6,0,0,0,0
Session_1,2026-01-26 16:32:15.195,35.037,-90.6564,-0.6864,-40.1092,23.0466,92.3813,80.4076,-80.7411,-202.8149,550.3375,-154.3564,70.2532,118.8675,6,0,0,0,0
Session_1,2026-01-26 16:32:15.269,35.110,-90.6563,1.8408,-40.1031,23.1770,91.8773,80.4048,-81.1527,-185.4480,559.1734,-149.6121,72.4498,122.8812,6,0,0,0,0
Session_1,2026-01-26 16:32:15.339,35.180,-90.6563,4.2519,-40.1018,23.0795,91.5951,80.4034,-81.3048,-168.8530,566.5137,-144.6875,74.2895,127.3270,6,0,0,0,0
Session_1,2026-01-26 16:32:15.412,35.253,-90.6563,6.3406,-40.1018,22.7808,91.3431,80.4041,-81.4468,-154.5679,571.9786,-140.0949,75.6272,131.5159,6,0,0,0,0
Session_1,2026-01-26 16:32:15.476,35.318,-90.6562,7.8672,-40.1018,22.5481,91.4090,80.4021,-81.2459,-144.0339,575.6300,-136.3831,76.5650,135.1844,6,0,0,0,0
Session_1,2026-01-26 16:32:15.554,35.396,-90.6561,9.4428,-40.1018,22.5179,91.3857,80.4007,-81.1448,-132.7422,579.4168,-131.2026,77.5894,140.2113,6,0,0,0,0
Session_1,2026-01-26 16:32:15.622,35.463,-90.6561,10.4935,-40.1015,22.3901,90.8336,80.4055,-81.7295,-125.3330,581.6156,-127.5292,78.0984,143.2547,6,0,0,0,0
Session_1,2026-01-26 16:32:15.686,35.528,-90.6561,11.4230,-40.1016,22.0207,90.3550,80.4021,-82.2392,-119.1574,583.0897,-125.1100,78.3708,145.1484,6,0,0,0,0
Session_1,2026-01-26 16:32:15.762,35.604,-90.6561,12.3088,-40.1015,21.7358,90.3323,80.4055,-82.1980,-113.1471,584.5006,-122.5764,78.6985,147.6085,6,0,0,0,0
Session_1,2026-01-26 16:32:15.837,35.679,-90.6562,13.1542,-40.1016,21.4508,89.8654,80.4062,-82.6987,-107.4110,585.7471,-119.9684,78.9448,149.7025,6,0,0,0,0
Session_1,2026-01-26 16:32:15.911,35.753,-90.6562,14.0177,-40.1014,21.3389,89.8359,80.4069,-82.6640,-101.2456,587.1812,-116.4440,79.2953,153.1340,6,0,0,0,0
Session_1,2026-01-26 16:32:15.987,35.829,-90.6562,14.7454,-40.1015,21.0594,89.9567,80.4062,-82.4613,-96.3475,588.0708,-114.2590,79.4932,155.4023,6,0,0,0,0
Session_1,2026-01-26 16:32:16.068,35.909,-90.6562,15.2593,-40.1014,21.1171,90.1112,80.4034,-82.2292,-92.4557,589.0031,-111.3468,79.7189,158.4211,6,0,0,0,0
Session_1,2026-01-26 16:32:16.150,35.991,-90.6562,15.5907,-40.1014,21.1810,90.1511,80.4028,-82.1517,-89.8956,589.6202,-109.2535,79.8550,160.5209,6,0,0,0,0
Session_1,2026-01-26 16:32:16.233,36.074,-90.6562,15.6252,-40.1009,21.2592,90.0797,80.4055,-82.2339,-89.5046,589.7787,-108.6403,79.8897,161.0531,6,0,0,0,0
Session_1,2026-01-26 16:32:16.302,36.144,-90.6562,15.6250,-40.1010,21.2482,90.1579,80.4069,-82.1392,-89.5260,589.7637,-108.7117,79.8917,161.0609,6,0,0,0,0
Session_1,2026-01-26 16:32:16.365,36.206,-90.6562,15.6250,-40.1010,21.3952,90.2252,80.4069,-82.0547,-89.2777,589.9560,-107.9193,79.9403,161.9083,6,0,0,0,0
Session_1,2026-01-26 16:32:16.436,36.278,-90.6563,15.6249,-40.1011,21.5195,90.2115,80.4041,-82.0690,-89.0681,590.1176,-107.2335,79.9735,162.5699,6,0,0,0,0
Session_1,2026-01-26 16:32:16.515,36.357,-90.6563,15.6249,-40.1011,21.7248,90.1792,80.4048,-82.1042,-88.7187,590.3843,-106.0967,80.0300,163.6573,6,0,0,0,0
Session_1,2026-01-26 16:32:16.586,36.427,-90.6563,15.6249,-40.1011,21.9843,90.1614,80.4055,-82.1208,-88.2756,590.7198,-104.6432,80.0969,165.0710,6,0,0,0,0
Session_1,2026-01-26 16:32:16.651,36.493,-90.6563,15.6249,-40.1011,21.9122,90.1545,80.4034,-82.1306,-88.3987,590.6269,-105.0452,80.0766,164.6682,6,0,0,0,0
Session_1,2026-01-26 16:32:16.718,36.559,-90.6563,15.6249,-40.1012,21.8209,90.2012,80.4055,-82.0757,-88.5555,590.5087,-105.5637,80.0571,164.2041,6,0,0,0,0
Session_1,2026-01-26 16:32:16.800,36.641,-90.6563,15.6249,-40.1011,21.6740,90.2245,80.4028,-82.0502,-88.8060,590.3184,-106.3794,80.0162,163.4241,6,0,0,0,0
Session_1,2026-01-26 16:32:16.874,36.715,-90.6562,15.6244,-40.1014,21.4707,90.2547,80.4048,-82.0175,-89.1563,590.0526,-107.5106,79.9619,162.3403,6,0,0,0,0
Session_1,2026-01-26 16:32:16.939,36.781,-90.6562,15.6243,-40.1014,21.2908,90.2547,80.4055,-82.0210,-89.4619,589.8174,-108.4942,79.9084,161.3718,6,0,0,0,0
Session_1,2026-01-26 16:32:17.012,36.854,-90.6561,15.6229,-40.1017,20.5692,90.1051,80.4721,-82.2164,-90.6874,588.8620,-112.4495,79.7147,157.3254,6,0,0,0,0
Session_1,2026-01-26 16:32:17.095,36.937,-90.6552,15.5931,-40.1042,17.4738,90.4285,80.5648,-81.8833,-95.9936,584.5493,-127.1336,78.2908,143.2211,6,0,0,0,0
Session_1,2026-01-26 16:32:17.168,37.010,-90.6545,15.2212,-40.1158,13.8963,92.1039,80.5669,-79.9449,-104.2707,578.5979,-141.0743,75.8144,131.2844,6,0,0,0,0
Session_1,2026-01-26 16:32:17.234,37.076,-90.6545,14.3085,-40.1168,12.5718,91.6109,80.5916,-80.6398,-112.7869,574.7875,-146.2769,74.0269,125.7728,6,0,0,0,0
Session_1,2026-01-26 16:32:17.310,37.151,-90.6544,12.7843,-40.1201,12.0966,91.4577,80.6589,-80.9571,-124.3162,570.8340,-150.2788,72.3882,121.7761,6,0,0,0,0
Session_1,2026-01-26 16:32:17.387,37.228,-90.6544,10.6795,-40.1222,11.8089,90.8329,80.7557,-81.8886,-139.5213,565.4646,-153.8450,70.2782,117.7700,6,0,0,0,0
Session_1,2026-01-26 16:32:17.456,37.298,-90.6543,8.5273,-40.1255,11.2246,90.5445,80.8628,-82.4171,-155.1888,558.8768,-157.3035,67.8307,114.2316,6,0,0,0,0
Session_1,2026-01-26 16:32:17.524,37.365,-90.6542,6.0199,-40.1322,9.9502,90.3996,80.8649,-82.8041,-173.7266,549.3326,-160.8626,64.3258,110.8418,6,0,0,0,0
Session_1,2026-01-26 16:32:17.606,37.447,-90.6538,2.6744,-40.1415,9.4173,90.6791,80.7639,-82.7227,-196.4053,537.4439,-163.8515,60.6910,108.4848,6,0,0,0,0
Session_1,2026-01-26 16:32:17.682,37.524,-90.6537,-0.6928,-40.1427,9.7174,90.4985,80.5339,-83.1841,-217.6666,525.7908,-165.2183,57.6919,107.2671,6,0,0,0,0
Session_1,2026-01-26 16:32:17.793,37.634,-90.6530,-5.3037,-40.1430,10.0511,90.5232,80.5483,-83.4709,-245.7036,507.7210,-167.4771,53.6078,105.4144,6,0,0,0,0
Session_1,2026-01-26 16:32:17.887,37.729,-90.6523,-8.7312,-40.1435,10.1260,90.3728,80.7275,-83.8782,-265.6942,492.5132,-169.0014,50.3866,103.9853,6,0,0,0,0
Session_1,2026-01-26 16:32:17.952,37.793,-90.6524,-13.5607,-40.1436,10.2159,89.8743,80.8999,-84.7858,-292.2572,469.0900,-170.4133,45.7370,102.4448,6,0,0,0,0
Session_1,2026-01-26 16:32:18.017,37.858,-90.6524,-16.9322,-40.1441,10.3203,90.0494,80.8484,-84.7705,-309.5899,451.5396,-171.5402,42.5697,101.8197,6,0,0,0,0
Session_1,2026-01-26 16:32:18.086,37.927,-90.6525,-20.5946,-40.1445,10.2997,89.9615,80.9603,-85.0791,-327.2484,431.0725,-172.5671,38.9692,101.0064,6,0,0,0,0
Session_1,2026-01-26 16:32:18.162,38.004,-90.6526,-24.9739,-40.1445,10.7268,90.0433,81.0805,-85.2003,-346.5778,406.1499,-173.7062,35.1204,100.2744,6,0,0,0,0
Session_1,2026-01-26 16:32:18.224,38.066,-90.6525,-28.3317,-40.1445,11.0625,90.2039,81.0935,-85.1593,-360.1216,386.0995,-174.5479,32.1773,99.8872,6,0,0,0,0
Session_1,2026-01-26 16:32:18.310,38.151,-90.6400,-32.2842,-40.1441,11.3420,90.7230,80.8216,-84.6123,-374.5713,361.2873,-175.6737,28.6243,99.8290,6,0,0,0,0
Session_1,2026-01-26 16:32:18.385,38.226,-90.6266,-35.9646,-40.1442,11.5137,90.7931,80.6039,-84.5696,-386.4625,337.1418,-176.3445,25.1694,99.7645,6,0,0,0,0
Session_1,2026-01-26 16:32:18.455,38.297,-90.6255,-38.9955,-40.1447,12.0431,90.3845,79.9963,-85.1537,-395.2430,317.5217,-176.1794,22.6020,100.2199,6,0,0,0,0
Session_1,2026-01-26 16:32:18.539,38.381,-90.6263,-42.6448,-40.1446,12.5739,89.3429,78.7006,-86.5225,-404.4125,293.0988,-175.3274,19.2571,101.3517,6,0,0,0,0
Session_1,2026-01-26 16:32:18.606,38.447,-90.6261,-45.4300,-40.1448,13.1046,88.7476,77.3520,-87.3096,-410.4740,274.3470,-174.8281,16.8179,102.5939,6,0,0,0,0
Session_1,2026-01-26 16:32:18.690,38.532,-90.6265,-48.4189,-40.1443,13.2729,89.0359,77.4646,-87.0206,-415.7329,253.0809,-175.8012,14.1426,102.3055,6,0,0,0,0
Session_1,2026-01-26 16:32:18.775,38.616,-90.6265,-51.0277,-40.1445,13.5715,89.3559,78.2439,-86.6736,-419.5485,234.6097,-176.8061,12.0041,101.3955,6,0,0,0,0
Session_1,2026-01-26 16:32:18.855,38.696,-90.6265,-53.4110,-40.1444,14.2513,89.2529,79.2059,-86.8329,-422.6651,218.3939,-177.2413,10.3648,100.3479,6,0,0,0,0
Session_1,2026-01-26 16:32:18.926,38.767,-90.6266,-55.1495,-40.1449,14.6077,89.2591,79.2602,-86.8454,-424.4102,206.2047,-177.5225,9.0107,100.2481,6,0,0,0,0
Session_1,2026-01-26 16:32:19.001,38.842,-90.6267,-57.0399,-40.1445,15.6912,89.6230,79.5190,-86.4283,-426.5739,194.2227,-178.0711,8.2953,99.9661,6,0,0,0,0
Session_1,2026-01-26 16:32:19.067,38.909,-90.6272,-58.6650,-40.1443,16.9155,90.0233,79.5328,-85.9668,-428.4207,184.4201,-178.5407,7.9746,99.9434,6,0,0,0,0
Session_1,2026-01-26 16:32:19.151,38.992,-90.6270,-60.2427,-40.1441,17.7512,90.4498,79.7250,-85.4606,-429.6212,174.1806,-179.1217,7.3258,99.7332,6,0,0,0,0
Session_1,2026-01-26 16:32:19.233,39.075,-90.6271,-61.4589,-40.1443,18.9260,91.1838,79.8431,-84.5849,-430.8948,167.2761,-179.8667,7.4162,99.6142,6,0,0,0,0
Session_1,2026-01-26 16:32:19.301,39.142,-90.6274,-62.1067,-40.1442,19.8145,91.4639,79.7346,-84.2574,-431.7680,164.0894,179.9154,7.7027,99.7290,6,0,0,0,0
Session_1,2026-01-26 16:32:19.388,39.230,-90.6279,-63.0227,-40.1444,20.2979,91.3259,79.6646,-84.4332,-432.1723,158.0843,179.9817,7.2524,99.7889,6,0,0,0,0
Session_1,2026-01-26 16:32:19.455,39.297,-90.6292,-63.6668,-40.1445,20.1750,91.6885,79.6008,-84.0009,-431.9426,152.9956,179.4927,6.5635,99.8348,6,0,0,0,0
Session_1,2026-01-26 16:32:19.523,39.364,-90.6290,-64.1745,-40.1443,20.3350,92.0400,79.5760,-83.5732,-431.9852,149.4765,179.0861,6.2857,99.8520,6,0,0,0,0
Session_1,2026-01-26 16:32:19.591,39.433,-90.6293,-64.7057,-40.1443,20.5067,92.1760,79.6893,-83.4108,-431.9992,145.7905,178.8748,5.9544,99.7304,6,0,0,0,0
Session_1,2026-01-26 16:32:19.674,39.515,-90.6305,-65.2254,-40.1446,20.2505,91.9466,79.7422,-83.6925,-431.5311,141.3768,178.9556,5.1490,99.6633,6,0,0,0,0
Session_1,2026-01-26 16:32:19.748,39.589,-90.6302,-65.4024,-40.1441,21.0086,91.9817,79.7223,-83.6564,-432.2541,141.4578,179.0276,5.7278,99.6934,6,0,0,0,0
Session_1,2026-01-26 16:32:19.818,39.659,-90.6304,-65.4026,-40.1441,21.2894,91.7400,79.9132,-83.9540,-432.5419,141.9728,179.2961,5.9585,99.5070,6,0,0,0,0
Session_1,2026-01-26 16:32:19.893,39.734,-90.6305,-65.4173,-40.1444,21.6547,91.5216,79.9839,-84.2233,-432.9073,142.5385,179.5654,6.2645,99.4428,6,0,0,0,0
Session_1,2026-01-26 16:32:19.967,39.808,-90.6305,-65.4670,-40.1444,22.0022,91.2497,79.9956,-84.5564,-433.2373,142.8089,179.8842,6.5103,99.4371,6,0,0,0,0
Session_1,2026-01-26 16:32:20.031,39.873,-90.6303,-65.5213,-40.1443,22.1910,91.3802,80.0725,-84.3992,-433.4077,142.7574,179.7704,6.6651,99.3625,6,0,0,0,0
Session_1,2026-01-26 16:32:20.109,39.950,-90.6301,-65.6877,-40.1444,22.3586,91.5985,80.1254,-84.1333,-433.5120,141.8195,179.5493,6.7035,99.3094,6,0,0,0,0
Session_1,2026-01-26 16:32:20.200,40.041,-90.6300,-66.0997,-40.1442,22.7108,91.8333,80.1048,-83.8503,-433.6916,139.3694,179.3100,6.6853,99.3285,6,0,0,0,0
Session_1,2026-01-26 16:32:20.357,40.199,-90.6298,-66.8216,-40.1442,23.4194,91.8327,80.1720,-83.8538,-434.0535,135.2294,179.3005,6.6713,99.2607,6,0,0,0,0
Session_1,2026-01-26 16:32:20.498,40.340,-90.6280,-66.8325,-40.1447,24.0092,91.7496,80.2174,-83.9467,-434.6369,136.2572,179.4767,7.2265,99.2291,6,0,0,0,0
Session_1,2026-01-26 16:32:20.606,40.447,-90.6278,-66.8356,-40.1448,24.0745,91.8073,80.2126,-83.8764,-434.7003,136.3598,179.4312,7.2975,99.2354,6,0,0,0,0
Session_1,2026-01-26 16:32:20.680,40.522,-90.6272,-66.8382,-40.1447,24.0875,91.9672,80.2778,-83.6775,-434.7143,136.3714,179.2670,7.3343,99.1702,6,0,0,0,0
Session_1,2026-01-26 16:32:20.757,40.598,-90.6240,-66.8397,-40.1445,24.1363,92.0112,80.2627,-83.6011,-434.7668,136.4552,179.2337,7.3886,99.1895,6,0,0,0,0
Session_1,2026-01-26 16:32:20.825,40.667,-90.6136,-66.8399,-40.1446,23.8973,92.0682,80.2819,-83.4506,-434.5462,136.0025,179.1340,7.1622,99.1752,6,0,0,0,0
Session_1,2026-01-26 16:32:20.907,40.749,-90.5858,-66.8412,-40.1447,23.9310,92.1362,80.1988,-83.1570,-434.6198,136.0589,179.0830,7.2069,99.2873,6,0,0,0,0
Session_1,2026-01-26 16:32:20.970,40.811,-90.5620,-66.8678,-40.1450,23.8637,92.1224,80.2050,-82.9922,-434.5733,135.7269,179.0795,7.1116,99.3029,6,0,0,0,0
Session_1,2026-01-26 16:32:21.042,40.883,-90.5453,-67.1018,-40.1449,23.9049,92.0606,80.2283,-82.9404,-434.5144,134.0249,179.1044,6.9109,99.2921,6,0,0,0,0
Session_1,2026-01-26 16:32:21.118,40.959,-90.5456,-67.6295,-40.1435,24.0353,92.0153,80.2538,-82.9954,-434.3432,130.2673,179.0781,6.5127,99.2585,6,0,0,0,0
Session_1,2026-01-26 16:32:21.184,41.025,-90.5351,-67.9371,-40.1421,24.6595,92.1568,80.2311,-82.7486,-434.8000,129.1207,178.9958,6.8504,99.2977,6,0,0,0,0
Session_1,2026-01-26 16:32:21.253,41.095,-90.5334,-67.9404,-40.1419,24.6245,92.0359,80.2702,-82.8820,-434.7648,129.0251,179.1038,6.7917,99.2595,6,0,0,0,0
Session_1,2026-01-26 16:32:21.321,41.163,-90.5334,-67.9405,-40.1418,24.5057,91.8725,80.2462,-83.0791,-434.6445,128.7941,179.2474,6.6474,99.2817,6,0,0,0,0
Session_1,2026-01-26 16:32:21.397,41.238,-90.5335,-67.9407,-40.1421,24.4027,91.8382,80.2833,-83.1206,-434.5395,128.5955,179.2592,6.5391,99.2424,6,0,0,0,0
Session_1,2026-01-26 16:32:21.471,41.312,-90.5320,-67.9410,-40.1422,24.2667,91.8114,80.3712,-83.1405,-434.4033,128.3353,179.2524,6.3990,99.1528,6,0,0,0,0
Session_1,2026-01-26 16:32:21.540,41.382,-90.5313,-67.9422,-40.1423,24.2173,91.8354,80.3787,-83.1051,-434.3534,128.2338,179.2193,6.3530,99.1450,6,0,0,0,0
Session_1,2026-01-26 16:32:21.613,41.455,-90.5311,-67.9467,-40.1424,24.1246,91.8333,80.4803,-83.1055,-434.2561,128.0245,179.1938,6.2553,99.0411,6,0,0,0,0
Session_1,2026-01-26 16:32:21.698,41.540,-90.5307,-67.9745,-40.1427,24.0999,91.8382,80.4790,-83.0961,-434.2128,127.7660,179.1803,6.2040,99.0420,6,0,0,0,0
Session_1,2026-01-26 16:32:21.780,41.622,-90.5297,-68.1037,-40.1427,24.1919,91.8265,80.4694,-83.1026,-434.2230,126.9578,179.1867,6.1656,99.0520,6,0,0,0,0
Session_1,2026-01-26 16:32:21.857,41.698,-90.5274,-68.4346,-40.1424,24.5105,91.8924,80.4433,-83.0062,-434.3271,125.0478,179.1224,6.1651,99.0802,6,0,0,0,0
Session_1,2026-01-26 16:32:21.940,41.782,-90.5264,-68.5545,-40.1419,24.8147,91.9425,80.4144,-82.9397,-434.5558,124.7132,179.1072,6.3560,99.1135,6,0,0,0,0
Session_1,2026-01-26 16:32:22.012,41.854,-90.5264,-68.5550,-40.1421,24.8408,91.9096,80.3698,-82.9799,-434.5815,124.7564,179.1490,6.3762,99.1589,6,0,0,0,0
Session_1,2026-01-26 16:32:22.091,41.933,-90.5263,-68.5567,-40.1422,24.7563,91.8718,80.3217,-83.0241,-434.4940,124.5828,179.1770,6.2856,99.2059,6,0,0,0,0
Session_1,2026-01-26 16:32:22.166,42.008,-90.5262,-68.5592,-40.1423,24.6183,91.8924,80.2524,-82.9973,-434.3512,124.3045,179.1402,6.1515,99.2730,6,0,0,0,0
Session_1,2026-01-26 16:32:22.241,42.082,-90.5263,-68.5598,-40.1423,24.7083,91.9302,80.1741,-82.9531,-434.4430,124.4709,179.1268,6.2472,99.3532,6,0,0,0,0
Session_1,2026-01-26 16:32:22.327,42.168,-90.5261,-68.5596,-40.1422,24.8971,91.5408,80.2091,-83.4256,-434.6329,124.8137,179.5393,6.3667,99.3225,6,1,0,0,0
Session_1,2026-01-26 16:32:22.411,42.252,-90.5235,-68.5598,-40.1423,24.9390,91.4680,80.2160,-83.4945,-434.6783,124.8884,179.6174,6.3953,99.3191,6,1,0,0,0
Session_1,2026-01-26 16:32:22.494,42.335,-90.5232,-68.5612,-40.1426,24.8895,91.6122,80.2112,-83.3172,-434.6280,124.7874,179.4670,6.3694,99.3230,6,1,0,0,0
Session_1,2026-01-26 16:32:22.577,42.418,-90.5232,-68.5614,-40.1426,24.8360,91.6006,80.1542,-83.3307,-434.5734,124.6848,179.4756,6.3150,99.3794,6,1,0,0,0
Session_1,2026-01-26 16:32:22.653,42.494,-90.5134,-68.5612,-40.1424,24.7831,91.6589,80.1858,-83.1849,-434.5349,124.5902,179.4055,6.2730,99.3564,6,1,0,0,0
Session_1,2026-01-26 16:32:22.729,42.570,-90.5028,-68.5612,-40.1422,24.7803,91.5841,80.2668,-83.1956,-434.5471,124.5831,179.4700,6.2570,99.2855,6,1,0,0,0
Session_1,2026-01-26 16:32:22.792,42.633,-90.4923,-68.5611,-40.1422,24.7762,91.4962,80.3217,-83.2218,-434.5577,124.5727,179.5499,6.2376,99.2409,6,1,0,0,0
Session_1,2026-01-26 16:32:22.864,42.706,-90.4832,-68.5613,-40.1423,24.8051,91.4186,80.3609,-83.2471,-434.5995,124.6231,179.6270,6.2525,99.2112,6,1,0,0,0
Session_1,2026-01-26 16:32:22.946,42.788,-90.4797,-68.5613,-40.1424,24.7982,91.4523,80.3629,-83.1802,-434.5975,124.6104,179.5924,6.2512,99.2124,6,1,0,0,0
Session_1,2026-01-26 16:32:23.029,42.871,-90.4648,-68.5613,-40.1424,24.7790,91.4777,80.3588,-83.0359,-434.5998,124.5756,179.5645,6.2366,99.2311,6,1,0,0,0
Session_1,2026-01-26 16:32:23.112,42.954,-90.4559,-68.5612,-40.1424,24.7728,91.4674,80.3272,-82.9811,-434.6064,124.5640,179.5771,6.2291,99.2717,6,1,0,0,0
Session_1,2026-01-26 16:32:23.184,43.026,-90.4521,-68.5612,-40.1424,24.7694,91.4303,80.3341,-82.9975,-434.6082,124.5564,179.6123,6.2195,99.2685,6,1,0,0,0
Session_1,2026-01-26 16:32:23.267,43.108,-90.4437,-68.5610,-40.1421,24.7646,91.3678,80.3423,-83.0095,-434.6158,124.5489,179.6723,6.2047,99.2686,6,1,0,0,0
Session_1,2026-01-26 16:32:23.335,43.176,-90.4435,-68.5603,-40.1413,24.7481,91.4117,80.3375,-82.9545,-434.6014,124.5279,179.6270,6.1973,99.2733,6,1,0,0,0
Session_1,2026-01-26 16:32:23.405,43.247,-90.4434,-68.5598,-40.1407,24.7495,91.4495,80.3341,-82.9079,-434.6047,124.5376,179.5905,6.2061,99.2769,6,1,0,0,0
Session_1,2026-01-26 16:32:23.473,43.314,-90.4434,-68.5596,-40.1403,24.7604,91.4255,80.3341,-82.9368,-434.6169,124.5615,179.6162,6.2135,99.2772,6,1,0,0,0
Session_1,2026-01-26 16:32:23.547,43.388,-90.4435,-68.5589,-40.1398,24.7762,91.3857,80.3279,-82.9863,-434.6340,124.5976,179.6590,6.2237,99.2836,6,1,0,0,0
Session_1,2026-01-26 16:32:23.611,43.453,-90.4436,-68.5575,-40.1390,24.7584,91.3190,80.3313,-83.0676,-434.6176,124.5763,179.7216,6.1970,99.2798,6,1,0,0,0
Session_1,2026-01-26 16:32:23.696,43.538,-90.4438,-68.5510,-40.1381,24.7446,91.2806,80.3224,-83.1157,-434.6095,124.6028,179.7594,6.1843,99.2885,6,1,0,0,0
Session_1,2026-01-26 16:32:23.775,43.617,-90.4444,-68.5371,-40.0998,24.6753,91.2710,80.2860,-83.1316,-434.6210,124.7510,179.7699,6.1659,99.3243,6,1,0,0,0
Session_1,2026-01-26 16:32:23.865,43.707,-90.4446,-68.4925,-39.9714,24.4652,91.1330,80.3039,-83.3010,-434.6816,125.2725,179.8977,6.1060,99.3055,6,1,0,0,0
Session_1,2026-01-26 16:32:23.948,43.789,-90.4446,-68.3984,-39.8050,24.3176,91.1337,80.3252,-83.3023,-434.9116,126.4647,179.9140,6.2175,99.2861,6,1,0,0,0
Session_1,2026-01-26 16:32:24.022,43.863,-90.4446,-68.1626,-39.6222,24.2949,91.1852,80.3224,-83.2433,-435.3857,129.0461,179.9309,6.6162,99.2964,6,1,0,0,0
Session_1,2026-01-26 16:32:24.087,43.928,-90.4454,-67.8788,-39.4076,23.3020,90.8521,80.5559,-83.6497,-434.9501,130.3023,-179.8498,6.0736,99.0515,6,1,0,0,0
Session_1,2026-01-26 16:32:24.152,43.993,-90.4453,-67.6786,-39.2083,23.1441,90.9840,80.5099,-83.4916,-435.2751,132.4379,-179.9346,6.3335,99.1023,6,1,0,0,0
Session_1,2026-01-26 16:32:24.218,44.059,-90.4453,-67.5090,-38.9383,22.9449,90.9846,80.5058,-83.4941,-435.6566,134.5847,-179.8947,6.5707,99.1109,6,1,0,0,0
Session_1,2026-01-26 16:32:24.289,44.131,-90.4454,-67.3465,-38.5402,22.4149,91.1199,80.4872,-83.3327,-435.9182,136.6438,179.9791,6.6231,99.1301,6,1,0,0,0
Session_1,2026-01-26 16:32:24.366,44.207,-90.4454,-67.0266,-37.7301,21.6170,91.3136,80.3822,-83.1038,-436.6758,141.2926,179.8567,6.9828,99.2424,6,1,0,0,0
Session_1,2026-01-26 16:32:24.432,44.274,-90.4454,-66.5647,-37.0995,20.7401,91.3946,80.3925,-83.0083,-437.0383,146.0622,179.8121,7.2089,99.2365,6,1,0,0,0
Session_1,2026-01-26 16:32:24.501,44.342,-90.4453,-65.8687,-36.5764,19.8365,91.4502,80.4062,-82.9413,-437.1914,152.0809,179.8089,7.5291,99.2296,6,1,0,0,0
Session_1,2026-01-26 16:32:24.580,44.421,-90.4452,-65.0051,-35.9226,18.4735,91.5189,80.4728,-82.8557,-437.0163,159.1175,179.7584,7.6925,99.1660,6,1,0,0,0
Session_1,2026-01-26 16:32:24.654,44.495,-90.4451,-64.1628,-35.2563,17.2753,91.6342,80.5573,-82.7139,-436.8682,166.3697,179.6851,8.0171,99.0878,6,1,0,0,0
Session_1,2026-01-26 16:32:24.719,44.561,-90.4447,-63.2783,-34.5342,16.3648,91.6864,80.6458,-82.6482,-436.9096,174.7591,179.7366,8.7119,99.0155,6,1,0,0,0
Session_1,2026-01-26 16:32:24.801,44.642,-90.4447,-61.9855,-33.6024,15.1721,91.7022,80.7900,-82.6266,-436.6229,186.7090,179.8684,9.7319,98.8968,6,1,0,0,0
Session_1,2026-01-26 16:32:24.876,44.717,-90.4448,-60.6859,-32.7187,13.8599,91.4900,81.0152,-82.8783,-435.8167,198.2373,-179.8203,10.5583,98.6929,6,1,0,0,0
Session_1,2026-01-26 16:32:24.941,44.783,-90.4447,-59.4480,-31.8562,12.6508,91.5326,81.0187,-82.8183,-434.7843,209.3851,-179.7186,11.4449,98.7171,6,1,0,0,0
Session_1,2026-01-26 16:32:25.015,44.856,-90.4450,-57.9118,-30.7763,11.1017,91.4729,81.1766,-82.8797,-433.0281,223.1235,-179.5206,12.4903,98.5910,6,1,0,0,0
Session_1,2026-01-26 16:32:25.084,44.925,-90.4451,-56.2661,-29.7344,9.6748,91.4275,81.4808,-82.9168,-430.7186,237.6859,-179.3464,13.7320,98.3240,6,1,0,0,0
Session_1,2026-01-26 16:32:25.151,44.993,-90.4453,-54.5488,-28.7864,8.0935,91.4832,81.5941,-82.8267,-427.6158,251.9357,-179.2604,14.8129,98.2489,6,1,0,0,0
Session_1,2026-01-26 16:32:25.212,45.053,-90.4453,-52.8467,-27.8601,6.6248,91.6019,81.7362,-82.6556,-424.0884,266.0763,-179.2362,15.9786,98.1497,6,1,0,0,0
Session_1,2026-01-26 16:32:25.287,45.129,-90.4453,-50.5056,-26.7366,5.0077,91.8739,81.7431,-82.2838,-418.6500,285.4049,-179.2173,17.8444,98.2273,6,1,0,0,0
Session_1,2026-01-26 16:32:25.354,45.195,-90.4453,-48.5531,-26.0663,4.5140,92.2034,81.4650,-81.8473,-413.9197,301.8062,-179.1006,19.9920,98.6347,6,1,0,0,0
Session_1,2026-01-26 16:32:25.428,45.270,-90.4455,-46.4379,-25.5139,3.7717,92.0915,81.3977,-81.9389,-408.0366,318.0812,-178.6357,21.8747,98.8236,6,1,0,0,0
Session_1,2026-01-26 16:32:25.512,45.354,-90.4463,-44.2453,-24.9278,2.9182,91.6225,81.3483,-82.4597,-401.2108,334.5577,-177.8125,23.7024,99.0057,6,1,0,0,0
Session_1,2026-01-26 16:32:25.594,45.436,-90.4461,-42.0030,-24.2587,2.6793,91.3966,81.0228,-82.6733,-393.6696,352.7691,-176.9399,26.2869,99.5737,6,1,0,0,0
Session_1,2026-01-26 16:32:25.676,45.518,-90.4458,-39.9362,-23.6039,2.7617,91.6342,81.0221,-82.3238,-385.9978,370.0858,-176.6150,29.0841,99.8364,6,1,0,0,0
Session_1,2026-01-26 16:32:25.743,45.584,-90.4458,-38.3134,-23.0907,2.8537,91.7873,81.0269,-82.0869,-379.4354,383.5110,-176.3031,31.2996,100.0666,6,1,0,0,0
Session_1,2026-01-26 16:32:25.816,45.658,-90.4461,-36.2493,-22.4841,2.5797,91.9308,81.0283,-81.8450,-370.4626,399.2274,-175.9194,33.6775,100.3486,6,1,0,0,0
Session_1,2026-01-26 16:32:25.891,45.733,-90.4461,-34.4564,-21.9293,1.9926,92.0229,81.0317,-81.6687,-362.1080,411.9510,-175.6075,35.4208,100.5751,6,1,0,0,0
Session_1,2026-01-26 16:32:25.965,45.807,-90.4460,-32.6953,-21.2918,1.6534,92.1712,81.0276,-81.4193,-353.2791,425.0705,-175.2536,37.4640,100.8774,6,1,0,0,0
Session_1,2026-01-26 16:32:26.047,45.888,-90.4461,-31.0143,-20.5803,0.8494,92.1719,81.0310,-81.3493,-344.2955,436.7075,-174.8557,39.0212,101.1213,6,1,0,0,0
Session_1,2026-01-26 16:32:26.120,45.962,-90.4462,-29.4997,-19.9558,-0.2060,92.0785,81.0283,-81.3982,-335.9711,446.1411,-174.4783,40.0678,101.3039,6,1,0,0,0
Session_1,2026-01-26 16:32:26.186,46.028,-90.4461,-28.2580,-19.5007,-0.9407,92.0675,81.0345,-81.3569,-329.0264,453.7190,-174.2133,41.0084,101.4643,6,1,0,0,0
Session_1,2026-01-26 16:32:26.252,46.094,-90.4460,-27.1355,-19.1718,-1.3163,92.0551,81.0358,-81.3220,-322.6927,460.6880,-173.9035,42.0588,101.6606,6,1,0,0,0
Session_1,2026-01-26 16:32:26.316,46.158,-90.4457,-26.1846,-19.0677,-1.8821,92.1286,81.0269,-81.1924,-317.6860,465.2457,-173.8275,42.5476,101.7683,6,1,0,0,0
Session_1,2026-01-26 16:32:26.383,46.224,-90.4457,-25.4635,-19.0680,-2.0139,91.9830,81.0276,-81.3397,-313.9327,468.9434,-173.5160,43.1006,101.8800,6,1,0,0,0
Session_1,2026-01-26 16:32:26.450,46.291,-90.4457,-24.8537,-19.0686,-2.6141,92.2172,81.0324,-81.0322,-310.8851,471.0118,-173.7453,43.1462,101.8808,6,1,0,0,0
Session_1,2026-01-26 16:32:26.524,46.365,-90.4456,-24.4518,-19.0687,-2.7837,92.9800,81.0235,-80.0908,-308.7697,472.8608,-174.4106,43.4904,101.9568,6,1,0,0,0
Session_1,2026-01-26 16:32:26.598,46.439,-90.4450,-24.3081,-19.0687,-3.0144,92.7747,81.0276,-80.3308,-308.0835,473.1400,-174.2404,43.3740,101.9298,6,1,0,0,0
Session_1,2026-01-26 16:32:26.671,46.513,-90.4425,-24.3083,-19.0704,-3.2245,92.5557,81.0310,-80.5836,-308.1689,472.6790,-174.0928,43.1332,101.8801,6,1,0,0,0
Session_1,2026-01-26 16:32:26.737,46.578,-90.3788,-24.3083,-19.0720,-3.4222,92.6113,81.0283,-80.1738,-308.3250,472.2570,-174.2024,42.9469,101.9091,6,1,0,0,0
Session_1,2026-01-26 16:32:26.812,46.653,-89.9934,-24.3090,-19.0800,-3.6976,92.5433,81.0352,-78.1806,-308.9700,471.6357,-174.2248,42.6594,102.2279,6,1,0,0,0
Session_1,2026-01-26 16:32:26.898,46.740,-88.8685,-24.3103,-19.0880,-3.9015,92.2062,81.0386,-72.5060,-310.5538,471.1521,-173.9610,42.3991,103.2996,6,1,0,0,0
Session_1,2026-01-26 16:32:26.972,46.814,-86.9463,-24.3190,-19.1025,-3.8727,91.8203,81.0365,-62.5115,-312.9183,471.0958,-173.5822,42.3446,105.2168,6,1,0,0,0
Session_1,2026-01-26 16:32:27.044,46.886,-84.5846,-24.3402,-19.1474,-3.9537,91.5525,81.0310,-49.8636,-315.5063,470.6216,-173.3589,42.1588,107.5513,6,1,0,0,0
Session_1,2026-01-26 16:32:27.120,46.962,-81.6204,-24.4239,-19.2356,-4.1549,91.2971,81.0379,-33.6838,-318.4141,469.3799,-173.2220,41.7551,110.4298,6,1,0,0,0
Session_1,2026-01-26 16:32:27.194,47.035,-78.7549,-24.7035,-19.3272,-4.2057,91.2099,81.0290,-17.4948,-321.3929,467.3812,-173.2469,41.3278,113.2272,6,1,0,0,0
Session_1,2026-01-26 16:32:27.269,47.110,-75.4440,-25.2144,-19.3394,-4.3684,91.3973,81.0283,2.0061,-324.4674,464.1974,-173.6163,40.6858,116.4202,6,1,0,0,0
Session_1,2026-01-26 16:32:27.345,47.186,-72.9409,-25.5867,-19.3395,-4.6307,91.6994,81.0352,17.1086,-325.8644,461.5962,-174.0867,40.1121,118.8104,6,1,0,0,0
Session_1,2026-01-26 16:32:27.426,47.268,-71.0158,-25.8550,-19.3392,-4.4179,91.6445,81.0290,28.4187,-326.3940,460.5636,-174.0427,40.0490,120.7330,6,1,0,0,0
Session_1,2026-01-26 16:32:27.508,47.350,-69.6589,-26.0548,-19.3392,-4.4920,91.6445,81.0331,36.5026,-326.6081,459.2952,-174.1187,39.7811,122.0380,6,1,0,0,0
Session_1,2026-01-26 16:32:27.574,47.415,-68.9699,-26.1718,-19.3395,-4.3554,91.4790,81.0331,40.4469,-326.7549,458.9290,-173.9524,39.7744,122.7268,6,1,0,0,0
Session_1,2026-01-26 16:32:27.639,47.481,-68.6850,-26.4815,-19.3401,-4.1219,91.4646,81.0255,42.6138,-327.9884,457.6921,-173.9524,39.6961,123.0082,6,1,0,0,0
Session_1,2026-01-26 16:32:27.713,47.554,-68.6867,-27.1728,-19.3425,-3.7566,90.9689,81.0317,43.2978,-331.4226,454.5562,-173.5607,39.2983,122.9329,6,1,0,0,0
Session_1,2026-01-26 16:32:27.787,47.629,-68.6867,-28.2091,-19.3571,-3.0906,90.8096,81.0324,44.9721,-336.2448,449.9969,-173.5058,38.8966,122.8656,6,1,0,0,0
Session_1,2026-01-26 16:32:27.865,47.707,-68.6870,-29.1861,-19.3687,-0.3777,90.8631,81.0372,46.5957,-340.2331,450.0685,-173.1072,40.5941,123.1511,6,1,0,0,0
Session_1,2026-01-26 16:32:27.941,47.782,-68.6870,-30.5140,-19.4182,3.4387,91.1597,81.0276,48.9665,-345.3208,450.1498,-172.7020,43.0238,123.6279,6,1,0,0,0
Session_1,2026-01-26 16:32:28.007,47.848,-68.6873,-32.1396,-19.4808,5.5646,90.8061,81.0358,51.2610,-352.3865,444.6291,-172.2388,43.3978,123.6945,6,1,0,0,0
Session_1,2026-01-26 16:32:28.072,47.914,-68.6944,-34.0435,-19.5522,4.1048,91.0204,81.0358,54.9452,-361.2354,429.5381,-173.4087,40.0716,123.0523,6,1,0,0,0
Session_1,2026-01-26 16:32:28.138,47.979,-68.6959,-35.8076,-19.6485,2.9594,91.1652,81.0345,58.1092,-368.8924,415.5680,-174.3162,37.1486,122.5766,6,1,0,0,0
Session_1,2026-01-26 16:32:28.204,48.045,-68.7013,-38.0054,-19.8603,3.6358,91.2209,81.0297,61.6358,-377.8458,401.8889,-174.7830,35.4562,122.3319,6,1,0,0,0
Session_1,2026-01-26 16:32:28.285,48.127,-68.7310,-40.3056,-20.2431,4.8422,91.4351,81.0393,65.2162,-386.8630,387.5082,-175.3400,34.0405,122.0997,6,1,0,0,0
Session_1,2026-01-26 16:32:28.358,48.200,-68.7403,-42.2268,-20.7985,6.3631,92.1904,81.0365,68.9042,-393.9892,375.2142,-176.2932,33.2188,121.9851,6,1,0,0,0
Session_1,2026-01-26 16:32:28.433,48.274,-68.7409,-44.1413,-21.7433,7.4398,93.0343,81.0303,72.7122,-400.9682,359.9177,-177.5078,31.5977,121.7915,6,1,0,0,0
Session_1,2026-01-26 16:32:28.498,48.340,-68.7410,-45.7434,-22.6961,7.8827,93.3151,81.0338,75.2713,-406.6095,345.1203,-178.2299,29.5644,121.5636,6,1,0,0,0
Session_1,2026-01-26 16:32:28.568,48.409,-68.7422,-47.5128,-23.6044,8.6119,93.2945,81.0310,77.4715,-412.3572,329.7169,-178.6016,27.6436,121.3770,6,1,0,0,0
Session_1,2026-01-26 16:32:28.639,48.480,-68.7449,-49.3922,-24.4403,9.5835,93.1187,81.0345,79.3892,-417.9270,314.1425,-178.7705,25.8992,121.2165,6,1,0,0,0
Session_1,2026-01-26 16:32:28.722,48.563,-68.7452,-51.3300,-25.2522,10.3814,93.1236,81.0393,81.3255,-422.8957,297.6830,-179.1468,23.9772,121.0551,6,1,0,0,0
Session_1,2026-01-26 16:32:28.796,48.637,-68.7451,-52.8795,-25.9112,11.2795,93.2547,81.0338,82.8878,-426.4725,284.8848,-179.5157,22.7061,120.9656,6,1,0,0,0
Session_1,2026-01-26 16:32:28.869,48.711,-68.7451,-54.5284,-26.4018,11.2706,93.3213,81.0331,84.1342,-429.4539,270.1490,-179.9682,20.5984,120.8235,6,1,0,0,0
Session_1,2026-01-26 16:32:28.936,48.778,-68.7461,-56.1395,-26.8539,12.3926,93.0597,81.0111,85.0369,-432.6703,258.1091,-179.8681,19.6294,120.7887,6,1,0,0,0
Session_1,2026-01-26 16:32:29.011,48.852,-68.8057,-57.8339,-27.4671,13.0428,92.8070,81.0743,85.2899,-435.4186,243.5884,-179.9276,17.9552,120.5696,6,1,0,0,0
Session_1,2026-01-26 16:32:29.084,48.925,-68.8657,-59.5437,-28.1287,13.8393,93.0734,81.1478,85.9706,-437.5520,228.9653,179.5200,16.4420,120.3538,6,1,0,0,0
Session_1,2026-01-26 16:32:29.149,48.990,-68.8719,-60.8169,-28.6847,14.1820,93.2053,81.2041,86.4951,-438.5982,217.2188,179.1281,14.9940,120.2223,6,1,0,0,0
Session_1,2026-01-26 16:32:29.216,49.057,-68.8748,-61.9758,-29.3351,14.6832,93.3172,81.2370,86.8932,-439.3135,206.1966,178.7966,13.7186,120.1324,6,1,0,0,0
Session_1,2026-01-26 16:32:29.305,49.147,-68.9590,-63.6017,-30.1298,15.2525,93.4895,81.4286,86.6811,-439.9882,191.0167,178.2895,11.9105,119.7860,6,1,0,0,0
Session_1,2026-01-26 16:32:29.372,49.213,-69.1723,-64.7342,-30.8190,15.8485,93.3749,81.8687,84.9732,-440.5153,180.1734,178.1305,10.6679,119.0885,6,1,0,0,0
Session_1,2026-01-26 16:32:29.458,49.299,-69.7806,-65.7849,-31.8634,16.1959,93.2952,83.8689,79.9231,-440.6711,167.8239,177.6426,8.8503,116.4143,6,1,0,0,0
Session_1,2026-01-26 16:32:29.545,49.386,-70.8819,-66.6324,-33.1098,16.8070,93.3344,85.4929,71.0964,-440.9950,156.6553,177.2333,7.3048,113.6545,6,1,0,0,0
Session_1,2026-01-26 16:32:29.627,49.468,-72.0393,-67.1164,-34.4267,16.3319,94.1219,85.2615,62.2694,-439.5414,146.0313,176.2878,5.1127,112.7059,6,1,0,0,0
Session_1,2026-01-26 16:32:29.699,49.540,-72.8617,-67.5713,-35.8285,17.8418,95.0764,85.3033,56.7862,-439.1729,139.0338,175.3038,4.8423,111.8333,6,1,0,0,0
Session_1,2026-01-26 16:32:29.774,49.616,-73.3873,-67.9329,-37.1310,18.1226,95.3606,85.3040,52.4550,-437.4684,130.9148,174.9069,3.4868,111.2968,6,1,0,0,0
Session_1,2026-01-26 16:32:29.849,49.691,-73.4596,-67.9790,-38.3903,18.4996,96.1118,85.3061,52.2081,-435.3782,125.6695,174.0820,2.6224,111.2124,6,1,0,0,0
Session_1,2026-01-26 16:32:29.931,49.772,-73.4557,-67.9785,-39.7938,19.5598,96.4291,85.2972,52.1646,-433.7851,121.3498,173.7381,2.3075,111.2213,6,1,0,0,0
Session_1,2026-01-26 16:32:30.004,49.845,-73.4567,-67.9786,-40.8422,18.7633,96.4524,85.3095,51.3034,-430.8125,115.2875,173.5643,0.4692,111.2041,6,1,0,0,0
Session_1,2026-01-26 16:32:30.094,49.936,-73.4574,-67.9782,-42.2130,19.6106,96.4249,85.2697,50.7216,-428.9879,110.7592,173.5492,-0.0499,111.2431,6,1,0,0,0
Session_1,2026-01-26 16:32:30.177,50.019,-73.4579,-67.9781,-43.4300,19.6058,96.3734,84.9847,49.8830,-426.3947,105.4538,173.4942,-1.2394,111.5275,6,1,0,0,0
Session_1,2026-01-26 16:32:30.238,50.080,-73.4749,-67.9783,-44.4224,20.0047,96.2856,85.0445,49.1458,-424.7256,101.8498,173.5320,-1.8452,111.4533,6,1,0,0,0
Session_1,2026-01-26 16:32:30.319,50.161,-73.4744,-67.9777,-45.6929,21.2009,96.4263,85.3933,48.8908,-423.2562,98.4811,173.3971,-1.9468,111.1059,6,1,0,0,0
Session_1,2026-01-26 16:32:30.384,50.226,-73.4735,-67.9775,-46.4955,22.6758,96.9681,85.3411,49.5070,-423.0144,97.6665,172.9098,-1.2268,111.1520,6,1,0,0,0
Session_1,2026-01-26 16:32:30.453,50.294,-73.4735,-67.9750,-46.9962,24.2976,96.7017,86.1582,49.4298,-423.8824,98.3238,173.2684,-0.2240,110.3420,6,1,0,0,0
Session_1,2026-01-26 16:32:30.534,50.376,-73.4732,-67.9753,-47.0830,24.7062,96.4648,87.3035,49.2409,-424.2408,98.6322,173.5259,-0.0483,109.2061,6,1,0,0,0
Session_1,2026-01-26 16:32:30.609,50.450,-73.4721,-67.9757,-47.0827,25.2679,96.0967,88.4310,49.0166,-425.0168,99.5713,173.9112,0.3760,108.0881,6,1,0,0,0
Session_1,2026-01-26 16:32:30.674,50.516,-73.4710,-67.9759,-47.0827,25.8227,94.3822,91.3891,47.2278,-426.2408,100.3636,175.6006,0.6578,105.1439,6,1,0,0,0
Session_1,2026-01-26 16:32:30.739,50.581,-73.4710,-67.9759,-47.0826,25.8687,92.8475,92.3689,45.4628,-426.8233,100.3280,177.1215,0.6918,104.1628,6,1,0,0,0
Session_1,2026-01-26 16:32:30.814,50.655,-73.4696,-67.9770,-47.0827,25.9916,92.9485,92.5646,45.6315,-426.9257,100.5452,177.0128,0.7991,103.9689,6,1,0,0,0
Session_1,2026-01-26 16:32:30.886,50.727,-73.4669,-67.9769,-47.0822,26.9927,93.8541,92.9958,47.0352,-427.7303,102.4075,176.0502,1.7297,103.5427,6,1,0,0,0
Session_1,2026-01-26 16:32:30.954,50.795,-73.4629,-67.9768,-47.0817,28.4827,94.6877,93.6310,48.5084,-429.0461,105.1936,175.1053,3.1209,102.9129,6,1,0,0,0
Session_1,2026-01-26 16:32:31.020,50.861,-73.4513,-67.9767,-47.0794,29.8526,94.6555,95.6964,48.9806,-430.4703,107.7287,174.8921,4.3114,100.8550,6,1,0,0,0
Session_1,2026-01-26 16:32:31.093,50.935,-73.4500,-67.9768,-47.0797,29.7990,94.0656,98.5522,48.2915,-430.6215,107.5725,175.2749,4.0859,97.9976,6,1,0,0,0
Session_1,2026-01-26 16:32:31.175,51.016,-73.4475,-67.9768,-47.0798,30.1458,93.3941,99.7662,47.6366,-431.2057,108.1643,175.7917,4.4402,96.7740,6,1,0,0,0
Session_1,2026-01-26 16:32:31.249,51.091,-73.4475,-67.9767,-47.0799,30.0332,93.5905,99.8609,47.8301,-431.0233,107.9696,175.6104,4.2888,96.6832,6,1,0,0,0
Session_1,2026-01-26 16:32:31.315,51.156,-73.4475,-67.9767,-47.0799,29.8650,93.4779,99.8884,47.6492,-430.8925,107.6483,175.7482,4.1402,96.6564,6,1,0,0,0
Session_1,2026-01-26 16:32:31.391,51.232,-73.4475,-67.9765,-47.0798,29.6267,93.4813,99.9255,47.5809,-430.6490,107.2083,175.7833,3.9025,96.6222,6,1,0,0,0
Session_1,2026-01-26 16:32:31.473,51.315,-73.4476,-67.9744,-47.0784,29.0273,93.5966,100.0806,47.5322,-429.9955,106.1305,175.7638,3.2841,96.4751,6,1,0,0,0
Session_1,2026-01-26 16:32:31.550,51.391,-73.4475,-67.9733,-47.0781,27.9527,93.8342,100.0648,47.4710,-428.7784,104.1897,175.7185,2.1872,96.5030,6,1,0,0,0
Session_1,2026-01-26 16:32:31.615,51.457,-73.4475,-67.9686,-47.0757,28.2081,93.7429,100.0703,47.4492,-429.0934,104.6936,175.7623,2.4612,96.4945,6,1,0,0,0
Session_1,2026-01-26 16:32:31.682,51.524,-73.4476,-67.9614,-47.0739,28.2253,93.5520,100.0621,47.2363,-429.1898,104.7719,175.9459,2.5209,96.5000,6,1,0,0,0
Session_1,2026-01-26 16:32:31.754,51.595,-73.4479,-67.9608,-47.0738,27.7185,93.1613,99.9948,46.6194,-428.7832,103.8249,176.4213,2.0948,96.5659,6,1,0,0,0
Session_1,2026-01-26 16:32:31.828,51.669,-73.4485,-67.9524,-47.0734,27.5956,92.6113,99.8767,45.9402,-428.8517,103.6328,176.9868,2.0841,96.6786,6,1,0,0,0
Session_1,2026-01-26 16:32:31.908,51.749,-73.4483,-67.9085,-47.0700,27.5826,92.6106,99.8465,45.9523,-428.8902,103.9488,176.9827,2.1195,96.7087,6,1,0,0,0
Session_1,2026-01-26 16:32:31.976,51.818,-73.4485,-67.9083,-47.0699,27.5269,92.5838,99.8554,45.9019,-428.8397,103.8477,177.0183,2.0690,96.6997,6,1,0,0,0
Session_1,2026-01-26 16:32:32.049,51.890,-73.4486,-67.9085,-47.0702,27.2791,92.3847,99.8410,45.5892,-428.6382,103.3853,177.2574,1.8591,96.7138,6,1,0,0,0
Session_1,2026-01-26 16:32:32.117,51.958,-73.4487,-67.9087,-47.0703,27.1314,92.1176,99.8053,45.2304,-428.5688,103.1040,177.5469,1.7605,96.7481,6,1,0,0,0
Session_1,2026-01-26 16:32:32.194,52.035,-73.4487,-67.9099,-47.0712,26.8588,92.0284,99.6659,45.0366,-428.2961,102.5956,177.6853,1.5106,96.8882,6,1,0,0,0
Session_1,2026-01-26 16:32:32.276,52.118,-73.4486,-67.9103,-47.0714,26.8101,92.1142,99.6693,45.1201,-428.2115,102.5073,177.6089,1.4474,96.8855,6,1,0,0,0
Session_1,2026-01-26 16:32:32.350,52.191,-73.4485,-67.9137,-47.0720,26.7304,92.1602,99.7085,45.1468,-428.1022,102.3383,177.5767,1.3556,96.8472,6,1,0,0,0
Session_1,2026-01-26 16:32:32.431,52.273,-73.4485,-67.9264,-47.0726,26.6803,92.0572,99.7092,45.0066,-428.0674,102.1472,177.6889,1.3104,96.8461,6,1,0,0,0
Session_1,2026-01-26 16:32:32.499,52.340,-73.4481,-67.9425,-47.0733,26.6727,92.1986,99.7044,45.1660,-427.9911,102.0184,177.5537,1.2628,96.8524,6,1,0,0,0
Session_1,2026-01-26 16:32:32.567,52.408,-73.4474,-67.9546,-47.0741,26.6872,92.2927,99.7256,45.2807,-427.9596,101.9562,177.4602,1.2475,96.8325,6,1,0,0,0
Session_1,2026-01-26 16:32:32.647,52.488,-73.4456,-68.0413,-47.0765,26.8547,92.3737,99.8074,45.4147,-428.0187,101.6100,177.3653,1.3073,96.7530,6,1,0,0,0
Session_1,2026-01-26 16:32:32.709,52.550,-73.4452,-68.1847,-47.0765,27.1953,92.3339,99.8540,45.4380,-428.2563,101.1625,177.3697,1.5064,96.7056,6,1,0,0,0
Session_1,2026-01-26 16:32:32.786,52.628,-73.4451,-68.3369,-47.0766,27.1843,92.4383,99.8300,45.5075,-428.0429,100.0221,177.2954,1.3286,96.7313,6,1,0,0,0
Session_1,2026-01-26 16:32:32.851,52.693,-73.4450,-68.3397,-47.0765,27.2468,92.4465,99.8163,45.5372,-428.1066,100.1153,177.2774,1.3869,96.7448,6,1,0,0,0
Session_1,2026-01-26 16:32:32.917,52.759,-73.4439,-68.3445,-47.0768,27.5530,92.4314,99.8733,45.6266,-428.4427,100.6303,177.2393,1.6835,96.6875,6,1,0,0,0
Session_1,2026-01-26 16:32:33.001,52.843,-73.4342,-68.3625,-47.0768,28.0261,92.3820,99.9907,45.7891,-428.9491,101.3515,177.2055,2.1346,96.5768,6,1,0,0,0
Session_1,2026-01-26 16:32:33.076,52.918,-73.4275,-68.3761,-47.0772,27.7192,92.3085,99.9715,45.6500,-428.6193,100.6885,177.3342,1.8320,96.6040,6,1,0,0,0
Session_1,2026-01-26 16:32:33.157,52.998,-73.3982,-68.4768,-47.0819,27.5853,92.2460,99.9536,45.7172,-428.3506,99.6784,177.4377,1.6080,96.6519,6,1,0,0,0
Session_1,2026-01-26 16:32:33.224,53.066,-73.3360,-68.6753,-47.0849,27.8854,92.3676,99.9447,46.3547,-428.3623,98.7456,177.3012,1.6845,96.7236,6,1,0,0,0
Session_1,2026-01-26 16:32:33.300,53.141,-73.2543,-68.8026,-47.0849,28.1477,92.2213,99.9564,46.8391,-428.4927,98.2719,177.4215,1.8423,96.7917,6,1,0,0,0
Session_1,2026-01-26 16:32:33.382,53.224,-73.2455,-68.8053,-47.0848,28.1236,92.2055,99.9564,46.8777,-428.4620,98.2080,177.4417,1.8187,96.8005,6,1,0,0,0
Session_1,2026-01-26 16:32:33.450,53.292,-73.2456,-68.8053,-47.0846,28.0797,92.2371,99.9261,46.8996,-428.4031,98.1308,177.4191,1.7715,96.8311,6,1,0,0,0
Session_1,2026-01-26 16:32:33.526,53.367,-73.2457,-68.8052,-47.0844,27.9973,92.2495,99.9021,46.8864,-428.3092,97.9842,177.4218,1.6896,96.8556,6,1,0,0,0
Session_1,2026-01-26 16:32:33.601,53.443,-73.2456,-68.8052,-47.0843,27.9787,92.2577,99.9152,46.8907,-428.2861,97.9513,177.4164,1.6694,96.8428,6,1,0,0,0
Session_1,2026-01-26 16:32:33.676,53.517,-73.2456,-68.8052,-47.0840,27.9197,92.2721,99.9502,46.8875,-428.2168,97.8468,177.4114,1.6075,96.8081,6,1,0,0,0
Session_1,2026-01-26 16:32:33.748,53.589,-73.2456,-68.8052,-47.0838,27.8950,92.2687,99.9591,46.8760,-428.1911,97.8029,177.4187,1.5835,96.7994,6,1,0,0,0
Session_1,2026-01-26 16:32:33.824,53.665,-73.2456,-68.8052,-47.0838,27.8840,92.2776,99.9722,46.8827,-428.1760,97.7837,177.4115,1.5706,96.7865,6,1,0,0,0
Session_1,2026-01-26 16:32:33.905,53.746,-73.2456,-68.8052,-47.0838,27.8709,92.2913,99.9886,46.8940,-428.1569,97.7610,177.3998,1.5547,96.7701,6,1,0,0,0
Session_1,2026-01-26 16:32:34.062,53.903,-73.2457,-68.8050,-47.0831,27.8174,92.3174,99.9928,46.9061,-428.0905,97.6696,177.3831,1.4980,96.7663,6,1,0,0,0
Session_1,2026-01-26 16:32:34.130,53.971,-73.2456,-68.8049,-47.0826,27.8064,92.3174,100.0017,46.9081,-428.0742,97.6533,177.3847,1.4833,96.7583,6,1,0,0,0
Session_1,2026-01-26 16:32:34.232,54.074,-73.2456,-68.8047,-47.0816,27.7480,92.3264,100.0113,46.8952,-428.0146,97.5542,177.3856,1.4292,96.7483,6,1,0,0,0
Session_1,2026-01-26 16:32:34.305,54.146,-73.2456,-68.8046,-47.0808,27.6972,92.3140,100.0257,46.8647,-427.9646,97.4663,177.4061,1.3815,96.7340,6,1,0,0,0
Session_1,2026-01-26 16:32:34.375,54.216,-73.2457,-68.8046,-47.0804,27.6437,92.3161,100.0257,46.8491,-427.9056,97.3719,177.4133,1.3288,96.7342,6,1,0,0,0
Session_1,2026-01-26 16:32:34.456,54.298,-73.2456,-68.8046,-47.0803,27.6505,92.3112,100.0278,46.8461,-427.9150,97.3841,177.4168,1.3364,96.7321,6,1,0,0,0
Session_1,2026-01-26 16:32:34.531,54.372,-73.2457,-68.8047,-47.0807,27.7638,92.2412,100.0257,46.8020,-428.0639,97.5822,177.4662,1.4597,96.7331,6,0,0,0,0
Session_1,2026-01-26 16:32:34.596,54.438,-73.2458,-68.8046,-47.0806,27.7968,92.2021,100.0147,46.7666,-428.1144,97.6406,177.4992,1.4996,96.7435,6,0,0,0,0
Session_1,2026-01-26 16:32:34.673,54.514,-73.2457,-68.8045,-47.0806,27.8098,92.2000,100.0134,46.7692,-428.1297,97.6650,177.4990,1.5130,96.7448,6,0,0,0,0
Session_1,2026-01-26 16:32:34.738,54.580,-73.2458,-68.8046,-47.0806,27.8380,92.2041,100.0168,46.7832,-428.1592,97.7156,177.4899,1.5398,96.7413,6,0,0,0,0
Session_1,2026-01-26 16:32:34.821,54.663,-73.2458,-68.8045,-47.0805,27.8709,92.2028,100.0209,46.7923,-428.1963,97.7760,177.4854,1.5725,96.7370,6,0,0,0,0
Session_1,2026-01-26 16:32:34.895,54.737,-73.2458,-68.8039,-47.0804,27.8998,92.2096,100.0168,46.8101,-428.2267,97.8333,177.4736,1.6006,96.7410,6,0,0,0,0
Session_1,2026-01-26 16:32:34.969,54.811,-73.2459,-68.8037,-47.0803,27.9183,92.2309,100.0161,46.8405,-428.2401,97.8692,177.4494,1.6154,96.7417,6,0,0,0,0
Session_1,2026-01-26 16:32:35.034,54.876,-73.2458,-68.8031,-47.0800,27.9451,92.2556,100.0147,46.8789,-428.2621,97.9246,177.4203,1.6385,96.7432,6,0,0,0,0
Session_1,2026-01-26 16:32:35.102,54.943,-73.2459,-68.8003,-47.0705,28.0090,92.2817,100.0120,46.9372,-428.3478,98.1030,177.3815,1.7091,96.7457,6,0,0,0,0
Session_1,2026-01-26 16:32:35.175,55.016,-73.2468,-68.7928,-47.0665,28.0790,92.3030,99.9879,46.9831,-428.4354,98.3036,177.3471,1.7868,96.7685,6,0,0,0,0
Session_1,2026-01-26 16:32:35.249,55.090,-73.2476,-68.7446,-47.0653,28.1744,92.3188,100.0031,47.0444,-428.5910,98.8384,177.3059,1.9260,96.7520,6,0,0,0,0
Session_1,2026-01-26 16:32:35.332,55.173,-73.2476,-68.4701,-47.0644,27.7995,92.2900,99.9845,46.9790,-428.4953,100.1932,177.3522,1.8338,96.7708,6,0,0,0,0
Session_1,2026-01-26 16:32:35.415,55.256,-73.2476,-67.9290,-47.0651,27.3196,92.2968,99.9900,47.0012,-428.5407,103.3248,177.3347,1.8919,96.7650,6,0,0,0,0
Session_1,2026-01-26 16:32:35.497,55.339,-73.2477,-67.5771,-47.0649,27.1328,92.6553,100.0216,47.4622,-428.5692,105.6100,176.9521,1.9909,96.7354,6,0,0,0,0
Session_1,2026-01-26 16:32:35.572,55.413,-73.2493,-67.2879,-47.0647,27.2221,93.0940,100.0669,48.0737,-428.7954,107.9415,176.4525,2.2848,96.6906,6,0,0,0,0
Session_1,2026-01-26 16:32:35.645,55.487,-73.2521,-66.6700,-47.0644,27.0284,93.0707,100.0614,48.1349,-429.1693,112.1668,176.4015,2.7072,96.6898,6,0,0,0,0
Session_1,2026-01-26 16:32:35.719,55.560,-73.2531,-65.5858,-47.0645,26.3329,92.9134,99.9955,47.9947,-429.3913,118.9228,176.4918,3.1213,96.7495,6,0,0,0,0
Session_1,2026-01-26 16:32:35.784,55.626,-73.2531,-64.3936,-47.0644,25.6256,92.7637,99.9907,47.8544,-429.5546,126.4564,176.5551,3.6252,96.7477,6,0,0,0,0
Session_1,2026-01-26 16:32:35.859,55.700,-73.2534,-62.7951,-47.0644,24.7735,92.5694,99.9928,47.6349,-429.6496,136.7282,176.6161,4.3937,96.7343,6,0,0,0,0
Session_1,2026-01-26 16:32:35.934,55.775,-73.2542,-61.0190,-47.0644,23.9145,92.5014,99.9818,47.4952,-429.4911,148.2970,176.5239,5.3094,96.7302,6,0,0,0,0
Session_1,2026-01-26 16:32:36.000,55.842,-73.2561,-59.0371,-47.0641,23.1832,92.4548,99.9804,47.3174,-429.1446,161.6096,176.3510,6.5493,96.7066,6,0,0,0,0
Session_1,2026-01-26 16:32:36.065,55.906,-73.2569,-56.7921,-47.0634,22.3874,92.3991,99.9811,46.9820,-428.2849,176.7088,176.1505,7.9864,96.6722,6,0,0,0,0
Session_1,2026-01-26 16:32:36.133,55.975,-73.2569,-54.0427,-47.0606,21.4330,92.3518,99.9838,46.3918,-426.5241,195.1591,175.8776,9.7644,96.6196,6,0,0,0,0
Session_1,2026-01-26 16:32:36.198,56.040,-73.2566,-51.3240,-47.0607,20.3618,92.3037,99.9701,45.5451,-423.9036,213.0055,175.6323,11.3954,96.5790,6,0,0,0,0
Session_1,2026-01-26 16:32:36.274,56.115,-73.2565,-47.5347,-47.0602,19.2947,92.3016,99.9797,44.1526,-419.2802,238.4430,175.1367,14.0745,96.4600,6,0,0,0,0
Session_1,2026-01-26 16:32:36.348,56.189,-73.2582,-43.8150,-47.0598,18.3753,92.2234,99.9928,42.2681,-413.3879,263.2749,174.6873,16.8420,96.3043,6,0,0,0,0
Session_1,2026-01-26 16:32:36.409,56.250,-73.2587,-40.8176,-47.0588,17.4552,92.2165,99.9914,40.4771,-407.4745,282.5753,174.2967,18.8867,96.1830,6,0,0,0,0
Session_1,2026-01-26 16:32:36.483,56.324,-73.2587,-37.2084,-47.0579,16.3236,92.2076,99.9989,37.9650,-399.1613,305.2758,173.8151,21.3234,96.0072,6,0,0,0,0
Session_1,2026-01-26 16:32:36.554,56.395,-73.2589,-33.6308,-47.0573,15.1515,92.1355,100.0106,35.0232,-389.6891,327.0636,173.3911,23.6977,95.8055,6,0,0,0,0
Session_1,2026-01-26 16:32:36.618,56.460,-73.2586,-30.3676,-47.0563,14.2520,92.1533,100.0326,32.1428,-380.0314,346.7144,172.8640,26.0129,95.5721,6,0,0,0,0
Session_1,2026-01-26 16:32:36.685,56.527,-73.2589,-27.1616,-47.0557,13.1197,92.0078,100.0422,28.8192,-369.6005,364.8856,172.5453,28.0712,95.3504,6,0,0,0,0
Session_1,2026-01-26 16:32:36.751,56.592,-73.2587,-24.2066,-47.0562,12.3933,91.7695,100.0333,25.4173,-359.2914,381.7311,172.2725,30.2967,95.1060,6,0,0,0,0
Session_1,2026-01-26 16:32:36.823,56.665,-73.2589,-20.8467,-47.0559,11.4917,91.2030,100.0518,20.9273,-346.7519,400.0108,172.2205,32.7987,94.7597,6,0,0,0,0
Session_1,2026-01-26 16:32:36.898,56.740,-73.2589,-17.8590,-47.0547,10.4940,90.9469,100.0594,16.9893,-334.7387,415.1796,171.9601,34.7887,94.4632,6,0,0,0,0
Session_1,2026-01-26 16:32:36.973,56.814,-73.2586,-14.7846,-47.0539,9.6783,90.9393,100.0449,13.0177,-321.5612,430.5360,171.3767,36.9985,94.1284,6,0,0,0,0
Session_1,2026-01-26 16:32:37.046,56.888,-73.2582,-11.8820,-47.0518,9.1262,90.7979,100.0662,8.9044,-308.4762,444.8115,170.8319,39.3135,93.6865,6,0,0,0,0
Session_1,2026-01-26 16:32:37.130,56.971,-73.2576,-8.5956,-47.0471,8.1333,90.8302,100.0854,4.2742,-292.9362,459.3527,170.0907,41.5414,93.2133,6,0,0,0,0
Session_1,2026-01-26 16:32:37.198,57.040,-73.2574,-6.2444,-47.0459,7.4323,90.8240,100.0717,0.7973,-281.4013,469.1916,169.5799,43.1493,92.8751,6,0,0,0,0
Session_1,2026-01-26 16:32:37.280,57.121,-73.2576,-3.3969,-47.0441,7.1555,90.6654,100.0834,-3.7985,-266.7955,481.6418,168.8371,45.6685,92.2338,6,0,0,0,0
Session_1,2026-01-26 16:32:37.354,57.196,-73.2576,-0.9135,-47.0435,6.6536,90.4662,100.0992,-7.9712,-253.7626,491.3280,168.2723,47.6160,91.6651,6,0,0,0,0
Session_1,2026-01-26 16:32:37.436,57.278,-73.2576,1.6252,-47.0430,6.2636,90.3763,100.0985,-12.2370,-239.9606,500.8717,167.4936,49.7036,91.0122,6,0,0,0,0
Session_1,2026-01-26 16:32:37.501,57.343,-73.2576,3.3751,-47.0425,5.8887,90.3893,100.0854,-15.1343,-230.2739,506.8627,166.9043,51.0268,90.5767,6,0,0,0,0
Session_1,2026-01-26 16:32:37.567,57.409,-73.2575,5.3184,-47.0424,5.7548,90.3612,100.0758,-18.5125,-219.1618,513.7263,166.1103,52.7690,89.9351,6,0,0,0,0
Session_1,2026-01-26 16:32:37.633,57.474,-73.2575,7.2318,-47.0360,5.9436,90.4099,100.0532,-21.8893,-207.7313,520.7620,165.0393,54.7807,89.1239,6,0,0,0,0
Session_1,2026-01-26 16:32:37.708,57.549,-73.2574,9.3632,-47.0325,6.0013,90.2287,100.0518,-25.9645,-194.9472,527.8046,163.9925,56.8954,88.1059,6,0,0,0,0
Session_1,2026-01-26 16:32:37.783,57.625,-73.2575,11.0600,-47.0312,6.2368,89.9348,100.0443,-29.4853,-184.4811,533.4106,163.0790,58.7733,87.0836,6,0,0,0,0
Session_1,2026-01-26 16:32:37.855,57.697,-73.2575,12.7123,-47.0308,6.0741,89.5393,100.0539,-32.9782,-174.5352,537.7994,162.4080,60.2355,86.1547,6,0,0,0,0
Session_1,2026-01-26 16:32:37.917,57.759,-73.2575,13.9077,-47.0304,5.8241,89.5949,100.0504,-35.0900,-167.2811,540.5372,161.6760,61.1111,85.5674,6,0,0,0,0
Session_1,2026-01-26 16:32:37.995,57.836,-73.2573,15.2208,-47.0292,5.3071,89.7171,100.0559,-37.2822,-159.4781,542.9161,160.9485,61.8312,85.0348,6,0,0,0,0
Session_1,2026-01-26 16:32:38.070,57.911,-73.2573,16.4025,-47.0253,4.6053,90.0192,100.0470,-38.9726,-152.5865,544.4731,160.3158,62.2335,84.7509,6,0,0,0,0
Session_1,2026-01-26 16:32:38.132,57.973,-73.2573,17.2783,-47.0247,4.2428,89.9629,100.0525,-40.6009,-147.4108,545.8217,159.9350,62.7167,84.3601,6,0,0,0,0
Session_1,2026-01-26 16:32:38.202,58.043,-73.2573,18.2149,-47.0104,4.1309,90.1826,100.0463,-42.1221,-141.4286,547.7270,159.0419,63.4570,83.7654,6,0,0,0,0
Session_1,2026-01-26 16:32:38.264,58.105,-73.2572,18.9831,-47.0094,3.8486,90.2252,100.0463,-43.4637,-136.7895,548.8338,158.5732,63.8979,83.3841,6,0,0,0,0
Session_1,2026-01-26 16:32:38.333,58.174,-73.2573,20.0339,-46.9946,3.7285,90.2520,100.0930,-45.4410,-130.1040,550.7700,157.5799,64.7411,82.4946,6,0,0,0,0
Session_1,2026-01-26 16:32:38.415,58.256,-73.2572,20.9249,-46.9936,3.4353,90.1634,100.1239,-47.1776,-124.7039,551.9340,157.0039,65.2882,81.8788,6,0,0,0,0
Session_1,2026-01-26 16:32:38.498,58.340,-73.2573,21.4566,-46.9879,3.4744,89.8174,100.5222,-48.6342,-121.3196,552.9863,155.8882,65.7058,80.3921,6,0,0,0,0
Session_1,2026-01-26 16:32:38.581,58.422,-73.2573,21.7618,-46.9880,3.2588,89.8338,103.9554,-49.1368,-119.5795,553.1404,149.2442,64.1956,73.0994,6,0,0,0,0
Session_1,2026-01-26 16:32:38.664,58.505,-73.2574,21.8072,-46.9794,3.5932,90.2081,103.8091,-48.9145,-118.7432,553.8406,148.7408,64.5172,73.0473,6,0,0,0,0
Session_1,2026-01-26 16:32:38.746,58.587,-73.2575,21.8129,-46.9622,3.5410,90.1531,103.8119,-48.9901,-118.7235,553.8088,148.8127,64.5027,73.0600,6,0,0,0,0
